customer_id,acquisition_channel_id,is_paid_acquisition,cohort_month,m0_gross_order_value,m0_discount_share,lifetime_orders_count,lifetime_margin_total,observed_duration_t,event_churned_e
CUST_000003,meta_ads,true,2025-07-01,117.60,0.0,1,-40.20,0.99,1
CUST_000009,meta_ads,true,2025-05-01,86.46,0.2,1,37.99,0.99,1
CUST_000019,google_ads,true,2025-01-01,107.47,0.0,2,152.36,1.76,1
CUST_000023,google_ads,true,2024-09-01,96.80,0.0,1,62.87,0.99,1
CUST_000065,google_ads,true,2024-09-01,73.04,0.0,1,46.06,0.99,1
CUST_000066,creator_network,false,2025-03-01,62.72,0.0,1,-20.50,0.99,1
CUST_000070,meta_ads,true,2025-12-01,53.46,0.2499,1,22.03,0.99,0
CUST_000084,organic_search,false,2024-03-01,98.63,0.0,1,64.38,0.99,1
CUST_000107,google_ads,true,2024-12-01,121.82,0.15,1,61.86,0.99,1
CUST_000131,google_ads,true,2024-12-01,102.96,0.1,1,59.37,0.99,1
CUST_000153,meta_ads,true,2024-05-01,124.70,0.15,2,73.87,0.87,1
CUST_000171,meta_ads,true,2025-06-01,100.18,0.15,2,96.12,1.65,1
CUST_000175,meta_ads,true,2025-06-01,80.70,0.0,2,123.56,1.86,1
CUST_000182,creator_network,false,2024-04-01,60.55,0.0,1,7.71,0.99,1
CUST_000186,direct,false,2025-06-01,123.73,0.0,1,83.93,0.99,1
CUST_000211,meta_ads,true,2025-03-01,114.21,0.0,2,70.80,2.43,1
CUST_000214,google_ads,true,2024-07-01,46.13,0.0,1,28.67,0.99,1
CUST_000216,meta_ads,true,2024-08-01,94.29,0.0,1,62.79,0.99,1
CUST_000230,meta_ads,true,2025-05-01,99.68,0.0,1,66.55,0.99,1
CUST_000275,google_ads,true,2025-03-01,126.56,0.1,3,193.73,0.81,1
CUST_000289,google_ads,true,2024-09-01,94.75,0.0,1,12.29,0.99,1
CUST_000320,google_ads,true,2024-08-01,103.52,0.0,1,65.02,0.99,1
CUST_000327,creator_network,false,2025-04-01,102.98,0.2,1,48.68,0.99,1
CUST_000333,meta_ads,true,2024-01-01,70.49,0.0,1,45.85,0.99,1
CUST_000360,meta_ads,true,2025-04-01,140.91,0.0,1,89.63,0.99,1
CUST_000370,creator_network,false,2024-03-01,82.69,0.0,1,55.13,0.99,1
CUST_000377,google_ads,true,2025-10-01,115.47,0.1,1,64.34,0.99,0
CUST_000387,meta_ads,true,2024-09-01,65.22,0.1,3,112.25,4.33,1
CUST_000444,creator_network,false,2024-11-01,100.10,0.0,1,-34.33,0.99,1
CUST_000457,direct,false,2024-01-01,69.28,0.0,1,45.62,0.99,1
CUST_000471,google_ads,true,2024-01-01,88.32,0.1,1,49.32,0.99,1
CUST_000487,direct,false,2024-02-01,130.97,0.0,1,85.90,0.99,1
CUST_000514,meta_ads,true,2025-10-01,84.55,0.1001,2,82.72,1.99,0
CUST_000516,google_ads,true,2024-01-01,122.80,0.15,1,64.88,0.99,1
CUST_000537,google_ads,true,2025-10-01,91.31,0.0,2,150.50,1.98,0
CUST_000552,google_ads,true,2025-10-01,110.08,0.0,1,71.24,0.99,0
CUST_000555,meta_ads,true,2025-10-01,73.87,0.15,1,35.55,0.99,0
CUST_000569,organic_search,false,2025-11-01,98.93,0.0,1,67.05,0.99,0
CUST_000579,organic_search,false,2025-02-01,81.31,0.0,1,54.53,0.99,1
CUST_000581,meta_ads,true,2025-01-01,54.98,0.2001,1,-29.42,0.99,1
CUST_000589,creator_network,false,2024-05-01,71.74,0.0,1,9.85,0.99,1
CUST_000618,google_ads,true,2024-09-01,112.38,0.1,1,63.23,0.99,1
CUST_000621,creator_network,false,2024-06-01,82.31,0.15,1,40.52,0.99,1
CUST_000639,organic_search,false,2024-09-01,108.81,0.0,1,71.34,0.99,1
CUST_000642,meta_ads,true,2024-10-01,80.00,0.0,1,51.64,0.99,1
CUST_000660,meta_ads,true,2025-04-01,80.10,0.0,1,53.73,0.99,1
CUST_000667,google_ads,true,2024-08-01,130.34,0.0,2,75.84,1.73,1
CUST_000672,google_ads,true,2025-11-01,119.56,0.2,1,51.65,0.99,0
CUST_000700,meta_ads,true,2025-02-01,104.09,0.15,1,55.09,0.99,1
CUST_000759,meta_ads,true,2025-11-01,66.53,0.15,1,32.17,0.99,0
CUST_000780,organic_search,false,2025-05-01,95.05,0.0,1,61.02,0.99,1
CUST_000791,google_ads,true,2024-05-01,142.64,0.1,1,80.24,0.99,1
CUST_000793,google_ads,true,2025-02-01,68.33,0.0,1,43.93,0.99,1
CUST_000800,meta_ads,true,2025-11-01,89.64,0.0,1,56.92,0.99,0
CUST_000801,google_ads,true,2025-07-01,68.73,0.2001,2,98.44,0.44,1
CUST_000851,organic_search,false,2024-03-01,104.52,0.0,2,133.54,1.29,1
CUST_000857,meta_ads,true,2024-02-01,68.80,0.2,1,-39.30,0.99,1
CUST_000906,meta_ads,true,2025-10-01,77.51,0.1,1,-9.86,0.99,0
CUST_000971,meta_ads,true,2025-06-01,68.31,0.0,1,45.56,0.99,1
CUST_001000,creator_network,false,2025-01-01,80.80,0.2,1,37.88,0.99,1
CUST_001002,creator_network,false,2025-03-01,87.21,0.2,1,41.82,0.99,1
CUST_001073,direct,false,2024-02-01,104.10,0.0,1,64.70,0.99,1
CUST_001079,direct,false,2024-07-01,100.42,0.0,1,62.89,0.99,1
CUST_001099,meta_ads,true,2025-08-01,107.45,0.1,1,58.75,0.99,1
CUST_001120,meta_ads,true,2024-05-01,113.08,0.0,1,70.17,0.99,1
CUST_001138,google_ads,true,2025-02-01,154.71,0.1,1,88.94,0.99,1
CUST_001150,creator_network,false,2025-10-01,98.18,0.2,1,44.32,0.99,0
CUST_001161,creator_network,false,2025-09-01,93.03,0.0,1,-34.97,0.99,1
CUST_001179,google_ads,true,2025-08-01,127.60,0.2,1,57.84,0.99,1
CUST_001220,meta_ads,true,2024-09-01,84.69,0.25,1,34.05,0.99,1
CUST_001225,direct,false,2024-12-01,120.17,0.0,1,74.83,0.99,1
CUST_001238,organic_search,false,2025-02-01,89.00,0.0,1,55.56,0.99,1
CUST_001240,organic_search,false,2024-06-01,92.68,0.15,1,47.82,0.99,1
CUST_001269,creator_network,false,2025-05-01,76.73,0.15,1,36.68,0.99,1
CUST_001276,direct,false,2024-04-01,109.02,0.0,1,72.98,0.99,1
CUST_001284,meta_ads,true,2024-01-01,58.18,0.0,1,37.05,0.99,1
CUST_001312,meta_ads,true,2025-11-01,80.48,0.0,1,18.38,0.99,0
CUST_001327,google_ads,true,2024-06-01,137.64,0.0,1,25.48,0.99,1
CUST_001385,meta_ads,true,2025-06-01,125.59,0.15,1,62.14,0.99,1
CUST_001390,creator_network,false,2025-01-01,82.95,0.2,1,37.38,0.99,1
CUST_001395,google_ads,true,2024-10-01,105.82,0.15,1,-7.29,0.99,1
CUST_001398,meta_ads,true,2024-08-01,52.14,0.2501,1,20.87,0.99,1
CUST_001404,organic_search,false,2025-07-01,106.46,0.2,1,46.47,0.99,1
CUST_001407,direct,false,2025-10-01,109.78,0.0,1,69.41,0.99,0
CUST_001408,meta_ads,true,2025-09-01,126.90,0.15,1,65.05,0.99,1
CUST_001441,meta_ads,true,2025-12-01,84.42,0.0,1,53.15,0.99,0
CUST_001455,direct,false,2024-02-01,72.38,0.0,1,47.53,0.99,1
CUST_001470,google_ads,true,2025-08-01,112.10,0.0,1,73.03,0.99,1
CUST_001474,organic_search,false,2024-12-01,110.28,0.0,1,74.42,0.99,1
CUST_001504,google_ads,true,2024-11-01,107.65,0.0,2,146.84,1.64,1
CUST_001517,direct,false,2025-06-01,106.98,0.0,1,67.22,0.99,1
CUST_001520,meta_ads,true,2025-11-01,93.54,0.1,1,53.19,0.99,0
CUST_001573,meta_ads,true,2025-07-01,66.56,0.0,1,43.77,0.99,1
CUST_001580,google_ads,true,2025-03-01,88.25,0.0,1,56.81,0.99,1
CUST_001620,meta_ads,true,2025-07-01,129.61,0.0,1,85.30,0.99,1
CUST_001623,google_ads,true,2025-04-01,63.79,0.0,1,42.05,0.99,1
CUST_001624,meta_ads,true,2025-12-01,46.45,0.1001,1,25.35,0.99,0
CUST_001637,meta_ads,true,2024-12-01,82.70,0.1499,1,40.52,0.99,1
CUST_001640,google_ads,true,2025-11-01,164.00,0.0,1,32.46,0.99,0
CUST_001644,google_ads,true,2025-05-01,125.71,0.25,1,51.80,0.99,1
CUST_001693,google_ads,true,2024-12-01,120.41,0.0,1,76.69,0.99,1
CUST_001695,meta_ads,true,2024-11-01,107.62,0.15,1,52.55,0.99,1
CUST_001708,organic_search,false,2024-07-01,53.38,0.0,1,33.42,0.99,1
CUST_001712,direct,false,2024-03-01,97.79,0.0,1,-36.16,0.99,1
CUST_001714,organic_search,false,2025-01-01,64.00,0.0,1,40.64,0.99,1
CUST_001716,meta_ads,true,2025-12-01,75.19,0.2,1,33.16,0.99,0
CUST_001717,meta_ads,true,2024-02-01,75.94,0.0,1,49.84,0.99,1
CUST_001778,google_ads,true,2025-01-01,163.43,0.0,1,105.38,0.99,1
CUST_001784,creator_network,false,2025-05-01,76.05,0.0999,1,40.80,0.99,1
CUST_001811,meta_ads,true,2025-06-01,92.47,0.0,1,59.39,0.99,1
CUST_001812,google_ads,true,2025-08-01,147.51,0.1,1,83.41,0.99,1
CUST_001826,organic_search,false,2025-03-01,81.43,0.0,1,52.92,0.99,1
CUST_001827,google_ads,true,2024-02-01,93.65,0.0,1,63.45,0.99,1
CUST_001902,google_ads,true,2024-01-01,97.80,0.15,1,46.85,0.99,1
CUST_001903,meta_ads,true,2025-08-01,98.86,0.15,1,50.67,0.99,1
CUST_001906,meta_ads,true,2024-07-01,130.82,0.0,1,83.16,0.99,1
CUST_001909,organic_search,false,2024-10-01,50.25,0.0,1,33.50,0.99,1
CUST_001913,google_ads,true,2025-12-01,66.85,0.0,1,13.14,0.99,0
CUST_001938,google_ads,true,2025-09-01,149.97,0.0,1,96.33,0.99,1
CUST_001958,meta_ads,true,2024-12-01,106.01,0.15,1,-53.45,0.99,1
CUST_001987,meta_ads,true,2025-07-01,92.68,0.15,1,45.39,0.99,1
CUST_002033,meta_ads,true,2025-01-01,94.75,0.0,1,60.97,0.99,1
CUST_002039,organic_search,false,2024-07-01,137.53,0.0,1,91.42,0.99,1
CUST_002048,google_ads,true,2025-07-01,120.97,0.0,2,143.12,4.24,0
CUST_002106,organic_search,false,2024-10-01,130.90,0.0,1,88.93,0.99,1
CUST_002126,google_ads,true,2025-06-01,88.27,0.0,1,57.72,0.99,1
CUST_002145,creator_network,false,2025-02-01,84.96,0.2,1,38.44,0.99,1
CUST_002161,organic_search,false,2025-06-01,96.00,0.0,1,60.35,0.99,1
CUST_002179,google_ads,true,2025-07-01,83.03,0.0,1,51.81,0.99,1
CUST_002199,meta_ads,true,2025-03-01,126.45,0.0,1,78.40,0.99,1
CUST_002201,direct,false,2025-12-01,146.32,0.0,1,95.90,0.99,0
CUST_002207,google_ads,true,2024-09-01,99.37,0.2,1,-54.36,0.99,1
CUST_002215,google_ads,true,2025-07-01,52.34,0.0,2,25.01,3.63,0
CUST_002220,meta_ads,true,2024-04-01,113.62,0.0,1,71.14,0.99,1
CUST_002244,google_ads,true,2025-12-01,109.10,0.0,1,71.67,0.99,0
CUST_002267,google_ads,true,2025-04-01,51.46,0.0,2,-17.11,1.27,1
CUST_002280,organic_search,false,2024-03-01,81.11,0.25,3,128.78,2.35,1
CUST_002282,direct,false,2024-11-01,66.12,0.0,1,44.48,0.99,1
CUST_002287,creator_network,false,2025-12-01,87.72,0.0,1,58.15,0.99,0
CUST_002296,organic_search,false,2024-01-01,77.74,0.0999,1,43.67,0.99,1
CUST_002301,direct,false,2025-09-01,101.62,0.0,1,-32.75,0.99,1
CUST_002306,google_ads,true,2024-12-01,68.45,0.0,1,44.70,0.99,1
CUST_002311,meta_ads,true,2025-03-01,85.03,0.0,3,194.66,4.21,1
CUST_002319,meta_ads,true,2025-01-01,119.60,0.0,1,77.22,0.99,1
CUST_002339,meta_ads,true,2024-04-01,66.91,0.0,1,43.45,0.99,1
CUST_002347,meta_ads,true,2025-06-01,55.63,0.0999,1,31.58,0.99,1
CUST_002385,google_ads,true,2024-10-01,121.45,0.0,2,156.21,0.95,1
CUST_002392,google_ads,true,2024-06-01,98.15,0.0,1,62.11,0.99,1
CUST_002425,google_ads,true,2024-09-01,103.44,0.0,1,69.54,0.99,1
CUST_002454,meta_ads,true,2024-11-01,62.64,0.0,1,-23.06,0.99,1
CUST_002470,google_ads,true,2025-03-01,105.53,0.0,1,65.85,0.99,1
CUST_002483,direct,false,2025-11-01,83.56,0.0,1,56.13,0.99,0
CUST_002491,direct,false,2024-09-01,56.25,0.0,1,36.91,0.99,1
CUST_002522,organic_search,false,2024-05-01,82.89,0.0,1,51.99,0.99,1
CUST_002527,meta_ads,true,2024-07-01,102.00,0.0,1,67.49,0.99,1
CUST_002544,google_ads,true,2025-05-01,98.49,0.0,1,61.37,0.99,1
CUST_002567,meta_ads,true,2024-08-01,91.83,0.0,1,59.58,0.99,1
CUST_002569,meta_ads,true,2025-09-01,136.84,0.2,1,-31.39,0.99,1
CUST_002580,google_ads,true,2025-06-01,66.47,0.0,1,42.35,0.99,1
CUST_002585,meta_ads,true,2025-04-01,54.63,0.1499,1,25.86,0.99,1
CUST_002595,google_ads,true,2024-05-01,100.72,0.0,1,65.82,0.99,1
CUST_002605,organic_search,false,2024-01-01,144.68,0.1,2,48.61,1.22,1
CUST_002639,meta_ads,true,2025-12-01,90.70,0.0,1,58.29,0.99,0
CUST_002640,organic_search,false,2025-07-01,71.10,0.0,1,45.32,0.99,1
CUST_002666,meta_ads,true,2024-09-01,107.16,0.0,1,68.39,0.99,1
CUST_002677,meta_ads,true,2024-11-01,57.53,0.0,1,38.06,0.99,1
CUST_002716,google_ads,true,2024-09-01,123.99,0.0,1,82.45,0.99,1
CUST_002756,direct,false,2024-09-01,83.21,0.0,1,53.36,0.99,1
CUST_002762,organic_search,false,2024-01-01,80.52,0.0,1,51.51,0.99,1
CUST_002773,meta_ads,true,2025-09-01,102.35,0.25,1,40.21,0.99,1
CUST_002781,direct,false,2024-02-01,90.92,0.0,1,59.01,0.99,1
CUST_002788,organic_search,false,2024-07-01,89.07,0.0,1,59.45,0.99,1
CUST_002802,google_ads,true,2025-11-01,138.70,0.1,1,73.36,0.99,0
CUST_002805,creator_network,false,2025-03-01,82.17,0.1501,2,-6.10,2.24,1
CUST_002821,creator_network,false,2025-11-01,87.11,0.2,1,41.31,0.99,0
CUST_002832,direct,false,2025-06-01,86.13,0.0,1,54.86,0.99,1
CUST_002834,creator_network,false,2024-09-01,57.22,0.0,1,36.26,0.99,1
CUST_002835,google_ads,true,2024-12-01,111.83,0.0,1,72.54,0.99,1
CUST_002839,google_ads,true,2025-08-01,134.59,0.0,2,139.54,2.55,0
CUST_002851,meta_ads,true,2025-06-01,88.48,0.0,1,56.42,0.99,1
CUST_002863,meta_ads,true,2025-12-01,62.36,0.1499,1,32.33,0.99,0
CUST_002885,direct,false,2024-03-01,154.91,0.0,1,97.86,0.99,1
CUST_002896,google_ads,true,2025-10-01,94.64,0.0,1,62.80,0.99,0
CUST_002909,meta_ads,true,2024-10-01,41.41,0.15,1,19.53,0.99,1
CUST_002924,creator_network,false,2024-06-01,71.87,0.1,1,41.30,0.99,1
CUST_002930,meta_ads,true,2024-12-01,100.99,0.0,1,67.84,0.99,1
CUST_002936,meta_ads,true,2024-06-01,42.22,0.1,1,23.73,0.99,1
CUST_002942,meta_ads,true,2025-05-01,91.55,0.0,1,-33.74,0.99,1
CUST_002956,google_ads,true,2025-07-01,138.05,0.0,1,86.48,0.99,1
CUST_003001,direct,false,2025-06-01,111.64,0.1,1,59.21,0.99,1
CUST_003031,meta_ads,true,2024-07-01,123.07,0.1,2,-36.64,2.03,1
CUST_003032,creator_network,false,2024-12-01,40.94,0.2,1,18.57,0.99,1
CUST_003040,google_ads,true,2025-03-01,109.25,0.1,1,61.79,0.99,1
CUST_003049,meta_ads,true,2024-12-01,90.25,0.15,2,117.08,2.61,1
CUST_003054,meta_ads,true,2024-09-01,79.30,0.0,1,53.49,0.99,1
CUST_003071,organic_search,false,2025-07-01,89.85,0.0,2,119.52,1.13,1
CUST_003073,organic_search,false,2024-10-01,86.42,0.0,3,125.10,1.48,1
CUST_003080,creator_network,false,2025-11-01,48.92,0.0,2,33.52,0.42,0
CUST_003081,direct,false,2025-07-01,67.53,0.0,1,44.38,0.99,1
CUST_003082,google_ads,true,2025-10-01,116.61,0.15,1,55.55,0.99,0
CUST_003093,creator_network,false,2024-12-01,66.55,0.0,1,44.32,0.99,1
CUST_003106,meta_ads,true,2025-01-01,90.77,0.2,1,39.98,0.99,1
CUST_003122,organic_search,false,2024-08-01,87.42,0.0,1,54.45,0.99,1
CUST_003123,organic_search,false,2024-03-01,56.83,0.0999,1,30.35,0.99,1
CUST_003130,meta_ads,true,2025-09-01,107.03,0.0,1,68.96,0.99,1
CUST_003137,google_ads,true,2025-08-01,98.11,0.0,1,61.80,0.99,1
CUST_003155,creator_network,false,2025-01-01,50.97,0.1999,1,23.30,0.99,1
CUST_003156,meta_ads,true,2025-06-01,93.64,0.1,4,110.59,5.49,0
CUST_003167,google_ads,true,2025-11-01,90.70,0.0,1,58.35,0.99,0
CUST_003217,meta_ads,true,2024-06-01,63.84,0.0,1,42.55,0.99,1
CUST_003233,direct,false,2024-08-01,96.15,0.0,1,-31.54,0.99,1
CUST_003243,organic_search,false,2025-03-01,66.20,0.0,1,44.67,0.99,1
CUST_003294,organic_search,false,2025-03-01,110.31,0.0,1,70.41,0.99,1
CUST_003303,google_ads,true,2025-04-01,111.71,0.0,1,75.52,0.99,1
CUST_003307,meta_ads,true,2024-11-01,117.99,0.0,1,76.29,0.99,1
CUST_003309,organic_search,false,2024-11-01,92.45,0.0,1,61.06,0.99,1
CUST_003310,meta_ads,true,2025-02-01,115.57,0.0,2,139.44,2.01,1
CUST_003312,meta_ads,true,2025-06-01,51.55,0.0,1,34.93,0.99,1
CUST_003333,google_ads,true,2024-06-01,135.06,0.0,1,85.10,0.99,1
CUST_003337,organic_search,false,2025-11-01,55.06,0.0,1,34.36,0.99,0
CUST_003345,meta_ads,true,2025-02-01,98.04,0.1,2,84.15,0.11,1
CUST_003348,creator_network,false,2024-07-01,81.61,0.15,1,41.59,0.99,1
CUST_003359,meta_ads,true,2025-09-01,93.10,0.1,1,52.23,0.99,1
CUST_003369,organic_search,false,2024-06-01,71.08,0.0,1,46.48,0.99,1
CUST_003384,meta_ads,true,2024-08-01,71.67,0.15,1,37.40,0.99,1
CUST_003422,direct,false,2025-05-01,101.88,0.0,1,63.56,0.99,1
CUST_003423,meta_ads,true,2025-08-01,85.90,0.0,1,56.23,0.99,1
CUST_003440,organic_search,false,2025-11-01,143.39,0.1,1,76.37,0.99,0
CUST_003454,meta_ads,true,2024-11-01,111.53,0.1,1,58.77,0.99,1
CUST_003456,organic_search,false,2024-06-01,96.15,0.0,1,62.63,0.99,1
CUST_003489,creator_network,false,2024-02-01,108.60,0.1,1,58.26,0.99,1
CUST_003498,creator_network,false,2025-10-01,46.00,0.0,1,29.77,0.99,0
CUST_003530,organic_search,false,2025-01-01,101.87,0.2,2,105.12,0.44,1
CUST_003531,google_ads,true,2024-09-01,97.06,0.0,1,63.71,0.99,1
CUST_003554,creator_network,false,2025-02-01,56.15,0.1001,1,31.20,0.99,1
CUST_003581,google_ads,true,2025-02-01,67.13,0.2001,1,-35.23,0.99,1
CUST_003598,google_ads,true,2025-04-01,139.30,0.0,4,293.46,2.44,1
CUST_003599,google_ads,true,2024-11-01,97.26,0.1,1,51.84,0.99,1
CUST_003615,organic_search,false,2024-11-01,33.09,0.0,1,20.96,0.99,1
CUST_003642,meta_ads,true,2025-11-01,68.62,0.0,1,45.99,0.99,0
CUST_003670,google_ads,true,2025-01-01,140.76,0.0,1,92.83,0.99,1
CUST_003682,organic_search,false,2024-05-01,60.68,0.0,2,63.66,2.33,1
CUST_003703,meta_ads,true,2024-10-01,109.79,0.0,1,70.56,0.99,1
CUST_003714,google_ads,true,2025-05-01,112.60,0.0,1,72.35,0.99,1
CUST_003718,creator_network,false,2024-03-01,81.59,0.1,1,43.10,0.99,1
CUST_003726,direct,false,2025-11-01,153.59,0.0,2,136.36,1.63,0
CUST_003743,meta_ads,true,2025-08-01,93.63,0.0,3,169.41,3.64,0
CUST_003758,meta_ads,true,2024-11-01,137.16,0.0,2,77.75,0.42,1
CUST_003772,creator_network,false,2025-11-01,90.40,0.0,2,85.93,0.74,0
CUST_003778,google_ads,true,2025-04-01,102.39,0.15,1,53.90,0.99,1
CUST_003785,meta_ads,true,2025-09-01,77.12,0.1,1,42.01,0.99,1
CUST_003861,meta_ads,true,2025-09-01,119.84,0.0,2,162.17,0.45,1
CUST_003884,google_ads,true,2024-07-01,74.56,0.0,1,-0.68,0.99,1
CUST_003892,meta_ads,true,2025-03-01,109.52,0.1,1,57.10,0.99,1
CUST_003894,meta_ads,true,2025-01-01,74.42,0.1,1,40.89,0.99,1
CUST_003906,organic_search,false,2025-02-01,52.55,0.15,1,26.24,0.99,1
CUST_003910,organic_search,false,2024-10-01,86.78,0.1,3,170.35,3.28,1
CUST_003930,google_ads,true,2024-04-01,103.63,0.0,1,69.27,0.99,1
CUST_003934,meta_ads,true,2024-07-01,87.44,0.0,1,54.75,0.99,1
CUST_003937,creator_network,false,2024-12-01,94.03,0.0,1,58.30,0.99,1
CUST_003950,google_ads,true,2024-08-01,99.89,0.0,1,65.61,0.99,1
CUST_003969,creator_network,false,2025-04-01,79.32,0.0,1,52.71,0.99,1
CUST_003975,organic_search,false,2024-09-01,82.74,0.0,2,100.34,0.31,1
CUST_003983,meta_ads,true,2024-07-01,81.97,0.0,2,107.45,1.23,1
CUST_004008,meta_ads,true,2024-12-01,60.01,0.1,1,32.29,0.99,1
CUST_004010,meta_ads,true,2024-02-01,97.45,0.0,2,122.04,1.37,1
CUST_004018,direct,false,2025-11-01,35.93,0.0,1,24.09,0.99,0
CUST_004019,creator_network,false,2024-09-01,71.63,0.1,3,106.17,1.34,1
CUST_004032,google_ads,true,2024-09-01,52.53,0.0,2,101.57,1.26,1
CUST_004044,google_ads,true,2025-05-01,99.94,0.2,1,-26.12,0.99,1
CUST_004051,meta_ads,true,2025-11-01,49.77,0.0,2,73.26,0.68,0
CUST_004071,meta_ads,true,2024-10-01,82.50,0.1501,1,38.80,0.99,1
CUST_004084,organic_search,false,2025-08-01,103.34,0.0,1,64.53,0.99,1
CUST_004089,meta_ads,true,2025-10-01,148.29,0.15,1,72.98,0.99,0
CUST_004092,organic_search,false,2024-11-01,149.10,0.1,2,127.05,1.21,1
CUST_004096,meta_ads,true,2025-02-01,117.36,0.2,2,-110.85,0.95,1
CUST_004097,meta_ads,true,2024-01-01,81.20,0.15,1,42.99,0.99,1
CUST_004104,direct,false,2024-06-01,52.97,0.1501,1,27.43,0.99,1
CUST_004140,organic_search,false,2025-04-01,82.68,0.0,1,54.77,0.99,1
CUST_004173,direct,false,2025-01-01,82.93,0.0,1,52.43,0.99,1
CUST_004185,meta_ads,true,2024-05-01,70.68,0.0,1,44.82,0.99,1
CUST_004211,creator_network,false,2024-04-01,69.02,0.1,1,37.25,0.99,1
CUST_004223,google_ads,true,2025-11-01,129.32,0.15,2,139.25,0.46,0
CUST_004224,creator_network,false,2025-09-01,76.13,0.15,1,36.69,0.99,1
CUST_004267,google_ads,true,2025-06-01,114.60,0.0,1,74.57,0.99,1
CUST_004282,google_ads,true,2025-07-01,94.12,0.2,2,111.64,1.49,1
CUST_004283,meta_ads,true,2024-07-01,102.50,0.0,1,67.08,0.99,1
CUST_004287,meta_ads,true,2025-10-01,56.87,0.0,1,37.91,0.99,0
CUST_004300,organic_search,false,2025-04-01,116.43,0.0,1,76.72,0.99,1
CUST_004302,creator_network,false,2025-11-01,83.25,0.0,1,53.17,0.99,0
CUST_004340,organic_search,false,2024-07-01,85.01,0.0,1,53.08,0.99,1
CUST_004384,google_ads,true,2025-04-01,50.03,0.0,1,31.42,0.99,1
CUST_004423,creator_network,false,2025-05-01,70.87,0.1,1,40.63,0.99,1
CUST_004432,meta_ads,true,2025-03-01,81.55,0.2,1,35.73,0.99,1
CUST_004451,direct,false,2024-12-01,88.88,0.0,1,59.72,0.99,1
CUST_004462,creator_network,false,2025-03-01,92.78,0.2,2,102.52,1.17,1
CUST_004470,google_ads,true,2025-10-01,83.61,0.0,1,54.98,0.99,0
CUST_004472,organic_search,false,2025-12-01,126.07,0.0,1,78.44,0.99,0
CUST_004480,creator_network,false,2025-04-01,99.65,0.1001,2,71.28,0.63,1
CUST_004488,meta_ads,true,2024-11-01,90.14,0.1,1,51.32,0.99,1
CUST_004526,meta_ads,true,2025-01-01,93.21,0.2,1,42.85,0.99,1
CUST_004572,google_ads,true,2025-06-01,151.95,0.1,1,86.78,0.99,1
CUST_004579,creator_network,false,2025-12-01,83.98,0.0,1,54.22,0.99,0
CUST_004590,direct,false,2025-07-01,136.33,0.0,1,90.69,0.99,1
CUST_004606,creator_network,false,2025-11-01,75.43,0.1,1,39.79,0.99,0
CUST_004611,creator_network,false,2024-10-01,79.43,0.0,1,49.90,0.99,1
CUST_004624,organic_search,false,2025-06-01,84.19,0.0,1,57.05,0.99,1
CUST_004633,google_ads,true,2025-09-01,81.20,0.0,1,51.41,0.99,1
CUST_004654,google_ads,true,2025-10-01,115.61,0.15,1,58.00,0.99,0
CUST_004660,meta_ads,true,2025-07-01,109.75,0.0,1,68.91,0.99,1
CUST_004673,meta_ads,true,2025-07-01,74.92,0.0,1,50.71,0.99,1
CUST_004676,creator_network,false,2025-10-01,80.65,0.0,1,53.94,0.99,0
CUST_004688,direct,false,2024-01-01,93.33,0.0,1,61.49,0.99,1
CUST_004695,meta_ads,true,2025-01-01,80.76,0.0,1,54.37,0.99,1
CUST_004734,creator_network,false,2025-11-01,106.02,0.15,1,49.95,0.99,0
CUST_004749,organic_search,false,2024-12-01,85.09,0.0,1,57.14,0.99,1
CUST_004758,direct,false,2025-08-01,113.52,0.0,1,-37.56,0.99,1
CUST_004762,google_ads,true,2025-12-01,89.84,0.0,1,56.27,0.99,0
CUST_004800,creator_network,false,2025-05-01,108.18,0.2,1,46.67,0.99,1
CUST_004803,meta_ads,true,2025-11-01,137.35,0.15,2,-17.80,0.95,0
CUST_004816,creator_network,false,2025-11-01,56.29,0.0,1,36.30,0.99,0
CUST_004859,organic_search,false,2025-11-01,111.25,0.0,1,75.10,0.99,0
CUST_004875,meta_ads,true,2024-09-01,69.62,0.0,1,-23.93,0.99,1
CUST_004924,direct,false,2025-10-01,119.43,0.0,1,80.52,0.99,0
CUST_004934,meta_ads,true,2025-01-01,103.48,0.0,1,-38.24,0.99,1
CUST_004986,meta_ads,true,2024-05-01,77.31,0.0,2,102.91,1.78,1
CUST_005040,meta_ads,true,2025-11-01,54.15,0.0,1,34.48,0.99,0
CUST_005047,creator_network,false,2025-02-01,90.71,0.0,3,155.56,5.63,1
CUST_005082,meta_ads,true,2024-04-01,68.02,0.0,1,45.08,0.99,1
CUST_005088,google_ads,true,2024-03-01,121.26,0.0,1,80.52,0.99,1
CUST_005099,organic_search,false,2024-12-01,57.05,0.0,1,35.91,0.99,1
CUST_005123,direct,false,2024-02-01,62.95,0.0,1,39.53,0.99,1
CUST_005147,meta_ads,true,2025-06-01,96.84,0.0,1,62.59,0.99,1
CUST_005162,google_ads,true,2024-02-01,115.37,0.25,1,45.18,0.99,1
CUST_005209,organic_search,false,2025-10-01,100.47,0.0,3,192.02,2.09,0
CUST_005224,organic_search,false,2024-11-01,90.27,0.0,1,56.78,0.99,1
CUST_005227,meta_ads,true,2025-04-01,94.59,0.1,2,99.32,1.89,1
CUST_005276,creator_network,false,2024-08-01,89.31,0.15,3,18.63,3.07,1
CUST_005277,organic_search,false,2024-06-01,100.16,0.0,1,63.56,0.99,1
CUST_005297,google_ads,true,2025-02-01,85.44,0.0,2,30.39,1.84,1
CUST_005301,direct,false,2025-08-01,25.00,0.2,1,-1.60,0.99,1
CUST_005327,meta_ads,true,2024-03-01,59.89,0.1499,1,30.65,0.99,1
CUST_005329,meta_ads,true,2025-01-01,129.34,0.15,1,62.14,0.99,1
CUST_005362,meta_ads,true,2024-08-01,99.66,0.0,2,131.05,2.81,1
CUST_005365,creator_network,false,2025-03-01,65.25,0.2,1,-14.16,0.99,1
CUST_005396,creator_network,false,2024-11-01,75.85,0.15,1,36.09,0.99,1
CUST_005398,organic_search,false,2025-01-01,90.24,0.0,1,60.44,0.99,1
CUST_005416,meta_ads,true,2024-12-01,88.46,0.15,1,45.23,0.99,1
CUST_005448,google_ads,true,2025-05-01,95.27,0.15,1,48.18,0.99,1
CUST_005503,google_ads,true,2024-08-01,150.13,0.0,2,157.42,0.48,1
CUST_005504,creator_network,false,2025-02-01,65.70,0.1501,1,33.84,0.99,1
CUST_005551,meta_ads,true,2024-08-01,90.31,0.0,1,60.16,0.99,1
CUST_005590,meta_ads,true,2025-05-01,101.91,0.0,1,-35.93,0.99,1
CUST_005607,meta_ads,true,2025-10-01,109.27,0.0,1,72.77,0.99,0
CUST_005612,meta_ads,true,2025-06-01,140.25,0.15,1,68.29,0.99,1
CUST_005630,creator_network,false,2024-04-01,56.96,0.0,1,35.77,0.99,1
CUST_005633,google_ads,true,2024-06-01,105.61,0.0,1,68.74,0.99,1
CUST_005641,meta_ads,true,2025-04-01,64.06,0.0,1,39.93,0.99,1
CUST_005652,organic_search,false,2025-06-01,74.83,0.2001,1,33.96,0.99,1
CUST_005673,meta_ads,true,2025-05-01,93.01,0.15,1,48.86,0.99,1
CUST_005738,meta_ads,true,2024-09-01,101.68,0.15,1,51.16,0.99,1
CUST_005754,google_ads,true,2025-08-01,71.85,0.0,1,47.38,0.99,1
CUST_005763,meta_ads,true,2025-11-01,93.10,0.0,1,59.71,0.99,0
CUST_005769,meta_ads,true,2024-09-01,68.58,0.0,1,42.86,0.99,1
CUST_005778,meta_ads,true,2024-05-01,105.65,0.1,2,118.46,1.00,1
CUST_005781,direct,false,2025-06-01,72.46,0.0,2,140.15,0.35,1
CUST_005783,meta_ads,true,2025-04-01,88.87,0.2,1,39.34,0.99,1
CUST_005799,meta_ads,true,2025-12-01,107.28,0.1,1,61.57,0.99,0
CUST_005824,meta_ads,true,2025-07-01,87.03,0.1,1,46.29,0.99,1
CUST_005828,meta_ads,true,2024-03-01,79.90,0.1501,1,41.18,0.99,1
CUST_005840,google_ads,true,2025-05-01,130.89,0.0,1,83.00,0.99,1
CUST_005849,direct,false,2024-10-01,102.90,0.0,1,63.81,0.99,1
CUST_005852,organic_search,false,2025-12-01,101.04,0.0,1,64.56,0.99,0
CUST_005880,google_ads,true,2025-02-01,100.16,0.1,2,93.21,1.19,1
CUST_005890,creator_network,false,2025-01-01,81.54,0.1,2,8.66,2.61,1
CUST_006033,google_ads,true,2025-08-01,73.36,0.0,1,46.58,0.99,1
CUST_006074,creator_network,false,2025-01-01,81.53,0.1,1,-35.27,0.99,1
CUST_006121,google_ads,true,2024-02-01,113.47,0.0,1,71.02,0.99,1
CUST_006128,meta_ads,true,2024-09-01,96.44,0.0,3,59.08,4.05,1
CUST_006134,creator_network,false,2024-03-01,87.77,0.0,2,104.09,1.97,1
CUST_006147,meta_ads,true,2025-03-01,86.24,0.0,1,-29.02,0.99,1
CUST_006165,meta_ads,true,2024-08-01,72.87,0.15,1,38.48,0.99,1
CUST_006183,google_ads,true,2024-04-01,142.65,0.0,2,155.44,1.20,1
CUST_006219,meta_ads,true,2024-11-01,53.63,0.0,3,118.64,4.28,1
CUST_006225,meta_ads,true,2024-04-01,111.86,0.0,1,71.57,0.99,1
CUST_006242,meta_ads,true,2024-04-01,26.72,0.1999,1,12.78,0.99,1
CUST_006255,creator_network,false,2024-12-01,90.49,0.0,1,-29.08,0.99,1
CUST_006262,meta_ads,true,2025-10-01,107.80,0.1,1,57.41,0.99,0
CUST_006278,creator_network,false,2024-11-01,89.91,0.25,1,34.31,0.99,1
CUST_006330,google_ads,true,2024-02-01,70.56,0.2,3,117.69,4.13,1
CUST_006339,direct,false,2025-01-01,88.02,0.0,1,58.39,0.99,1
CUST_006357,meta_ads,true,2025-03-01,87.35,0.0,2,102.30,1.75,1
CUST_006366,meta_ads,true,2025-04-01,37.42,0.1999,1,16.06,0.99,1
CUST_006370,google_ads,true,2025-09-01,108.43,0.0,1,68.99,0.99,1
CUST_006375,organic_search,false,2024-07-01,120.74,0.0,1,11.89,0.99,1
CUST_006381,meta_ads,true,2025-05-01,83.81,0.0,1,53.71,0.99,1
CUST_006401,meta_ads,true,2025-06-01,88.09,0.0,1,55.15,0.99,1
CUST_006423,creator_network,false,2024-02-01,79.39,0.15,1,37.85,0.99,1
CUST_006427,creator_network,false,2025-12-01,71.26,0.1001,1,39.17,0.99,0
CUST_006428,google_ads,true,2025-08-01,108.14,0.1,1,61.60,0.99,1
CUST_006442,meta_ads,true,2024-01-01,98.27,0.0,1,-36.65,0.99,1
CUST_006500,organic_search,false,2025-08-01,89.34,0.0,1,55.62,0.99,1
CUST_006515,meta_ads,true,2025-03-01,57.26,0.0,1,38.20,0.99,1
CUST_006527,meta_ads,true,2024-01-01,70.68,0.0,1,-25.88,0.99,1
CUST_006548,google_ads,true,2025-02-01,123.86,0.0,1,83.62,0.99,1
CUST_006555,google_ads,true,2025-08-01,96.52,0.0,1,63.34,0.99,1
CUST_006567,meta_ads,true,2025-07-01,79.24,0.0,1,50.45,0.99,1
CUST_006568,meta_ads,true,2025-04-01,90.16,0.25,1,36.36,0.99,1
CUST_006578,meta_ads,true,2024-09-01,116.31,0.0,1,72.79,0.99,1
CUST_006588,organic_search,false,2024-02-01,103.48,0.0,2,126.82,1.35,1
CUST_006595,google_ads,true,2025-08-01,140.42,0.0,1,88.55,0.99,1
CUST_006606,meta_ads,true,2024-04-01,90.52,0.0,1,-32.62,0.99,1
CUST_006619,google_ads,true,2025-02-01,104.58,0.0,1,-39.29,0.99,1
CUST_006626,google_ads,true,2024-06-01,85.13,0.0,1,-30.22,0.99,1
CUST_006657,meta_ads,true,2024-08-01,73.49,0.0,1,-25.75,0.99,1
CUST_006697,meta_ads,true,2025-06-01,91.39,0.0,3,177.17,2.69,1
CUST_006706,creator_network,false,2025-09-01,85.59,0.2,1,-47.48,0.99,1
CUST_006710,direct,false,2025-11-01,106.90,0.0,1,-40.16,0.99,0
CUST_006750,google_ads,true,2024-12-01,80.10,0.0,1,52.43,0.99,1
CUST_006769,creator_network,false,2025-10-01,92.77,0.1,1,52.70,0.99,0
CUST_006774,meta_ads,true,2024-06-01,96.91,0.2,2,95.70,0.65,1
CUST_006786,creator_network,false,2025-10-01,66.70,0.0,1,45.04,0.99,0
CUST_006795,direct,false,2025-02-01,92.92,0.0,1,57.87,0.99,1
CUST_006806,google_ads,true,2025-09-01,117.44,0.0,1,75.35,0.99,1
CUST_006844,creator_network,false,2024-03-01,105.91,0.1,1,58.37,0.99,1
CUST_006883,organic_search,false,2024-10-01,122.20,0.0,2,9.34,1.54,1
CUST_006892,creator_network,false,2025-11-01,71.09,0.1,1,37.35,0.99,0
CUST_006952,google_ads,true,2025-02-01,132.57,0.0,1,86.51,0.99,1
CUST_006973,meta_ads,true,2024-03-01,81.59,0.0,2,101.38,2.55,1
CUST_007000,creator_network,false,2025-05-01,84.39,0.1,2,74.55,0.83,1
CUST_007003,google_ads,true,2025-09-01,120.88,0.0,1,80.90,0.99,1
CUST_007039,meta_ads,true,2025-03-01,83.18,0.0,1,-28.50,0.99,1
CUST_007046,meta_ads,true,2024-12-01,72.85,0.0,1,46.74,0.99,1
CUST_007069,meta_ads,true,2024-05-01,84.15,0.15,1,43.77,0.99,1
CUST_007123,meta_ads,true,2025-03-01,100.58,0.1,1,54.95,0.99,1
CUST_007134,google_ads,true,2024-06-01,142.36,0.2,1,60.57,0.99,1
CUST_007148,organic_search,false,2024-07-01,98.17,0.0,1,65.81,0.99,1
CUST_007149,google_ads,true,2025-01-01,98.71,0.0,2,143.35,0.68,1
CUST_007150,meta_ads,true,2025-05-01,97.55,0.1001,1,51.39,0.99,1
CUST_007155,google_ads,true,2024-09-01,80.31,0.0,2,134.46,1.19,1
CUST_007181,organic_search,false,2024-08-01,73.33,0.1,2,107.04,1.78,1
CUST_007264,meta_ads,true,2024-01-01,99.19,0.0,1,64.01,0.99,1
CUST_007285,google_ads,true,2024-07-01,86.83,0.0,1,55.53,0.99,1
CUST_007300,meta_ads,true,2025-05-01,68.63,0.0,1,46.30,0.99,1
CUST_007314,meta_ads,true,2024-11-01,102.19,0.15,1,50.83,0.99,1
CUST_007327,meta_ads,true,2024-07-01,100.70,0.0,1,67.79,0.99,1
CUST_007333,google_ads,true,2025-11-01,118.68,0.1,1,63.68,0.99,0
CUST_007370,google_ads,true,2025-11-01,107.26,0.0,1,-37.19,0.99,0
CUST_007371,creator_network,false,2025-06-01,86.91,0.1,1,46.21,0.99,1
CUST_007372,meta_ads,true,2025-05-01,43.18,0.1,2,73.85,0.33,1
CUST_007382,creator_network,false,2024-06-01,80.65,0.2,2,90.88,0.97,1
CUST_007386,google_ads,true,2024-10-01,97.33,0.0,2,121.89,1.35,1
CUST_007410,creator_network,false,2025-05-01,79.62,0.0,1,49.46,0.99,1
CUST_007434,creator_network,false,2024-07-01,100.65,0.1,2,102.48,1.07,1
CUST_007451,google_ads,true,2025-03-01,121.07,0.0,1,82.13,0.99,1
CUST_007456,direct,false,2025-12-01,127.62,0.1,1,66.90,0.99,0
CUST_007482,google_ads,true,2024-05-01,49.74,0.15,1,-23.82,0.99,1
CUST_007521,meta_ads,true,2024-11-01,103.46,0.25,1,41.24,0.99,1
CUST_007535,meta_ads,true,2025-09-01,91.39,0.0,1,58.89,0.99,1
CUST_007543,creator_network,false,2025-04-01,92.24,0.1,1,50.17,0.99,1
CUST_007552,creator_network,false,2024-12-01,78.41,0.1,1,41.79,0.99,1
CUST_007553,google_ads,true,2025-06-01,148.75,0.0,1,100.91,0.99,1
CUST_007562,google_ads,true,2025-06-01,111.15,0.15,2,109.71,0.34,1
CUST_007590,google_ads,true,2024-03-01,103.85,0.0,1,64.57,0.99,1
CUST_007682,creator_network,false,2025-03-01,93.95,0.25,1,37.55,0.99,1
CUST_007690,meta_ads,true,2025-09-01,76.93,0.0,1,51.95,0.99,1
CUST_007702,google_ads,true,2025-08-01,116.52,0.0,1,73.92,0.99,1
CUST_007705,organic_search,false,2024-02-01,72.77,0.0,1,46.77,0.99,1
CUST_007723,google_ads,true,2024-01-01,155.86,0.0,1,104.66,0.99,1
CUST_007732,meta_ads,true,2024-05-01,77.85,0.15,1,38.46,0.99,1
CUST_007762,organic_search,false,2024-03-01,116.33,0.0,1,76.24,0.99,1
CUST_007768,meta_ads,true,2024-11-01,112.84,0.25,1,-67.70,0.99,1
CUST_007824,organic_search,false,2025-07-01,113.03,0.0,1,74.68,0.99,1
CUST_007834,meta_ads,true,2025-10-01,110.36,0.0,1,-40.02,0.99,0
CUST_007840,direct,false,2025-10-01,98.98,0.0,1,64.11,0.99,0
CUST_007842,meta_ads,true,2025-01-01,75.23,0.1499,1,36.65,0.99,1
CUST_007880,organic_search,false,2024-02-01,76.54,0.0,1,50.75,0.99,1
CUST_007888,google_ads,true,2024-12-01,83.24,0.0,1,56.43,0.99,1
CUST_007914,google_ads,true,2024-02-01,82.98,0.0,1,55.12,0.99,1
CUST_007923,google_ads,true,2024-06-01,108.64,0.1,1,-51.04,0.99,1
CUST_007964,meta_ads,true,2025-02-01,117.09,0.0,1,77.63,0.99,1
CUST_007971,google_ads,true,2025-12-01,109.44,0.0,1,70.78,0.99,0
CUST_007972,meta_ads,true,2025-05-01,67.76,0.1001,1,37.71,0.99,1
CUST_007985,organic_search,false,2025-01-01,137.31,0.0,4,314.91,3.95,1
CUST_007988,creator_network,false,2025-01-01,111.91,0.2,1,49.55,0.99,1
CUST_008017,meta_ads,true,2025-02-01,88.34,0.1,1,18.54,0.99,1
CUST_008043,direct,false,2024-02-01,77.93,0.0,1,52.17,0.99,1
CUST_008053,meta_ads,true,2025-12-01,117.79,0.0,1,77.80,0.99,0
CUST_008066,google_ads,true,2024-01-01,97.14,0.0,1,61.69,0.99,1
CUST_008068,meta_ads,true,2024-10-01,68.00,0.15,2,92.76,0.68,1
CUST_008082,meta_ads,true,2024-05-01,42.29,0.0,3,32.58,1.14,1
CUST_008093,google_ads,true,2025-04-01,88.59,0.0,1,55.64,0.99,1
CUST_008094,creator_network,false,2025-12-01,74.85,0.15,1,37.49,0.99,0
CUST_008097,google_ads,true,2024-03-01,120.23,0.0,1,80.26,0.99,1
CUST_008109,organic_search,false,2025-08-01,53.24,0.0,1,33.65,0.99,1
CUST_008126,meta_ads,true,2024-01-01,108.17,0.15,1,53.23,0.99,1
CUST_008146,organic_search,false,2024-01-01,83.39,0.0,1,55.45,0.99,1
CUST_008147,meta_ads,true,2024-10-01,82.95,0.0,1,-28.55,0.99,1
CUST_008155,creator_network,false,2025-09-01,99.17,0.25,2,86.67,0.59,0
CUST_008167,organic_search,false,2024-02-01,108.21,0.1,2,115.63,0.70,1
CUST_008179,google_ads,true,2024-02-01,63.03,0.1499,1,31.99,0.99,1
CUST_008181,meta_ads,true,2024-01-01,97.74,0.0,1,60.81,0.99,1
CUST_008205,creator_network,false,2025-06-01,78.41,0.0,2,93.49,0.73,1
CUST_008247,meta_ads,true,2024-07-01,101.42,0.2,1,46.69,0.99,1
CUST_008254,creator_network,false,2025-05-01,83.66,0.2,1,36.01,0.99,1
CUST_008314,meta_ads,true,2025-05-01,107.02,0.0,2,107.41,1.32,1
CUST_008384,google_ads,true,2025-10-01,86.82,0.0,1,58.44,0.99,0
CUST_008385,organic_search,false,2024-08-01,106.52,0.2,1,47.37,0.99,1
CUST_008406,direct,false,2024-07-01,73.02,0.0,1,48.10,0.99,1
CUST_008426,organic_search,false,2024-10-01,104.54,0.0,2,107.89,1.55,1
CUST_008427,google_ads,true,2024-04-01,100.36,0.0,1,66.62,0.99,1
CUST_008450,meta_ads,true,2025-08-01,92.76,0.0,3,57.98,4.08,0
CUST_008482,organic_search,false,2024-08-01,84.53,0.0,1,54.73,0.99,1
CUST_008496,meta_ads,true,2025-12-01,78.47,0.0,1,50.94,0.99,0
CUST_008514,meta_ads,true,2025-06-01,104.90,0.1,1,55.89,0.99,1
CUST_008527,google_ads,true,2025-01-01,97.75,0.0,1,61.87,0.99,1
CUST_008534,meta_ads,true,2025-08-01,81.28,0.0,1,52.02,0.99,1
CUST_008544,direct,false,2025-06-01,36.74,0.0,1,24.68,0.99,1
CUST_008551,google_ads,true,2025-11-01,78.14,0.0999,1,44.04,0.99,0
CUST_008573,meta_ads,true,2024-09-01,70.54,0.2,1,30.74,0.99,1
CUST_008574,meta_ads,true,2024-09-01,78.40,0.0,2,107.64,2.35,1
CUST_008587,direct,false,2025-10-01,113.90,0.0,1,72.29,0.99,0
CUST_008595,organic_search,false,2025-08-01,61.42,0.0,1,41.50,0.99,1
CUST_008598,meta_ads,true,2024-11-01,68.12,0.1,1,35.43,0.99,1
CUST_008606,meta_ads,true,2024-12-01,64.86,0.2,2,8.64,2.23,1
CUST_008615,meta_ads,true,2024-08-01,129.47,0.0,2,147.49,1.54,1
CUST_008630,creator_network,false,2025-06-01,74.91,0.1,3,92.73,5.02,0
CUST_008639,meta_ads,true,2025-05-01,63.10,0.0,1,42.01,0.99,1
CUST_008663,creator_network,false,2024-02-01,78.48,0.0,2,100.46,0.26,1
CUST_008665,google_ads,true,2025-04-01,113.82,0.0,2,148.10,1.63,1
CUST_008680,meta_ads,true,2024-05-01,93.45,0.2,1,40.08,0.99,1
CUST_008700,meta_ads,true,2025-04-01,86.78,0.0,1,15.00,0.99,1
CUST_008706,meta_ads,true,2025-02-01,79.77,0.0,1,52.71,0.99,1
CUST_008728,meta_ads,true,2024-07-01,68.36,0.2,1,30.94,0.99,1
CUST_008730,google_ads,true,2024-09-01,100.07,0.0,1,63.73,0.99,1
CUST_008736,meta_ads,true,2025-12-01,75.63,0.1499,1,38.00,0.99,0
CUST_008778,google_ads,true,2024-08-01,86.30,0.1499,1,42.07,0.99,1
CUST_008800,google_ads,true,2025-02-01,76.29,0.0,1,50.95,0.99,1
CUST_008811,google_ads,true,2024-07-01,56.42,0.0,1,36.96,0.99,1
CUST_008820,meta_ads,true,2024-11-01,71.25,0.0,1,44.61,0.99,1
CUST_008853,direct,false,2024-01-01,119.97,0.0,1,75.60,0.99,1
CUST_008860,organic_search,false,2025-05-01,118.90,0.0,1,77.09,0.99,1
CUST_008961,creator_network,false,2024-09-01,77.69,0.0,1,48.39,0.99,1
CUST_008965,meta_ads,true,2025-04-01,100.24,0.1,1,55.20,0.99,1
CUST_008975,google_ads,true,2025-01-01,104.05,0.0,1,67.73,0.99,1
CUST_008982,meta_ads,true,2025-06-01,89.30,0.0,1,55.83,0.99,1
CUST_009056,meta_ads,true,2025-12-01,72.59,0.2,1,33.83,0.99,0
CUST_009081,direct,false,2024-10-01,109.99,0.0,1,72.59,0.99,1
CUST_009090,meta_ads,true,2025-05-01,54.12,0.15,1,-27.61,0.99,1
CUST_009106,organic_search,false,2024-09-01,89.36,0.0,1,-33.59,0.99,1
CUST_009112,organic_search,false,2025-03-01,136.71,0.0,2,143.05,1.73,1
CUST_009130,organic_search,false,2025-12-01,62.37,0.1999,1,29.53,0.99,0
CUST_009154,meta_ads,true,2025-02-01,77.60,0.2,1,35.36,0.99,1
CUST_009170,meta_ads,true,2024-09-01,79.53,0.15,1,41.72,0.99,1
CUST_009172,google_ads,true,2025-10-01,92.05,0.15,1,46.41,0.99,0
CUST_009173,creator_network,false,2024-02-01,119.70,0.0,1,80.43,0.99,1
CUST_009194,meta_ads,true,2025-09-01,74.99,0.15,1,36.72,0.99,1
CUST_009215,creator_network,false,2024-01-01,100.98,0.2,3,129.36,3.21,1
CUST_009216,meta_ads,true,2024-10-01,126.85,0.0,1,82.71,0.99,1
CUST_009228,organic_search,false,2025-10-01,113.10,0.0,1,72.93,0.99,0
CUST_009234,direct,false,2025-01-01,120.00,0.0,1,-45.44,0.99,1
CUST_009258,creator_network,false,2024-06-01,79.38,0.15,1,39.90,0.99,1
CUST_009261,direct,false,2025-01-01,68.60,0.0,2,103.66,0.30,1
CUST_009275,meta_ads,true,2025-07-01,60.05,0.0,2,56.68,1.74,1
CUST_009276,google_ads,true,2024-10-01,127.75,0.0,1,80.57,0.99,1
CUST_009279,meta_ads,true,2024-01-01,115.26,0.0,1,76.80,0.99,1
CUST_009282,organic_search,false,2025-11-01,99.31,0.0,1,62.73,0.99,0
CUST_009293,meta_ads,true,2025-03-01,113.99,0.0,1,75.83,0.99,1
CUST_009294,organic_search,false,2025-04-01,84.29,0.0,1,56.49,0.99,1
CUST_009361,creator_network,false,2025-03-01,63.42,0.0,1,42.45,0.99,1
CUST_009365,google_ads,true,2024-09-01,105.07,0.15,1,-50.16,0.99,1
CUST_009377,creator_network,false,2025-07-01,97.31,0.0,1,13.99,0.99,1
CUST_009406,creator_network,false,2024-12-01,76.06,0.0,1,51.22,0.99,1
CUST_009423,google_ads,true,2025-04-01,87.90,0.0,1,58.16,0.99,1
CUST_009426,meta_ads,true,2025-08-01,98.29,0.0,1,64.20,0.99,1
CUST_009434,creator_network,false,2024-09-01,109.41,0.0,1,71.43,0.99,1
CUST_009438,meta_ads,true,2024-08-01,63.48,0.0,1,42.04,0.99,1
CUST_009443,creator_network,false,2024-08-01,89.47,0.1,1,48.42,0.99,1
CUST_009448,google_ads,true,2025-07-01,75.53,0.0,1,50.86,0.99,1
CUST_009452,organic_search,false,2025-05-01,86.46,0.1,1,48.42,0.99,1
CUST_009460,direct,false,2024-11-01,122.67,0.0,1,82.79,0.99,1
CUST_009477,meta_ads,true,2025-12-01,80.89,0.0,1,50.91,0.99,0
CUST_009484,google_ads,true,2025-09-01,108.41,0.0,1,71.15,0.99,1
CUST_009487,organic_search,false,2024-01-01,113.86,0.0,1,71.78,0.99,1
CUST_009513,google_ads,true,2024-03-01,116.06,0.0,1,75.63,0.99,1
CUST_009523,google_ads,true,2025-11-01,117.48,0.0,1,75.90,0.99,0
CUST_009525,meta_ads,true,2024-03-01,87.25,0.15,1,41.25,0.99,1
CUST_009533,creator_network,false,2024-11-01,80.57,0.0,1,52.22,0.99,1
CUST_009571,meta_ads,true,2024-12-01,97.26,0.2,1,42.67,0.99,1
CUST_009572,organic_search,false,2024-04-01,100.51,0.1,1,55.19,0.99,1
CUST_009589,google_ads,true,2024-11-01,95.42,0.0,1,61.35,0.99,1
CUST_009603,meta_ads,true,2024-06-01,35.53,0.0,1,23.42,0.99,1
CUST_009611,meta_ads,true,2025-07-01,51.88,0.1,1,-23.40,0.99,1
CUST_009614,organic_search,false,2024-04-01,117.99,0.0,1,78.61,0.99,1
CUST_009628,direct,false,2025-10-01,90.46,0.0,2,125.49,1.19,0
CUST_009641,google_ads,true,2025-02-01,89.60,0.0,2,111.26,0.15,1
CUST_009651,google_ads,true,2024-09-01,124.19,0.0,1,77.71,0.99,1
CUST_009677,meta_ads,true,2025-12-01,137.28,0.0,1,85.30,0.99,0
CUST_009696,creator_network,false,2025-04-01,67.20,0.1,1,8.84,0.99,1
CUST_009701,meta_ads,true,2025-08-01,42.52,0.0,1,28.32,0.99,1
CUST_009702,meta_ads,true,2024-07-01,143.08,0.15,1,70.12,0.99,1
CUST_009706,meta_ads,true,2024-06-01,34.42,0.0,1,22.91,0.99,1
CUST_009721,meta_ads,true,2025-08-01,90.17,0.1,1,48.52,0.99,1
CUST_009756,meta_ads,true,2024-09-01,87.85,0.0,1,57.97,0.99,1
CUST_009759,meta_ads,true,2024-07-01,103.34,0.0,1,67.56,0.99,1
CUST_009802,creator_network,false,2024-07-01,70.57,0.1501,1,8.57,0.99,1
CUST_009816,meta_ads,true,2025-07-01,72.72,0.25,3,87.15,2.02,1
CUST_009820,meta_ads,true,2024-11-01,88.99,0.1,1,47.31,0.99,1
CUST_009833,google_ads,true,2024-06-01,91.74,0.0,1,57.37,0.99,1
CUST_009841,meta_ads,true,2025-10-01,75.80,0.0,1,51.51,0.99,0
CUST_009853,organic_search,false,2024-02-01,106.16,0.15,1,53.24,0.99,1
CUST_009871,meta_ads,true,2024-09-01,82.48,0.0,1,55.98,0.99,1
CUST_009877,meta_ads,true,2024-02-01,91.38,0.0,1,61.91,0.99,1
CUST_009884,direct,false,2025-11-01,129.69,0.0,2,158.49,0.24,0
CUST_009924,meta_ads,true,2025-05-01,83.72,0.15,1,39.64,0.99,1
CUST_009942,google_ads,true,2024-02-01,153.70,0.0,1,98.66,0.99,1
CUST_010011,google_ads,true,2025-10-01,110.05,0.0,1,73.86,0.99,0
CUST_010015,google_ads,true,2025-02-01,103.53,0.0,1,66.63,0.99,1
CUST_010026,meta_ads,true,2024-05-01,81.28,0.0,2,91.89,4.50,1
CUST_010036,creator_network,false,2024-11-01,109.22,0.1,3,128.78,2.72,1
CUST_010041,organic_search,false,2025-11-01,87.94,0.0,1,54.59,0.99,0
CUST_010042,meta_ads,true,2024-05-01,121.89,0.15,1,63.36,0.99,1
CUST_010043,google_ads,true,2024-07-01,131.81,0.2,1,60.51,0.99,1
CUST_010053,creator_network,false,2025-11-01,82.29,0.1,1,43.52,0.99,0
CUST_010066,creator_network,false,2025-06-01,93.57,0.25,1,37.97,0.99,1
CUST_010088,google_ads,true,2024-12-01,102.79,0.2,1,48.72,0.99,1
CUST_010098,organic_search,false,2025-07-01,88.17,0.2,1,41.45,0.99,1
CUST_010108,direct,false,2025-03-01,132.99,0.0,1,89.24,0.99,1
CUST_010116,meta_ads,true,2024-06-01,110.16,0.0,1,70.82,0.99,1
CUST_010125,meta_ads,true,2024-03-01,99.13,0.0,1,65.80,0.99,1
CUST_010151,meta_ads,true,2025-10-01,90.93,0.15,1,44.25,0.99,1
CUST_010157,meta_ads,true,2024-08-01,114.99,0.2,1,53.08,0.99,1
CUST_010163,creator_network,false,2025-02-01,65.18,0.0,1,42.10,0.99,1
CUST_010167,creator_network,false,2024-12-01,81.55,0.2,1,34.79,0.99,1
CUST_010181,organic_search,false,2025-06-01,84.53,0.0,2,66.71,0.41,1
CUST_010213,organic_search,false,2024-04-01,112.41,0.0,2,158.17,0.44,1
CUST_010226,organic_search,false,2025-03-01,113.39,0.0,1,74.74,0.99,1
CUST_010236,meta_ads,true,2025-04-01,81.88,0.15,2,97.33,2.95,1
CUST_010238,meta_ads,true,2024-10-01,50.50,0.1,1,28.37,0.99,1
CUST_010317,google_ads,true,2025-02-01,80.44,0.15,1,-38.06,0.99,1
CUST_010329,meta_ads,true,2025-02-01,136.30,0.0,1,-48.88,0.99,1
CUST_010358,meta_ads,true,2024-11-01,61.39,0.15,3,196.01,1.89,1
CUST_010374,creator_network,false,2025-02-01,93.84,0.15,1,47.23,0.99,1
CUST_010390,creator_network,false,2025-11-01,72.35,0.15,1,35.74,0.99,0
CUST_010397,creator_network,false,2025-02-01,87.93,0.2,1,37.47,0.99,1
CUST_010400,google_ads,true,2025-02-01,118.23,0.1,2,123.49,1.87,1
CUST_010401,meta_ads,true,2024-06-01,67.87,0.15,1,-34.68,0.99,1
CUST_010435,google_ads,true,2025-11-01,101.62,0.0,1,68.19,0.99,0
CUST_010448,meta_ads,true,2025-06-01,91.65,0.0,1,61.83,0.99,1
CUST_010455,meta_ads,true,2025-09-01,69.26,0.2501,2,88.30,0.58,0
CUST_010466,meta_ads,true,2024-11-01,69.20,0.0,1,43.94,0.99,1
CUST_010499,creator_network,false,2024-09-01,103.46,0.15,1,51.01,0.99,1
CUST_010531,meta_ads,true,2025-08-01,89.34,0.2,2,91.48,0.37,1
CUST_010567,google_ads,true,2025-10-01,86.93,0.0,1,58.68,0.99,0
CUST_010579,creator_network,false,2024-05-01,94.17,0.1,1,52.42,0.99,1
CUST_010597,google_ads,true,2025-03-01,129.38,0.0,1,87.28,0.99,1
CUST_010620,google_ads,true,2024-06-01,158.61,0.0,1,101.85,0.99,1
CUST_010623,meta_ads,true,2025-05-01,102.39,0.1,1,55.70,0.99,1
CUST_010650,google_ads,true,2025-06-01,118.98,0.0,1,74.96,0.99,1
CUST_010662,meta_ads,true,2024-02-01,87.96,0.0,1,54.94,0.99,1
CUST_010676,meta_ads,true,2025-08-01,96.38,0.0,1,64.99,0.99,1
CUST_010684,meta_ads,true,2025-07-01,110.62,0.2,2,-25.00,0.43,1
CUST_010703,direct,false,2024-06-01,94.14,0.0,1,62.13,0.99,1
CUST_010722,meta_ads,true,2024-08-01,124.74,0.0,1,77.67,0.99,1
CUST_010759,meta_ads,true,2024-10-01,54.63,0.0,1,36.24,0.99,1
CUST_010760,creator_network,false,2025-07-01,61.04,0.1501,1,32.30,0.99,1
CUST_010762,meta_ads,true,2024-12-01,85.16,0.15,2,48.29,2.75,1
CUST_010779,google_ads,true,2025-09-01,135.67,0.0,1,90.09,0.99,1
CUST_010788,google_ads,true,2024-01-01,131.10,0.0,1,85.32,0.99,1
CUST_010808,meta_ads,true,2024-11-01,83.74,0.0,1,2.06,0.99,1
CUST_010850,google_ads,true,2024-02-01,138.74,0.1,1,77.54,0.99,1
CUST_010862,meta_ads,true,2024-10-01,59.56,0.0,1,37.52,0.99,1
CUST_010873,meta_ads,true,2025-04-01,94.70,0.0,1,63.58,0.99,1
CUST_010905,google_ads,true,2025-05-01,27.26,0.0,1,17.43,0.99,1
CUST_010953,meta_ads,true,2024-07-01,87.60,0.1,3,152.35,6.01,1
CUST_011034,organic_search,false,2025-07-01,67.78,0.1,1,35.69,0.99,1
CUST_011043,meta_ads,true,2025-11-01,87.71,0.0,1,59.17,0.99,0
CUST_011054,meta_ads,true,2025-09-01,34.87,0.0,1,-12.61,0.99,1
CUST_011075,direct,false,2024-09-01,79.44,0.0,2,128.85,0.54,1
CUST_011079,google_ads,true,2024-05-01,111.05,0.1,1,60.83,0.99,1
CUST_011105,meta_ads,true,2025-07-01,88.32,0.2,1,40.45,0.99,1
CUST_011108,google_ads,true,2025-03-01,85.71,0.0,1,54.01,0.99,1
CUST_011142,google_ads,true,2025-11-01,57.26,0.0,1,38.14,0.99,0
CUST_011176,google_ads,true,2025-04-01,119.41,0.1,1,65.47,0.99,1
CUST_011177,meta_ads,true,2025-05-01,77.41,0.0,1,48.79,0.99,1
CUST_011229,meta_ads,true,2024-09-01,110.22,0.1,1,58.95,0.99,1
CUST_011235,creator_network,false,2024-06-01,58.07,0.1001,1,33.45,0.99,1
CUST_011242,meta_ads,true,2025-10-01,82.30,0.1,1,-35.39,0.99,0
CUST_011244,meta_ads,true,2025-01-01,59.52,0.0,1,37.17,0.99,1
CUST_011258,meta_ads,true,2024-11-01,86.87,0.15,2,84.24,0.95,1
CUST_011261,meta_ads,true,2024-09-01,73.97,0.0,1,46.35,0.99,1
CUST_011271,meta_ads,true,2024-05-01,67.61,0.15,1,33.13,0.99,1
CUST_011296,organic_search,false,2024-01-01,110.78,0.0,1,69.94,0.99,1
CUST_011340,google_ads,true,2024-12-01,106.86,0.0,1,72.49,0.99,1
CUST_011359,meta_ads,true,2025-08-01,119.14,0.0,1,75.17,0.99,1
CUST_011373,creator_network,false,2025-09-01,82.11,0.1,1,43.32,0.99,1
CUST_011379,creator_network,false,2024-08-01,67.91,0.0,1,44.64,0.99,1
CUST_011388,meta_ads,true,2025-09-01,83.87,0.1,1,18.65,0.99,1
CUST_011394,meta_ads,true,2025-05-01,86.09,0.15,1,43.57,0.99,1
CUST_011406,meta_ads,true,2025-04-01,78.35,0.15,1,37.39,0.99,1
CUST_011420,creator_network,false,2025-03-01,46.21,0.1,1,-19.91,0.99,1
CUST_011424,organic_search,false,2025-03-01,97.69,0.0,2,112.70,1.60,1
CUST_011429,meta_ads,true,2024-01-01,113.52,0.15,1,58.61,0.99,1
CUST_011449,creator_network,false,2024-01-01,89.37,0.1501,1,44.41,0.99,1
CUST_011463,google_ads,true,2025-05-01,138.51,0.0,3,107.15,6.98,0
CUST_011475,meta_ads,true,2025-07-01,102.28,0.2,2,92.55,1.18,1
CUST_011493,meta_ads,true,2024-12-01,100.03,0.15,1,49.36,0.99,1
CUST_011494,direct,false,2025-08-01,81.33,0.0,1,55.14,0.99,1
CUST_011509,meta_ads,true,2024-10-01,76.52,0.0,1,49.46,0.99,1
CUST_011524,google_ads,true,2024-03-01,133.83,0.2,1,-71.47,0.99,1
CUST_011546,google_ads,true,2025-01-01,98.71,0.0,1,63.54,0.99,1
CUST_011562,creator_network,false,2024-08-01,109.07,0.25,1,43.73,0.99,1
CUST_011622,google_ads,true,2024-09-01,104.53,0.0,1,70.69,0.99,1
CUST_011634,creator_network,false,2025-10-01,92.29,0.15,1,44.51,0.99,1
CUST_011649,meta_ads,true,2024-01-01,82.99,0.0,1,56.16,0.99,1
CUST_011666,meta_ads,true,2024-11-01,92.74,0.1,1,51.40,0.99,1
CUST_011675,google_ads,true,2024-02-01,110.58,0.0,1,69.50,0.99,1
CUST_011687,meta_ads,true,2024-02-01,49.65,0.0,1,30.84,0.99,1
CUST_011706,google_ads,true,2025-05-01,135.08,0.0,1,88.57,0.99,1
CUST_011709,meta_ads,true,2024-11-01,75.81,0.2,1,33.62,0.99,1
CUST_011720,direct,false,2024-10-01,94.85,0.0,1,63.28,0.99,1
CUST_011741,google_ads,true,2024-10-01,123.63,0.0,1,78.32,0.99,1
CUST_011746,google_ads,true,2024-06-01,134.83,0.0,1,85.27,0.99,1
CUST_011754,organic_search,false,2024-07-01,85.42,0.0,1,55.34,0.99,1
CUST_011787,meta_ads,true,2025-10-01,102.21,0.0,2,117.00,0.74,0
CUST_011831,meta_ads,true,2025-01-01,118.07,0.0,1,79.12,0.99,1
CUST_011840,google_ads,true,2024-06-01,117.28,0.0,1,78.16,0.99,1
CUST_011853,creator_network,false,2025-10-01,80.08,0.2,1,33.71,0.99,0
CUST_011882,organic_search,false,2024-07-01,96.65,0.0,1,60.16,0.99,1
CUST_011911,creator_network,false,2025-11-01,86.83,0.1499,1,42.40,0.99,0
CUST_011950,meta_ads,true,2025-07-01,88.69,0.0,1,56.31,0.99,1
CUST_011988,organic_search,false,2024-06-01,83.96,0.0,3,171.28,2.38,1
CUST_011993,meta_ads,true,2025-12-01,98.48,0.0,1,66.75,0.99,0
CUST_012000,creator_network,false,2024-10-01,45.30,0.0,1,2.38,0.99,1
CUST_012003,creator_network,false,2024-08-01,68.29,0.1,1,36.12,0.99,1
CUST_012010,google_ads,true,2025-12-01,121.09,0.15,1,58.91,0.99,0
CUST_012067,meta_ads,true,2024-10-01,77.88,0.1,2,99.96,2.42,1
CUST_012093,organic_search,false,2024-05-01,54.51,0.0,2,69.18,3.10,1
CUST_012107,google_ads,true,2025-08-01,86.45,0.1001,2,103.05,0.94,1
CUST_012172,google_ads,true,2025-10-01,92.12,0.0,1,62.02,0.99,1
CUST_012174,google_ads,true,2025-12-01,78.85,0.0999,1,44.08,0.99,0
CUST_012214,meta_ads,true,2025-12-01,103.19,0.0,1,64.45,0.99,0
CUST_012227,creator_network,false,2024-10-01,60.65,0.0999,1,32.96,0.99,1
CUST_012249,google_ads,true,2024-07-01,126.16,0.0,1,83.32,0.99,1
CUST_012269,meta_ads,true,2025-05-01,101.72,0.15,2,109.24,0.76,1
CUST_012287,google_ads,true,2025-08-01,149.77,0.0,2,65.13,1.70,1
CUST_012288,creator_network,false,2024-09-01,62.95,0.25,1,3.70,0.99,1
CUST_012344,google_ads,true,2025-06-01,122.68,0.0,1,76.26,0.99,1
CUST_012369,meta_ads,true,2024-09-01,57.48,0.1,2,93.46,0.19,1
CUST_012385,creator_network,false,2025-01-01,83.72,0.15,2,9.91,0.21,1
CUST_012473,organic_search,false,2024-09-01,122.90,0.0,1,38.28,0.99,1
CUST_012500,direct,false,2025-09-01,107.78,0.15,1,-51.28,0.99,1
CUST_000004,creator_network,false,2025-05-01,81.40,0.1,1,46.71,0.99,1
CUST_000015,creator_network,false,2024-06-01,65.01,0.0,1,43.53,0.99,1
CUST_000043,direct,false,2024-02-01,124.21,0.0,4,323.90,6.85,1
CUST_000075,google_ads,true,2025-07-01,71.45,0.0,1,46.47,0.99,1
CUST_000092,google_ads,true,2025-07-01,120.83,0.15,1,57.79,0.99,1
CUST_000117,meta_ads,true,2025-09-01,38.30,0.2,1,16.79,0.99,1
CUST_000121,creator_network,false,2025-09-01,60.02,0.1999,1,-9.55,0.99,1
CUST_000185,google_ads,true,2024-08-01,109.44,0.0,2,37.89,2.26,1
CUST_000188,meta_ads,true,2025-04-01,78.63,0.0,1,52.15,0.99,1
CUST_000199,direct,false,2025-10-01,75.56,0.0,1,48.35,0.99,0
CUST_000213,creator_network,false,2025-06-01,102.76,0.15,1,50.97,0.99,1
CUST_000240,creator_network,false,2024-06-01,50.13,0.0999,2,-2.14,1.35,1
CUST_000250,meta_ads,true,2025-10-01,115.83,0.0,1,72.06,0.99,0
CUST_000256,organic_search,false,2025-04-01,90.09,0.0,1,57.24,0.99,1
CUST_000257,meta_ads,true,2025-11-01,99.46,0.0,1,29.72,0.99,0
CUST_000262,google_ads,true,2025-12-01,74.21,0.0,1,48.24,0.99,0
CUST_000273,meta_ads,true,2025-10-01,85.71,0.2,2,71.83,1.56,0
CUST_000287,meta_ads,true,2025-02-01,104.42,0.0,1,65.10,0.99,1
CUST_000318,direct,false,2024-06-01,94.65,0.0,1,61.08,0.99,1
CUST_000347,direct,false,2025-05-01,109.70,0.1,1,61.04,0.99,1
CUST_000355,meta_ads,true,2024-03-01,75.36,0.0,1,46.82,0.99,1
CUST_000362,direct,false,2025-05-01,106.56,0.0,1,71.74,0.99,1
CUST_000376,google_ads,true,2024-10-01,90.16,0.0,1,60.47,0.99,1
CUST_000385,meta_ads,true,2025-07-01,105.56,0.0,1,68.41,0.99,1
CUST_000389,direct,false,2025-08-01,79.06,0.0,1,49.94,0.99,1
CUST_000392,google_ads,true,2024-12-01,56.76,0.2,1,-31.15,0.99,1
CUST_000404,organic_search,false,2025-09-01,91.45,0.0,1,61.73,0.99,1
CUST_000405,organic_search,false,2024-10-01,114.12,0.15,1,57.86,0.99,1
CUST_000434,meta_ads,true,2024-04-01,103.86,0.0,1,68.55,0.99,1
CUST_000440,meta_ads,true,2024-03-01,80.60,0.1,1,-11.98,0.99,1
CUST_000461,meta_ads,true,2024-04-01,105.12,0.0,3,124.99,1.44,1
CUST_000478,meta_ads,true,2025-04-01,123.53,0.0,3,104.69,2.89,1
CUST_000543,direct,false,2024-08-01,100.16,0.0,1,64.34,0.99,1
CUST_000587,meta_ads,true,2024-03-01,74.69,0.1,2,24.92,2.19,1
CUST_000627,meta_ads,true,2025-01-01,102.89,0.0,1,65.20,0.99,1
CUST_000645,meta_ads,true,2024-04-01,102.47,0.2,1,45.62,0.99,1
CUST_000662,google_ads,true,2025-12-01,67.31,0.0,1,44.36,0.99,0
CUST_000695,google_ads,true,2024-04-01,62.50,0.0,1,42.32,0.99,1
CUST_000699,meta_ads,true,2024-05-01,97.29,0.0,1,63.52,0.99,1
CUST_000709,meta_ads,true,2024-08-01,117.32,0.0,2,129.90,3.40,1
CUST_000713,meta_ads,true,2025-02-01,69.97,0.1,1,40.52,0.99,1
CUST_000715,meta_ads,true,2024-11-01,55.78,0.0,1,34.95,0.99,1
CUST_000723,creator_network,false,2024-03-01,93.70,0.2,1,43.72,0.99,1
CUST_000729,meta_ads,true,2024-07-01,85.06,0.0,2,27.19,2.70,1
CUST_000752,google_ads,true,2025-11-01,89.57,0.0,2,19.82,0.68,0
CUST_000767,meta_ads,true,2025-08-01,61.22,0.0,1,40.96,0.99,1
CUST_000824,google_ads,true,2024-12-01,136.84,0.0,1,88.55,0.99,1
CUST_000826,meta_ads,true,2025-11-01,104.65,0.2,1,46.70,0.99,0
CUST_000835,google_ads,true,2025-02-01,106.35,0.0,2,104.66,1.48,1
CUST_000837,organic_search,false,2025-11-01,80.71,0.2,1,-20.10,0.99,0
CUST_000850,google_ads,true,2025-04-01,101.26,0.0,1,66.01,0.99,1
CUST_000859,organic_search,false,2025-04-01,102.39,0.0,1,-34.89,0.99,1
CUST_000869,organic_search,false,2025-10-01,108.74,0.0,1,71.62,0.99,0
CUST_000888,meta_ads,true,2024-08-01,72.78,0.0,1,45.23,0.99,1
CUST_000904,google_ads,true,2025-04-01,89.74,0.0,1,57.25,0.99,1
CUST_000905,meta_ads,true,2024-12-01,85.95,0.1001,2,54.46,0.41,1
CUST_000915,organic_search,false,2025-04-01,90.72,0.0,1,57.62,0.99,1
CUST_000934,google_ads,true,2025-03-01,143.79,0.2,1,61.17,0.99,1
CUST_000946,organic_search,false,2024-01-01,102.06,0.0,1,67.36,0.99,1
CUST_000958,meta_ads,true,2024-02-01,105.00,0.0,1,71.02,0.99,1
CUST_000960,meta_ads,true,2025-07-01,108.92,0.2,1,46.74,0.99,1
CUST_000965,creator_network,false,2024-09-01,54.43,0.1499,2,71.00,0.26,1
CUST_000980,organic_search,false,2025-04-01,104.70,0.0,1,70.63,0.99,1
CUST_000995,creator_network,false,2024-11-01,98.98,0.0,1,62.82,0.99,1
CUST_001009,meta_ads,true,2024-08-01,83.91,0.15,2,106.28,1.52,1
CUST_001017,google_ads,true,2024-06-01,108.93,0.0,1,67.94,0.99,1
CUST_001019,meta_ads,true,2025-11-01,91.83,0.0,1,58.00,0.99,0
CUST_001135,creator_network,false,2025-06-01,61.17,0.0,1,38.47,0.99,1
CUST_001153,meta_ads,true,2025-07-01,82.57,0.0,1,54.87,0.99,1
CUST_001159,meta_ads,true,2025-10-01,96.44,0.1,1,52.00,0.99,0
CUST_001172,meta_ads,true,2025-12-01,57.53,0.0,1,-20.01,0.99,0
CUST_001216,meta_ads,true,2024-07-01,90.10,0.0,1,58.80,0.99,1
CUST_001226,direct,false,2025-05-01,133.32,0.0,1,82.87,0.99,1
CUST_001242,meta_ads,true,2025-08-01,89.61,0.0,1,58.23,0.99,1
CUST_001257,meta_ads,true,2024-07-01,76.40,0.2,1,35.22,0.99,1
CUST_001261,meta_ads,true,2024-09-01,102.52,0.15,1,53.29,0.99,1
CUST_001265,creator_network,false,2024-01-01,85.20,0.0,1,-32.09,0.99,1
CUST_001346,meta_ads,true,2025-01-01,63.91,0.0,1,41.97,0.99,1
CUST_001403,google_ads,true,2024-02-01,128.26,0.15,1,63.96,0.99,1
CUST_001446,organic_search,false,2024-06-01,132.07,0.0,1,87.98,0.99,1
CUST_001485,direct,false,2024-10-01,89.42,0.0,1,56.85,0.99,1
CUST_001493,meta_ads,true,2024-08-01,56.60,0.15,1,29.38,0.99,1
CUST_001502,meta_ads,true,2025-02-01,104.25,0.15,1,49.04,0.99,1
CUST_001536,creator_network,false,2024-04-01,51.96,0.2,1,-29.27,0.99,1
CUST_001537,meta_ads,true,2024-06-01,97.48,0.0,1,-33.31,0.99,1
CUST_001553,creator_network,false,2025-09-01,102.32,0.2,1,47.86,0.99,1
CUST_001568,meta_ads,true,2024-04-01,113.23,0.1,1,64.36,0.99,1
CUST_001591,direct,false,2025-07-01,93.33,0.0,2,113.11,1.86,1
CUST_001606,meta_ads,true,2025-03-01,66.67,0.15,1,33.33,0.99,1
CUST_001609,organic_search,false,2024-08-01,66.80,0.0,2,108.86,0.81,1
CUST_001611,organic_search,false,2025-10-01,60.62,0.0,1,39.20,0.99,0
CUST_001628,meta_ads,true,2025-03-01,52.39,0.0,2,46.54,2.41,1
CUST_001632,google_ads,true,2024-11-01,111.23,0.0,1,72.26,0.99,1
CUST_001642,creator_network,false,2025-10-01,38.58,0.1001,1,21.92,0.99,0
CUST_001671,creator_network,false,2024-12-01,68.31,0.2,3,94.64,1.71,1
CUST_001683,organic_search,false,2025-05-01,49.92,0.0,1,31.04,0.99,1
CUST_001706,google_ads,true,2024-04-01,103.37,0.15,1,49.79,0.99,1
CUST_001730,meta_ads,true,2025-05-01,105.53,0.0,2,142.40,0.42,1
CUST_001735,direct,false,2024-05-01,99.54,0.0,1,65.81,0.99,1
CUST_001742,organic_search,false,2025-07-01,129.29,0.0,1,85.85,0.99,1
CUST_001759,meta_ads,true,2024-04-01,106.29,0.2,1,46.73,0.99,1
CUST_001775,meta_ads,true,2025-08-01,70.06,0.15,1,1.38,0.99,1
CUST_001795,creator_network,false,2024-02-01,52.12,0.1,1,27.29,0.99,1
CUST_001832,meta_ads,true,2025-05-01,107.08,0.0,1,71.97,0.99,1
CUST_001842,meta_ads,true,2025-01-01,94.48,0.2,2,112.96,2.82,1
CUST_001845,direct,false,2025-11-01,128.05,0.0,1,83.83,0.99,0
CUST_001850,meta_ads,true,2025-06-01,71.03,0.0,1,47.05,0.99,1
CUST_001857,direct,false,2025-08-01,106.66,0.15,1,54.58,0.99,1
CUST_001858,meta_ads,true,2025-01-01,85.35,0.0,1,56.24,0.99,1
CUST_001872,creator_network,false,2024-07-01,72.92,0.1,2,69.74,0.63,1
CUST_001873,creator_network,false,2025-02-01,40.89,0.1499,1,1.75,0.99,1
CUST_001881,direct,false,2025-06-01,75.14,0.0,2,68.83,1.67,1
CUST_001888,google_ads,true,2024-08-01,113.79,0.15,2,11.73,1.76,1
CUST_001920,meta_ads,true,2024-12-01,92.87,0.0,1,61.00,0.99,1
CUST_001949,google_ads,true,2024-10-01,93.37,0.0,2,134.04,2.08,1
CUST_001967,meta_ads,true,2024-06-01,86.77,0.25,2,92.47,1.23,1
CUST_001971,organic_search,false,2024-01-01,54.21,0.1,1,28.49,0.99,1
CUST_001986,google_ads,true,2024-03-01,141.72,0.2,1,66.33,0.99,1
CUST_002006,google_ads,true,2025-08-01,128.95,0.0,1,87.15,0.99,1
CUST_002029,organic_search,false,2024-08-01,68.69,0.0,1,42.71,0.99,1
CUST_002049,google_ads,true,2025-03-01,86.45,0.0,1,55.05,0.99,1
CUST_002058,google_ads,true,2024-12-01,128.50,0.0,1,19.95,0.99,1
CUST_002059,creator_network,false,2025-06-01,65.14,0.15,1,-32.51,0.99,1
CUST_002061,creator_network,false,2024-03-01,73.28,0.15,1,36.70,0.99,1
CUST_002062,meta_ads,true,2025-03-01,43.21,0.15,1,-6.88,0.99,1
CUST_002063,google_ads,true,2025-09-01,102.13,0.2,1,46.77,0.99,1
CUST_002073,google_ads,true,2024-07-01,73.87,0.0,2,101.64,0.22,1
CUST_002077,direct,false,2024-08-01,63.51,0.0,2,113.99,2.76,1
CUST_002079,meta_ads,true,2025-12-01,73.99,0.0,1,47.26,0.99,0
CUST_002085,creator_network,false,2025-03-01,48.78,0.1501,1,25.37,0.99,1
CUST_002099,google_ads,true,2025-09-01,103.10,0.0,1,69.71,0.99,1
CUST_002108,google_ads,true,2025-11-01,92.58,0.2,1,42.52,0.99,0
CUST_002115,google_ads,true,2025-06-01,71.15,0.0,1,46.71,0.99,1
CUST_002152,google_ads,true,2024-06-01,83.96,0.15,1,40.99,0.99,1
CUST_002154,creator_network,false,2025-09-01,68.93,0.1,1,-29.17,0.99,1
CUST_002162,creator_network,false,2025-05-01,70.25,0.0,1,46.19,0.99,1
CUST_002176,meta_ads,true,2025-09-01,66.85,0.0999,3,170.29,1.77,0
CUST_002206,google_ads,true,2025-11-01,103.20,0.15,1,52.24,0.99,0
CUST_002223,meta_ads,true,2024-04-01,95.78,0.15,1,47.80,0.99,1
CUST_002260,meta_ads,true,2025-01-01,85.46,0.15,1,41.29,0.99,1
CUST_002290,direct,false,2024-07-01,158.84,0.15,1,78.48,0.99,1
CUST_002293,google_ads,true,2024-07-01,76.92,0.0,1,51.02,0.99,1
CUST_002329,google_ads,true,2025-05-01,115.43,0.0,1,71.94,0.99,1
CUST_002333,organic_search,false,2025-05-01,146.89,0.0,1,98.03,0.99,1
CUST_002394,creator_network,false,2024-05-01,84.27,0.1,1,44.76,0.99,1
CUST_002395,meta_ads,true,2025-10-01,93.56,0.15,1,46.80,0.99,0
CUST_002404,meta_ads,true,2024-10-01,113.27,0.15,1,55.06,0.99,1
CUST_002439,meta_ads,true,2025-03-01,87.93,0.0,1,54.87,0.99,1
CUST_002452,meta_ads,true,2025-12-01,61.70,0.0,1,40.24,0.99,0
CUST_002472,google_ads,true,2025-12-01,91.64,0.0,1,62.12,0.99,0
CUST_002486,google_ads,true,2025-12-01,117.04,0.0,1,75.97,0.99,0
CUST_002495,creator_network,false,2025-03-01,68.06,0.1001,1,38.26,0.99,1
CUST_002504,meta_ads,true,2025-12-01,85.01,0.0,1,53.71,0.99,0
CUST_002506,meta_ads,true,2024-04-01,40.22,0.0,1,25.41,0.99,1
CUST_002507,meta_ads,true,2025-10-01,75.03,0.0,1,48.21,0.99,0
CUST_002513,direct,false,2025-01-01,71.99,0.0,1,45.80,0.99,1
CUST_002517,google_ads,true,2024-01-01,114.24,0.25,1,47.17,0.99,1
CUST_002535,google_ads,true,2025-07-01,120.01,0.1,1,68.44,0.99,1
CUST_002538,google_ads,true,2024-05-01,92.29,0.0,1,62.32,0.99,1
CUST_002561,meta_ads,true,2025-09-01,86.97,0.0,1,56.64,0.99,1
CUST_002576,google_ads,true,2025-05-01,124.65,0.0,1,83.61,0.99,1
CUST_002592,google_ads,true,2025-09-01,90.74,0.0,1,29.46,0.99,1
CUST_002597,meta_ads,true,2024-09-01,87.76,0.0,1,58.42,0.99,1
CUST_002614,meta_ads,true,2025-08-01,134.90,0.1,1,76.19,0.99,1
CUST_002618,organic_search,false,2024-09-01,99.70,0.0,3,176.31,1.34,1
CUST_002622,meta_ads,true,2025-10-01,102.45,0.0,1,64.83,0.99,0
CUST_002636,meta_ads,true,2025-06-01,70.82,0.15,1,36.21,0.99,1
CUST_002713,organic_search,false,2024-11-01,66.05,0.0999,1,35.53,0.99,1
CUST_002742,google_ads,true,2024-07-01,112.21,0.1,2,133.66,1.25,1
CUST_002743,google_ads,true,2024-07-01,71.48,0.15,1,37.23,0.99,1
CUST_002746,meta_ads,true,2025-08-01,106.29,0.15,2,130.19,1.38,0
CUST_002772,google_ads,true,2024-09-01,63.77,0.0,2,117.21,0.53,1
CUST_002783,direct,false,2025-12-01,58.77,0.0,1,1.35,0.99,0
CUST_002810,meta_ads,true,2025-07-01,91.51,0.2,1,38.55,0.99,1
CUST_002904,meta_ads,true,2024-12-01,88.92,0.0,1,57.64,0.99,1
CUST_002906,meta_ads,true,2024-02-01,91.57,0.0,1,61.36,0.99,1
CUST_002925,direct,false,2024-11-01,74.19,0.0,1,47.86,0.99,1
CUST_002958,meta_ads,true,2025-10-01,45.74,0.15,1,23.64,0.99,0
CUST_002962,organic_search,false,2024-11-01,99.29,0.0,1,66.42,0.99,1
CUST_003015,google_ads,true,2025-05-01,70.66,0.0,1,44.25,0.99,1
CUST_003037,meta_ads,true,2025-01-01,81.08,0.0,1,51.84,0.99,1
CUST_003066,meta_ads,true,2024-09-01,124.90,0.0,1,78.26,0.99,1
CUST_003078,creator_network,false,2024-04-01,38.78,0.0,1,24.13,0.99,1
CUST_003088,google_ads,true,2024-01-01,117.11,0.1,1,61.76,0.99,1
CUST_003114,meta_ads,true,2024-04-01,87.58,0.1,1,48.00,0.99,1
CUST_003121,google_ads,true,2024-09-01,85.27,0.0,1,57.31,0.99,1
CUST_003148,organic_search,false,2025-06-01,110.16,0.1,1,61.07,0.99,1
CUST_003166,organic_search,false,2025-02-01,118.14,0.0,2,147.19,3.31,1
CUST_003183,meta_ads,true,2024-10-01,98.38,0.0,1,61.98,0.99,1
CUST_003184,creator_network,false,2024-08-01,104.03,0.2,1,47.66,0.99,1
CUST_003193,google_ads,true,2025-12-01,114.56,0.1,1,60.53,0.99,0
CUST_003196,google_ads,true,2025-02-01,127.31,0.1,1,72.78,0.99,1
CUST_003197,organic_search,false,2025-11-01,99.97,0.0,1,66.04,0.99,0
CUST_003214,organic_search,false,2025-07-01,74.90,0.0,1,48.03,0.99,1
CUST_003239,meta_ads,true,2025-05-01,97.33,0.0,1,64.31,0.99,1
CUST_003261,meta_ads,true,2024-07-01,63.59,0.15,1,30.94,0.99,1
CUST_003263,google_ads,true,2024-12-01,91.64,0.0,2,129.43,1.37,1
CUST_003276,google_ads,true,2025-09-01,135.54,0.1,1,75.37,0.99,1
CUST_003281,meta_ads,true,2025-01-01,76.84,0.1501,1,-39.33,0.99,1
CUST_003322,organic_search,false,2024-03-01,75.69,0.0,1,47.59,0.99,1
CUST_003358,google_ads,true,2024-12-01,96.83,0.15,1,46.55,0.99,1
CUST_003378,meta_ads,true,2024-06-01,73.46,0.0,2,109.94,2.75,1
CUST_003403,meta_ads,true,2025-12-01,103.42,0.0,1,68.28,0.99,0
CUST_003418,google_ads,true,2025-06-01,158.51,0.0,1,98.64,0.99,1
CUST_003428,organic_search,false,2025-05-01,100.69,0.2,2,97.87,0.13,1
CUST_003429,meta_ads,true,2025-10-01,90.41,0.0,1,60.42,0.99,0
CUST_003433,organic_search,false,2025-08-01,89.74,0.0,1,58.50,0.99,1
CUST_003451,direct,false,2025-01-01,100.79,0.0,1,66.65,0.99,1
CUST_003500,organic_search,false,2025-07-01,69.04,0.0,1,46.53,0.99,1
CUST_003527,creator_network,false,2025-12-01,66.73,0.15,1,34.69,0.99,0
CUST_003528,creator_network,false,2025-08-01,96.94,0.1,1,51.74,0.99,1
CUST_003537,google_ads,true,2024-08-01,69.48,0.2001,1,29.59,0.99,1
CUST_003540,google_ads,true,2024-03-01,89.93,0.0,1,58.38,0.99,1
CUST_003546,google_ads,true,2024-05-01,87.25,0.0,1,55.88,0.99,1
CUST_003556,creator_network,false,2025-05-01,78.04,0.2,1,36.48,0.99,1
CUST_003611,google_ads,true,2025-04-01,115.53,0.0,1,75.78,0.99,1
CUST_003614,direct,false,2025-09-01,96.46,0.0,1,-33.54,0.99,1
CUST_003620,meta_ads,true,2024-06-01,87.50,0.0,1,9.52,0.99,1
CUST_003624,meta_ads,true,2025-10-01,94.92,0.0,1,61.50,0.99,1
CUST_003657,meta_ads,true,2024-10-01,85.70,0.0,1,54.21,0.99,1
CUST_003674,direct,false,2024-04-01,130.28,0.0,1,84.24,0.99,1
CUST_003692,meta_ads,true,2025-03-01,111.64,0.0,1,74.77,0.99,1
CUST_003727,meta_ads,true,2024-03-01,108.35,0.15,1,57.22,0.99,1
CUST_003728,organic_search,false,2024-04-01,43.58,0.0,2,74.74,0.53,1
CUST_003752,google_ads,true,2025-11-01,70.05,0.0,1,45.67,0.99,0
CUST_003767,direct,false,2025-04-01,75.04,0.0,1,-25.12,0.99,1
CUST_003786,google_ads,true,2024-04-01,62.96,0.1001,1,36.26,0.99,1
CUST_003793,organic_search,false,2025-04-01,82.84,0.0,1,53.96,0.99,1
CUST_003797,meta_ads,true,2025-03-01,50.44,0.0,2,108.14,1.12,1
CUST_003802,google_ads,true,2025-11-01,111.03,0.1,1,10.38,0.99,0
CUST_003809,meta_ads,true,2024-02-01,89.69,0.1,1,48.55,0.99,1
CUST_003817,google_ads,true,2024-11-01,82.45,0.0,2,111.06,2.03,1
CUST_003821,organic_search,false,2024-11-01,75.29,0.0,1,46.89,0.99,1
CUST_003824,creator_network,false,2024-10-01,118.94,0.1,2,108.21,1.02,1
CUST_003835,google_ads,true,2025-01-01,67.18,0.15,2,111.83,2.16,1
CUST_003843,creator_network,false,2025-02-01,98.70,0.1499,1,48.08,0.99,1
CUST_003863,organic_search,false,2024-11-01,78.16,0.2,1,34.48,0.99,1
CUST_003885,organic_search,false,2025-10-01,47.41,0.1,1,26.79,0.99,0
CUST_003898,direct,false,2025-09-01,84.60,0.0,1,53.86,0.99,1
CUST_003917,direct,false,2025-07-01,33.62,0.0,1,21.91,0.99,1
CUST_003918,google_ads,true,2024-11-01,143.88,0.0,1,97.05,0.99,1
CUST_003955,meta_ads,true,2024-08-01,79.55,0.0,1,51.96,0.99,1
CUST_003965,meta_ads,true,2024-01-01,72.48,0.0,1,47.40,0.99,1
CUST_003994,meta_ads,true,2024-02-01,119.78,0.0,2,130.90,0.91,1
CUST_004022,creator_network,false,2024-08-01,81.82,0.0,1,51.16,0.99,1
CUST_004030,direct,false,2024-11-01,122.29,0.0,1,81.13,0.99,1
CUST_004045,creator_network,false,2024-12-01,88.07,0.15,1,44.86,0.99,1
CUST_004077,creator_network,false,2025-01-01,54.57,0.0,1,35.22,0.99,1
CUST_004081,creator_network,false,2025-07-01,79.89,0.1,1,42.77,0.99,1
CUST_004091,meta_ads,true,2025-07-01,85.56,0.0,1,55.80,0.99,1
CUST_004126,google_ads,true,2025-06-01,91.05,0.0,1,59.15,0.99,1
CUST_004129,google_ads,true,2024-09-01,114.92,0.0,1,74.05,0.99,1
CUST_004149,meta_ads,true,2025-07-01,117.91,0.0,1,-38.50,0.99,1
CUST_004151,meta_ads,true,2024-04-01,110.51,0.2,1,48.94,0.99,1
CUST_004158,meta_ads,true,2025-10-01,83.75,0.0,1,53.75,0.99,0
CUST_004161,creator_network,false,2025-03-01,72.33,0.1,1,38.11,0.99,1
CUST_004165,meta_ads,true,2025-05-01,104.52,0.0,1,-0.48,0.99,1
CUST_004188,google_ads,true,2025-04-01,100.33,0.0,1,65.04,0.99,1
CUST_004216,direct,false,2025-09-01,103.20,0.0,1,70.16,0.99,1
CUST_004217,meta_ads,true,2024-02-01,72.30,0.1499,1,36.42,0.99,1
CUST_004222,meta_ads,true,2025-05-01,48.55,0.1001,1,27.14,0.99,1
CUST_004242,organic_search,false,2024-12-01,114.17,0.0,4,140.83,4.26,1
CUST_004250,meta_ads,true,2025-12-01,98.98,0.2,1,44.07,0.99,0
CUST_004321,meta_ads,true,2025-04-01,73.85,0.0,1,50.15,0.99,1
CUST_004341,organic_search,false,2025-01-01,68.54,0.0,1,44.43,0.99,1
CUST_004347,organic_search,false,2025-09-01,77.68,0.15,2,110.07,2.41,0
CUST_004366,google_ads,true,2025-06-01,95.86,0.15,1,45.72,0.99,1
CUST_004387,direct,false,2025-12-01,122.90,0.0,1,79.59,0.99,0
CUST_004397,meta_ads,true,2024-09-01,36.07,0.15,1,-18.04,0.99,1
CUST_004400,organic_search,false,2024-05-01,82.28,0.0,1,55.47,0.99,1
CUST_004416,google_ads,true,2025-02-01,113.87,0.0,1,73.06,0.99,1
CUST_004420,organic_search,false,2024-06-01,102.30,0.0,1,64.71,0.99,1
CUST_004439,organic_search,false,2025-12-01,100.39,0.0,1,64.91,0.99,0
CUST_004450,meta_ads,true,2025-07-01,45.37,0.0,1,30.49,0.99,1
CUST_004469,creator_network,false,2025-12-01,98.38,0.2501,1,-58.75,0.99,0
CUST_004473,creator_network,false,2024-07-01,71.80,0.15,1,37.92,0.99,1
CUST_004482,meta_ads,true,2025-02-01,95.70,0.1,1,50.39,0.99,1
CUST_004491,meta_ads,true,2024-08-01,66.76,0.0,1,43.33,0.99,1
CUST_004499,creator_network,false,2024-08-01,105.78,0.1,1,61.20,0.99,1
CUST_004548,organic_search,false,2025-06-01,78.18,0.0,3,163.75,4.33,0
CUST_004566,google_ads,true,2025-11-01,131.20,0.0,1,89.20,0.99,0
CUST_004602,organic_search,false,2025-08-01,94.93,0.0,1,63.58,0.99,1
CUST_004604,meta_ads,true,2024-11-01,74.14,0.0,2,115.81,1.73,1
CUST_004617,meta_ads,true,2025-09-01,83.18,0.2501,1,35.47,0.99,1
CUST_004641,creator_network,false,2025-11-01,62.12,0.15,1,32.62,0.99,0
CUST_004642,direct,false,2024-10-01,109.74,0.0,1,71.30,0.99,1
CUST_004644,google_ads,true,2024-05-01,93.09,0.0,2,6.85,0.27,1
CUST_004656,meta_ads,true,2024-06-01,113.87,0.0,1,72.66,0.99,1
CUST_004689,meta_ads,true,2025-03-01,53.11,0.0,1,34.02,0.99,1
CUST_004719,google_ads,true,2025-01-01,68.25,0.0999,1,38.08,0.99,1
CUST_004743,meta_ads,true,2024-02-01,118.79,0.2,2,85.60,2.96,1
CUST_004747,meta_ads,true,2024-06-01,69.66,0.0,1,43.94,0.99,1
CUST_004813,creator_network,false,2024-01-01,70.48,0.2001,1,-40.38,0.99,1
CUST_004826,organic_search,false,2024-06-01,49.12,0.0,1,32.69,0.99,1
CUST_004841,creator_network,false,2025-12-01,68.35,0.0,1,44.17,0.99,0
CUST_004856,google_ads,true,2024-07-01,78.99,0.15,2,95.87,2.77,1
CUST_004870,meta_ads,true,2025-09-01,115.42,0.15,1,61.07,0.99,1
CUST_004882,creator_network,false,2025-02-01,58.04,0.0999,1,33.17,0.99,1
CUST_004905,creator_network,false,2025-11-01,57.87,0.15,2,59.69,0.81,0
CUST_004906,creator_network,false,2024-06-01,77.18,0.0,1,48.44,0.99,1
CUST_004937,google_ads,true,2025-11-01,124.81,0.0,1,78.42,0.99,0
CUST_004948,google_ads,true,2025-08-01,100.08,0.0,2,135.39,1.27,0
CUST_004977,meta_ads,true,2024-05-01,95.29,0.0,2,40.25,0.30,1
CUST_004988,google_ads,true,2025-05-01,87.36,0.0,1,57.39,0.99,1
CUST_005018,google_ads,true,2024-10-01,102.43,0.0,1,66.01,0.99,1
CUST_005028,organic_search,false,2024-02-01,79.11,0.0,1,52.79,0.99,1
CUST_005071,direct,false,2025-04-01,99.98,0.0,3,187.13,5.20,0
CUST_005081,google_ads,true,2024-03-01,90.08,0.0,1,59.72,0.99,1
CUST_005094,meta_ads,true,2024-04-01,88.39,0.1,1,49.48,0.99,1
CUST_005145,direct,false,2024-12-01,91.57,0.0,1,59.65,0.99,1
CUST_005165,creator_network,false,2024-05-01,101.13,0.1,1,54.16,0.99,1
CUST_005174,meta_ads,true,2024-02-01,102.98,0.0,1,64.89,0.99,1
CUST_005187,meta_ads,true,2025-06-01,84.78,0.15,1,44.87,0.99,1
CUST_005189,creator_network,false,2025-11-01,82.43,0.1,1,45.12,0.99,0
CUST_005199,google_ads,true,2024-12-01,140.04,0.0,1,90.59,0.99,1
CUST_005204,creator_network,false,2025-07-01,68.79,0.15,1,34.10,0.99,1
CUST_005230,google_ads,true,2025-05-01,122.12,0.0,1,78.50,0.99,1
CUST_005233,meta_ads,true,2025-07-01,59.84,0.0,1,39.09,0.99,1
CUST_005266,meta_ads,true,2025-03-01,83.27,0.15,1,40.96,0.99,1
CUST_005295,organic_search,false,2025-08-01,110.18,0.0,1,74.38,0.99,1
CUST_005302,direct,false,2024-01-01,100.19,0.0,1,66.23,0.99,1
CUST_005340,creator_network,false,2024-01-01,80.60,0.0,2,33.81,2.62,1
CUST_005361,direct,false,2025-05-01,83.14,0.0,1,55.51,0.99,1
CUST_005409,google_ads,true,2024-10-01,78.77,0.0,1,51.19,0.99,1
CUST_005426,creator_network,false,2025-04-01,67.52,0.1,1,38.00,0.99,1
CUST_005430,organic_search,false,2025-07-01,106.55,0.0,1,68.03,0.99,1
CUST_005467,organic_search,false,2025-08-01,72.97,0.1,1,39.66,0.99,1
CUST_005474,creator_network,false,2025-07-01,87.99,0.15,1,43.02,0.99,1
CUST_005475,google_ads,true,2024-01-01,135.24,0.0,1,88.17,0.99,1
CUST_005501,google_ads,true,2025-03-01,95.21,0.0,1,60.70,0.99,1
CUST_005533,creator_network,false,2025-07-01,102.11,0.1,1,55.42,0.99,1
CUST_005591,direct,false,2024-10-01,86.36,0.0,1,56.22,0.99,1
CUST_005621,organic_search,false,2024-04-01,87.45,0.1001,2,114.56,1.03,1
CUST_005627,creator_network,false,2025-01-01,83.93,0.1,1,45.72,0.99,1
CUST_005638,organic_search,false,2025-09-01,121.00,0.0,1,80.04,0.99,1
CUST_005699,creator_network,false,2025-12-01,58.58,0.0,1,37.62,0.99,0
CUST_005705,meta_ads,true,2025-11-01,82.80,0.1,1,43.06,0.99,0
CUST_005743,meta_ads,true,2025-09-01,84.16,0.0,1,56.26,0.99,1
CUST_005749,meta_ads,true,2025-12-01,58.33,0.0999,1,32.18,0.99,0
CUST_005751,meta_ads,true,2024-08-01,58.74,0.0999,1,33.29,0.99,1
CUST_005830,creator_network,false,2025-03-01,72.28,0.2001,1,32.53,0.99,1
CUST_005843,organic_search,false,2024-04-01,90.94,0.0,1,57.60,0.99,1
CUST_005867,direct,false,2025-07-01,122.40,0.0,1,80.06,0.99,1
CUST_005873,google_ads,true,2025-05-01,81.01,0.0,1,54.28,0.99,1
CUST_005874,direct,false,2025-09-01,68.23,0.0,2,107.16,1.67,0
CUST_005876,direct,false,2024-08-01,124.24,0.15,1,59.47,0.99,1
CUST_005886,creator_network,false,2025-02-01,75.68,0.0,1,50.23,0.99,1
CUST_005888,meta_ads,true,2025-11-01,102.73,0.0,1,68.43,0.99,0
CUST_005892,direct,false,2025-04-01,61.76,0.0,1,40.12,0.99,1
CUST_005895,meta_ads,true,2025-01-01,102.67,0.15,4,201.70,4.13,1
CUST_005897,meta_ads,true,2025-11-01,92.38,0.1,1,52.69,0.99,0
CUST_005962,organic_search,false,2025-12-01,87.51,0.1,1,49.90,0.99,0
CUST_005963,google_ads,true,2024-12-01,101.36,0.15,1,52.20,0.99,1
CUST_005969,meta_ads,true,2025-11-01,121.34,0.0,1,78.44,0.99,0
CUST_006038,organic_search,false,2025-10-01,69.22,0.0,1,46.26,0.99,0
CUST_006043,google_ads,true,2025-01-01,107.71,0.0,1,70.54,0.99,1
CUST_006060,direct,false,2025-09-01,74.59,0.1,1,41.47,0.99,1
CUST_006071,meta_ads,true,2025-12-01,89.97,0.0,1,59.42,0.99,0
CUST_006076,creator_network,false,2024-02-01,90.91,0.15,1,44.98,0.99,1
CUST_006081,meta_ads,true,2025-01-01,106.43,0.0,1,70.15,0.99,1
CUST_006140,organic_search,false,2025-09-01,64.43,0.0,1,43.66,0.99,1
CUST_006164,google_ads,true,2024-11-01,102.94,0.0,1,67.06,0.99,1
CUST_006185,meta_ads,true,2024-01-01,54.26,0.1001,1,29.07,0.99,1
CUST_006186,meta_ads,true,2025-09-01,87.57,0.0,2,120.56,1.59,0
CUST_006192,creator_network,false,2025-05-01,102.33,0.15,2,90.74,1.60,1
CUST_006195,google_ads,true,2025-07-01,109.28,0.0,1,71.07,0.99,1
CUST_006210,google_ads,true,2024-02-01,108.90,0.0,1,73.72,0.99,1
CUST_006211,organic_search,false,2025-02-01,135.45,0.0,2,146.06,1.08,1
CUST_006221,direct,false,2025-09-01,91.28,0.0,1,-34.29,0.99,1
CUST_006249,meta_ads,true,2025-07-01,94.20,0.15,1,-46.17,0.99,1
CUST_006294,direct,false,2024-10-01,125.43,0.0,2,141.33,1.15,1
CUST_006300,direct,false,2024-10-01,60.64,0.0,2,101.56,1.42,1
CUST_006302,organic_search,false,2025-01-01,119.40,0.1,1,64.68,0.99,1
CUST_006322,meta_ads,true,2025-03-01,94.09,0.0,1,60.03,0.99,1
CUST_006353,meta_ads,true,2024-02-01,96.64,0.1,1,52.42,0.99,1
CUST_006355,google_ads,true,2025-11-01,99.07,0.0,1,62.63,0.99,0
CUST_006397,google_ads,true,2025-02-01,120.72,0.0,1,74.95,0.99,1
CUST_006431,google_ads,true,2025-07-01,161.14,0.1,3,-100.93,1.17,1
CUST_006446,direct,false,2025-03-01,127.74,0.1,1,66.70,0.99,1
CUST_006457,google_ads,true,2025-05-01,141.47,0.15,1,71.44,0.99,1
CUST_006458,organic_search,false,2024-12-01,93.36,0.1,2,96.42,2.18,1
CUST_006464,meta_ads,true,2024-09-01,79.79,0.1,1,44.81,0.99,1
CUST_006466,meta_ads,true,2024-02-01,66.37,0.1999,1,30.59,0.99,1
CUST_006473,creator_network,false,2025-06-01,83.84,0.1,1,43.84,0.99,1
CUST_006489,google_ads,true,2025-01-01,143.22,0.0,1,-49.31,0.99,1
CUST_006491,google_ads,true,2025-05-01,69.49,0.25,1,29.10,0.99,1
CUST_006492,meta_ads,true,2024-09-01,63.28,0.0,1,41.35,0.99,1
CUST_006495,organic_search,false,2025-12-01,84.00,0.0,1,56.20,0.99,0
CUST_006509,meta_ads,true,2025-10-01,99.85,0.0,1,66.98,0.99,0
CUST_006518,meta_ads,true,2025-07-01,50.93,0.15,1,26.57,0.99,1
CUST_006550,meta_ads,true,2025-01-01,78.28,0.0,1,51.65,0.99,1
CUST_006551,meta_ads,true,2024-10-01,88.04,0.0,1,55.11,0.99,1
CUST_006566,meta_ads,true,2024-11-01,70.76,0.1001,1,39.98,0.99,1
CUST_006646,meta_ads,true,2024-12-01,59.29,0.1,2,14.01,0.65,1
CUST_006654,meta_ads,true,2024-06-01,92.07,0.0,1,57.53,0.99,1
CUST_006669,meta_ads,true,2024-05-01,98.14,0.0,1,65.33,0.99,1
CUST_006670,creator_network,false,2024-05-01,79.66,0.15,1,39.53,0.99,1
CUST_006684,direct,false,2024-10-01,107.32,0.0,1,69.28,0.99,1
CUST_006686,creator_network,false,2024-01-01,98.39,0.0,1,61.50,0.99,1
CUST_006691,creator_network,false,2025-09-01,87.90,0.1499,1,41.80,0.99,1
CUST_006696,direct,false,2025-08-01,60.56,0.1001,1,33.89,0.99,1
CUST_006704,meta_ads,true,2024-10-01,98.16,0.25,1,41.58,0.99,1
CUST_006729,meta_ads,true,2025-12-01,85.51,0.0,1,54.61,0.99,0
CUST_006734,google_ads,true,2024-11-01,98.37,0.2,2,69.56,1.17,1
CUST_006742,meta_ads,true,2024-04-01,100.40,0.1,1,53.53,0.99,1
CUST_006747,organic_search,false,2025-06-01,71.89,0.0,1,48.74,0.99,1
CUST_006754,google_ads,true,2024-03-01,104.06,0.0,1,66.39,0.99,1
CUST_006757,organic_search,false,2025-09-01,78.63,0.1,1,42.12,0.99,1
CUST_006759,meta_ads,true,2025-12-01,134.59,0.1,1,73.79,0.99,0
CUST_006776,google_ads,true,2024-09-01,150.71,0.0,1,99.44,0.99,1
CUST_006782,direct,false,2025-02-01,50.38,0.0,1,31.73,0.99,1
CUST_006790,creator_network,false,2025-03-01,93.76,0.2,2,-6.95,0.65,1
CUST_006804,meta_ads,true,2025-02-01,83.79,0.1,1,48.26,0.99,1
CUST_006805,creator_network,false,2025-01-01,85.93,0.1,1,45.67,0.99,1
CUST_006809,organic_search,false,2024-10-01,70.95,0.0,1,47.34,0.99,1
CUST_006821,google_ads,true,2025-02-01,150.07,0.0,1,96.70,0.99,1
CUST_006834,organic_search,false,2025-11-01,71.04,0.0,1,47.18,0.99,0
CUST_006836,direct,false,2024-05-01,69.96,0.0,1,47.09,0.99,1
CUST_006837,google_ads,true,2024-11-01,103.98,0.0,1,67.30,0.99,1
CUST_006848,google_ads,true,2025-01-01,100.06,0.0,1,64.78,0.99,1
CUST_006858,organic_search,false,2024-09-01,108.00,0.0,1,72.91,0.99,1
CUST_006879,meta_ads,true,2025-08-01,81.35,0.2,1,34.31,0.99,1
CUST_006908,meta_ads,true,2025-09-01,84.96,0.1,1,47.91,0.99,1
CUST_006911,google_ads,true,2024-12-01,80.06,0.0,1,23.57,0.99,1
CUST_006935,google_ads,true,2025-12-01,118.31,0.1,1,64.85,0.99,0
CUST_006965,organic_search,false,2024-09-01,152.78,0.0,1,101.63,0.99,1
CUST_006967,organic_search,false,2025-10-01,70.59,0.0,1,-23.47,0.99,0
CUST_006968,google_ads,true,2024-11-01,166.80,0.0,1,105.91,0.99,1
CUST_007004,google_ads,true,2025-08-01,126.85,0.0,1,85.90,0.99,1
CUST_007013,direct,false,2024-09-01,62.12,0.0,1,40.38,0.99,1
CUST_007040,meta_ads,true,2025-06-01,74.36,0.2,1,33.50,0.99,1
CUST_007060,meta_ads,true,2025-11-01,49.98,0.0,1,33.35,0.99,0
CUST_007092,meta_ads,true,2025-11-01,108.87,0.1,1,57.41,0.99,0
CUST_007119,creator_network,false,2025-07-01,92.21,0.0,1,61.33,0.99,1
CUST_007121,creator_network,false,2025-11-01,79.40,0.15,1,38.47,0.99,0
CUST_007130,creator_network,false,2025-11-01,71.52,0.15,1,34.69,0.99,0
CUST_007140,meta_ads,true,2024-05-01,98.19,0.0,1,62.05,0.99,1
CUST_007159,organic_search,false,2024-10-01,93.68,0.0,1,62.15,0.99,1
CUST_007182,meta_ads,true,2024-12-01,58.98,0.0,1,39.57,0.99,1
CUST_007187,google_ads,true,2025-04-01,43.54,0.0,1,27.16,0.99,1
CUST_007193,meta_ads,true,2025-02-01,53.09,0.2,1,24.65,0.99,1
CUST_007202,google_ads,true,2024-05-01,110.35,0.0,1,72.65,0.99,1
CUST_007206,google_ads,true,2024-06-01,123.31,0.0,1,78.62,0.99,1
CUST_007223,google_ads,true,2024-05-01,132.06,0.0,1,83.32,0.99,1
CUST_007225,meta_ads,true,2025-11-01,123.93,0.1,1,66.48,0.99,0
CUST_007234,google_ads,true,2025-03-01,70.65,0.15,1,33.35,0.99,1
CUST_007236,google_ads,true,2025-02-01,137.29,0.0,1,89.55,0.99,1
CUST_007242,meta_ads,true,2025-11-01,80.44,0.1,1,45.60,0.99,0
CUST_007258,google_ads,true,2024-02-01,85.54,0.0,1,56.61,0.99,1
CUST_007275,creator_network,false,2025-01-01,53.85,0.1001,2,71.55,0.55,1
CUST_007302,meta_ads,true,2025-01-01,63.93,0.0,1,39.88,0.99,1
CUST_007335,meta_ads,true,2024-11-01,93.26,0.1,2,13.91,0.38,1
CUST_007348,meta_ads,true,2025-02-01,148.24,0.0,1,96.95,0.99,1
CUST_007355,meta_ads,true,2024-06-01,84.49,0.2,2,-22.88,0.73,1
CUST_007357,meta_ads,true,2025-12-01,53.69,0.1499,1,27.61,0.99,0
CUST_007378,meta_ads,true,2024-12-01,94.59,0.15,1,46.41,0.99,1
CUST_007395,meta_ads,true,2024-09-01,56.78,0.2501,1,23.22,0.99,1
CUST_007405,meta_ads,true,2024-11-01,108.15,0.0,2,97.43,1.77,1
CUST_007412,meta_ads,true,2025-01-01,103.28,0.0,1,65.83,0.99,1
CUST_007430,direct,false,2025-06-01,87.49,0.2,1,39.77,0.99,1
CUST_007479,meta_ads,true,2025-10-01,125.44,0.0,1,37.41,0.99,0
CUST_007488,creator_network,false,2025-12-01,90.80,0.0,1,59.30,0.99,0
CUST_007494,google_ads,true,2025-04-01,120.53,0.0,1,-39.98,0.99,1
CUST_007512,meta_ads,true,2025-12-01,84.41,0.1,1,48.10,0.99,0
CUST_007515,meta_ads,true,2025-05-01,80.24,0.2,1,34.64,0.99,1
CUST_007529,meta_ads,true,2025-05-01,88.25,0.1001,1,49.05,0.99,1
CUST_007567,meta_ads,true,2025-11-01,97.57,0.0,1,-35.42,0.99,0
CUST_007605,google_ads,true,2024-10-01,109.42,0.2,1,46.76,0.99,1
CUST_007625,google_ads,true,2025-03-01,125.73,0.0,1,-43.56,0.99,1
CUST_007653,meta_ads,true,2024-03-01,102.39,0.0,1,69.24,0.99,1
CUST_007667,google_ads,true,2025-05-01,110.06,0.0,1,70.04,0.99,1
CUST_007686,meta_ads,true,2025-08-01,102.01,0.0,1,64.84,0.99,1
CUST_007698,meta_ads,true,2025-06-01,113.00,0.15,1,58.21,0.99,1
CUST_007724,organic_search,false,2025-08-01,50.66,0.0,1,31.77,0.99,1
CUST_007726,google_ads,true,2024-05-01,137.99,0.0,1,87.03,0.99,1
CUST_007747,google_ads,true,2024-06-01,79.10,0.1,1,42.14,0.99,1
CUST_007758,direct,false,2025-10-01,75.13,0.0,2,115.26,0.19,0
CUST_007775,creator_network,false,2024-10-01,60.39,0.15,1,-3.17,0.99,1
CUST_007781,meta_ads,true,2025-01-01,115.39,0.1,1,60.41,0.99,1
CUST_007793,google_ads,true,2025-01-01,99.77,0.0,1,67.84,0.99,1
CUST_007848,meta_ads,true,2025-02-01,100.14,0.1,3,161.95,1.80,1
CUST_007867,direct,false,2024-07-01,141.28,0.0,1,88.74,0.99,1
CUST_007891,meta_ads,true,2024-05-01,116.27,0.0,1,38.31,0.99,1
CUST_007936,google_ads,true,2024-04-01,147.35,0.0,1,92.16,0.99,1
CUST_007982,meta_ads,true,2024-07-01,80.36,0.0,1,52.10,0.99,1
CUST_008044,meta_ads,true,2025-07-01,128.61,0.0,1,82.58,0.99,1
CUST_008054,google_ads,true,2025-07-01,99.24,0.0,3,174.75,1.83,1
CUST_008113,organic_search,false,2025-12-01,67.24,0.0,1,42.78,0.99,0
CUST_008116,meta_ads,true,2024-09-01,90.24,0.0,1,58.06,0.99,1
CUST_008128,direct,false,2025-11-01,41.37,0.0,1,26.78,0.99,0
CUST_008129,direct,false,2025-10-01,128.13,0.0,1,80.59,0.99,0
CUST_008172,google_ads,true,2025-09-01,116.75,0.0,1,74.36,0.99,1
CUST_008176,meta_ads,true,2024-09-01,108.73,0.0,1,71.10,0.99,1
CUST_008184,google_ads,true,2025-12-01,83.50,0.0,1,55.13,0.99,0
CUST_008204,organic_search,false,2024-11-01,100.85,0.0,1,67.98,0.99,1
CUST_008220,google_ads,true,2025-07-01,84.64,0.0,1,54.37,0.99,1
CUST_008232,google_ads,true,2025-01-01,107.46,0.0,1,72.51,0.99,1
CUST_008235,meta_ads,true,2024-04-01,95.01,0.0,1,62.80,0.99,1
CUST_008260,google_ads,true,2025-09-01,88.31,0.2,1,37.76,0.99,1
CUST_008295,creator_network,false,2025-08-01,67.30,0.0,1,-23.88,0.99,1
CUST_008316,creator_network,false,2024-09-01,82.85,0.0,2,90.90,0.55,1
CUST_008318,meta_ads,true,2025-08-01,40.84,0.0,1,26.16,0.99,1
CUST_008323,organic_search,false,2024-07-01,86.43,0.0,1,55.65,0.99,1
CUST_008332,google_ads,true,2025-05-01,92.58,0.0,3,157.03,4.17,1
CUST_008339,creator_network,false,2025-01-01,72.26,0.2,1,33.86,0.99,1
CUST_008361,meta_ads,true,2025-09-01,76.97,0.1,1,44.02,0.99,1
CUST_008379,direct,false,2025-04-01,80.65,0.0,1,54.26,0.99,1
CUST_008393,meta_ads,true,2025-12-01,88.62,0.0,1,57.17,0.99,0
CUST_008405,organic_search,false,2025-01-01,100.85,0.1,1,54.23,0.99,1
CUST_008421,direct,false,2025-04-01,97.78,0.0,1,61.60,0.99,1
CUST_008457,creator_network,false,2025-05-01,78.93,0.2001,2,27.10,0.38,1
CUST_008469,google_ads,true,2024-09-01,79.89,0.0,1,51.73,0.99,1
CUST_008500,google_ads,true,2024-10-01,117.46,0.0,1,73.96,0.99,1
CUST_008510,meta_ads,true,2024-09-01,66.12,0.15,1,31.35,0.99,1
CUST_008513,organic_search,false,2025-07-01,65.49,0.0,1,41.06,0.99,1
CUST_008530,creator_network,false,2025-05-01,42.31,0.0,1,27.56,0.99,1
CUST_008559,organic_search,false,2025-08-01,117.10,0.0,2,146.38,0.17,1
CUST_008578,creator_network,false,2024-06-01,85.54,0.2,1,40.29,0.99,1
CUST_008617,google_ads,true,2025-12-01,134.13,0.0,1,85.24,0.99,0
CUST_008678,creator_network,false,2025-07-01,54.65,0.0,1,36.69,0.99,1
CUST_008694,google_ads,true,2024-01-01,179.80,0.0,2,175.71,0.75,1
CUST_008703,organic_search,false,2024-10-01,92.15,0.0,2,73.49,0.94,1
CUST_008713,creator_network,false,2025-06-01,76.78,0.2001,1,32.56,0.99,1
CUST_008718,direct,false,2025-07-01,100.23,0.15,1,47.96,0.99,1
CUST_008751,creator_network,false,2025-05-01,92.53,0.0,2,109.57,1.14,1
CUST_008795,organic_search,false,2025-01-01,90.69,0.0,2,135.61,0.33,1
CUST_008830,organic_search,false,2024-08-01,57.60,0.0,1,37.93,0.99,1
CUST_008837,creator_network,false,2025-02-01,100.11,0.15,1,4.90,0.99,1
CUST_008868,creator_network,false,2025-04-01,62.66,0.15,1,32.74,0.99,1
CUST_008872,organic_search,false,2024-05-01,42.26,0.0,1,27.16,0.99,1
CUST_008893,organic_search,false,2025-12-01,84.51,0.0,1,55.88,0.99,0
CUST_008914,creator_network,false,2024-07-01,82.95,0.0,1,55.51,0.99,1
CUST_008925,meta_ads,true,2024-06-01,127.16,0.0,1,84.00,0.99,1
CUST_008942,meta_ads,true,2024-12-01,106.02,0.0,1,-34.17,0.99,1
CUST_008948,meta_ads,true,2025-11-01,118.06,0.0,1,73.43,0.99,0
CUST_008966,organic_search,false,2025-06-01,100.02,0.1,1,56.21,0.99,1
CUST_008979,meta_ads,true,2025-06-01,39.03,0.1499,1,18.72,0.99,1
CUST_008999,meta_ads,true,2024-04-01,99.52,0.0,2,23.45,0.31,1
CUST_009010,meta_ads,true,2025-04-01,51.58,0.0,1,33.24,0.99,1
CUST_009035,meta_ads,true,2025-01-01,108.79,0.1,1,-50.61,0.99,1
CUST_009042,google_ads,true,2024-10-01,147.17,0.1,2,146.92,1.24,1
CUST_009068,meta_ads,true,2025-02-01,87.48,0.2,1,40.38,0.99,1
CUST_009077,google_ads,true,2025-08-01,91.70,0.0,1,-33.65,0.99,1
CUST_009095,creator_network,false,2025-03-01,67.14,0.15,2,74.53,1.89,1
CUST_009098,direct,false,2024-03-01,120.90,0.0,2,152.71,2.16,1
CUST_009111,creator_network,false,2025-11-01,96.40,0.0,1,64.12,0.99,0
CUST_009150,creator_network,false,2025-03-01,39.25,0.1501,3,114.01,1.71,1
CUST_009152,creator_network,false,2025-02-01,115.46,0.15,1,56.56,0.99,1
CUST_009167,direct,false,2025-10-01,93.62,0.15,1,48.86,0.99,0
CUST_009169,meta_ads,true,2024-09-01,95.24,0.0,1,64.12,0.99,1
CUST_009189,creator_network,false,2025-12-01,57.94,0.15,1,29.62,0.99,0
CUST_009209,google_ads,true,2025-09-01,120.30,0.0,1,-40.35,0.99,1
CUST_009237,meta_ads,true,2024-01-01,62.60,0.0,1,40.97,0.99,1
CUST_009242,meta_ads,true,2025-07-01,117.43,0.0,1,74.45,0.99,1
CUST_009243,google_ads,true,2025-07-01,158.70,0.15,2,147.29,0.49,1
CUST_009266,direct,false,2024-02-01,107.13,0.0,1,70.21,0.99,1
CUST_009290,google_ads,true,2024-07-01,92.28,0.0,1,60.00,0.99,1
CUST_009306,meta_ads,true,2024-05-01,76.94,0.0,1,48.04,0.99,1
CUST_009309,meta_ads,true,2024-06-01,73.76,0.2,2,36.77,1.55,1
CUST_009317,meta_ads,true,2025-09-01,72.19,0.25,1,27.95,0.99,1
CUST_009347,google_ads,true,2025-08-01,139.07,0.0,1,87.67,0.99,1
CUST_009388,creator_network,false,2024-09-01,91.24,0.1,1,52.07,0.99,1
CUST_009397,meta_ads,true,2024-01-01,71.20,0.15,2,94.63,1.40,1
CUST_009408,meta_ads,true,2025-03-01,52.09,0.0,1,33.97,0.99,1
CUST_009415,creator_network,false,2025-02-01,88.00,0.2,1,-50.63,0.99,1
CUST_009427,meta_ads,true,2024-09-01,86.33,0.0,1,55.44,0.99,1
CUST_009480,meta_ads,true,2024-04-01,96.68,0.0,1,63.79,0.99,1
CUST_009495,meta_ads,true,2025-06-01,89.37,0.1,1,51.15,0.99,1
CUST_009515,meta_ads,true,2025-05-01,80.18,0.15,1,39.85,0.99,1
CUST_009535,direct,false,2024-12-01,79.24,0.0,1,49.86,0.99,1
CUST_009547,meta_ads,true,2024-05-01,98.67,0.0,1,61.52,0.99,1
CUST_009595,organic_search,false,2024-08-01,83.15,0.1001,1,47.09,0.99,1
CUST_009617,organic_search,false,2025-06-01,38.41,0.0,1,24.76,0.99,1
CUST_009635,meta_ads,true,2024-09-01,107.52,0.0,1,-34.41,0.99,1
CUST_009655,direct,false,2025-03-01,89.80,0.0,1,57.28,0.99,1
CUST_009679,organic_search,false,2025-03-01,137.45,0.0,1,90.07,0.99,1
CUST_009685,organic_search,false,2025-04-01,134.59,0.0,1,-47.39,0.99,1
CUST_009692,meta_ads,true,2025-01-01,57.83,0.0,1,38.97,0.99,1
CUST_009719,creator_network,false,2024-06-01,116.25,0.0,1,78.94,0.99,1
CUST_009736,google_ads,true,2025-05-01,41.67,0.0,1,-14.88,0.99,1
CUST_009748,organic_search,false,2024-10-01,96.45,0.0,1,62.57,0.99,1
CUST_009754,creator_network,false,2025-08-01,97.42,0.0,1,66.16,0.99,1
CUST_009763,meta_ads,true,2025-12-01,118.92,0.0,1,76.52,0.99,0
CUST_009779,creator_network,false,2024-12-01,79.85,0.15,1,41.86,0.99,1
CUST_009807,organic_search,false,2025-07-01,103.34,0.0,1,70.09,0.99,1
CUST_009822,direct,false,2025-08-01,90.79,0.0,2,140.23,1.00,1
CUST_009828,google_ads,true,2025-03-01,65.84,0.0,1,41.74,0.99,1
CUST_009832,meta_ads,true,2025-11-01,74.61,0.0,1,47.31,0.99,0
CUST_009843,google_ads,true,2024-09-01,107.15,0.2,2,147.69,0.76,1
CUST_009858,meta_ads,true,2025-04-01,25.00,0.1,1,13.21,0.99,1
CUST_009859,direct,false,2024-10-01,82.65,0.0,1,55.04,0.99,1
CUST_009866,google_ads,true,2024-01-01,93.03,0.15,1,48.55,0.99,1
CUST_009885,meta_ads,true,2024-02-01,79.83,0.2001,1,34.36,0.99,1
CUST_009922,direct,false,2025-10-01,83.14,0.0,1,56.06,0.99,0
CUST_009926,meta_ads,true,2024-04-01,72.33,0.15,1,38.33,0.99,1
CUST_009946,meta_ads,true,2024-08-01,110.78,0.2,1,51.33,0.99,1
CUST_009953,google_ads,true,2024-12-01,148.57,0.0,1,97.68,0.99,1
CUST_009974,google_ads,true,2024-03-01,85.93,0.0,1,54.48,0.99,1
CUST_009988,creator_network,false,2024-09-01,90.63,0.0,1,56.92,0.99,1
CUST_009995,google_ads,true,2024-05-01,152.37,0.0,1,103.51,0.99,1
CUST_010001,google_ads,true,2024-11-01,91.31,0.0,2,118.98,1.24,1
CUST_010006,google_ads,true,2025-10-01,59.94,0.0,1,40.61,0.99,0
CUST_010104,creator_network,false,2024-10-01,86.21,0.2,2,7.21,2.58,1
CUST_010105,google_ads,true,2025-07-01,84.35,0.0,1,53.48,0.99,1
CUST_010135,meta_ads,true,2024-02-01,73.66,0.0,1,48.06,0.99,1
CUST_010188,meta_ads,true,2025-10-01,104.08,0.0,1,69.12,0.99,0
CUST_010206,google_ads,true,2024-07-01,125.31,0.0,1,82.30,0.99,1
CUST_010234,meta_ads,true,2025-02-01,98.64,0.2,1,42.94,0.99,1
CUST_010239,meta_ads,true,2025-09-01,78.26,0.0,1,52.27,0.99,1
CUST_010261,creator_network,false,2025-06-01,51.32,0.15,2,-8.29,1.48,1
CUST_010270,google_ads,true,2025-01-01,113.54,0.0,1,75.16,0.99,1
CUST_010285,meta_ads,true,2024-04-01,83.45,0.2,1,-46.01,0.99,1
CUST_010296,organic_search,false,2025-12-01,110.10,0.0,1,74.77,0.99,0
CUST_010298,meta_ads,true,2024-11-01,71.13,0.1,1,39.83,0.99,1
CUST_010350,google_ads,true,2025-02-01,151.04,0.0,1,97.46,0.99,1
CUST_010356,creator_network,false,2024-03-01,73.96,0.0,1,-25.57,0.99,1
CUST_010386,creator_network,false,2024-07-01,85.73,0.0,1,57.31,0.99,1
CUST_010399,meta_ads,true,2025-02-01,72.92,0.1999,1,31.08,0.99,1
CUST_010426,google_ads,true,2025-09-01,88.01,0.0,1,57.63,0.99,1
CUST_010442,google_ads,true,2025-08-01,69.12,0.0,1,46.84,0.99,1
CUST_010465,meta_ads,true,2024-06-01,132.51,0.0,1,86.64,0.99,1
CUST_010474,google_ads,true,2024-05-01,93.38,0.0,1,62.12,0.99,1
CUST_010511,direct,false,2024-04-01,130.71,0.0,1,88.14,0.99,1
CUST_010513,meta_ads,true,2024-10-01,106.72,0.0,3,167.93,4.71,1
CUST_010524,meta_ads,true,2025-01-01,123.14,0.0,1,79.54,0.99,1
CUST_010548,google_ads,true,2025-10-01,126.02,0.0,1,81.95,0.99,0
CUST_010598,creator_network,false,2025-05-01,67.09,0.1,1,38.59,0.99,1
CUST_010636,google_ads,true,2025-12-01,123.13,0.2,1,-69.51,0.99,0
CUST_010644,organic_search,false,2025-11-01,112.95,0.0,1,74.04,0.99,0
CUST_010657,google_ads,true,2025-01-01,109.32,0.0,1,72.53,0.99,1
CUST_010659,meta_ads,true,2025-01-01,61.01,0.15,1,28.86,0.99,1
CUST_010663,organic_search,false,2025-10-01,90.03,0.0,1,60.38,0.99,0
CUST_010664,creator_network,false,2025-01-01,69.42,0.15,1,33.52,0.99,1
CUST_010681,google_ads,true,2025-02-01,70.89,0.0,2,76.00,1.40,1
CUST_010685,meta_ads,true,2025-01-01,82.76,0.1,2,99.92,1.13,1
CUST_010687,organic_search,false,2025-01-01,69.99,0.0,1,44.49,0.99,1
CUST_010727,google_ads,true,2024-11-01,138.28,0.15,1,69.82,0.99,1
CUST_010747,meta_ads,true,2025-10-01,61.00,0.2,1,29.10,0.99,0
CUST_010772,meta_ads,true,2025-07-01,91.78,0.0,2,105.37,1.12,1
CUST_010819,google_ads,true,2024-07-01,81.52,0.0,1,54.71,0.99,1
CUST_010859,organic_search,false,2025-09-01,98.77,0.0,1,62.61,0.99,1
CUST_010871,meta_ads,true,2024-03-01,80.05,0.15,1,37.73,0.99,1
CUST_010887,meta_ads,true,2024-02-01,137.51,0.15,2,113.94,3.69,1
CUST_010890,meta_ads,true,2024-03-01,89.43,0.0,1,57.76,0.99,1
CUST_010898,google_ads,true,2024-07-01,100.01,0.1,1,53.37,0.99,1
CUST_010906,meta_ads,true,2024-12-01,49.83,0.0,1,-17.04,0.99,1
CUST_010908,creator_network,false,2024-12-01,85.68,0.0,1,54.80,0.99,1
CUST_010911,meta_ads,true,2024-01-01,89.06,0.0,2,103.96,1.01,1
CUST_010945,organic_search,false,2024-10-01,104.55,0.15,1,50.36,0.99,1
CUST_010951,meta_ads,true,2024-06-01,90.37,0.0,1,60.94,0.99,1
CUST_011000,google_ads,true,2025-04-01,72.18,0.0,1,47.22,0.99,1
CUST_011018,meta_ads,true,2025-11-01,97.99,0.0,1,64.32,0.99,0
CUST_011039,meta_ads,true,2025-11-01,113.73,0.0,1,70.91,0.99,0
CUST_011044,direct,false,2025-07-01,111.70,0.0,1,39.47,0.99,1
CUST_011051,organic_search,false,2024-01-01,133.37,0.0,1,90.62,0.99,1
CUST_011065,meta_ads,true,2024-02-01,105.44,0.0,2,108.89,3.54,1
CUST_011117,meta_ads,true,2025-11-01,65.15,0.0,1,43.91,0.99,0
CUST_011119,google_ads,true,2025-08-01,100.17,0.0,1,62.66,0.99,1
CUST_011122,creator_network,false,2024-07-01,105.81,0.0,1,66.24,0.99,1
CUST_011147,creator_network,false,2025-02-01,75.36,0.0,1,-26.41,0.99,1
CUST_011148,meta_ads,true,2024-11-01,124.98,0.0,1,81.48,0.99,1
CUST_011210,meta_ads,true,2024-12-01,122.86,0.2,1,53.09,0.99,1
CUST_011265,meta_ads,true,2025-07-01,114.52,0.1,2,32.77,2.45,0
CUST_011272,meta_ads,true,2024-03-01,94.60,0.15,1,46.85,0.99,1
CUST_011274,meta_ads,true,2024-04-01,109.15,0.0,1,73.10,0.99,1
CUST_011287,creator_network,false,2025-12-01,41.67,0.0,1,-13.55,0.99,0
CUST_011327,creator_network,false,2025-01-01,80.96,0.0,3,95.17,5.05,1
CUST_011352,meta_ads,true,2024-01-01,77.65,0.2,1,35.66,0.99,1
CUST_011362,creator_network,false,2025-01-01,80.23,0.2,1,35.98,0.99,1
CUST_011376,google_ads,true,2025-01-01,95.24,0.0,1,60.60,0.99,1
CUST_011421,creator_network,false,2025-07-01,43.20,0.2,1,-23.18,0.99,1
CUST_011437,google_ads,true,2025-02-01,135.85,0.0,1,88.53,0.99,1
CUST_011438,google_ads,true,2025-11-01,146.48,0.15,1,70.62,0.99,0
CUST_011476,organic_search,false,2024-06-01,68.15,0.0,3,136.21,2.02,1
CUST_011502,google_ads,true,2025-10-01,82.95,0.0,1,53.66,0.99,0
CUST_011531,direct,false,2025-12-01,122.40,0.0,1,80.80,0.99,0
CUST_011540,direct,false,2025-07-01,143.08,0.0,1,89.26,0.99,1
CUST_011584,google_ads,true,2025-07-01,90.68,0.2,1,-49.75,0.99,1
CUST_011592,google_ads,true,2025-11-01,104.12,0.0,1,65.53,0.99,0
CUST_011601,google_ads,true,2024-12-01,81.64,0.0,2,158.09,1.41,1
CUST_011611,creator_network,false,2025-11-01,66.06,0.0,1,42.63,0.99,0
CUST_011621,meta_ads,true,2025-04-01,99.23,0.1,1,2.75,0.99,1
CUST_011624,google_ads,true,2024-02-01,91.01,0.15,1,-46.18,0.99,1
CUST_011647,creator_network,false,2024-11-01,85.43,0.2,1,40.20,0.99,1
CUST_011651,google_ads,true,2024-11-01,128.65,0.0,2,148.53,0.43,1
CUST_011670,google_ads,true,2024-01-01,92.40,0.0,2,137.47,3.22,1
CUST_011688,creator_network,false,2025-07-01,98.52,0.1,2,95.19,0.65,1
CUST_011735,google_ads,true,2025-01-01,101.59,0.0,2,116.08,0.93,1
CUST_011747,google_ads,true,2024-01-01,124.75,0.2,1,57.70,0.99,1
CUST_011760,meta_ads,true,2025-03-01,73.78,0.15,1,38.24,0.99,1
CUST_011768,google_ads,true,2024-02-01,102.38,0.15,1,50.17,0.99,1
CUST_011770,meta_ads,true,2024-01-01,117.87,0.15,1,60.76,0.99,1
CUST_011773,google_ads,true,2024-08-01,125.20,0.1,1,70.74,0.99,1
CUST_011781,meta_ads,true,2024-09-01,76.56,0.0,1,9.15,0.99,1
CUST_011784,meta_ads,true,2025-07-01,77.77,0.0,2,118.72,0.68,1
CUST_011795,meta_ads,true,2025-02-01,54.47,0.0,1,36.27,0.99,1
CUST_011806,meta_ads,true,2024-04-01,81.64,0.0,1,51.19,0.99,1
CUST_011861,organic_search,false,2025-11-01,98.27,0.0,1,64.56,0.99,0
CUST_011868,creator_network,false,2024-01-01,104.94,0.2,1,50.20,0.99,1
CUST_011885,creator_network,false,2025-07-01,72.23,0.1,1,-31.81,0.99,1
CUST_011895,meta_ads,true,2024-10-01,113.87,0.0,2,103.64,3.12,1
CUST_011936,meta_ads,true,2024-06-01,90.29,0.1,2,117.89,1.96,1
CUST_011955,google_ads,true,2025-09-01,99.55,0.0,1,63.95,0.99,1
CUST_011974,meta_ads,true,2025-05-01,64.83,0.1499,1,32.91,0.99,1
CUST_012007,meta_ads,true,2025-01-01,114.98,0.0,1,73.38,0.99,1
CUST_012013,meta_ads,true,2025-10-01,116.92,0.2,1,55.61,0.99,0
CUST_012025,direct,false,2025-01-01,117.54,0.0,1,73.54,0.99,1
CUST_012053,google_ads,true,2025-06-01,96.01,0.0,1,60.38,0.99,1
CUST_012056,meta_ads,true,2025-03-01,102.89,0.1,1,57.63,0.99,1
CUST_012072,meta_ads,true,2024-12-01,98.37,0.15,1,51.44,0.99,1
CUST_012079,meta_ads,true,2024-01-01,102.03,0.15,1,53.41,0.99,1
CUST_012080,meta_ads,true,2025-08-01,52.39,0.0,1,34.74,0.99,1
CUST_012081,google_ads,true,2025-04-01,94.22,0.0,1,15.30,0.99,1
CUST_012082,meta_ads,true,2025-05-01,94.87,0.0,1,60.10,0.99,1
CUST_012098,creator_network,false,2025-10-01,122.58,0.2,1,55.70,0.99,0
CUST_012118,meta_ads,true,2025-09-01,124.07,0.1,1,71.47,0.99,1
CUST_012124,organic_search,false,2025-12-01,45.15,0.0,1,28.29,0.99,0
CUST_012139,organic_search,false,2024-04-01,103.22,0.0,1,65.54,0.99,1
CUST_012156,meta_ads,true,2024-09-01,120.82,0.0,1,80.86,0.99,1
CUST_012163,google_ads,true,2025-03-01,77.60,0.0,2,114.34,0.73,1
CUST_012180,creator_network,false,2024-04-01,90.47,0.2,2,108.62,2.00,1
CUST_012194,meta_ads,true,2025-04-01,101.89,0.1,1,54.32,0.99,1
CUST_012207,creator_network,false,2025-11-01,80.35,0.1001,1,46.11,0.99,0
CUST_012215,google_ads,true,2025-05-01,94.49,0.0,1,59.19,0.99,1
CUST_012229,direct,false,2025-03-01,91.43,0.0,1,58.54,0.99,1
CUST_012241,meta_ads,true,2024-04-01,89.77,0.1,2,101.59,0.78,1
CUST_012254,meta_ads,true,2025-03-01,99.49,0.15,1,47.36,0.99,1
CUST_012275,meta_ads,true,2024-10-01,94.66,0.0,2,115.38,1.08,1
CUST_012289,meta_ads,true,2024-03-01,120.36,0.0,2,148.25,1.68,1
CUST_012295,creator_network,false,2024-08-01,38.76,0.1001,1,22.27,0.99,1
CUST_012301,google_ads,true,2025-11-01,141.30,0.15,1,70.99,0.99,0
CUST_012310,organic_search,false,2025-07-01,61.58,0.0,1,39.41,0.99,1
CUST_012314,google_ads,true,2024-10-01,147.30,0.0,2,124.73,2.24,1
CUST_012341,meta_ads,true,2025-06-01,31.59,0.15,2,63.93,3.28,1
CUST_012352,organic_search,false,2025-10-01,97.17,0.15,1,51.09,0.99,0
CUST_012382,meta_ads,true,2025-04-01,93.03,0.0,1,59.30,0.99,1
CUST_012387,meta_ads,true,2025-08-01,142.33,0.0,1,91.53,0.99,1
CUST_012411,google_ads,true,2025-06-01,133.82,0.0,3,158.28,4.06,0
CUST_012436,organic_search,false,2025-12-01,97.14,0.0,1,61.52,0.99,0
CUST_012465,google_ads,true,2024-09-01,77.36,0.0,1,50.66,0.99,1
CUST_012493,organic_search,false,2024-10-01,91.73,0.0,1,58.74,0.99,1
CUST_012499,google_ads,true,2025-08-01,94.62,0.0,1,61.01,0.99,1
CUST_000039,meta_ads,true,2025-06-01,115.90,0.0,1,74.10,0.99,1
CUST_000063,creator_network,false,2025-09-01,65.47,0.0,1,43.56,0.99,1
CUST_000082,organic_search,false,2025-05-01,75.55,0.0,1,49.75,0.99,1
CUST_000099,google_ads,true,2024-01-01,112.35,0.2,1,49.99,0.99,1
CUST_000115,organic_search,false,2025-05-01,115.20,0.15,1,54.42,0.99,1
CUST_000128,organic_search,false,2025-10-01,70.71,0.0,1,44.80,0.99,0
CUST_000154,google_ads,true,2025-02-01,100.00,0.0,2,138.69,1.53,1
CUST_000155,meta_ads,true,2025-12-01,87.32,0.0,1,54.29,0.99,0
CUST_000166,meta_ads,true,2025-09-01,98.26,0.15,1,-48.53,0.99,1
CUST_000196,google_ads,true,2024-11-01,121.00,0.0,1,76.91,0.99,1
CUST_000218,creator_network,false,2025-08-01,69.22,0.1,1,36.06,0.99,1
CUST_000232,meta_ads,true,2025-02-01,72.97,0.1,2,102.22,0.80,1
CUST_000241,creator_network,false,2025-11-01,48.75,0.0,1,30.69,0.99,0
CUST_000252,meta_ads,true,2024-12-01,113.05,0.0,1,73.62,0.99,1
CUST_000260,meta_ads,true,2024-04-01,76.25,0.0,2,32.20,0.37,1
CUST_000266,google_ads,true,2025-08-01,107.52,0.0,3,196.15,2.60,0
CUST_000271,creator_network,false,2025-09-01,84.12,0.15,1,40.84,0.99,1
CUST_000296,direct,false,2025-03-01,89.51,0.0,1,56.44,0.99,1
CUST_000297,organic_search,false,2025-08-01,70.77,0.0,1,44.59,0.99,1
CUST_000348,organic_search,false,2024-02-01,127.78,0.0,1,80.32,0.99,1
CUST_000352,google_ads,true,2025-10-01,134.57,0.0,1,88.27,0.99,0
CUST_000369,google_ads,true,2024-07-01,126.82,0.0,1,81.86,0.99,1
CUST_000375,direct,false,2024-03-01,100.92,0.0,1,62.64,0.99,1
CUST_000397,google_ads,true,2025-10-01,126.84,0.0,1,82.09,0.99,0
CUST_000416,google_ads,true,2025-01-01,114.54,0.15,1,54.70,0.99,1
CUST_000451,google_ads,true,2025-08-01,64.53,0.1,1,34.95,0.99,1
CUST_000464,meta_ads,true,2025-04-01,124.53,0.15,1,62.66,0.99,1
CUST_000511,google_ads,true,2025-05-01,122.97,0.0,1,80.04,0.99,1
CUST_000542,google_ads,true,2025-05-01,118.77,0.1,1,68.72,0.99,1
CUST_000550,google_ads,true,2025-08-01,73.14,0.2,2,38.90,2.57,0
CUST_000563,meta_ads,true,2024-05-01,88.73,0.0,1,56.34,0.99,1
CUST_000568,google_ads,true,2025-01-01,129.57,0.0,1,83.29,0.99,1
CUST_000617,meta_ads,true,2024-03-01,116.43,0.1,1,-52.31,0.99,1
CUST_000634,google_ads,true,2025-03-01,151.92,0.0,1,94.58,0.99,1
CUST_000691,organic_search,false,2024-10-01,115.39,0.0,1,-43.44,0.99,1
CUST_000692,meta_ads,true,2025-01-01,103.85,0.15,1,52.95,0.99,1
CUST_000747,meta_ads,true,2024-12-01,69.77,0.0,3,134.99,4.13,1
CUST_000751,creator_network,false,2024-04-01,89.07,0.1,1,48.44,0.99,1
CUST_000761,creator_network,false,2024-05-01,78.24,0.0,1,49.03,0.99,1
CUST_000763,creator_network,false,2024-08-01,81.89,0.0,1,53.64,0.99,1
CUST_000773,meta_ads,true,2024-05-01,150.21,0.0,1,100.55,0.99,1
CUST_000788,google_ads,true,2024-12-01,114.44,0.0,1,72.97,0.99,1
CUST_000789,meta_ads,true,2025-01-01,85.07,0.0,2,44.26,0.97,1
CUST_000803,google_ads,true,2025-04-01,97.32,0.0,1,63.27,0.99,1
CUST_000838,meta_ads,true,2024-11-01,92.75,0.0,2,27.28,3.34,1
CUST_000841,organic_search,false,2024-01-01,96.28,0.0,1,64.72,0.99,1
CUST_000846,google_ads,true,2024-12-01,101.51,0.0,1,66.78,0.99,1
CUST_000848,meta_ads,true,2025-12-01,98.51,0.1,1,51.25,0.99,0
CUST_000867,meta_ads,true,2024-05-01,86.10,0.0,2,110.06,0.32,1
CUST_000871,organic_search,false,2024-11-01,97.20,0.0,1,63.25,0.99,1
CUST_000878,direct,false,2025-06-01,124.74,0.0,1,81.57,0.99,1
CUST_000884,google_ads,true,2024-04-01,89.32,0.0,2,164.56,2.24,1
CUST_000933,meta_ads,true,2025-12-01,60.57,0.0,1,38.91,0.99,0
CUST_000954,meta_ads,true,2025-11-01,107.37,0.25,1,44.24,0.99,0
CUST_000983,google_ads,true,2024-04-01,101.46,0.0,2,46.09,1.16,1
CUST_001010,google_ads,true,2025-02-01,124.34,0.0,1,83.78,0.99,1
CUST_001023,meta_ads,true,2025-11-01,91.45,0.2,1,43.77,0.99,0
CUST_001033,google_ads,true,2024-08-01,155.92,0.0,4,209.71,6.09,1
CUST_001037,meta_ads,true,2024-10-01,113.22,0.1,1,61.00,0.99,1
CUST_001063,google_ads,true,2025-08-01,114.35,0.0,1,74.38,0.99,1
CUST_001066,google_ads,true,2025-07-01,96.85,0.0,2,126.95,1.04,1
CUST_001069,direct,false,2024-11-01,93.71,0.0,1,62.81,0.99,1
CUST_001107,meta_ads,true,2024-12-01,94.82,0.0,1,61.25,0.99,1
CUST_001113,meta_ads,true,2024-07-01,45.04,0.0,1,30.50,0.99,1
CUST_001130,direct,false,2024-08-01,72.03,0.0,1,45.85,0.99,1
CUST_001156,direct,false,2025-08-01,102.06,0.0,1,67.64,0.99,1
CUST_001157,meta_ads,true,2024-06-01,80.64,0.0,1,53.58,0.99,1
CUST_001160,meta_ads,true,2024-02-01,112.17,0.0,1,71.92,0.99,1
CUST_001173,meta_ads,true,2025-05-01,75.16,0.0,1,49.24,0.99,1
CUST_001185,creator_network,false,2024-04-01,52.50,0.1501,1,27.50,0.99,1
CUST_001187,google_ads,true,2025-06-01,95.88,0.0,1,59.75,0.99,1
CUST_001232,meta_ads,true,2024-08-01,116.21,0.0,1,74.39,0.99,1
CUST_001274,organic_search,false,2024-02-01,131.28,0.0,1,89.24,0.99,1
CUST_001279,creator_network,false,2024-05-01,102.91,0.0,1,65.75,0.99,1
CUST_001280,creator_network,false,2025-02-01,45.69,0.1499,1,22.24,0.99,1
CUST_001292,meta_ads,true,2024-05-01,67.04,0.1501,1,33.00,0.99,1
CUST_001294,creator_network,false,2025-06-01,85.36,0.1,1,45.41,0.99,1
CUST_001299,organic_search,false,2025-05-01,77.99,0.0,1,51.08,0.99,1
CUST_001345,google_ads,true,2025-08-01,140.24,0.0,1,87.74,0.99,1
CUST_001348,google_ads,true,2024-11-01,95.61,0.15,1,45.45,0.99,1
CUST_001356,organic_search,false,2025-10-01,60.31,0.0,1,38.92,0.99,0
CUST_001392,organic_search,false,2024-03-01,93.28,0.0,1,61.94,0.99,1
CUST_001394,direct,false,2025-03-01,122.69,0.0,1,76.33,0.99,1
CUST_001397,google_ads,true,2025-01-01,124.61,0.0,1,78.12,0.99,1
CUST_001401,meta_ads,true,2024-06-01,77.09,0.15,1,-38.47,0.99,1
CUST_001402,organic_search,false,2024-06-01,127.17,0.0,1,80.53,0.99,1
CUST_001411,organic_search,false,2024-07-01,92.78,0.0,1,59.35,0.99,1
CUST_001416,creator_network,false,2025-11-01,38.23,0.2501,1,15.84,0.99,0
CUST_001427,meta_ads,true,2024-01-01,71.12,0.15,1,36.25,0.99,1
CUST_001429,organic_search,false,2025-05-01,88.86,0.0,2,81.12,1.83,1
CUST_001440,organic_search,false,2025-06-01,107.58,0.0,3,71.53,1.91,1
CUST_001453,direct,false,2025-10-01,85.21,0.0,1,57.31,0.99,0
CUST_001458,google_ads,true,2025-06-01,83.89,0.0,1,55.73,0.99,1
CUST_001478,meta_ads,true,2025-08-01,109.02,0.1,1,60.67,0.99,1
CUST_001488,meta_ads,true,2025-07-01,121.18,0.1,1,-56.59,0.99,1
CUST_001498,google_ads,true,2025-01-01,123.74,0.0,1,78.42,0.99,1
CUST_001503,creator_network,false,2024-01-01,76.60,0.0,1,50.56,0.99,1
CUST_001507,google_ads,true,2025-04-01,77.33,0.0,1,4.13,0.99,1
CUST_001519,direct,false,2024-08-01,110.49,0.0,1,69.76,0.99,1
CUST_001523,meta_ads,true,2024-11-01,80.85,0.0,1,52.88,0.99,1
CUST_001550,meta_ads,true,2025-05-01,104.25,0.15,2,113.33,2.77,1
CUST_001574,direct,false,2025-10-01,55.56,0.0,1,36.20,0.99,0
CUST_001581,meta_ads,true,2024-08-01,86.40,0.1,1,47.35,0.99,1
CUST_001604,meta_ads,true,2024-11-01,106.04,0.1,1,2.46,0.99,1
CUST_001610,meta_ads,true,2025-03-01,90.19,0.1,1,47.35,0.99,1
CUST_001617,meta_ads,true,2025-12-01,64.37,0.0,1,41.92,0.99,0
CUST_001658,google_ads,true,2024-10-01,124.43,0.2,1,59.06,0.99,1
CUST_001689,meta_ads,true,2025-05-01,90.73,0.0,1,57.69,0.99,1
CUST_001691,google_ads,true,2024-06-01,129.67,0.0,1,81.32,0.99,1
CUST_001718,meta_ads,true,2025-07-01,113.44,0.0,1,-42.55,0.99,1
CUST_001726,google_ads,true,2024-03-01,119.20,0.0,1,78.49,0.99,1
CUST_001728,meta_ads,true,2025-12-01,74.13,0.0,1,49.86,0.99,0
CUST_001731,meta_ads,true,2024-10-01,78.39,0.0,1,51.38,0.99,1
CUST_001747,meta_ads,true,2024-01-01,90.21,0.0,2,128.82,2.50,1
CUST_001755,organic_search,false,2025-12-01,81.21,0.0,1,52.57,0.99,0
CUST_001821,meta_ads,true,2024-07-01,81.12,0.2,1,37.35,0.99,1
CUST_001844,direct,false,2025-05-01,63.54,0.0,1,42.67,0.99,1
CUST_001847,meta_ads,true,2024-04-01,87.92,0.25,1,36.51,0.99,1
CUST_001865,meta_ads,true,2025-12-01,89.23,0.1499,2,104.18,0.11,0
CUST_001868,creator_network,false,2024-06-01,76.94,0.2,1,32.55,0.99,1
CUST_001891,meta_ads,true,2024-04-01,58.84,0.25,1,23.22,0.99,1
CUST_001897,direct,false,2025-05-01,132.21,0.0,1,84.72,0.99,1
CUST_001905,google_ads,true,2025-08-01,137.42,0.1,1,77.78,0.99,1
CUST_001919,direct,false,2024-12-01,93.32,0.2,1,43.45,0.99,1
CUST_001921,direct,false,2025-07-01,106.02,0.0,1,68.27,0.99,1
CUST_001956,meta_ads,true,2025-11-01,88.79,0.0,1,56.24,0.99,0
CUST_001962,creator_network,false,2024-12-01,79.09,0.25,1,32.61,0.99,1
CUST_001964,meta_ads,true,2024-12-01,89.56,0.15,1,42.74,0.99,1
CUST_001966,meta_ads,true,2025-04-01,90.44,0.25,1,35.87,0.99,1
CUST_001968,organic_search,false,2024-11-01,70.68,0.0,2,115.39,1.92,1
CUST_001969,google_ads,true,2024-10-01,92.99,0.0,1,59.87,0.99,1
CUST_001970,meta_ads,true,2024-01-01,110.21,0.15,1,53.52,0.99,1
CUST_001978,direct,false,2025-01-01,75.20,0.0,1,48.11,0.99,1
CUST_001993,meta_ads,true,2025-05-01,105.39,0.0,1,71.00,0.99,1
CUST_002005,meta_ads,true,2024-09-01,104.29,0.0,1,65.93,0.99,1
CUST_002028,meta_ads,true,2025-12-01,59.51,0.1501,1,31.48,0.99,0
CUST_002055,meta_ads,true,2025-10-01,77.95,0.2,1,36.07,0.99,0
CUST_002064,organic_search,false,2025-01-01,129.19,0.0,1,82.44,0.99,1
CUST_002065,google_ads,true,2024-02-01,105.52,0.0,1,66.29,0.99,1
CUST_002075,meta_ads,true,2025-10-01,52.72,0.0,2,96.47,2.25,0
CUST_002097,direct,false,2025-04-01,158.96,0.0,2,174.72,0.67,1
CUST_002102,meta_ads,true,2025-03-01,57.15,0.0,1,35.91,0.99,1
CUST_002130,meta_ads,true,2025-01-01,98.78,0.2,1,46.41,0.99,1
CUST_002148,google_ads,true,2024-11-01,109.11,0.0,1,72.37,0.99,1
CUST_002164,google_ads,true,2025-10-01,86.96,0.0,1,-5.23,0.99,0
CUST_002172,organic_search,false,2024-03-01,103.34,0.0,2,94.42,0.37,1
CUST_002186,meta_ads,true,2025-11-01,78.39,0.0,1,49.18,0.99,0
CUST_002187,meta_ads,true,2025-10-01,98.16,0.2,1,45.06,0.99,0
CUST_002196,meta_ads,true,2025-01-01,83.35,0.0,1,53.34,0.99,1
CUST_002202,meta_ads,true,2024-04-01,76.40,0.0,1,51.28,0.99,1
CUST_002204,google_ads,true,2024-02-01,168.70,0.0,2,161.70,1.41,1
CUST_002225,organic_search,false,2024-01-01,113.33,0.15,1,54.60,0.99,1
CUST_002238,organic_search,false,2024-06-01,82.45,0.0,1,52.96,0.99,1
CUST_002250,direct,false,2024-04-01,85.15,0.0,2,78.37,3.55,1
CUST_002253,google_ads,true,2025-06-01,104.65,0.15,1,51.21,0.99,1
CUST_002262,organic_search,false,2025-05-01,84.72,0.0,1,56.60,0.99,1
CUST_002264,google_ads,true,2025-01-01,52.89,0.1,1,28.02,0.99,1
CUST_002274,google_ads,true,2025-06-01,80.36,0.0,1,51.18,0.99,1
CUST_002315,google_ads,true,2025-12-01,84.20,0.15,1,-43.41,0.99,0
CUST_002340,meta_ads,true,2024-12-01,90.73,0.1,1,48.30,0.99,1
CUST_002341,meta_ads,true,2025-08-01,50.57,0.0,1,32.30,0.99,1
CUST_002355,google_ads,true,2025-07-01,48.52,0.1,1,25.32,0.99,1
CUST_002382,meta_ads,true,2025-10-01,57.24,0.1501,1,-29.14,0.99,0
CUST_002415,google_ads,true,2025-02-01,155.59,0.1,1,88.88,0.99,1
CUST_002421,creator_network,false,2024-06-01,87.10,0.2,1,-4.95,0.99,1
CUST_002427,direct,false,2024-04-01,45.12,0.0,2,90.51,0.59,1
CUST_002428,google_ads,true,2025-12-01,88.99,0.0,1,59.20,0.99,0
CUST_002437,creator_network,false,2024-12-01,104.56,0.1,1,-48.74,0.99,1
CUST_002446,direct,false,2024-10-01,102.36,0.0,1,-38.80,0.99,1
CUST_002449,google_ads,true,2024-02-01,51.16,0.1001,1,27.88,0.99,1
CUST_002451,google_ads,true,2024-09-01,148.05,0.0,1,-8.37,0.99,1
CUST_002458,organic_search,false,2025-05-01,65.64,0.0,1,10.30,0.99,1
CUST_002464,meta_ads,true,2025-04-01,111.33,0.0,1,71.44,0.99,1
CUST_002471,direct,false,2024-08-01,64.75,0.1001,1,34.72,0.99,1
CUST_002498,meta_ads,true,2025-10-01,82.21,0.15,1,41.72,0.99,0
CUST_002502,creator_network,false,2025-08-01,39.44,0.0,2,34.92,2.15,0
CUST_002564,meta_ads,true,2024-03-01,111.13,0.1,1,61.16,0.99,1
CUST_002570,direct,false,2025-11-01,81.61,0.0,2,99.37,0.66,0
CUST_002590,meta_ads,true,2025-07-01,55.86,0.0,1,36.64,0.99,1
CUST_002593,google_ads,true,2025-04-01,121.11,0.0,1,80.98,0.99,1
CUST_002628,google_ads,true,2025-06-01,166.19,0.0,1,108.34,0.99,1
CUST_002701,google_ads,true,2025-03-01,91.36,0.0,1,56.82,0.99,1
CUST_002728,meta_ads,true,2024-08-01,89.64,0.0,1,60.36,0.99,1
CUST_002735,meta_ads,true,2025-11-01,109.57,0.1,3,155.37,1.16,0
CUST_002749,creator_network,false,2025-09-01,50.06,0.0,1,31.62,0.99,1
CUST_002780,direct,false,2024-07-01,115.59,0.0,1,77.56,0.99,1
CUST_002795,meta_ads,true,2025-01-01,97.32,0.0,1,61.03,0.99,1
CUST_002798,meta_ads,true,2025-05-01,82.63,0.1,1,46.30,0.99,1
CUST_002811,direct,false,2024-08-01,155.28,0.0,1,104.79,0.99,1
CUST_002813,meta_ads,true,2025-06-01,111.92,0.0,1,34.12,0.99,1
CUST_002817,meta_ads,true,2025-02-01,111.58,0.0,1,-42.23,0.99,1
CUST_002830,google_ads,true,2024-02-01,78.73,0.0,2,0.25,1.57,1
CUST_002848,google_ads,true,2024-08-01,141.56,0.0,1,94.97,0.99,1
CUST_002859,google_ads,true,2024-02-01,111.60,0.25,1,-28.86,0.99,1
CUST_002872,google_ads,true,2025-12-01,66.05,0.0,1,44.14,0.99,0
CUST_002897,meta_ads,true,2025-03-01,86.90,0.0,1,57.35,0.99,1
CUST_002898,organic_search,false,2024-09-01,56.87,0.0,1,37.69,0.99,1
CUST_002902,meta_ads,true,2025-08-01,47.34,0.0,1,30.98,0.99,1
CUST_002943,google_ads,true,2024-09-01,94.03,0.0,1,62.92,0.99,1
CUST_002944,google_ads,true,2025-07-01,89.10,0.0,1,56.49,0.99,1
CUST_002948,meta_ads,true,2025-03-01,101.78,0.0,1,64.33,0.99,1
CUST_002950,meta_ads,true,2025-11-01,94.22,0.15,1,47.99,0.99,0
CUST_002952,meta_ads,true,2025-07-01,98.35,0.0,4,126.87,3.94,0
CUST_002953,direct,false,2025-07-01,97.16,0.2,2,104.97,1.84,1
CUST_002967,organic_search,false,2025-07-01,86.51,0.0,1,58.35,0.99,1
CUST_002981,google_ads,true,2025-01-01,108.05,0.0,1,70.37,0.99,1
CUST_003019,google_ads,true,2024-03-01,125.86,0.0,1,-44.22,0.99,1
CUST_003021,meta_ads,true,2024-09-01,86.34,0.1,1,47.59,0.99,1
CUST_003042,meta_ads,true,2025-12-01,94.57,0.0,1,60.01,0.99,0
CUST_003056,organic_search,false,2025-12-01,103.86,0.0,1,69.72,0.99,0
CUST_003074,meta_ads,true,2024-09-01,72.79,0.0,1,48.38,0.99,1
CUST_003076,google_ads,true,2025-10-01,147.23,0.0,1,96.11,0.99,0
CUST_003079,creator_network,false,2024-05-01,73.33,0.0,1,10.63,0.99,1
CUST_003099,creator_network,false,2024-01-01,69.39,0.15,1,35.40,0.99,1
CUST_003157,google_ads,true,2025-11-01,116.28,0.0,1,75.37,0.99,0
CUST_003174,organic_search,false,2024-06-01,112.67,0.0,2,13.40,1.21,1
CUST_003195,meta_ads,true,2024-11-01,39.48,0.0,1,25.61,0.99,1
CUST_003204,meta_ads,true,2025-10-01,80.10,0.1,1,-5.59,0.99,0
CUST_003215,meta_ads,true,2024-08-01,84.70,0.1,1,46.11,0.99,1
CUST_003246,creator_network,false,2024-06-01,87.15,0.15,1,45.00,0.99,1
CUST_003266,meta_ads,true,2024-03-01,55.76,0.0,1,37.30,0.99,1
CUST_003272,meta_ads,true,2024-01-01,95.19,0.0,1,63.63,0.99,1
CUST_003297,meta_ads,true,2025-06-01,117.99,0.1,1,62.69,0.99,1
CUST_003302,meta_ads,true,2025-12-01,69.72,0.15,1,35.88,0.99,0
CUST_003305,google_ads,true,2024-07-01,73.25,0.0,2,105.15,1.28,1
CUST_003308,organic_search,false,2024-03-01,99.14,0.0,2,110.19,2.39,1
CUST_003326,meta_ads,true,2025-08-01,89.88,0.2,1,38.86,0.99,1
CUST_003341,google_ads,true,2025-10-01,98.11,0.0,1,65.70,0.99,0
CUST_003346,google_ads,true,2025-07-01,137.52,0.0,1,86.74,0.99,1
CUST_003365,google_ads,true,2025-11-01,100.75,0.0,1,63.74,0.99,0
CUST_003389,google_ads,true,2024-02-01,118.31,0.0,1,76.65,0.99,1
CUST_003390,direct,false,2025-06-01,72.83,0.0,1,49.24,0.99,1
CUST_003412,creator_network,false,2024-05-01,102.53,0.15,1,53.27,0.99,1
CUST_003477,google_ads,true,2025-12-01,128.46,0.0,1,86.19,0.99,0
CUST_003515,meta_ads,true,2025-10-01,83.01,0.0,1,55.43,0.99,0
CUST_003517,direct,false,2024-03-01,102.67,0.1,1,54.17,0.99,1
CUST_003547,direct,false,2024-03-01,69.47,0.0,1,45.88,0.99,1
CUST_003565,meta_ads,true,2025-01-01,107.87,0.25,1,44.19,0.99,1
CUST_003570,meta_ads,true,2025-10-01,84.63,0.0,1,53.86,0.99,0
CUST_003572,google_ads,true,2025-03-01,90.03,0.0,1,56.77,0.99,1
CUST_003579,creator_network,false,2025-08-01,79.33,0.1,1,1.41,0.99,1
CUST_003590,direct,false,2024-07-01,90.55,0.0,1,57.54,0.99,1
CUST_003627,organic_search,false,2024-01-01,94.10,0.0,1,60.66,0.99,1
CUST_003669,google_ads,true,2024-01-01,101.51,0.2,1,43.60,0.99,1
CUST_003729,meta_ads,true,2024-06-01,115.02,0.0,1,76.18,0.99,1
CUST_003736,google_ads,true,2025-02-01,111.70,0.0,1,74.28,0.99,1
CUST_003744,meta_ads,true,2024-02-01,41.74,0.15,1,19.75,0.99,1
CUST_003755,meta_ads,true,2024-09-01,98.77,0.0,1,65.12,0.99,1
CUST_003777,meta_ads,true,2025-09-01,102.91,0.0,2,31.31,2.84,0
CUST_003791,meta_ads,true,2024-07-01,100.27,0.1,1,56.83,0.99,1
CUST_003799,google_ads,true,2024-06-01,92.14,0.0,1,57.97,0.99,1
CUST_003810,google_ads,true,2024-02-01,90.20,0.0,1,59.13,0.99,1
CUST_003819,meta_ads,true,2025-09-01,99.46,0.2,1,46.11,0.99,1
CUST_003839,google_ads,true,2025-11-01,91.06,0.2,1,41.73,0.99,0
CUST_003851,meta_ads,true,2024-12-01,76.13,0.1,2,79.85,1.01,1
CUST_003857,meta_ads,true,2024-11-01,75.07,0.0,1,1.02,0.99,1
CUST_003858,google_ads,true,2025-03-01,170.86,0.1,1,90.90,0.99,1
CUST_003893,google_ads,true,2025-06-01,116.03,0.0,1,74.66,0.99,1
CUST_003901,google_ads,true,2025-01-01,34.74,0.0,2,93.09,2.47,1
CUST_003905,organic_search,false,2025-10-01,128.17,0.0,1,81.89,0.99,0
CUST_003927,meta_ads,true,2025-05-01,85.18,0.1,1,45.78,0.99,1
CUST_003928,google_ads,true,2025-06-01,130.83,0.15,1,62.90,0.99,1
CUST_003980,google_ads,true,2025-01-01,79.22,0.0,1,52.16,0.99,1
CUST_003995,meta_ads,true,2025-02-01,89.04,0.2,1,-47.23,0.99,1
CUST_004001,meta_ads,true,2025-04-01,100.90,0.0,1,65.67,0.99,1
CUST_004025,google_ads,true,2025-06-01,122.69,0.1,1,67.83,0.99,1
CUST_004036,creator_network,false,2025-12-01,61.11,0.1,1,34.31,0.99,0
CUST_004038,google_ads,true,2025-09-01,114.96,0.0,2,140.11,1.05,0
CUST_004041,meta_ads,true,2025-10-01,109.25,0.15,1,57.59,0.99,0
CUST_004052,google_ads,true,2025-06-01,85.27,0.0,1,57.90,0.99,1
CUST_004053,meta_ads,true,2025-09-01,92.23,0.0,1,62.08,0.99,1
CUST_004078,organic_search,false,2024-09-01,68.87,0.0,1,46.73,0.99,1
CUST_004113,meta_ads,true,2024-03-01,92.75,0.2,1,-53.09,0.99,1
CUST_004115,google_ads,true,2025-05-01,66.75,0.0,1,45.11,0.99,1
CUST_004135,google_ads,true,2025-04-01,111.61,0.0,2,20.40,0.48,1
CUST_004137,organic_search,false,2025-07-01,101.61,0.2,1,43.31,0.99,1
CUST_004146,direct,false,2025-06-01,80.65,0.0,1,51.10,0.99,1
CUST_004178,meta_ads,true,2025-09-01,107.74,0.0,1,-37.59,0.99,1
CUST_004181,direct,false,2024-12-01,57.25,0.0,1,36.80,0.99,1
CUST_004195,creator_network,false,2025-05-01,79.31,0.0,1,52.92,0.99,1
CUST_004202,meta_ads,true,2024-07-01,106.72,0.0,1,67.31,0.99,1
CUST_004235,organic_search,false,2024-01-01,75.52,0.0,1,-27.16,0.99,1
CUST_004246,google_ads,true,2025-11-01,129.46,0.15,1,63.67,0.99,0
CUST_004251,organic_search,false,2024-11-01,80.26,0.0,1,53.51,0.99,1
CUST_004255,creator_network,false,2024-06-01,68.28,0.2001,1,28.79,0.99,1
CUST_004257,google_ads,true,2025-12-01,127.99,0.0,1,10.85,0.99,0
CUST_004259,google_ads,true,2024-11-01,79.65,0.0,2,123.53,1.38,1
CUST_004262,direct,false,2025-10-01,111.73,0.0,2,147.26,2.15,0
CUST_004264,google_ads,true,2024-12-01,68.90,0.0,2,99.42,1.81,1
CUST_004269,creator_network,false,2025-09-01,71.34,0.0999,1,40.48,0.99,1
CUST_004281,google_ads,true,2024-06-01,136.13,0.1,2,138.53,3.24,1
CUST_004289,organic_search,false,2024-11-01,83.96,0.0,1,54.38,0.99,1
CUST_004315,google_ads,true,2025-12-01,59.24,0.0,1,39.72,0.99,0
CUST_004326,meta_ads,true,2025-12-01,76.36,0.1001,1,41.61,0.99,0
CUST_004337,google_ads,true,2025-05-01,111.88,0.0,1,73.98,0.99,1
CUST_004349,meta_ads,true,2025-09-01,87.28,0.0,1,55.10,0.99,1
CUST_004355,creator_network,false,2025-03-01,67.02,0.0,1,-22.76,0.99,1
CUST_004376,google_ads,true,2025-02-01,66.71,0.0,2,130.42,0.45,1
CUST_004382,organic_search,false,2024-03-01,76.16,0.0,1,49.50,0.99,1
CUST_004442,meta_ads,true,2025-09-01,84.73,0.0,1,55.46,0.99,1
CUST_004466,creator_network,false,2024-12-01,61.62,0.1999,1,26.91,0.99,1
CUST_004490,direct,false,2025-04-01,133.10,0.0,1,86.52,0.99,1
CUST_004507,google_ads,true,2025-07-01,117.08,0.0,1,75.17,0.99,1
CUST_004518,meta_ads,true,2025-11-01,66.80,0.0,2,93.96,1.74,0
CUST_004541,google_ads,true,2024-06-01,129.51,0.0,1,82.25,0.99,1
CUST_004558,direct,false,2025-06-01,75.46,0.0,1,48.72,0.99,1
CUST_004559,creator_network,false,2025-11-01,57.96,0.1001,1,30.73,0.99,0
CUST_004560,meta_ads,true,2025-12-01,65.37,0.0,1,43.16,0.99,0
CUST_004561,meta_ads,true,2025-07-01,94.99,0.0,1,60.31,0.99,1
CUST_004565,organic_search,false,2024-08-01,85.38,0.0,1,53.17,0.99,1
CUST_004569,creator_network,false,2024-05-01,74.14,0.2,1,33.51,0.99,1
CUST_004630,organic_search,false,2025-03-01,125.39,0.15,1,63.99,0.99,1
CUST_004636,direct,false,2025-12-01,101.78,0.2,1,48.56,0.99,0
CUST_004652,google_ads,true,2025-07-01,70.99,0.0,1,44.59,0.99,1
CUST_004659,creator_network,false,2024-06-01,92.69,0.1,1,52.44,0.99,1
CUST_004677,google_ads,true,2024-02-01,136.95,0.0,1,89.99,0.99,1
CUST_004682,google_ads,true,2024-08-01,75.50,0.0,2,82.08,0.23,1
CUST_004708,google_ads,true,2024-07-01,105.32,0.1,1,58.19,0.99,1
CUST_004715,creator_network,false,2025-03-01,101.28,0.0,1,-38.47,0.99,1
CUST_004727,google_ads,true,2025-11-01,90.94,0.0,1,61.61,0.99,0
CUST_004730,meta_ads,true,2024-06-01,91.05,0.0,1,60.23,0.99,1
CUST_004739,creator_network,false,2024-11-01,77.47,0.15,1,38.05,0.99,1
CUST_004753,google_ads,true,2025-06-01,98.99,0.15,1,47.44,0.99,1
CUST_004766,meta_ads,true,2025-12-01,74.03,0.1,1,42.80,0.99,0
CUST_004810,meta_ads,true,2025-10-01,69.12,0.1,1,37.80,0.99,0
CUST_004835,meta_ads,true,2025-03-01,81.08,0.0,1,52.83,0.99,1
CUST_004867,creator_network,false,2024-11-01,73.66,0.1001,2,71.23,0.98,1
CUST_004868,direct,false,2024-05-01,90.47,0.0,1,56.87,0.99,1
CUST_004901,creator_network,false,2024-01-01,77.47,0.15,1,37.12,0.99,1
CUST_004919,google_ads,true,2025-08-01,153.25,0.0,2,191.78,0.82,1
CUST_004939,google_ads,true,2025-08-01,52.62,0.0,1,-17.13,0.99,1
CUST_004952,meta_ads,true,2024-02-01,110.74,0.1,1,58.45,0.99,1
CUST_004976,meta_ads,true,2025-01-01,86.51,0.15,1,44.01,0.99,1
CUST_004980,meta_ads,true,2024-02-01,81.44,0.0,1,-0.19,0.99,1
CUST_004984,meta_ads,true,2025-09-01,75.07,0.0,1,47.68,0.99,1
CUST_004998,google_ads,true,2024-10-01,131.70,0.0,1,83.92,0.99,1
CUST_005016,direct,false,2024-07-01,113.00,0.0,1,73.55,0.99,1
CUST_005044,direct,false,2025-06-01,33.14,0.0,3,85.01,3.72,0
CUST_005069,creator_network,false,2025-11-01,115.09,0.0,1,75.58,0.99,0
CUST_005086,meta_ads,true,2025-02-01,53.89,0.1499,1,27.46,0.99,1
CUST_005097,meta_ads,true,2025-10-01,96.88,0.0,1,60.57,0.99,0
CUST_005101,meta_ads,true,2025-01-01,97.28,0.1,1,53.88,0.99,1
CUST_005105,meta_ads,true,2024-10-01,47.56,0.0,1,31.45,0.99,1
CUST_005115,creator_network,false,2024-09-01,88.08,0.2,2,80.89,1.42,1
CUST_005132,google_ads,true,2025-03-01,116.60,0.2,1,-60.95,0.99,1
CUST_005135,google_ads,true,2025-12-01,75.97,0.1,1,42.52,0.99,0
CUST_005156,creator_network,false,2024-09-01,46.57,0.1001,1,26.22,0.99,1
CUST_005159,meta_ads,true,2025-02-01,72.90,0.1501,1,-37.62,0.99,1
CUST_005254,google_ads,true,2024-03-01,166.49,0.0,2,190.39,0.85,1
CUST_005255,meta_ads,true,2025-10-01,64.46,0.2499,2,68.63,1.83,0
CUST_005257,creator_network,false,2024-03-01,89.02,0.0,1,57.04,0.99,1
CUST_005261,google_ads,true,2024-07-01,169.63,0.1,1,92.76,0.99,1
CUST_005262,organic_search,false,2025-09-01,79.48,0.0,1,51.51,0.99,1
CUST_005265,meta_ads,true,2025-12-01,100.59,0.2,1,45.47,0.99,0
CUST_005269,google_ads,true,2025-10-01,101.76,0.0,1,66.66,0.99,0
CUST_005328,meta_ads,true,2024-05-01,47.69,0.1499,1,22.50,0.99,1
CUST_005337,meta_ads,true,2024-10-01,94.65,0.15,1,46.09,0.99,1
CUST_005375,creator_network,false,2025-02-01,81.00,0.15,1,-38.10,0.99,1
CUST_005387,meta_ads,true,2025-01-01,117.28,0.0,1,75.19,0.99,1
CUST_005401,meta_ads,true,2024-08-01,83.83,0.2,1,36.99,0.99,1
CUST_005418,organic_search,false,2024-10-01,123.09,0.0,2,145.43,1.97,1
CUST_005433,google_ads,true,2025-06-01,113.48,0.0,1,77.08,0.99,1
CUST_005438,google_ads,true,2025-10-01,93.50,0.0,1,62.66,0.99,0
CUST_005454,meta_ads,true,2024-12-01,108.81,0.15,1,53.58,0.99,1
CUST_005455,organic_search,false,2025-07-01,115.72,0.2,1,55.08,0.99,1
CUST_005459,meta_ads,true,2025-12-01,130.44,0.15,2,130.55,0.62,0
CUST_005466,creator_network,false,2025-02-01,102.17,0.1,1,58.78,0.99,1
CUST_005477,google_ads,true,2024-10-01,118.14,0.0,1,73.35,0.99,1
CUST_005513,organic_search,false,2025-10-01,105.35,0.0,1,-38.05,0.99,0
CUST_005524,direct,false,2025-01-01,83.51,0.1,1,44.79,0.99,1
CUST_005553,organic_search,false,2025-11-01,96.27,0.0,1,63.49,0.99,0
CUST_005573,organic_search,false,2025-09-01,113.83,0.0,1,74.83,0.99,1
CUST_005583,creator_network,false,2025-09-01,63.23,0.1,1,36.26,0.99,1
CUST_005587,google_ads,true,2025-01-01,131.49,0.0,1,88.37,0.99,1
CUST_005588,meta_ads,true,2025-02-01,100.67,0.0,2,127.13,2.37,1
CUST_005597,meta_ads,true,2024-11-01,141.27,0.0,1,95.44,0.99,1
CUST_005600,meta_ads,true,2025-07-01,43.22,0.1499,2,38.18,1.79,1
CUST_005613,meta_ads,true,2025-09-01,104.38,0.0,1,69.57,0.99,1
CUST_005616,meta_ads,true,2025-09-01,83.13,0.0,1,52.76,0.99,1
CUST_005622,direct,false,2025-11-01,140.28,0.1,1,80.73,0.99,0
CUST_005628,direct,false,2024-11-01,87.33,0.0,2,102.23,2.74,1
CUST_005635,meta_ads,true,2024-06-01,69.37,0.1501,1,35.96,0.99,1
CUST_005651,creator_network,false,2025-08-01,87.95,0.15,1,44.74,0.99,1
CUST_005653,google_ads,true,2024-07-01,103.56,0.15,1,51.07,0.99,1
CUST_005684,meta_ads,true,2024-07-01,62.48,0.0,1,-1.94,0.99,1
CUST_005698,creator_network,false,2024-12-01,79.95,0.0,1,50.36,0.99,1
CUST_005726,google_ads,true,2025-05-01,103.27,0.0,1,69.35,0.99,1
CUST_005731,meta_ads,true,2025-09-01,80.49,0.2,1,-9.12,0.99,1
CUST_005739,meta_ads,true,2024-02-01,95.39,0.1,1,50.35,0.99,1
CUST_005746,creator_network,false,2025-07-01,83.23,0.1499,1,-41.94,0.99,1
CUST_005748,google_ads,true,2025-12-01,100.29,0.1,1,53.97,0.99,0
CUST_005793,meta_ads,true,2025-12-01,98.38,0.2501,1,37.04,0.99,0
CUST_005797,meta_ads,true,2024-05-01,105.26,0.0,1,68.88,0.99,1
CUST_005802,meta_ads,true,2024-04-01,96.12,0.0,1,64.21,0.99,1
CUST_005810,meta_ads,true,2024-12-01,144.72,0.0,1,95.89,0.99,1
CUST_005817,meta_ads,true,2024-04-01,120.90,0.0,1,75.58,0.99,1
CUST_005818,direct,false,2025-04-01,142.59,0.0,2,125.93,2.60,1
CUST_005823,creator_network,false,2025-07-01,73.44,0.2,1,32.95,0.99,1
CUST_005833,meta_ads,true,2025-09-01,55.41,0.0,1,35.27,0.99,1
CUST_005841,google_ads,true,2024-12-01,113.38,0.0,1,-40.16,0.99,1
CUST_005842,google_ads,true,2024-05-01,148.40,0.15,1,74.17,0.99,1
CUST_005851,meta_ads,true,2024-06-01,97.62,0.0,1,64.10,0.99,1
CUST_005856,google_ads,true,2025-08-01,90.37,0.0,2,120.12,2.96,0
CUST_005875,meta_ads,true,2024-12-01,77.14,0.15,1,-37.81,0.99,1
CUST_005898,meta_ads,true,2024-10-01,93.14,0.0,4,226.53,3.22,1
CUST_005909,meta_ads,true,2024-07-01,74.81,0.1,1,-33.31,0.99,1
CUST_005919,creator_network,false,2024-09-01,91.86,0.1,1,50.64,0.99,1
CUST_005929,meta_ads,true,2025-05-01,59.07,0.0,1,-20.16,0.99,1
CUST_005936,meta_ads,true,2025-07-01,82.34,0.0,1,52.32,0.99,1
CUST_005946,meta_ads,true,2024-11-01,77.93,0.0,3,152.01,2.80,1
CUST_005954,meta_ads,true,2025-05-01,106.49,0.0,1,68.77,0.99,1
CUST_006000,meta_ads,true,2024-05-01,72.35,0.0,2,91.90,1.79,1
CUST_006008,google_ads,true,2024-03-01,120.22,0.0,1,76.80,0.99,1
CUST_006042,direct,false,2024-05-01,115.31,0.0,1,78.34,0.99,1
CUST_006055,meta_ads,true,2025-10-01,78.32,0.0,1,50.86,0.99,0
CUST_006092,meta_ads,true,2025-08-01,77.43,0.0,1,50.34,0.99,1
CUST_006095,creator_network,false,2024-07-01,101.73,0.15,1,48.63,0.99,1
CUST_006104,google_ads,true,2025-11-01,117.33,0.0,1,75.25,0.99,0
CUST_006144,google_ads,true,2025-10-01,88.59,0.15,2,109.34,1.17,0
CUST_006145,organic_search,false,2025-08-01,82.57,0.1,1,-38.20,0.99,1
CUST_006156,google_ads,true,2024-02-01,109.07,0.0,1,68.76,0.99,1
CUST_006160,direct,false,2025-09-01,114.98,0.0,2,141.82,3.15,0
CUST_006171,meta_ads,true,2024-02-01,57.45,0.15,2,74.32,0.14,1
CUST_006182,creator_network,false,2024-07-01,68.31,0.1,1,36.99,0.99,1
CUST_006193,creator_network,false,2025-08-01,89.45,0.0999,1,46.69,0.99,1
CUST_006261,meta_ads,true,2024-04-01,88.72,0.0,1,58.36,0.99,1
CUST_006277,meta_ads,true,2024-08-01,91.95,0.0,1,58.08,0.99,1
CUST_006320,meta_ads,true,2024-02-01,92.33,0.15,1,-47.05,0.99,1
CUST_006347,creator_network,false,2024-09-01,76.70,0.0,1,49.84,0.99,1
CUST_006365,creator_network,false,2025-01-01,88.19,0.2,2,-16.54,2.37,1
CUST_006369,meta_ads,true,2025-02-01,80.63,0.2,1,-46.74,0.99,1
CUST_006391,meta_ads,true,2024-03-01,77.26,0.0,1,50.77,0.99,1
CUST_006392,google_ads,true,2024-12-01,104.41,0.0,1,65.59,0.99,1
CUST_006400,google_ads,true,2025-10-01,106.42,0.2,1,47.62,0.99,0
CUST_006411,google_ads,true,2024-02-01,115.10,0.0,2,-1.36,2.05,1
CUST_006416,google_ads,true,2025-01-01,141.40,0.0,1,88.41,0.99,1
CUST_006418,organic_search,false,2025-11-01,58.47,0.1999,1,25.94,0.99,0
CUST_006434,creator_network,false,2025-03-01,80.91,0.0,1,51.02,0.99,1
CUST_006445,google_ads,true,2025-04-01,128.61,0.1,1,73.94,0.99,1
CUST_006469,google_ads,true,2025-11-01,142.94,0.0,1,90.62,0.99,0
CUST_006479,meta_ads,true,2025-03-01,70.36,0.0,1,44.73,0.99,1
CUST_006483,meta_ads,true,2025-05-01,93.30,0.2499,1,-56.85,0.99,1
CUST_006499,google_ads,true,2024-07-01,89.33,0.0,2,125.72,3.80,1
CUST_006531,direct,false,2025-04-01,75.99,0.0,1,47.53,0.99,1
CUST_006558,meta_ads,true,2024-02-01,95.63,0.0,1,64.44,0.99,1
CUST_006562,organic_search,false,2024-10-01,108.71,0.0,1,73.07,0.99,1
CUST_006570,meta_ads,true,2024-12-01,121.28,0.2,1,56.31,0.99,1
CUST_006608,meta_ads,true,2025-03-01,74.35,0.0,1,49.94,0.99,1
CUST_006613,google_ads,true,2024-08-01,113.28,0.0,1,73.38,0.99,1
CUST_006618,meta_ads,true,2024-11-01,88.03,0.0,1,55.31,0.99,1
CUST_006635,meta_ads,true,2025-05-01,66.16,0.0,2,94.12,0.74,1
CUST_006648,organic_search,false,2025-11-01,98.08,0.0,1,62.23,0.99,0
CUST_006663,google_ads,true,2024-11-01,137.24,0.0,1,90.80,0.99,1
CUST_006693,google_ads,true,2025-06-01,98.97,0.0,1,63.41,0.99,1
CUST_006695,creator_network,false,2025-04-01,84.57,0.1,1,-37.88,0.99,1
CUST_006716,meta_ads,true,2024-12-01,71.37,0.0,1,44.89,0.99,1
CUST_006723,creator_network,false,2025-09-01,79.57,0.1,1,13.93,0.99,1
CUST_006736,google_ads,true,2025-04-01,105.72,0.2,1,46.55,0.99,1
CUST_006756,meta_ads,true,2025-01-01,95.96,0.0,1,61.00,0.99,1
CUST_006760,meta_ads,true,2024-09-01,97.49,0.15,1,48.58,0.99,1
CUST_006766,organic_search,false,2025-11-01,80.60,0.0,1,50.13,0.99,0
CUST_006793,organic_search,false,2024-12-01,68.09,0.0,2,87.29,1.52,1
CUST_006802,creator_network,false,2024-04-01,36.83,0.1499,1,17.76,0.99,1
CUST_006851,meta_ads,true,2024-07-01,83.84,0.0,2,88.82,2.53,1
CUST_006854,google_ads,true,2025-08-01,67.07,0.0,2,100.41,1.47,1
CUST_006890,google_ads,true,2025-03-01,59.59,0.1,1,31.88,0.99,1
CUST_006907,meta_ads,true,2024-08-01,77.63,0.0,1,48.79,0.99,1
CUST_006924,meta_ads,true,2025-04-01,78.02,0.0,1,50.27,0.99,1
CUST_006927,meta_ads,true,2024-12-01,80.95,0.0,1,51.06,0.99,1
CUST_006963,creator_network,false,2025-12-01,74.67,0.15,1,35.24,0.99,0
CUST_006978,meta_ads,true,2025-09-01,88.23,0.2,1,39.69,0.99,1
CUST_006985,meta_ads,true,2025-10-01,121.22,0.0,2,106.20,1.68,0
CUST_006990,meta_ads,true,2024-02-01,73.22,0.0,2,104.70,1.73,1
CUST_007018,meta_ads,true,2024-03-01,87.83,0.0,1,56.70,0.99,1
CUST_007034,organic_search,false,2025-04-01,130.19,0.0,3,181.65,2.03,1
CUST_007037,google_ads,true,2024-09-01,133.32,0.15,1,64.71,0.99,1
CUST_007038,creator_network,false,2025-01-01,83.53,0.15,1,41.37,0.99,1
CUST_007047,google_ads,true,2025-07-01,128.80,0.0,1,83.37,0.99,1
CUST_007049,organic_search,false,2024-07-01,57.52,0.0,1,36.06,0.99,1
CUST_007054,google_ads,true,2025-02-01,144.80,0.0,1,94.25,0.99,1
CUST_007079,meta_ads,true,2025-04-01,73.18,0.0,1,46.34,0.99,1
CUST_007082,google_ads,true,2025-08-01,170.46,0.0,1,110.23,0.99,1
CUST_007094,meta_ads,true,2024-05-01,101.49,0.0,1,64.52,0.99,1
CUST_007115,creator_network,false,2025-03-01,83.65,0.0,1,-27.90,0.99,1
CUST_007141,meta_ads,true,2025-11-01,68.81,0.0,2,62.07,0.61,0
CUST_007152,google_ads,true,2024-04-01,94.42,0.0,1,61.24,0.99,1
CUST_007153,creator_network,false,2025-12-01,87.86,0.15,2,73.05,0.48,0
CUST_007164,google_ads,true,2025-07-01,85.52,0.1,2,88.45,1.57,1
CUST_007173,creator_network,false,2024-11-01,90.76,0.0,1,58.71,0.99,1
CUST_007214,meta_ads,true,2025-03-01,102.67,0.1,3,129.12,2.18,1
CUST_007220,meta_ads,true,2025-11-01,118.69,0.15,1,-61.09,0.99,0
CUST_007303,google_ads,true,2024-09-01,54.57,0.0,1,35.99,0.99,1
CUST_007318,direct,false,2025-06-01,96.49,0.0,1,63.97,0.99,1
CUST_007338,google_ads,true,2024-09-01,112.98,0.15,1,57.49,0.99,1
CUST_007339,meta_ads,true,2025-06-01,81.61,0.1,1,46.21,0.99,1
CUST_007366,creator_network,false,2024-11-01,69.85,0.0999,1,40.23,0.99,1
CUST_007388,creator_network,false,2025-12-01,63.61,0.15,1,30.02,0.99,0
CUST_007440,meta_ads,true,2024-05-01,74.11,0.0,1,49.77,0.99,1
CUST_007492,creator_network,false,2024-12-01,69.78,0.15,1,33.07,0.99,1
CUST_007497,meta_ads,true,2024-03-01,73.47,0.15,1,34.72,0.99,1
CUST_007503,meta_ads,true,2024-05-01,54.58,0.0,3,154.30,1.48,1
CUST_007508,meta_ads,true,2024-10-01,54.80,0.1,1,30.74,0.99,1
CUST_007526,google_ads,true,2025-05-01,68.84,0.0,1,42.89,0.99,1
CUST_007542,creator_network,false,2024-03-01,78.61,0.15,3,22.52,5.56,1
CUST_007544,meta_ads,true,2025-12-01,70.38,0.1,1,38.61,0.99,0
CUST_007545,meta_ads,true,2024-06-01,98.57,0.1,1,54.58,0.99,1
CUST_007564,creator_network,false,2025-07-01,89.82,0.0,1,58.84,0.99,1
CUST_007576,google_ads,true,2024-06-01,119.13,0.0,1,79.54,0.99,1
CUST_007598,google_ads,true,2024-01-01,148.45,0.0,1,96.89,0.99,1
CUST_007614,creator_network,false,2024-12-01,69.71,0.0,1,44.23,0.99,1
CUST_007648,meta_ads,true,2024-07-01,85.46,0.15,1,40.95,0.99,1
CUST_007692,google_ads,true,2025-10-01,88.89,0.2,1,38.66,0.99,0
CUST_007700,direct,false,2024-09-01,84.59,0.0,2,121.91,0.18,1
CUST_007704,meta_ads,true,2024-11-01,105.57,0.0,1,67.03,0.99,1
CUST_007711,meta_ads,true,2024-02-01,111.98,0.0,1,73.68,0.99,1
CUST_007720,direct,false,2025-12-01,94.57,0.15,1,49.57,0.99,0
CUST_007722,organic_search,false,2025-11-01,65.61,0.0,1,41.92,0.99,0
CUST_007729,google_ads,true,2025-11-01,100.30,0.0,1,67.73,0.99,0
CUST_007745,google_ads,true,2025-01-01,112.06,0.0,1,-40.69,0.99,1
CUST_007757,meta_ads,true,2024-08-01,82.76,0.1,1,46.57,0.99,1
CUST_007785,meta_ads,true,2025-11-01,65.80,0.0,2,88.03,1.32,0
CUST_007795,meta_ads,true,2025-07-01,72.58,0.0,1,45.08,0.99,1
CUST_007799,organic_search,false,2024-08-01,110.75,0.1,1,57.83,0.99,1
CUST_007802,meta_ads,true,2024-04-01,93.57,0.1,1,52.23,0.99,1
CUST_007815,meta_ads,true,2024-08-01,110.09,0.15,1,56.93,0.99,1
CUST_007820,direct,false,2025-04-01,104.13,0.2,1,46.41,0.99,1
CUST_007846,google_ads,true,2025-05-01,95.37,0.0,1,61.01,0.99,1
CUST_007857,google_ads,true,2024-12-01,106.23,0.0,1,67.35,0.99,1
CUST_007859,google_ads,true,2024-05-01,139.32,0.0,1,87.33,0.99,1
CUST_007893,meta_ads,true,2025-09-01,79.91,0.0,1,50.29,0.99,1
CUST_007898,google_ads,true,2025-02-01,71.06,0.2,1,33.94,0.99,1
CUST_007904,creator_network,false,2025-09-01,73.79,0.0,1,48.06,0.99,1
CUST_007911,meta_ads,true,2025-10-01,103.76,0.0,3,165.29,1.35,0
CUST_007921,google_ads,true,2025-06-01,94.17,0.15,1,45.92,0.99,1
CUST_007950,direct,false,2024-09-01,61.93,0.0,1,40.36,0.99,1
CUST_007959,google_ads,true,2024-05-01,98.52,0.15,1,49.30,0.99,1
CUST_007966,meta_ads,true,2024-02-01,109.08,0.0,1,70.85,0.99,1
CUST_007980,meta_ads,true,2025-07-01,62.65,0.0,4,178.98,4.29,0
CUST_007989,creator_network,false,2025-09-01,71.35,0.15,1,33.83,0.99,1
CUST_008003,meta_ads,true,2024-04-01,85.91,0.2,1,36.87,0.99,1
CUST_008011,meta_ads,true,2025-09-01,69.15,0.15,1,35.49,0.99,1
CUST_008019,direct,false,2025-01-01,136.76,0.0,1,-48.54,0.99,1
CUST_008032,google_ads,true,2025-05-01,142.86,0.0,2,152.10,0.92,1
CUST_008040,creator_network,false,2025-12-01,67.92,0.0,1,45.03,0.99,0
CUST_008046,creator_network,false,2024-04-01,101.86,0.0,1,67.78,0.99,1
CUST_008047,creator_network,false,2025-07-01,92.12,0.15,1,43.58,0.99,1
CUST_008065,google_ads,true,2025-12-01,99.20,0.0,2,143.93,0.59,0
CUST_008087,meta_ads,true,2025-12-01,43.30,0.1499,1,21.17,0.99,0
CUST_008130,direct,false,2024-08-01,79.39,0.0,1,50.41,0.99,1
CUST_008138,meta_ads,true,2025-12-01,120.47,0.0,1,78.49,0.99,0
CUST_008157,meta_ads,true,2025-07-01,78.33,0.0,2,91.09,2.11,1
CUST_008160,meta_ads,true,2025-08-01,103.98,0.0,1,69.10,0.99,1
CUST_008166,organic_search,false,2024-11-01,83.22,0.0,1,52.32,0.99,1
CUST_008217,meta_ads,true,2025-04-01,82.25,0.2,1,35.26,0.99,1
CUST_008218,google_ads,true,2024-10-01,94.35,0.0,1,60.14,0.99,1
CUST_008224,meta_ads,true,2025-11-01,89.28,0.0,1,56.28,0.99,0
CUST_008243,creator_network,false,2024-01-01,108.81,0.2,1,49.71,0.99,1
CUST_008259,organic_search,false,2025-05-01,85.18,0.0,1,57.05,0.99,1
CUST_008286,meta_ads,true,2025-10-01,79.38,0.15,1,41.44,0.99,0
CUST_008288,creator_network,false,2024-01-01,93.30,0.0,1,59.91,0.99,1
CUST_008296,creator_network,false,2025-10-01,71.83,0.1,1,41.15,0.99,0
CUST_008302,organic_search,false,2024-08-01,77.09,0.0,1,50.67,0.99,1
CUST_008333,direct,false,2025-09-01,117.02,0.0,1,72.73,0.99,1
CUST_008336,google_ads,true,2025-01-01,61.34,0.0,1,40.87,0.99,1
CUST_008368,organic_search,false,2025-09-01,53.06,0.15,1,28.05,0.99,1
CUST_008374,google_ads,true,2025-08-01,104.42,0.0,1,65.75,0.99,1
CUST_008391,organic_search,false,2025-05-01,116.82,0.1,1,65.24,0.99,1
CUST_008402,meta_ads,true,2025-11-01,78.26,0.0,1,52.57,0.99,0
CUST_008404,creator_network,false,2025-03-01,65.47,0.15,1,32.68,0.99,1
CUST_008407,creator_network,false,2024-01-01,84.11,0.15,1,40.40,0.99,1
CUST_008431,google_ads,true,2024-07-01,104.64,0.0,1,64.97,0.99,1
CUST_008441,organic_search,false,2024-09-01,108.61,0.0,1,-36.85,0.99,1
CUST_008454,google_ads,true,2025-01-01,122.73,0.0,1,21.32,0.99,1
CUST_008456,direct,false,2024-05-01,97.24,0.0,1,61.14,0.99,1
CUST_008473,meta_ads,true,2025-01-01,90.88,0.0,1,56.54,0.99,1
CUST_008487,organic_search,false,2024-04-01,52.94,0.0,2,48.05,0.63,1
CUST_008541,creator_network,false,2025-04-01,72.14,0.15,1,-36.21,0.99,1
CUST_008555,google_ads,true,2024-12-01,93.17,0.0,1,59.49,0.99,1
CUST_008562,google_ads,true,2025-11-01,96.42,0.0,1,61.48,0.99,0
CUST_008571,meta_ads,true,2024-12-01,81.33,0.0,1,4.27,0.99,1
CUST_008627,meta_ads,true,2024-09-01,108.01,0.15,1,53.12,0.99,1
CUST_008636,meta_ads,true,2025-09-01,92.63,0.0,1,59.14,0.99,1
CUST_008649,direct,false,2025-07-01,90.84,0.0,1,59.51,0.99,1
CUST_008671,direct,false,2025-12-01,124.41,0.0,1,78.84,0.99,0
CUST_008677,meta_ads,true,2024-05-01,90.42,0.15,1,44.07,0.99,1
CUST_008679,google_ads,true,2025-03-01,45.90,0.0,1,31.14,0.99,1
CUST_008686,meta_ads,true,2025-04-01,83.24,0.0,1,54.83,0.99,1
CUST_008690,direct,false,2024-06-01,120.90,0.0,1,81.45,0.99,1
CUST_008727,google_ads,true,2024-12-01,117.89,0.0,2,72.34,1.32,1
CUST_008740,google_ads,true,2025-04-01,106.21,0.0,1,67.02,0.99,1
CUST_008743,meta_ads,true,2025-01-01,71.57,0.1,1,38.31,0.99,1
CUST_008755,meta_ads,true,2025-12-01,108.11,0.1,1,60.68,0.99,0
CUST_008757,meta_ads,true,2024-08-01,51.15,0.0,2,66.67,0.19,1
CUST_008762,meta_ads,true,2025-06-01,113.15,0.0,1,37.28,0.99,1
CUST_008771,google_ads,true,2024-08-01,116.67,0.0,1,79.07,0.99,1
CUST_008773,google_ads,true,2025-04-01,122.69,0.15,1,58.28,0.99,1
CUST_008787,creator_network,false,2025-02-01,82.19,0.0,1,53.16,0.99,1
CUST_008796,meta_ads,true,2024-12-01,131.96,0.0,1,88.25,0.99,1
CUST_008799,google_ads,true,2024-05-01,105.63,0.0,1,70.55,0.99,1
CUST_008802,organic_search,false,2024-08-01,69.85,0.0,1,46.04,0.99,1
CUST_008822,meta_ads,true,2025-12-01,102.80,0.1,1,58.89,0.99,0
CUST_008840,google_ads,true,2024-02-01,142.67,0.1,1,82.15,0.99,1
CUST_008865,google_ads,true,2024-01-01,114.22,0.0,2,137.76,0.81,1
CUST_008875,google_ads,true,2025-11-01,99.68,0.0,1,14.05,0.99,0
CUST_008900,creator_network,false,2025-11-01,84.24,0.1,1,-39.73,0.99,0
CUST_008905,meta_ads,true,2025-05-01,41.67,0.0,1,26.20,0.99,1
CUST_008911,organic_search,false,2025-07-01,54.63,0.0,1,36.45,0.99,1
CUST_008924,google_ads,true,2025-09-01,61.37,0.0,1,41.04,0.99,1
CUST_008926,creator_network,false,2025-04-01,41.17,0.1001,1,21.84,0.99,1
CUST_008930,google_ads,true,2025-12-01,99.75,0.0,1,67.19,0.99,0
CUST_008939,meta_ads,true,2024-12-01,57.54,0.2499,1,24.46,0.99,1
CUST_008949,organic_search,false,2024-08-01,64.63,0.0,1,43.14,0.99,1
CUST_009005,organic_search,false,2025-05-01,87.52,0.0,1,54.56,0.99,1
CUST_009007,organic_search,false,2024-09-01,94.93,0.0,2,99.81,0.72,1
CUST_009034,organic_search,false,2025-09-01,95.38,0.0,1,64.24,0.99,1
CUST_009047,creator_network,false,2024-12-01,103.99,0.15,2,78.94,0.65,1
CUST_009055,google_ads,true,2025-04-01,70.52,0.1,1,37.59,0.99,1
CUST_009088,google_ads,true,2025-12-01,101.19,0.1,1,-44.19,0.99,0
CUST_009101,direct,false,2025-04-01,103.68,0.0,1,67.89,0.99,1
CUST_009115,creator_network,false,2024-10-01,78.20,0.0,1,-26.73,0.99,1
CUST_009132,creator_network,false,2025-08-01,85.75,0.1001,1,48.71,0.99,1
CUST_009138,meta_ads,true,2024-10-01,87.56,0.2,1,-45.81,0.99,1
CUST_009141,direct,false,2024-12-01,97.11,0.2,1,44.25,0.99,1
CUST_009186,meta_ads,true,2025-07-01,64.07,0.0,1,40.18,0.99,1
CUST_009201,meta_ads,true,2025-11-01,69.54,0.0,1,45.78,0.99,0
CUST_009204,meta_ads,true,2025-02-01,74.86,0.1001,1,42.08,0.99,1
CUST_009217,meta_ads,true,2025-03-01,77.09,0.2,1,35.17,0.99,1
CUST_009222,meta_ads,true,2025-04-01,96.06,0.0,1,60.62,0.99,1
CUST_009254,meta_ads,true,2024-10-01,109.01,0.0,1,-35.61,0.99,1
CUST_009255,meta_ads,true,2025-08-01,95.02,0.0,1,63.20,0.99,1
CUST_009268,creator_network,false,2024-09-01,80.09,0.15,1,37.70,0.99,1
CUST_009281,meta_ads,true,2024-12-01,85.56,0.15,1,45.18,0.99,1
CUST_009292,meta_ads,true,2025-03-01,57.27,0.0,1,38.65,0.99,1
CUST_009368,meta_ads,true,2025-09-01,74.39,0.2,1,32.47,0.99,1
CUST_009369,google_ads,true,2025-09-01,113.75,0.0,1,73.45,0.99,1
CUST_009376,meta_ads,true,2024-08-01,125.21,0.15,2,113.86,0.96,1
CUST_009378,creator_network,false,2024-12-01,77.14,0.0999,1,40.14,0.99,1
CUST_009386,google_ads,true,2025-10-01,94.87,0.0,1,64.09,0.99,0
CUST_009394,organic_search,false,2025-07-01,102.33,0.15,1,53.18,0.99,1
CUST_009400,meta_ads,true,2024-01-01,84.62,0.15,2,64.36,1.93,1
CUST_009404,google_ads,true,2024-09-01,144.34,0.0,1,90.61,0.99,1
CUST_009446,meta_ads,true,2024-02-01,71.72,0.0,1,44.61,0.99,1
CUST_009499,creator_network,false,2025-12-01,80.58,0.2,1,37.62,0.99,0
CUST_009537,google_ads,true,2025-05-01,80.57,0.1501,1,40.99,0.99,1
CUST_009569,direct,false,2025-02-01,102.85,0.0,1,68.31,0.99,1
CUST_009573,meta_ads,true,2024-03-01,68.79,0.0,2,12.42,0.16,1
CUST_009577,google_ads,true,2025-07-01,128.33,0.0,1,82.27,0.99,1
CUST_009579,organic_search,false,2024-02-01,54.34,0.0,1,34.56,0.99,1
CUST_009581,organic_search,false,2024-09-01,115.71,0.0,1,77.75,0.99,1
CUST_009638,meta_ads,true,2024-01-01,86.38,0.0,1,-1.28,0.99,1
CUST_009642,meta_ads,true,2025-02-01,71.32,0.0,2,90.03,1.08,1
CUST_009649,creator_network,false,2025-04-01,70.50,0.0,1,46.49,0.99,1
CUST_009653,direct,false,2024-08-01,76.49,0.0,1,48.75,0.99,1
CUST_009660,creator_network,false,2025-09-01,84.96,0.1,1,48.13,0.99,1
CUST_009669,meta_ads,true,2025-07-01,122.66,0.0,1,78.27,0.99,1
CUST_009704,organic_search,false,2025-09-01,83.83,0.0,1,53.40,0.99,1
CUST_009711,google_ads,true,2024-06-01,114.77,0.0,1,71.63,0.99,1
CUST_009715,organic_search,false,2025-02-01,93.89,0.0,1,61.90,0.99,1
CUST_009722,creator_network,false,2025-01-01,55.49,0.1,1,31.09,0.99,1
CUST_009731,google_ads,true,2024-05-01,97.38,0.0,1,65.75,0.99,1
CUST_009757,creator_network,false,2024-08-01,84.06,0.15,1,44.47,0.99,1
CUST_009760,creator_network,false,2025-04-01,113.21,0.0,1,71.84,0.99,1
CUST_009761,organic_search,false,2025-11-01,102.32,0.0,1,65.11,0.99,0
CUST_009769,google_ads,true,2025-12-01,98.97,0.0,1,62.86,0.99,0
CUST_009784,google_ads,true,2025-11-01,94.51,0.0,1,61.10,0.99,0
CUST_009806,meta_ads,true,2025-08-01,67.13,0.15,1,32.74,0.99,1
CUST_009815,direct,false,2025-12-01,110.84,0.0,1,71.28,0.99,0
CUST_009824,google_ads,true,2024-07-01,49.54,0.0999,1,27.14,0.99,1
CUST_009831,organic_search,false,2024-12-01,84.74,0.0,1,54.08,0.99,1
CUST_009836,direct,false,2024-01-01,116.85,0.0,2,141.71,0.67,1
CUST_009844,creator_network,false,2025-07-01,56.23,0.0999,1,31.49,0.99,1
CUST_009860,meta_ads,true,2024-05-01,113.61,0.0,3,171.39,0.68,1
CUST_009878,meta_ads,true,2024-11-01,84.47,0.1,1,46.78,0.99,1
CUST_009892,google_ads,true,2024-03-01,113.98,0.2,1,49.16,0.99,1
CUST_009908,google_ads,true,2024-01-01,100.58,0.0,1,-32.49,0.99,1
CUST_009916,meta_ads,true,2025-11-01,100.70,0.0,1,64.50,0.99,0
CUST_009962,organic_search,false,2025-04-01,104.85,0.25,1,44.09,0.99,1
CUST_009986,google_ads,true,2025-04-01,153.01,0.0,1,95.43,0.99,1
CUST_010002,meta_ads,true,2024-10-01,97.84,0.1,1,52.15,0.99,1
CUST_010017,meta_ads,true,2024-01-01,96.40,0.0,1,-34.12,0.99,1
CUST_010023,meta_ads,true,2025-11-01,88.43,0.1,1,46.29,0.99,0
CUST_010037,meta_ads,true,2025-11-01,104.33,0.0,1,66.87,0.99,0
CUST_010051,meta_ads,true,2025-09-01,75.63,0.0,1,49.58,0.99,1
CUST_010067,meta_ads,true,2025-06-01,85.39,0.0,1,56.25,0.99,1
CUST_010071,meta_ads,true,2025-11-01,118.30,0.0,1,75.11,0.99,0
CUST_010111,google_ads,true,2024-08-01,107.26,0.0,1,70.68,0.99,1
CUST_010178,meta_ads,true,2025-01-01,106.22,0.25,1,42.80,0.99,1
CUST_010192,direct,false,2024-09-01,130.66,0.2,1,61.31,0.99,1
CUST_010217,meta_ads,true,2025-05-01,111.15,0.0,1,70.72,0.99,1
CUST_010224,meta_ads,true,2024-08-01,78.29,0.2,1,33.44,0.99,1
CUST_010231,google_ads,true,2025-03-01,122.21,0.0,2,41.51,2.13,1
CUST_010233,google_ads,true,2025-10-01,105.13,0.1,1,57.03,0.99,0
CUST_010244,google_ads,true,2024-10-01,144.53,0.15,1,74.65,0.99,1
CUST_010249,google_ads,true,2025-12-01,137.97,0.0,1,88.98,0.99,0
CUST_010253,organic_search,false,2024-02-01,60.25,0.0,1,40.83,0.99,1
CUST_010288,direct,false,2024-04-01,92.55,0.0,1,62.45,0.99,1
CUST_010292,creator_network,false,2024-01-01,79.98,0.1,3,56.14,3.40,1
CUST_010316,creator_network,false,2025-03-01,84.86,0.0,1,52.89,0.99,1
CUST_010338,meta_ads,true,2024-12-01,134.33,0.2,1,61.44,0.99,1
CUST_010353,meta_ads,true,2024-04-01,64.76,0.0,1,43.76,0.99,1
CUST_010355,meta_ads,true,2025-01-01,72.35,0.0,1,-27.44,0.99,1
CUST_010361,google_ads,true,2025-10-01,89.40,0.0,1,59.90,0.99,0
CUST_010367,creator_network,false,2025-09-01,49.57,0.1001,3,35.97,3.31,0
CUST_010398,meta_ads,true,2025-06-01,71.59,0.0,1,47.94,0.99,1
CUST_010415,creator_network,false,2025-11-01,94.16,0.15,1,47.86,0.99,0
CUST_010439,meta_ads,true,2025-01-01,111.15,0.0,1,74.51,0.99,1
CUST_010468,google_ads,true,2024-11-01,106.80,0.0,1,68.77,0.99,1
CUST_010506,meta_ads,true,2025-01-01,112.19,0.0,1,74.60,0.99,1
CUST_010514,creator_network,false,2025-01-01,89.26,0.0,1,59.90,0.99,1
CUST_010521,creator_network,false,2025-03-01,54.91,0.1,1,29.97,0.99,1
CUST_010529,meta_ads,true,2025-10-01,65.93,0.0,1,41.45,0.99,0
CUST_010532,meta_ads,true,2025-08-01,66.03,0.1,1,36.89,0.99,1
CUST_010540,organic_search,false,2025-02-01,120.03,0.0,1,78.06,0.99,1
CUST_010549,google_ads,true,2024-09-01,133.71,0.0,1,86.28,0.99,1
CUST_010572,google_ads,true,2025-10-01,87.65,0.0,1,54.62,0.99,0
CUST_010578,google_ads,true,2025-11-01,67.35,0.0,1,44.53,0.99,0
CUST_010584,meta_ads,true,2025-04-01,85.02,0.15,1,40.58,0.99,1
CUST_010609,creator_network,false,2025-08-01,75.45,0.0,1,46.91,0.99,1
CUST_010616,meta_ads,true,2025-03-01,70.98,0.0,1,44.31,0.99,1
CUST_010654,google_ads,true,2025-04-01,72.59,0.0,2,96.10,1.96,1
CUST_010670,google_ads,true,2024-04-01,137.03,0.1,3,53.99,1.68,1
CUST_010686,google_ads,true,2024-09-01,91.22,0.15,1,44.10,0.99,1
CUST_010699,google_ads,true,2025-07-01,89.93,0.0,2,104.38,1.27,1
CUST_010732,meta_ads,true,2025-10-01,72.45,0.1001,1,40.98,0.99,0
CUST_010738,creator_network,false,2025-02-01,49.89,0.0,1,33.34,0.99,1
CUST_010741,creator_network,false,2024-06-01,73.54,0.0,1,47.42,0.99,1
CUST_010753,organic_search,false,2025-04-01,64.86,0.0,2,38.50,1.70,1
CUST_010763,google_ads,true,2025-07-01,68.25,0.0,1,43.65,0.99,1
CUST_010780,google_ads,true,2024-07-01,50.85,0.15,1,24.87,0.99,1
CUST_010784,meta_ads,true,2025-07-01,119.03,0.25,1,50.74,0.99,1
CUST_010785,organic_search,false,2025-07-01,110.94,0.0,1,75.39,0.99,1
CUST_010833,creator_network,false,2024-11-01,52.66,0.0,1,35.23,0.99,1
CUST_010838,organic_search,false,2025-10-01,114.49,0.0,1,73.15,0.99,0
CUST_010842,google_ads,true,2025-02-01,157.00,0.0,1,102.09,0.99,1
CUST_010844,creator_network,false,2024-09-01,97.01,0.2,1,40.81,0.99,1
CUST_010847,meta_ads,true,2025-04-01,84.02,0.2,1,-45.45,0.99,1
CUST_010866,google_ads,true,2025-12-01,98.34,0.0,1,65.31,0.99,0
CUST_010869,meta_ads,true,2025-03-01,89.31,0.1,1,47.16,0.99,1
CUST_010886,meta_ads,true,2025-07-01,112.62,0.0,1,69.87,0.99,1
CUST_010889,google_ads,true,2025-09-01,75.11,0.0,1,48.48,0.99,1
CUST_010904,organic_search,false,2025-06-01,101.11,0.0,1,65.13,0.99,1
CUST_010967,creator_network,false,2024-05-01,25.00,0.15,2,54.08,1.14,1
CUST_010995,direct,false,2025-10-01,69.23,0.0,1,45.38,0.99,0
CUST_010996,meta_ads,true,2024-11-01,110.12,0.0,1,73.15,0.99,1
CUST_010999,organic_search,false,2024-08-01,82.69,0.0,1,53.83,0.99,1
CUST_011057,google_ads,true,2025-05-01,111.45,0.2,1,47.08,0.99,1
CUST_011059,google_ads,true,2024-06-01,100.49,0.0,1,63.43,0.99,1
CUST_011097,meta_ads,true,2025-07-01,77.66,0.1001,3,70.37,2.55,0
CUST_011107,direct,false,2025-08-01,154.81,0.0,1,103.56,0.99,1
CUST_011114,meta_ads,true,2025-01-01,67.92,0.0,1,44.47,0.99,1
CUST_011118,google_ads,true,2025-03-01,120.07,0.0,1,75.48,0.99,1
CUST_011161,google_ads,true,2024-08-01,105.12,0.0,2,133.01,1.71,1
CUST_011164,direct,false,2025-08-01,74.60,0.0,1,48.65,0.99,1
CUST_011168,meta_ads,true,2024-07-01,87.26,0.0,1,58.63,0.99,1
CUST_011216,direct,false,2024-08-01,138.75,0.0,1,93.56,0.99,1
CUST_011225,meta_ads,true,2024-12-01,134.65,0.0,1,90.85,0.99,1
CUST_011230,google_ads,true,2025-01-01,74.04,0.1501,1,36.77,0.99,1
CUST_011240,organic_search,false,2024-09-01,90.87,0.15,1,43.41,0.99,1
CUST_011243,meta_ads,true,2024-06-01,63.15,0.0,1,41.85,0.99,1
CUST_011251,organic_search,false,2025-04-01,78.11,0.0,2,107.71,1.00,1
CUST_011255,meta_ads,true,2024-10-01,101.94,0.0,2,121.21,1.29,1
CUST_011280,google_ads,true,2025-08-01,99.19,0.0,1,62.28,0.99,1
CUST_011310,meta_ads,true,2024-03-01,44.31,0.0,1,28.50,0.99,1
CUST_011324,creator_network,false,2024-02-01,82.04,0.1,3,132.07,1.18,1
CUST_011345,meta_ads,true,2024-11-01,73.84,0.0,1,49.39,0.99,1
CUST_011353,google_ads,true,2024-09-01,123.76,0.15,2,17.20,0.83,1
CUST_011364,meta_ads,true,2024-11-01,95.60,0.1,1,49.83,0.99,1
CUST_011378,creator_network,false,2025-02-01,82.94,0.1,1,0.22,0.99,1
CUST_011392,google_ads,true,2024-06-01,99.37,0.0,1,64.37,0.99,1
CUST_011403,meta_ads,true,2025-10-01,39.50,0.0,1,26.72,0.99,0
CUST_011413,meta_ads,true,2024-03-01,69.74,0.0,3,127.64,1.20,1
CUST_011458,meta_ads,true,2024-10-01,82.53,0.15,1,-40.25,0.99,1
CUST_011460,google_ads,true,2025-10-01,100.76,0.0,3,179.03,2.57,0
CUST_011535,meta_ads,true,2024-12-01,64.76,0.1001,1,34.18,0.99,1
CUST_011551,meta_ads,true,2024-06-01,109.33,0.2,1,47.84,0.99,1
CUST_011561,creator_network,false,2024-12-01,80.14,0.1,1,44.69,0.99,1
CUST_011566,creator_network,false,2024-08-01,68.61,0.0,1,45.14,0.99,1
CUST_011594,google_ads,true,2024-09-01,138.91,0.0,1,-46.00,0.99,1
CUST_011602,google_ads,true,2025-09-01,120.53,0.0,1,76.24,0.99,1
CUST_011623,google_ads,true,2024-03-01,78.63,0.0,1,53.01,0.99,1
CUST_011627,google_ads,true,2025-08-01,135.03,0.0,1,89.04,0.99,1
CUST_011655,creator_network,false,2025-10-01,76.17,0.1,1,42.59,0.99,0
CUST_011702,meta_ads,true,2025-02-01,86.06,0.0,1,58.44,0.99,1
CUST_011736,direct,false,2025-07-01,144.35,0.0,2,15.83,1.97,1
CUST_011750,creator_network,false,2024-04-01,76.97,0.1,1,43.06,0.99,1
CUST_011755,organic_search,false,2024-12-01,45.65,0.0,1,2.96,0.99,1
CUST_011759,direct,false,2025-11-01,87.17,0.0,1,58.58,0.99,0
CUST_011792,meta_ads,true,2024-01-01,77.89,0.0,1,52.34,0.99,1
CUST_011808,google_ads,true,2024-02-01,84.76,0.0,1,54.07,0.99,1
CUST_011815,google_ads,true,2024-08-01,108.69,0.0,3,136.06,1.50,1
CUST_011818,meta_ads,true,2024-07-01,47.32,0.1999,1,21.38,0.99,1
CUST_011832,meta_ads,true,2025-09-01,97.31,0.15,1,48.46,0.99,1
CUST_011838,google_ads,true,2025-08-01,119.66,0.0,2,45.26,1.07,1
CUST_011839,google_ads,true,2024-04-01,119.74,0.0,1,75.39,0.99,1
CUST_011847,direct,false,2025-11-01,97.81,0.0,1,61.53,0.99,0
CUST_011856,direct,false,2024-04-01,112.75,0.0,1,70.51,0.99,1
CUST_011864,meta_ads,true,2025-11-01,94.96,0.0,1,60.17,0.99,0
CUST_011870,google_ads,true,2025-05-01,123.00,0.0,1,81.17,0.99,1
CUST_011873,meta_ads,true,2024-10-01,60.77,0.0,1,37.71,0.99,1
CUST_011879,meta_ads,true,2025-05-01,71.43,0.0,1,46.33,0.99,1
CUST_011888,direct,false,2024-09-01,104.65,0.0,1,68.12,0.99,1
CUST_011908,direct,false,2025-02-01,70.55,0.0,2,128.40,1.81,1
CUST_011941,meta_ads,true,2024-04-01,92.43,0.15,1,44.73,0.99,1
CUST_011962,google_ads,true,2025-10-01,128.72,0.0,1,83.87,0.99,0
CUST_011995,meta_ads,true,2025-12-01,72.76,0.1001,1,39.25,0.99,0
CUST_012038,google_ads,true,2025-10-01,84.22,0.0,1,56.56,0.99,0
CUST_012117,meta_ads,true,2025-02-01,112.46,0.0,4,134.46,4.06,1
CUST_012141,meta_ads,true,2025-05-01,97.41,0.0,1,64.38,0.99,1
CUST_012157,direct,false,2024-01-01,112.67,0.0,2,132.98,1.01,1
CUST_012159,meta_ads,true,2024-12-01,54.95,0.0,2,76.98,1.51,1
CUST_012170,organic_search,false,2024-11-01,104.87,0.0,2,107.84,1.33,1
CUST_012175,meta_ads,true,2025-06-01,85.62,0.0,1,53.91,0.99,1
CUST_012178,creator_network,false,2025-05-01,89.12,0.1,1,48.61,0.99,1
CUST_012183,organic_search,false,2025-03-01,113.82,0.0,1,73.76,0.99,1
CUST_012185,meta_ads,true,2024-03-01,97.18,0.1,2,100.34,0.96,1
CUST_012195,creator_network,false,2024-10-01,94.82,0.15,1,9.34,0.99,1
CUST_012200,meta_ads,true,2025-06-01,68.24,0.0,1,44.57,0.99,1
CUST_012223,google_ads,true,2024-07-01,122.50,0.0,1,78.92,0.99,1
CUST_012231,google_ads,true,2025-05-01,97.05,0.0,1,60.52,0.99,1
CUST_012238,google_ads,true,2025-11-01,124.61,0.1,1,71.50,0.99,0
CUST_012239,direct,false,2024-10-01,96.79,0.0,1,63.17,0.99,1
CUST_012252,meta_ads,true,2025-08-01,118.79,0.2,1,56.30,0.99,1
CUST_012256,creator_network,false,2025-04-01,90.68,0.1,2,44.55,0.29,1
CUST_012315,organic_search,false,2025-06-01,91.25,0.0999,1,50.17,0.99,1
CUST_012323,google_ads,true,2024-05-01,95.09,0.1,1,52.68,0.99,1
CUST_012337,creator_network,false,2024-06-01,84.02,0.1,1,47.07,0.99,1
CUST_012351,organic_search,false,2025-06-01,76.69,0.1,1,43.29,0.99,1
CUST_012398,google_ads,true,2024-05-01,95.32,0.1,1,50.73,0.99,1
CUST_012401,creator_network,false,2025-08-01,43.99,0.2501,1,18.64,0.99,1
CUST_012408,meta_ads,true,2024-07-01,84.64,0.0,1,56.99,0.99,1
CUST_012413,meta_ads,true,2024-07-01,75.79,0.0,1,48.71,0.99,1
CUST_012443,google_ads,true,2025-11-01,108.70,0.0,1,73.10,0.99,0
CUST_012459,google_ads,true,2025-01-01,126.01,0.0,1,85.51,0.99,1
CUST_012480,google_ads,true,2024-03-01,126.89,0.0,1,80.88,0.99,1
CUST_012489,organic_search,false,2024-07-01,122.49,0.0,1,78.23,0.99,1
CUST_012496,meta_ads,true,2025-12-01,93.68,0.1,1,53.03,0.99,0
CUST_012498,direct,false,2025-03-01,118.13,0.0,2,135.35,1.35,1
CUST_000045,meta_ads,true,2024-08-01,93.29,0.15,1,46.29,0.99,1
CUST_000079,google_ads,true,2024-11-01,142.57,0.0,1,94.13,0.99,1
CUST_000098,google_ads,true,2025-01-01,159.60,0.2,1,69.62,0.99,1
CUST_000112,meta_ads,true,2024-06-01,86.77,0.0,1,56.46,0.99,1
CUST_000157,creator_network,false,2025-06-01,89.20,0.0,2,84.34,2.90,1
CUST_000159,google_ads,true,2024-08-01,121.81,0.0,1,76.01,0.99,1
CUST_000169,meta_ads,true,2024-02-01,59.62,0.0,1,39.47,0.99,1
CUST_000189,creator_network,false,2025-03-01,82.75,0.1001,1,46.35,0.99,1
CUST_000197,meta_ads,true,2025-07-01,70.74,0.0999,1,39.17,0.99,1
CUST_000201,google_ads,true,2025-05-01,144.58,0.0,1,93.52,0.99,1
CUST_000205,meta_ads,true,2025-05-01,96.57,0.0,2,110.97,2.21,1
CUST_000207,meta_ads,true,2024-04-01,92.59,0.15,1,46.52,0.99,1
CUST_000234,meta_ads,true,2025-02-01,57.13,0.0,1,16.53,0.99,1
CUST_000237,meta_ads,true,2024-09-01,111.21,0.0,1,69.69,0.99,1
CUST_000286,creator_network,false,2024-02-01,97.52,0.0,1,10.08,0.99,1
CUST_000304,meta_ads,true,2025-05-01,78.00,0.0,2,-58.90,0.32,1
CUST_000312,google_ads,true,2024-03-01,122.47,0.0,1,81.51,0.99,1
CUST_000314,meta_ads,true,2025-12-01,25.00,0.1,1,13.65,0.99,0
CUST_000315,meta_ads,true,2025-09-01,72.45,0.1001,1,37.94,0.99,1
CUST_000324,google_ads,true,2024-09-01,105.40,0.0,1,-39.16,0.99,1
CUST_000326,meta_ads,true,2025-07-01,108.95,0.2,1,47.38,0.99,1
CUST_000329,meta_ads,true,2024-12-01,78.47,0.15,1,40.08,0.99,1
CUST_000330,meta_ads,true,2024-08-01,88.01,0.0,1,57.40,0.99,1
CUST_000337,organic_search,false,2025-10-01,108.65,0.0,1,69.54,0.99,1
CUST_000345,google_ads,true,2024-12-01,72.27,0.1999,1,34.59,0.99,1
CUST_000381,creator_network,false,2024-04-01,81.09,0.1,1,46.57,0.99,1
CUST_000384,google_ads,true,2025-10-01,118.80,0.0,1,5.94,0.99,1
CUST_000400,meta_ads,true,2025-08-01,40.23,0.1499,1,21.01,0.99,1
CUST_000412,direct,false,2025-12-01,119.40,0.0,1,78.06,0.99,0
CUST_000446,meta_ads,true,2025-12-01,97.04,0.0,1,63.86,0.99,0
CUST_000455,google_ads,true,2024-04-01,122.97,0.0,1,79.43,0.99,1
CUST_000459,meta_ads,true,2024-02-01,73.85,0.0,1,48.74,0.99,1
CUST_000485,meta_ads,true,2025-04-01,114.27,0.0,1,76.06,0.99,1
CUST_000507,direct,false,2025-11-01,107.10,0.0,1,70.30,0.99,0
CUST_000512,google_ads,true,2024-12-01,72.24,0.0,1,46.32,0.99,1
CUST_000519,google_ads,true,2025-12-01,169.45,0.0,1,110.30,0.99,0
CUST_000529,meta_ads,true,2024-02-01,96.22,0.1,1,-42.06,0.99,1
CUST_000538,google_ads,true,2024-08-01,76.92,0.1,1,43.09,0.99,1
CUST_000558,meta_ads,true,2024-01-01,101.28,0.2,1,-53.71,0.99,1
CUST_000573,meta_ads,true,2024-12-01,78.62,0.0,1,52.34,0.99,1
CUST_000575,direct,false,2025-10-01,141.55,0.0,1,93.90,0.99,0
CUST_000584,creator_network,false,2024-10-01,80.97,0.0,1,50.68,0.99,1
CUST_000586,meta_ads,true,2024-08-01,76.76,0.1001,1,42.43,0.99,1
CUST_000593,meta_ads,true,2024-06-01,97.65,0.0,1,61.73,0.99,1
CUST_000603,meta_ads,true,2024-06-01,91.60,0.0,1,57.98,0.99,1
CUST_000632,meta_ads,true,2025-11-01,61.60,0.15,1,30.92,0.99,0
CUST_000650,creator_network,false,2025-02-01,76.65,0.2,1,32.85,0.99,1
CUST_000669,google_ads,true,2024-06-01,128.30,0.0,2,163.99,0.92,1
CUST_000675,meta_ads,true,2024-12-01,103.11,0.0,1,67.98,0.99,1
CUST_000703,google_ads,true,2024-10-01,120.94,0.0,1,75.85,0.99,1
CUST_000705,google_ads,true,2024-03-01,114.75,0.2,1,49.69,0.99,1
CUST_000706,organic_search,false,2025-12-01,72.66,0.0,1,8.54,0.99,0
CUST_000722,direct,false,2024-06-01,82.19,0.0,3,179.12,5.48,1
CUST_000727,google_ads,true,2024-05-01,80.48,0.0,1,49.97,0.99,1
CUST_000733,organic_search,false,2025-06-01,93.75,0.2,1,42.51,0.99,1
CUST_000739,direct,false,2025-01-01,119.78,0.0,1,75.68,0.99,1
CUST_000745,creator_network,false,2024-08-01,73.78,0.0,2,107.39,0.53,1
CUST_000754,meta_ads,true,2024-10-01,118.07,0.1,2,156.36,1.82,1
CUST_000771,meta_ads,true,2024-04-01,41.17,0.1001,2,73.04,0.79,1
CUST_000776,meta_ads,true,2024-05-01,109.72,0.0,1,70.61,0.99,1
CUST_000783,google_ads,true,2024-08-01,127.08,0.0,1,81.75,0.99,1
CUST_000806,google_ads,true,2025-07-01,93.46,0.0,2,132.63,1.63,1
CUST_000808,direct,false,2025-11-01,71.85,0.0,1,44.95,0.99,0
CUST_000819,organic_search,false,2024-02-01,54.90,0.0,1,35.34,0.99,1
CUST_000858,direct,false,2025-02-01,97.16,0.0,2,109.18,1.93,1
CUST_000860,meta_ads,true,2024-03-01,58.78,0.1,1,30.80,0.99,1
CUST_000866,google_ads,true,2025-04-01,124.72,0.0,1,78.79,0.99,1
CUST_000896,meta_ads,true,2024-07-01,73.28,0.0,1,47.77,0.99,1
CUST_000897,google_ads,true,2024-09-01,83.17,0.0,2,112.33,0.91,1
CUST_000909,meta_ads,true,2024-08-01,92.27,0.0,1,62.37,0.99,1
CUST_000911,meta_ads,true,2025-04-01,110.12,0.0,1,69.22,0.99,1
CUST_000939,organic_search,false,2024-04-01,71.14,0.0,1,46.85,0.99,1
CUST_000974,meta_ads,true,2024-07-01,110.60,0.1,1,-50.37,0.99,1
CUST_000990,google_ads,true,2025-09-01,124.80,0.0,2,155.62,1.32,0
CUST_001005,meta_ads,true,2025-09-01,105.01,0.0,1,69.42,0.99,1
CUST_001011,google_ads,true,2024-07-01,86.02,0.0,2,22.91,0.63,1
CUST_001022,meta_ads,true,2024-09-01,135.58,0.0,3,183.18,4.72,1
CUST_001029,google_ads,true,2024-10-01,129.91,0.0,1,84.50,0.99,1
CUST_001051,meta_ads,true,2025-10-01,95.75,0.1001,2,102.65,2.19,0
CUST_001089,meta_ads,true,2025-12-01,67.25,0.15,1,34.72,0.99,0
CUST_001093,direct,false,2025-05-01,150.83,0.0,1,95.41,0.99,1
CUST_001116,creator_network,false,2025-04-01,53.52,0.15,2,53.90,1.39,1
CUST_001127,google_ads,true,2024-03-01,145.05,0.0,1,96.37,0.99,1
CUST_001174,meta_ads,true,2024-08-01,81.52,0.1,1,46.57,0.99,1
CUST_001188,direct,false,2024-03-01,107.60,0.0,2,118.89,2.68,1
CUST_001207,google_ads,true,2025-06-01,107.52,0.0,1,5.15,0.99,1
CUST_001212,meta_ads,true,2025-01-01,96.41,0.2,1,42.04,0.99,1
CUST_001213,creator_network,false,2024-06-01,73.83,0.2001,1,32.22,0.99,1
CUST_001250,meta_ads,true,2025-05-01,89.80,0.0,1,21.12,0.99,1
CUST_001252,meta_ads,true,2025-02-01,82.28,0.1,1,46.70,0.99,1
CUST_001255,meta_ads,true,2025-06-01,135.95,0.0,1,90.20,0.99,1
CUST_001296,organic_search,false,2024-07-01,82.31,0.0,1,52.46,0.99,1
CUST_001307,google_ads,true,2025-07-01,92.91,0.0,2,106.18,0.97,1
CUST_001323,direct,false,2025-10-01,47.11,0.0,1,30.76,0.99,0
CUST_001325,google_ads,true,2025-12-01,77.79,0.0,1,-27.16,0.99,0
CUST_001364,organic_search,false,2025-05-01,77.98,0.1,2,101.16,1.26,1
CUST_001369,google_ads,true,2024-06-01,86.06,0.1,1,44.83,0.99,1
CUST_001405,google_ads,true,2025-06-01,115.88,0.15,1,57.52,0.99,1
CUST_001419,direct,false,2025-01-01,86.85,0.0,1,54.52,0.99,1
CUST_001443,meta_ads,true,2025-06-01,112.14,0.15,1,56.08,0.99,1
CUST_001460,meta_ads,true,2025-06-01,80.99,0.0,1,51.56,0.99,1
CUST_001501,meta_ads,true,2025-03-01,127.38,0.0,1,80.06,0.99,1
CUST_001512,organic_search,false,2025-07-01,110.52,0.1,1,57.94,0.99,1
CUST_001558,organic_search,false,2024-12-01,101.08,0.0,1,62.83,0.99,1
CUST_001559,google_ads,true,2025-09-01,160.31,0.2,1,67.91,0.99,1
CUST_001584,meta_ads,true,2025-02-01,105.64,0.15,1,49.66,0.99,1
CUST_001602,creator_network,false,2024-10-01,118.76,0.0,2,107.08,0.88,1
CUST_001608,meta_ads,true,2025-09-01,56.10,0.0,2,82.43,0.16,1
CUST_001672,meta_ads,true,2025-10-01,127.97,0.0,1,84.65,0.99,0
CUST_001702,organic_search,false,2025-01-01,113.70,0.0,1,71.70,0.99,1
CUST_001703,creator_network,false,2024-10-01,93.47,0.25,1,40.09,0.99,1
CUST_001721,creator_network,false,2024-05-01,71.87,0.15,1,37.87,0.99,1
CUST_001765,creator_network,false,2024-05-01,78.50,0.2,1,-44.22,0.99,1
CUST_001780,google_ads,true,2025-10-01,98.98,0.0,2,139.41,1.21,0
CUST_001782,google_ads,true,2025-11-01,74.10,0.0,1,46.56,0.99,0
CUST_001801,meta_ads,true,2025-12-01,77.56,0.0,1,50.67,0.99,0
CUST_001804,meta_ads,true,2024-09-01,105.17,0.0,1,69.65,0.99,1
CUST_001840,google_ads,true,2024-07-01,68.30,0.0,1,-22.70,0.99,1
CUST_001860,organic_search,false,2025-07-01,82.20,0.0,1,51.15,0.99,1
CUST_001875,direct,false,2025-07-01,101.12,0.0,1,64.28,0.99,1
CUST_001883,meta_ads,true,2025-05-01,97.53,0.2,1,-53.61,0.99,1
CUST_001892,organic_search,false,2024-12-01,89.64,0.25,1,36.39,0.99,1
CUST_001910,google_ads,true,2024-05-01,91.79,0.15,1,48.10,0.99,1
CUST_001992,creator_network,false,2024-06-01,60.07,0.15,1,30.38,0.99,1
CUST_002010,google_ads,true,2025-02-01,85.33,0.0,1,-31.86,0.99,1
CUST_002011,direct,false,2024-02-01,82.32,0.0,1,52.03,0.99,1
CUST_002023,organic_search,false,2025-11-01,90.35,0.0,1,60.79,0.99,0
CUST_002051,meta_ads,true,2025-01-01,76.45,0.0,1,49.92,0.99,1
CUST_002081,google_ads,true,2024-01-01,122.02,0.0,1,81.35,0.99,1
CUST_002095,google_ads,true,2024-09-01,142.67,0.0,3,185.38,4.75,1
CUST_002132,creator_network,false,2024-01-01,84.99,0.0,1,54.57,0.99,1
CUST_002138,google_ads,true,2025-07-01,100.18,0.0,1,67.22,0.99,1
CUST_002144,google_ads,true,2024-10-01,166.27,0.0,1,103.51,0.99,1
CUST_002166,google_ads,true,2025-12-01,105.51,0.0,1,71.17,0.99,0
CUST_002168,google_ads,true,2024-05-01,134.85,0.0,1,89.46,0.99,1
CUST_002205,organic_search,false,2025-07-01,81.69,0.0,1,51.13,0.99,1
CUST_002213,google_ads,true,2024-01-01,126.76,0.0,1,79.87,0.99,1
CUST_002245,meta_ads,true,2025-10-01,79.50,0.1499,1,40.93,0.99,0
CUST_002276,creator_network,false,2025-05-01,87.82,0.0,1,56.75,0.99,1
CUST_002284,google_ads,true,2024-02-01,139.26,0.0,1,91.61,0.99,1
CUST_002288,google_ads,true,2024-10-01,149.71,0.1,1,84.66,0.99,1
CUST_002297,meta_ads,true,2024-07-01,88.57,0.25,1,37.09,0.99,1
CUST_002304,meta_ads,true,2024-09-01,81.17,0.0,1,53.89,0.99,1
CUST_002308,organic_search,false,2025-05-01,93.72,0.0,1,61.01,0.99,1
CUST_002325,google_ads,true,2025-09-01,102.83,0.0,1,67.53,0.99,1
CUST_002327,google_ads,true,2025-09-01,62.26,0.1001,1,33.59,0.99,1
CUST_002328,creator_network,false,2024-01-01,79.03,0.0,1,53.69,0.99,1
CUST_002334,google_ads,true,2025-06-01,129.17,0.25,1,53.84,0.99,1
CUST_002337,google_ads,true,2025-01-01,108.11,0.0,1,71.77,0.99,1
CUST_002353,creator_network,false,2025-05-01,64.46,0.0,4,110.64,2.04,1
CUST_002366,meta_ads,true,2024-02-01,113.64,0.0,1,76.45,0.99,1
CUST_002388,meta_ads,true,2025-05-01,130.59,0.0,1,85.29,0.99,1
CUST_002397,google_ads,true,2024-05-01,157.01,0.0,1,100.08,0.99,1
CUST_002402,meta_ads,true,2024-03-01,90.10,0.0,2,40.20,0.33,1
CUST_002406,organic_search,false,2025-05-01,103.08,0.2,2,105.79,0.99,1
CUST_002407,google_ads,true,2024-11-01,98.04,0.1,1,56.59,0.99,1
CUST_002434,meta_ads,true,2024-09-01,87.23,0.1,1,48.82,0.99,1
CUST_002477,google_ads,true,2024-05-01,136.26,0.0,2,123.89,0.38,1
CUST_002484,meta_ads,true,2024-05-01,62.88,0.1,1,35.54,0.99,1
CUST_002514,google_ads,true,2025-03-01,131.10,0.0,1,87.04,0.99,1
CUST_002555,google_ads,true,2024-03-01,125.84,0.0,1,-46.32,0.99,1
CUST_002559,meta_ads,true,2024-03-01,115.57,0.0,1,75.43,0.99,1
CUST_002563,meta_ads,true,2024-02-01,66.95,0.0,1,19.26,0.99,1
CUST_002611,creator_network,false,2025-09-01,83.22,0.15,1,44.03,0.99,1
CUST_002629,organic_search,false,2025-02-01,102.22,0.15,1,50.06,0.99,1
CUST_002631,meta_ads,true,2025-05-01,69.51,0.0,3,92.49,4.22,1
CUST_002653,direct,false,2024-11-01,104.35,0.0,1,67.57,0.99,1
CUST_002660,meta_ads,true,2025-06-01,110.92,0.15,1,56.24,0.99,1
CUST_002668,meta_ads,true,2025-06-01,95.69,0.0,2,129.35,2.42,1
CUST_002673,creator_network,false,2025-07-01,64.78,0.1,1,34.20,0.99,1
CUST_002695,meta_ads,true,2025-12-01,99.38,0.2,1,44.09,0.99,0
CUST_002706,google_ads,true,2025-09-01,100.93,0.0,1,63.15,0.99,1
CUST_002737,meta_ads,true,2025-12-01,100.21,0.0,1,66.03,0.99,0
CUST_002751,meta_ads,true,2024-12-01,66.84,0.0999,2,94.37,1.24,1
CUST_002796,creator_network,false,2025-04-01,77.94,0.0999,2,77.57,2.65,1
CUST_002801,direct,false,2025-09-01,85.31,0.0,1,56.11,0.99,1
CUST_002819,creator_network,false,2024-01-01,41.41,0.0,2,76.69,1.39,1
CUST_002828,meta_ads,true,2024-04-01,88.45,0.0,1,57.24,0.99,1
CUST_002854,organic_search,false,2025-11-01,107.19,0.0,2,29.44,0.10,0
CUST_002864,meta_ads,true,2025-04-01,104.40,0.0,1,65.06,0.99,1
CUST_002882,meta_ads,true,2025-10-01,89.37,0.0,1,58.20,0.99,0
CUST_002887,meta_ads,true,2025-02-01,76.60,0.0,1,48.96,0.99,1
CUST_002900,creator_network,false,2024-02-01,79.52,0.1,1,44.11,0.99,1
CUST_002954,google_ads,true,2025-01-01,73.05,0.0,1,49.40,0.99,1
CUST_002955,meta_ads,true,2025-11-01,72.59,0.0,1,48.72,0.99,0
CUST_002959,creator_network,false,2024-09-01,30.96,0.1001,1,16.76,0.99,1
CUST_002969,creator_network,false,2025-12-01,84.29,0.1,1,44.94,0.99,0
CUST_002972,creator_network,false,2024-06-01,98.22,0.15,1,48.71,0.99,1
CUST_002978,google_ads,true,2024-01-01,81.49,0.0,1,53.15,0.99,1
CUST_002984,creator_network,false,2025-09-01,95.24,0.1,1,51.02,0.99,1
CUST_003026,meta_ads,true,2024-11-01,131.41,0.0,1,87.59,0.99,1
CUST_003046,creator_network,false,2025-07-01,73.65,0.1001,1,42.10,0.99,1
CUST_003063,creator_network,false,2025-05-01,57.72,0.15,1,27.90,0.99,1
CUST_003065,meta_ads,true,2025-06-01,80.18,0.1,1,44.05,0.99,1
CUST_003075,meta_ads,true,2025-05-01,91.21,0.0,1,58.71,0.99,1
CUST_003108,creator_network,false,2024-01-01,84.12,0.0,1,-30.64,0.99,1
CUST_003154,meta_ads,true,2025-01-01,74.75,0.1001,1,41.39,0.99,1
CUST_003172,creator_network,false,2024-08-01,92.46,0.2501,1,34.94,0.99,1
CUST_003177,meta_ads,true,2025-06-01,82.30,0.0,1,54.26,0.99,1
CUST_003185,creator_network,false,2025-03-01,77.98,0.1,2,92.96,2.39,1
CUST_003207,google_ads,true,2025-10-01,111.09,0.0,1,-42.03,0.99,0
CUST_003220,creator_network,false,2025-07-01,83.44,0.1,3,128.18,2.08,1
CUST_003275,direct,false,2025-09-01,87.51,0.0,1,55.44,0.99,1
CUST_003342,direct,false,2025-04-01,92.26,0.0,1,59.82,0.99,1
CUST_003377,meta_ads,true,2025-08-01,62.19,0.0,1,40.33,0.99,1
CUST_003381,meta_ads,true,2024-11-01,83.38,0.1,1,47.01,0.99,1
CUST_003410,meta_ads,true,2024-02-01,61.98,0.0,1,40.95,0.99,1
CUST_003437,meta_ads,true,2024-08-01,78.13,0.0,1,49.06,0.99,1
CUST_003444,meta_ads,true,2025-12-01,62.48,0.0,1,-23.66,0.99,0
CUST_003445,meta_ads,true,2025-12-01,25.00,0.1,1,14.02,0.99,0
CUST_003453,meta_ads,true,2025-06-01,72.55,0.1001,1,37.75,0.99,1
CUST_003495,direct,false,2025-06-01,44.94,0.0,1,29.10,0.99,1
CUST_003496,meta_ads,true,2024-07-01,97.98,0.0,1,62.18,0.99,1
CUST_003497,google_ads,true,2025-10-01,115.09,0.0,1,73.87,0.99,0
CUST_003508,meta_ads,true,2025-02-01,81.89,0.2,1,38.88,0.99,1
CUST_003550,creator_network,false,2025-04-01,81.49,0.15,1,42.91,0.99,1
CUST_003569,meta_ads,true,2025-08-01,94.09,0.0,2,122.98,0.59,1
CUST_003585,creator_network,false,2024-12-01,99.84,0.1,1,56.87,0.99,1
CUST_003587,google_ads,true,2025-01-01,145.59,0.0,1,96.22,0.99,1
CUST_003600,organic_search,false,2025-06-01,56.43,0.0,1,37.74,0.99,1
CUST_003606,meta_ads,true,2024-06-01,69.42,0.0,1,45.99,0.99,1
CUST_003607,google_ads,true,2025-09-01,60.14,0.0999,1,33.12,0.99,1
CUST_003621,organic_search,false,2025-06-01,98.03,0.0,1,66.18,0.99,1
CUST_003666,organic_search,false,2025-01-01,98.82,0.0,1,61.85,0.99,1
CUST_003698,meta_ads,true,2025-06-01,86.42,0.0,1,-28.44,0.99,1
CUST_003715,meta_ads,true,2025-12-01,91.57,0.0,1,59.76,0.99,0
CUST_003779,meta_ads,true,2025-06-01,95.42,0.2,1,-53.86,0.99,1
CUST_003781,meta_ads,true,2024-12-01,46.03,0.0,1,-16.48,0.99,1
CUST_003787,direct,false,2025-04-01,123.59,0.0,1,81.81,0.99,1
CUST_003788,google_ads,true,2025-02-01,115.41,0.0,1,73.95,0.99,1
CUST_003829,creator_network,false,2025-10-01,69.53,0.0,1,44.53,0.99,0
CUST_003859,meta_ads,true,2024-12-01,101.13,0.25,1,42.38,0.99,1
CUST_003864,meta_ads,true,2024-08-01,120.17,0.0,2,85.95,1.86,1
CUST_003865,meta_ads,true,2024-04-01,53.63,0.0,1,35.58,0.99,1
CUST_003878,google_ads,true,2025-10-01,108.07,0.0,1,68.39,0.99,0
CUST_003881,meta_ads,true,2025-02-01,67.71,0.0,1,45.99,0.99,1
CUST_003888,creator_network,false,2025-05-01,59.50,0.1,1,30.94,0.99,1
CUST_003890,meta_ads,true,2024-12-01,96.48,0.0,1,62.04,0.99,1
CUST_003920,meta_ads,true,2025-09-01,112.52,0.0,1,72.92,0.99,1
CUST_003941,google_ads,true,2025-08-01,99.86,0.0,2,154.53,2.11,0
CUST_003954,creator_network,false,2024-05-01,46.14,0.0,1,28.63,0.99,1
CUST_003973,meta_ads,true,2024-09-01,54.92,0.0,1,36.35,0.99,1
CUST_003977,meta_ads,true,2024-11-01,84.85,0.0,2,78.89,0.51,1
CUST_004026,google_ads,true,2025-09-01,121.22,0.0,1,79.33,0.99,1
CUST_004027,google_ads,true,2024-12-01,100.09,0.0,1,63.21,0.99,1
CUST_004098,google_ads,true,2024-03-01,74.27,0.0,1,48.00,0.99,1
CUST_004162,meta_ads,true,2024-03-01,71.42,0.1,1,37.30,0.99,1
CUST_004177,google_ads,true,2025-04-01,117.50,0.0,1,78.25,0.99,1
CUST_004260,google_ads,true,2024-12-01,75.36,0.1499,1,36.11,0.99,1
CUST_004270,google_ads,true,2025-11-01,122.61,0.0,1,78.45,0.99,0
CUST_004273,google_ads,true,2024-05-01,92.48,0.0,2,155.93,0.54,1
CUST_004308,direct,false,2025-05-01,85.33,0.0,3,173.01,4.85,0
CUST_004309,creator_network,false,2025-09-01,69.10,0.1,1,39.99,0.99,1
CUST_004314,meta_ads,true,2025-10-01,109.15,0.0,1,72.53,0.99,0
CUST_004316,meta_ads,true,2024-06-01,131.12,0.0,1,83.88,0.99,1
CUST_004328,meta_ads,true,2025-12-01,78.56,0.1499,1,36.97,0.99,0
CUST_004399,direct,false,2024-06-01,97.49,0.0,1,61.08,0.99,1
CUST_004413,direct,false,2025-06-01,87.84,0.0,2,139.68,0.99,1
CUST_004419,direct,false,2024-10-01,87.05,0.0,1,58.75,0.99,1
CUST_004427,meta_ads,true,2024-08-01,72.51,0.0,1,47.66,0.99,1
CUST_004457,meta_ads,true,2025-07-01,83.24,0.0,1,55.57,0.99,1
CUST_004461,google_ads,true,2024-12-01,137.58,0.0,2,152.18,1.10,1
CUST_004475,meta_ads,true,2025-06-01,98.90,0.1501,1,46.90,0.99,1
CUST_004517,meta_ads,true,2025-03-01,82.80,0.0,1,54.69,0.99,1
CUST_004556,meta_ads,true,2025-04-01,128.39,0.0,1,83.57,0.99,1
CUST_004594,meta_ads,true,2024-10-01,95.11,0.0,1,63.16,0.99,1
CUST_004609,creator_network,false,2025-12-01,90.43,0.0,1,56.63,0.99,0
CUST_004619,google_ads,true,2024-10-01,117.19,0.0,1,78.64,0.99,1
CUST_004637,google_ads,true,2024-10-01,105.35,0.0,1,70.96,0.99,1
CUST_004651,google_ads,true,2024-02-01,123.97,0.0,2,130.54,0.63,1
CUST_004665,organic_search,false,2025-09-01,98.25,0.0,1,65.71,0.99,1
CUST_004683,google_ads,true,2025-11-01,85.04,0.0,1,55.39,0.99,0
CUST_004701,google_ads,true,2024-08-01,119.37,0.0,1,78.77,0.99,1
CUST_004723,direct,false,2024-07-01,127.17,0.0,2,170.85,1.16,1
CUST_004726,meta_ads,true,2024-01-01,67.18,0.0,1,-24.54,0.99,1
CUST_004728,creator_network,false,2025-10-01,61.05,0.2,1,29.24,0.99,0
CUST_004736,creator_network,false,2024-04-01,116.75,0.2,1,50.07,0.99,1
CUST_004740,direct,false,2025-05-01,94.21,0.0,1,59.86,0.99,1
CUST_004761,creator_network,false,2025-02-01,77.80,0.1,1,41.16,0.99,1
CUST_004768,google_ads,true,2024-04-01,116.44,0.0,2,117.02,0.46,1
CUST_004795,google_ads,true,2024-09-01,137.85,0.0,1,91.58,0.99,1
CUST_004797,organic_search,false,2024-06-01,76.28,0.0,1,48.53,0.99,1
CUST_004804,meta_ads,true,2024-06-01,99.01,0.0,1,66.37,0.99,1
CUST_004825,google_ads,true,2025-03-01,95.77,0.0,1,62.06,0.99,1
CUST_004871,meta_ads,true,2024-12-01,83.24,0.2,2,84.05,0.99,1
CUST_004907,meta_ads,true,2025-12-01,87.72,0.0,1,-30.19,0.99,0
CUST_004920,google_ads,true,2024-10-01,114.76,0.0,1,73.66,0.99,1
CUST_004928,meta_ads,true,2024-07-01,91.07,0.15,1,44.43,0.99,1
CUST_004932,direct,false,2024-11-01,93.44,0.0,3,195.05,4.44,1
CUST_004936,google_ads,true,2024-11-01,106.04,0.0,1,68.76,0.99,1
CUST_004972,meta_ads,true,2025-11-01,88.56,0.15,1,43.78,0.99,0
CUST_004981,google_ads,true,2025-12-01,117.94,0.15,1,58.74,0.99,0
CUST_004985,organic_search,false,2025-03-01,106.39,0.0,1,66.25,0.99,1
CUST_004999,google_ads,true,2025-09-01,94.59,0.0,1,63.16,0.99,1
CUST_005005,google_ads,true,2025-10-01,108.77,0.1,1,56.96,0.99,0
CUST_005025,meta_ads,true,2025-11-01,110.03,0.0,1,74.09,0.99,0
CUST_005030,google_ads,true,2024-04-01,127.63,0.0,2,131.44,1.27,1
CUST_005031,google_ads,true,2024-10-01,99.43,0.0,2,-73.08,1.90,1
CUST_005035,direct,false,2024-06-01,115.80,0.0,1,77.72,0.99,1
CUST_005041,google_ads,true,2025-08-01,78.11,0.0,1,51.57,0.99,1
CUST_005052,meta_ads,true,2025-09-01,110.99,0.0,3,123.68,1.96,0
CUST_005057,meta_ads,true,2025-01-01,102.68,0.0,2,129.06,1.66,1
CUST_005064,meta_ads,true,2024-10-01,90.39,0.0,1,60.31,0.99,1
CUST_005066,google_ads,true,2024-02-01,79.40,0.0,1,-30.08,0.99,1
CUST_005077,meta_ads,true,2025-05-01,93.50,0.1499,1,48.13,0.99,1
CUST_005087,creator_network,false,2025-08-01,69.83,0.25,1,26.08,0.99,1
CUST_005098,meta_ads,true,2024-08-01,93.44,0.0,1,59.70,0.99,1
CUST_005111,meta_ads,true,2025-12-01,117.00,0.0,1,76.25,0.99,0
CUST_005122,google_ads,true,2025-11-01,141.12,0.0,1,89.20,0.99,0
CUST_005127,google_ads,true,2025-03-01,65.80,0.0,1,41.45,0.99,1
CUST_005140,organic_search,false,2025-11-01,78.28,0.0,1,49.45,0.99,0
CUST_005146,organic_search,false,2025-10-01,98.75,0.0,1,64.49,0.99,0
CUST_005157,meta_ads,true,2024-06-01,48.19,0.2,1,22.41,0.99,1
CUST_005163,direct,false,2024-10-01,79.05,0.0,1,50.17,0.99,1
CUST_005212,creator_network,false,2024-07-01,87.92,0.0,1,55.15,0.99,1
CUST_005214,google_ads,true,2025-08-01,93.77,0.25,1,39.18,0.99,1
CUST_005218,meta_ads,true,2025-08-01,109.42,0.0,1,69.90,0.99,1
CUST_005226,direct,false,2024-02-01,67.95,0.0,1,43.81,0.99,1
CUST_005273,meta_ads,true,2024-09-01,72.19,0.0,1,18.15,0.99,1
CUST_005339,creator_network,false,2025-11-01,61.62,0.1,1,5.10,0.99,0
CUST_005353,google_ads,true,2024-09-01,89.77,0.1,2,143.41,1.55,1
CUST_005377,meta_ads,true,2025-04-01,93.57,0.0,1,58.34,0.99,1
CUST_005382,organic_search,false,2025-02-01,100.40,0.15,2,140.97,0.60,1
CUST_005388,google_ads,true,2025-12-01,81.37,0.0,1,54.59,0.99,0
CUST_005415,meta_ads,true,2024-02-01,84.51,0.0,1,55.29,0.99,1
CUST_005417,meta_ads,true,2024-11-01,77.46,0.1001,2,130.81,2.01,1
CUST_005446,meta_ads,true,2024-07-01,82.62,0.0,1,52.56,0.99,1
CUST_005460,direct,false,2025-12-01,153.44,0.0,1,-49.26,0.99,0
CUST_005470,meta_ads,true,2024-11-01,90.67,0.0,1,59.88,0.99,1
CUST_005478,meta_ads,true,2025-07-01,107.34,0.1,1,55.97,0.99,1
CUST_005498,creator_network,false,2025-10-01,98.10,0.0,1,61.51,0.99,0
CUST_005516,organic_search,false,2025-08-01,96.62,0.0,1,-36.68,0.99,1
CUST_005550,direct,false,2024-05-01,43.97,0.0,1,28.71,0.99,1
CUST_005557,organic_search,false,2024-04-01,88.88,0.2,2,-48.16,0.32,1
CUST_005558,google_ads,true,2025-07-01,72.94,0.0,1,48.17,0.99,1
CUST_005561,meta_ads,true,2024-11-01,85.47,0.2,2,93.82,1.64,1
CUST_005565,google_ads,true,2025-11-01,116.58,0.15,2,12.29,0.82,0
CUST_005625,meta_ads,true,2024-02-01,98.87,0.0,1,65.29,0.99,1
CUST_005634,google_ads,true,2024-06-01,75.78,0.0,1,47.74,0.99,1
CUST_005639,meta_ads,true,2024-01-01,105.56,0.25,1,39.56,0.99,1
CUST_005640,organic_search,false,2024-02-01,112.64,0.0,1,74.20,0.99,1
CUST_005646,meta_ads,true,2024-09-01,97.99,0.0,1,64.47,0.99,1
CUST_005662,creator_network,false,2024-04-01,68.96,0.1001,1,39.54,0.99,1
CUST_005663,organic_search,false,2025-09-01,141.66,0.2,1,63.05,0.99,1
CUST_005664,creator_network,false,2025-04-01,107.17,0.0,1,69.68,0.99,1
CUST_005666,google_ads,true,2025-08-01,89.52,0.0,1,58.38,0.99,1
CUST_005691,meta_ads,true,2024-08-01,136.80,0.15,1,66.88,0.99,1
CUST_005697,creator_network,false,2025-01-01,76.70,0.1,1,42.36,0.99,1
CUST_005734,meta_ads,true,2025-03-01,94.20,0.2,1,41.18,0.99,1
CUST_005757,meta_ads,true,2025-05-01,96.00,0.2,1,40.84,0.99,1
CUST_005792,google_ads,true,2025-06-01,126.13,0.0,2,146.55,0.59,1
CUST_005803,meta_ads,true,2024-09-01,131.06,0.1,1,75.87,0.99,1
CUST_005808,creator_network,false,2025-12-01,99.78,0.0,1,63.60,0.99,0
CUST_005865,meta_ads,true,2025-07-01,96.71,0.0,1,63.76,0.99,1
CUST_005870,organic_search,false,2025-04-01,39.72,0.1999,1,2.10,0.99,1
CUST_005884,google_ads,true,2025-12-01,95.41,0.0,1,61.86,0.99,0
CUST_005904,google_ads,true,2024-11-01,74.21,0.0,1,48.30,0.99,1
CUST_005907,organic_search,false,2025-01-01,59.80,0.0,2,103.38,0.24,1
CUST_005927,google_ads,true,2025-08-01,101.44,0.0,1,64.19,0.99,1
CUST_005935,creator_network,false,2024-12-01,124.37,0.1,1,69.79,0.99,1
CUST_005945,creator_network,false,2025-12-01,112.23,0.25,1,-68.96,0.99,0
CUST_005950,google_ads,true,2025-09-01,138.96,0.0,1,89.74,0.99,1
CUST_005956,meta_ads,true,2025-05-01,79.58,0.0,1,50.47,0.99,1
CUST_005961,meta_ads,true,2024-12-01,68.50,0.0,2,11.67,1.16,1
CUST_005975,organic_search,false,2024-09-01,82.73,0.25,1,33.99,0.99,1
CUST_005988,meta_ads,true,2025-11-01,68.06,0.2,1,30.92,0.99,0
CUST_005992,meta_ads,true,2025-03-01,131.08,0.0,1,83.74,0.99,1
CUST_006053,google_ads,true,2025-03-01,109.01,0.0,1,5.05,0.99,1
CUST_006057,meta_ads,true,2025-02-01,75.61,0.0,1,49.73,0.99,1
CUST_006097,meta_ads,true,2024-02-01,87.25,0.15,3,137.31,1.52,1
CUST_006127,meta_ads,true,2025-03-01,104.84,0.15,1,50.75,0.99,1
CUST_006148,google_ads,true,2025-02-01,101.89,0.0,1,67.82,0.99,1
CUST_006167,google_ads,true,2024-12-01,103.25,0.0,1,70.12,0.99,1
CUST_006179,creator_network,false,2024-07-01,64.45,0.0,1,43.49,0.99,1
CUST_006229,meta_ads,true,2025-08-01,101.69,0.0,2,33.86,2.69,0
CUST_006245,meta_ads,true,2025-08-01,85.48,0.1,1,47.82,0.99,1
CUST_006273,creator_network,false,2024-03-01,51.04,0.1501,1,26.86,0.99,1
CUST_006275,meta_ads,true,2025-04-01,65.10,0.0,1,43.69,0.99,1
CUST_006292,creator_network,false,2024-12-01,76.56,0.2,2,11.76,1.30,1
CUST_006298,organic_search,false,2024-03-01,103.32,0.0,1,66.13,0.99,1
CUST_006304,google_ads,true,2025-08-01,154.58,0.1,1,81.92,0.99,1
CUST_006305,meta_ads,true,2024-12-01,109.47,0.15,2,2.37,3.39,1
CUST_006333,meta_ads,true,2025-03-01,57.60,0.1,1,31.84,0.99,1
CUST_006360,google_ads,true,2025-06-01,118.65,0.0,1,74.06,0.99,1
CUST_006361,meta_ads,true,2024-03-01,104.11,0.15,1,-8.92,0.99,1
CUST_006383,google_ads,true,2024-01-01,63.79,0.0,1,43.03,0.99,1
CUST_006385,organic_search,false,2025-01-01,75.30,0.1501,1,38.91,0.99,1
CUST_006395,meta_ads,true,2025-12-01,75.02,0.1,1,41.84,0.99,0
CUST_006412,google_ads,true,2024-11-01,118.34,0.15,1,57.78,0.99,1
CUST_006417,meta_ads,true,2024-12-01,124.92,0.0,1,79.98,0.99,1
CUST_006424,meta_ads,true,2024-08-01,107.42,0.0,2,120.91,4.57,1
CUST_006430,google_ads,true,2025-04-01,100.41,0.0,2,125.55,1.35,1
CUST_006460,organic_search,false,2024-11-01,113.98,0.0,1,73.14,0.99,1
CUST_006476,organic_search,false,2025-11-01,104.70,0.15,1,54.53,0.99,0
CUST_006535,meta_ads,true,2024-03-01,87.00,0.15,2,115.59,0.84,1
CUST_006656,meta_ads,true,2024-12-01,65.57,0.1501,1,34.71,0.99,1
CUST_006661,google_ads,true,2025-04-01,131.82,0.0,1,86.55,0.99,1
CUST_006664,meta_ads,true,2025-08-01,101.67,0.0,1,64.10,0.99,1
CUST_006698,meta_ads,true,2024-11-01,78.47,0.0,2,102.55,1.43,1
CUST_006699,google_ads,true,2025-09-01,84.92,0.0,2,142.92,2.72,0
CUST_006705,google_ads,true,2025-01-01,128.09,0.0,1,85.87,0.99,1
CUST_006777,direct,false,2025-07-01,98.03,0.0,1,61.28,0.99,1
CUST_006781,google_ads,true,2024-11-01,83.80,0.0,1,52.89,0.99,1
CUST_006847,meta_ads,true,2024-12-01,70.38,0.1,1,37.32,0.99,1
CUST_006855,organic_search,false,2024-01-01,86.95,0.0,1,54.14,0.99,1
CUST_006867,direct,false,2024-12-01,123.55,0.2,1,-26.77,0.99,1
CUST_006872,creator_network,false,2024-03-01,66.71,0.1501,1,31.37,0.99,1
CUST_006875,creator_network,false,2025-10-01,90.27,0.15,1,46.69,0.99,0
CUST_006887,google_ads,true,2024-07-01,126.23,0.0,1,17.82,0.99,1
CUST_006894,google_ads,true,2024-12-01,96.19,0.0,1,61.18,0.99,1
CUST_006897,creator_network,false,2025-09-01,52.42,0.0,1,34.96,0.99,1
CUST_006914,meta_ads,true,2024-07-01,109.27,0.0,1,-35.10,0.99,1
CUST_006926,google_ads,true,2024-02-01,119.62,0.1,1,-53.99,0.99,1
CUST_006934,google_ads,true,2024-05-01,122.98,0.0,1,0.44,0.99,1
CUST_006942,google_ads,true,2025-10-01,109.34,0.0,1,17.81,0.99,0
CUST_006991,direct,false,2025-12-01,91.33,0.0,1,60.40,0.99,0
CUST_006994,meta_ads,true,2024-03-01,74.33,0.0,1,48.33,0.99,1
CUST_006999,google_ads,true,2024-11-01,172.07,0.1,2,170.44,1.50,1
CUST_007005,meta_ads,true,2024-11-01,96.78,0.0,1,60.47,0.99,1
CUST_007008,organic_search,false,2024-01-01,129.28,0.0,1,80.93,0.99,1
CUST_007017,organic_search,false,2024-08-01,93.95,0.0,1,62.09,0.99,1
CUST_007044,meta_ads,true,2024-05-01,123.09,0.1,1,70.61,0.99,1
CUST_007108,google_ads,true,2024-08-01,100.05,0.0,2,164.03,3.06,1
CUST_007109,creator_network,false,2025-10-01,80.93,0.2,2,90.19,1.43,0
CUST_007135,google_ads,true,2025-02-01,102.23,0.0,1,65.43,0.99,1
CUST_007151,meta_ads,true,2025-08-01,115.86,0.0,1,75.40,0.99,1
CUST_007157,google_ads,true,2025-03-01,39.70,0.0,1,25.75,0.99,1
CUST_007180,direct,false,2025-02-01,66.15,0.0,1,42.89,0.99,1
CUST_007205,direct,false,2025-11-01,77.40,0.0,1,49.46,0.99,0
CUST_007210,google_ads,true,2025-09-01,110.04,0.0,2,109.92,1.70,0
CUST_007228,meta_ads,true,2024-04-01,58.47,0.0,3,129.61,5.32,1
CUST_007229,creator_network,false,2025-12-01,79.27,0.15,1,-41.20,0.99,0
CUST_007232,google_ads,true,2025-01-01,130.60,0.0,1,84.38,0.99,1
CUST_007282,google_ads,true,2024-02-01,97.25,0.15,1,49.86,0.99,1
CUST_007297,creator_network,false,2024-06-01,74.56,0.1499,1,37.12,0.99,1
CUST_007305,meta_ads,true,2024-02-01,107.01,0.0,1,-40.18,0.99,1
CUST_007309,google_ads,true,2025-08-01,111.01,0.0,1,-37.97,0.99,1
CUST_007316,meta_ads,true,2025-12-01,64.39,0.1,1,35.58,0.99,0
CUST_007323,direct,false,2025-02-01,79.65,0.0,2,113.94,2.01,1
CUST_007328,meta_ads,true,2025-07-01,96.26,0.0,1,64.16,0.99,1
CUST_007343,creator_network,false,2025-07-01,75.00,0.1,3,117.43,1.27,1
CUST_007350,meta_ads,true,2025-11-01,86.50,0.0,1,54.67,0.99,0
CUST_007359,direct,false,2024-07-01,81.18,0.0,1,50.93,0.99,1
CUST_007363,meta_ads,true,2025-03-01,54.68,0.15,1,-27.63,0.99,1
CUST_007383,creator_network,false,2025-12-01,60.89,0.1,1,-25.75,0.99,0
CUST_007384,meta_ads,true,2025-04-01,76.05,0.0,1,49.00,0.99,1
CUST_007389,google_ads,true,2024-09-01,110.49,0.0,1,74.25,0.99,1
CUST_007409,organic_search,false,2024-06-01,89.14,0.0,1,57.36,0.99,1
CUST_007416,organic_search,false,2025-03-01,57.52,0.25,1,24.63,0.99,1
CUST_007423,google_ads,true,2024-12-01,113.84,0.15,1,53.94,0.99,1
CUST_007452,direct,false,2025-01-01,36.40,0.1,1,18.95,0.99,1
CUST_007454,google_ads,true,2025-05-01,110.85,0.0,1,69.14,0.99,1
CUST_007477,meta_ads,true,2025-06-01,90.21,0.15,1,45.28,0.99,1
CUST_007481,organic_search,false,2024-11-01,101.69,0.0,1,64.16,0.99,1
CUST_007557,meta_ads,true,2024-06-01,71.82,0.1999,1,-41.43,0.99,1
CUST_007584,creator_network,false,2024-04-01,72.74,0.15,1,-37.95,0.99,1
CUST_007586,google_ads,true,2025-06-01,81.42,0.0,2,65.35,1.36,1
CUST_007593,creator_network,false,2025-07-01,79.61,0.1,1,45.66,0.99,1
CUST_007595,google_ads,true,2024-04-01,104.87,0.0,1,70.95,0.99,1
CUST_007596,google_ads,true,2025-12-01,115.40,0.0,1,74.46,0.99,0
CUST_007630,creator_network,false,2025-08-01,85.98,0.0,1,53.91,0.99,1
CUST_007644,creator_network,false,2024-08-01,70.24,0.0,1,17.39,0.99,1
CUST_007651,meta_ads,true,2024-03-01,80.88,0.0,1,52.50,0.99,1
CUST_007654,google_ads,true,2025-09-01,95.43,0.0,1,64.18,0.99,1
CUST_007671,direct,false,2025-08-01,101.98,0.0,1,66.65,0.99,1
CUST_007678,meta_ads,true,2025-12-01,74.88,0.0,1,-26.23,0.99,0
CUST_007693,google_ads,true,2024-08-01,139.34,0.0,1,87.11,0.99,1
CUST_007697,google_ads,true,2024-12-01,118.64,0.0,1,76.22,0.99,1
CUST_007733,organic_search,false,2024-01-01,100.51,0.0,1,62.93,0.99,1
CUST_007736,meta_ads,true,2025-05-01,66.95,0.0,2,113.27,1.31,1
CUST_007738,organic_search,false,2024-07-01,51.87,0.0,2,82.51,1.47,1
CUST_007746,meta_ads,true,2025-05-01,60.33,0.1,1,34.78,0.99,1
CUST_007796,meta_ads,true,2024-01-01,104.97,0.0,1,69.42,0.99,1
CUST_007831,meta_ads,true,2024-07-01,71.69,0.0,2,88.48,1.52,1
CUST_007833,creator_network,false,2024-07-01,73.34,0.15,2,83.91,1.75,1
CUST_007838,meta_ads,true,2025-07-01,87.38,0.1,1,45.68,0.99,1
CUST_007875,google_ads,true,2025-03-01,51.44,0.0,1,32.32,0.99,1
CUST_007892,meta_ads,true,2025-02-01,86.18,0.0,1,53.85,0.99,1
CUST_007909,creator_network,false,2024-12-01,79.58,0.1,1,42.03,0.99,1
CUST_007910,google_ads,true,2025-02-01,105.40,0.0,1,66.66,0.99,1
CUST_007927,google_ads,true,2025-10-01,106.44,0.25,1,45.69,0.99,0
CUST_007961,google_ads,true,2025-10-01,63.38,0.1,1,35.31,0.99,0
CUST_007970,meta_ads,true,2025-11-01,71.46,0.0,1,46.78,0.99,0
CUST_007984,google_ads,true,2024-07-01,77.90,0.0,1,48.42,0.99,1
CUST_007993,meta_ads,true,2024-09-01,72.97,0.0,2,67.84,0.47,1
CUST_007999,google_ads,true,2025-11-01,99.38,0.0,1,-36.55,0.99,0
CUST_008002,google_ads,true,2025-06-01,100.96,0.15,1,48.17,0.99,1
CUST_008015,google_ads,true,2025-06-01,97.22,0.0,1,65.63,0.99,1
CUST_008022,creator_network,false,2025-10-01,58.10,0.1501,2,76.27,0.95,0
CUST_008041,google_ads,true,2025-12-01,94.40,0.0,1,61.88,0.99,0
CUST_008074,google_ads,true,2025-06-01,76.96,0.2,1,34.58,0.99,1
CUST_008098,google_ads,true,2024-06-01,142.85,0.0,1,89.84,0.99,1
CUST_008110,google_ads,true,2025-08-01,88.11,0.0,1,57.77,0.99,1
CUST_008135,meta_ads,true,2025-06-01,93.03,0.0,1,62.67,0.99,1
CUST_008156,organic_search,false,2024-06-01,30.79,0.0,1,19.98,0.99,1
CUST_008158,google_ads,true,2024-12-01,116.35,0.0,2,156.18,2.02,1
CUST_008192,direct,false,2024-12-01,132.20,0.0,1,86.83,0.99,1
CUST_008211,google_ads,true,2024-06-01,101.16,0.0,1,-3.07,0.99,1
CUST_008222,meta_ads,true,2024-07-01,115.69,0.15,1,59.09,0.99,1
CUST_008228,meta_ads,true,2024-05-01,69.96,0.0,1,46.13,0.99,1
CUST_008237,google_ads,true,2025-07-01,120.61,0.0,1,-45.10,0.99,1
CUST_008242,google_ads,true,2025-06-01,96.88,0.0,1,60.32,0.99,1
CUST_008255,google_ads,true,2024-12-01,137.77,0.0,3,200.39,5.68,1
CUST_008275,organic_search,false,2025-03-01,104.94,0.0,1,70.62,0.99,1
CUST_008276,direct,false,2025-08-01,76.86,0.2,1,32.60,0.99,1
CUST_008278,google_ads,true,2025-01-01,112.16,0.0,1,73.83,0.99,1
CUST_008284,creator_network,false,2024-10-01,39.35,0.1001,1,21.58,0.99,1
CUST_008287,google_ads,true,2025-01-01,48.35,0.0,3,104.54,1.56,1
CUST_008293,google_ads,true,2024-03-01,99.96,0.2,1,46.54,0.99,1
CUST_008299,creator_network,false,2024-01-01,64.86,0.1001,1,36.36,0.99,1
CUST_008300,google_ads,true,2025-09-01,110.97,0.1,1,58.72,0.99,1
CUST_008331,organic_search,false,2025-08-01,115.67,0.0,1,76.53,0.99,1
CUST_008365,meta_ads,true,2025-03-01,81.27,0.1,1,44.99,0.99,1
CUST_008395,meta_ads,true,2025-08-01,86.63,0.1499,1,45.70,0.99,1
CUST_008499,google_ads,true,2024-06-01,78.51,0.0,1,-28.29,0.99,1
CUST_008536,meta_ads,true,2024-10-01,99.73,0.0,2,126.49,0.73,1
CUST_008566,google_ads,true,2025-03-01,51.06,0.0,2,56.71,2.26,1
CUST_008586,meta_ads,true,2025-02-01,116.53,0.0,1,77.96,0.99,1
CUST_008603,google_ads,true,2025-10-01,158.18,0.0,2,172.89,0.49,0
CUST_008629,meta_ads,true,2024-09-01,115.06,0.1,1,65.76,0.99,1
CUST_008646,creator_network,false,2025-01-01,72.31,0.0,1,46.52,0.99,1
CUST_008648,creator_network,false,2024-04-01,69.65,0.15,1,32.90,0.99,1
CUST_008676,creator_network,false,2024-10-01,80.70,0.1,1,-36.50,0.99,1
CUST_008704,google_ads,true,2024-08-01,125.39,0.0,1,-41.39,0.99,1
CUST_008708,creator_network,false,2025-02-01,95.35,0.0,1,61.04,0.99,1
CUST_008712,google_ads,true,2024-09-01,108.25,0.15,1,51.77,0.99,1
CUST_008745,google_ads,true,2025-03-01,100.54,0.0,1,64.54,0.99,1
CUST_008764,organic_search,false,2025-11-01,32.39,0.0,1,21.06,0.99,0
CUST_008781,meta_ads,true,2024-05-01,125.55,0.0,3,212.75,3.80,1
CUST_008823,meta_ads,true,2024-05-01,85.88,0.1,3,146.68,1.65,1
CUST_008828,organic_search,false,2024-10-01,122.73,0.0,1,82.33,0.99,1
CUST_008870,meta_ads,true,2024-11-01,96.25,0.0,1,59.89,0.99,1
CUST_008898,meta_ads,true,2025-04-01,77.04,0.0,1,51.02,0.99,1
CUST_008902,creator_network,false,2025-11-01,63.24,0.0,1,41.70,0.99,0
CUST_008903,meta_ads,true,2025-08-01,134.08,0.0,1,88.81,0.99,1
CUST_008907,organic_search,false,2025-05-01,93.01,0.0,1,60.39,0.99,1
CUST_008920,google_ads,true,2025-04-01,100.44,0.15,1,52.62,0.99,1
CUST_008927,meta_ads,true,2025-04-01,95.20,0.15,1,50.38,0.99,1
CUST_008944,google_ads,true,2025-11-01,128.49,0.0,1,32.01,0.99,0
CUST_008950,meta_ads,true,2025-04-01,46.20,0.0,1,-15.28,0.99,1
CUST_008953,meta_ads,true,2024-01-01,83.44,0.1,2,112.20,1.00,1
CUST_008954,organic_search,false,2025-04-01,106.74,0.0,1,69.74,0.99,1
CUST_008962,creator_network,false,2025-03-01,75.67,0.1999,1,33.78,0.99,1
CUST_008996,creator_network,false,2025-03-01,81.79,0.1,1,43.43,0.99,1
CUST_009008,creator_network,false,2025-04-01,129.77,0.15,2,92.38,0.71,1
CUST_009014,meta_ads,true,2024-02-01,116.47,0.2,1,50.67,0.99,1
CUST_009016,google_ads,true,2024-03-01,134.49,0.0,1,85.66,0.99,1
CUST_009045,organic_search,false,2025-01-01,72.08,0.0,1,45.16,0.99,1
CUST_009053,google_ads,true,2024-02-01,81.69,0.0,1,52.10,0.99,1
CUST_009058,meta_ads,true,2024-08-01,53.25,0.0,1,34.37,0.99,1
CUST_009078,google_ads,true,2025-08-01,97.46,0.15,1,47.11,0.99,1
CUST_009080,meta_ads,true,2024-07-01,64.99,0.0,2,97.84,2.56,1
CUST_009082,google_ads,true,2025-02-01,138.06,0.0,1,86.89,0.99,1
CUST_009121,meta_ads,true,2025-10-01,102.46,0.2,2,91.32,0.53,0
CUST_009128,organic_search,false,2025-05-01,49.10,0.0,2,41.21,1.22,1
CUST_009137,meta_ads,true,2025-06-01,118.88,0.15,1,57.37,0.99,1
CUST_009153,google_ads,true,2024-05-01,84.61,0.15,1,-39.97,0.99,1
CUST_009155,creator_network,false,2024-06-01,75.99,0.0,1,-28.55,0.99,1
CUST_009161,meta_ads,true,2025-11-01,96.24,0.1,1,52.14,0.99,0
CUST_009187,meta_ads,true,2025-07-01,72.75,0.1001,1,38.92,0.99,1
CUST_009206,creator_network,false,2024-03-01,73.37,0.0,1,48.13,0.99,1
CUST_009233,google_ads,true,2025-11-01,171.07,0.0,1,114.95,0.99,0
CUST_009241,meta_ads,true,2024-10-01,79.34,0.2,1,34.77,0.99,1
CUST_009249,meta_ads,true,2024-07-01,74.85,0.25,1,29.96,0.99,1
CUST_009262,google_ads,true,2025-02-01,95.02,0.15,1,-45.38,0.99,1
CUST_009265,google_ads,true,2025-09-01,98.08,0.0,1,62.50,0.99,1
CUST_009298,direct,false,2025-09-01,103.86,0.0,1,68.91,0.99,1
CUST_009314,meta_ads,true,2024-11-01,106.54,0.1,1,58.67,0.99,1
CUST_009322,creator_network,false,2025-10-01,63.78,0.15,1,30.88,0.99,0
CUST_009341,google_ads,true,2025-06-01,81.90,0.0,1,51.68,0.99,1
CUST_009381,google_ads,true,2024-01-01,109.86,0.1,1,62.89,0.99,1
CUST_009391,direct,false,2025-12-01,105.10,0.0,1,71.11,0.99,0
CUST_009393,direct,false,2024-08-01,106.91,0.0,1,68.24,0.99,1
CUST_009416,google_ads,true,2024-03-01,118.18,0.0,1,80.29,0.99,1
CUST_009421,meta_ads,true,2025-11-01,88.69,0.2,1,-46.44,0.99,0
CUST_009429,google_ads,true,2025-01-01,111.20,0.0,2,152.75,0.19,1
CUST_009435,creator_network,false,2024-09-01,75.91,0.0,1,20.87,0.99,1
CUST_009502,meta_ads,true,2025-07-01,103.44,0.0,1,65.72,0.99,1
CUST_009504,creator_network,false,2025-11-01,92.11,0.1,1,50.22,0.99,0
CUST_009521,creator_network,false,2024-10-01,58.79,0.0,1,36.46,0.99,1
CUST_009541,creator_network,false,2024-06-01,82.73,0.0,1,51.82,0.99,1
CUST_009586,google_ads,true,2025-09-01,138.92,0.0,1,86.47,0.99,1
CUST_009590,google_ads,true,2025-09-01,128.49,0.2,2,137.64,1.05,0
CUST_009626,meta_ads,true,2024-10-01,85.01,0.15,1,44.05,0.99,1
CUST_009629,google_ads,true,2024-02-01,154.20,0.0,1,96.39,0.99,1
CUST_009705,creator_network,false,2024-11-01,74.72,0.15,1,37.96,0.99,1
CUST_009717,meta_ads,true,2024-07-01,100.33,0.0,1,66.88,0.99,1
CUST_009730,meta_ads,true,2024-05-01,63.66,0.1001,1,36.36,0.99,1
CUST_009764,meta_ads,true,2025-12-01,81.82,0.2,1,37.90,0.99,0
CUST_009770,meta_ads,true,2024-06-01,55.89,0.0,1,37.94,0.99,1
CUST_009771,direct,false,2025-08-01,101.77,0.0,1,-34.39,0.99,1
CUST_009795,meta_ads,true,2025-03-01,93.57,0.1,2,56.34,2.23,1
CUST_009834,creator_network,false,2025-12-01,60.32,0.15,1,30.60,0.99,0
CUST_009857,google_ads,true,2024-03-01,112.90,0.0,1,72.54,0.99,1
CUST_009894,meta_ads,true,2025-07-01,88.57,0.1,1,-42.11,0.99,1
CUST_009934,meta_ads,true,2024-01-01,84.67,0.1,3,36.07,5.19,1
CUST_009949,direct,false,2025-03-01,67.61,0.25,1,27.08,0.99,1
CUST_009960,direct,false,2024-08-01,108.51,0.0,1,73.63,0.99,1
CUST_010003,meta_ads,true,2024-06-01,65.78,0.1,1,36.02,0.99,1
CUST_010012,meta_ads,true,2025-07-01,89.06,0.0,1,60.07,0.99,1
CUST_010022,meta_ads,true,2024-01-01,124.19,0.0,1,79.71,0.99,1
CUST_010027,creator_network,false,2025-11-01,61.84,0.1501,1,1.93,0.99,0
CUST_010045,organic_search,false,2025-08-01,101.48,0.15,1,47.96,0.99,1
CUST_010061,organic_search,false,2024-08-01,96.83,0.0,1,63.74,0.99,1
CUST_010110,meta_ads,true,2024-06-01,87.10,0.0,1,54.93,0.99,1
CUST_010112,creator_network,false,2024-02-01,75.97,0.25,2,80.37,0.82,1
CUST_010113,creator_network,false,2025-07-01,76.68,0.15,1,37.50,0.99,1
CUST_010123,meta_ads,true,2025-10-01,116.07,0.0,1,74.37,0.99,0
CUST_010145,creator_network,false,2025-05-01,70.69,0.1,1,38.77,0.99,1
CUST_010175,google_ads,true,2024-06-01,113.49,0.2,1,52.00,0.99,1
CUST_010180,creator_network,false,2025-07-01,66.95,0.2,1,-38.54,0.99,1
CUST_010187,google_ads,true,2025-10-01,100.83,0.0,1,-34.05,0.99,0
CUST_010209,meta_ads,true,2024-01-01,51.69,0.0,1,-17.47,0.99,1
CUST_010220,google_ads,true,2024-04-01,102.84,0.15,1,53.42,0.99,1
CUST_010222,google_ads,true,2025-07-01,70.49,0.1,1,38.40,0.99,1
CUST_010223,google_ads,true,2025-12-01,95.91,0.0,1,64.94,0.99,0
CUST_010229,meta_ads,true,2024-07-01,88.34,0.0,1,56.20,0.99,1
CUST_010230,meta_ads,true,2024-08-01,77.20,0.1,2,77.56,4.62,1
CUST_010280,creator_network,false,2025-01-01,85.92,0.15,1,43.30,0.99,1
CUST_010294,meta_ads,true,2025-06-01,100.12,0.0,1,62.91,0.99,1
CUST_010325,meta_ads,true,2024-07-01,86.72,0.25,1,37.05,0.99,1
CUST_010326,direct,false,2024-08-01,50.03,0.0,1,31.19,0.99,1
CUST_010337,meta_ads,true,2024-08-01,97.58,0.15,1,48.58,0.99,1
CUST_010388,meta_ads,true,2025-12-01,78.02,0.1999,1,32.96,0.99,0
CUST_010402,creator_network,false,2024-09-01,68.92,0.0,1,44.87,0.99,1
CUST_010416,google_ads,true,2025-09-01,72.42,0.0,1,47.47,0.99,1
CUST_010419,google_ads,true,2024-12-01,68.09,0.25,1,25.54,0.99,1
CUST_010421,organic_search,false,2024-06-01,92.95,0.0,1,60.05,0.99,1
CUST_010452,google_ads,true,2025-12-01,95.82,0.0,1,-33.74,0.99,0
CUST_010456,google_ads,true,2025-01-01,92.30,0.0,3,178.01,2.90,1
CUST_010482,organic_search,false,2025-07-01,57.79,0.0,1,37.27,0.99,1
CUST_010515,meta_ads,true,2025-06-01,54.59,0.1,1,29.54,0.99,1
CUST_010563,meta_ads,true,2024-04-01,79.78,0.0,1,52.95,0.99,1
CUST_010607,organic_search,false,2025-06-01,111.33,0.2,1,50.70,0.99,1
CUST_010649,direct,false,2025-12-01,113.56,0.0,1,70.95,0.99,0
CUST_010669,meta_ads,true,2025-07-01,86.75,0.0,2,102.13,0.39,1
CUST_010671,creator_network,false,2025-11-01,99.35,0.15,1,52.15,0.99,0
CUST_010725,meta_ads,true,2025-07-01,50.21,0.0,1,31.88,0.99,1
CUST_010730,meta_ads,true,2025-05-01,72.77,0.1,1,-30.64,0.99,1
CUST_010733,google_ads,true,2025-08-01,110.99,0.0,1,75.22,0.99,1
CUST_010745,creator_network,false,2025-01-01,96.33,0.0,1,60.26,0.99,1
CUST_010782,meta_ads,true,2025-02-01,81.68,0.1,3,68.26,4.23,1
CUST_010792,meta_ads,true,2024-10-01,97.12,0.0,1,61.23,0.99,1
CUST_010799,meta_ads,true,2025-08-01,69.35,0.0,1,-22.25,0.99,1
CUST_010848,meta_ads,true,2025-10-01,75.25,0.0,1,47.58,0.99,0
CUST_010892,meta_ads,true,2024-04-01,114.44,0.0,1,71.76,0.99,1
CUST_010909,meta_ads,true,2025-10-01,51.61,0.0,1,-18.54,0.99,0
CUST_010926,organic_search,false,2024-07-01,53.21,0.0,1,15.45,0.99,1
CUST_010934,meta_ads,true,2025-08-01,103.40,0.15,1,53.40,0.99,1
CUST_010936,creator_network,false,2024-07-01,70.07,0.1,2,7.37,1.33,1
CUST_010950,meta_ads,true,2025-12-01,117.76,0.0,1,-42.62,0.99,0
CUST_010969,organic_search,false,2025-06-01,53.36,0.0,1,33.75,0.99,1
CUST_010977,meta_ads,true,2025-11-01,102.34,0.0,1,18.53,0.99,0
CUST_010982,google_ads,true,2025-04-01,117.77,0.0,1,77.87,0.99,1
CUST_010992,organic_search,false,2025-05-01,64.26,0.2,1,29.89,0.99,1
CUST_010994,google_ads,true,2025-02-01,122.63,0.1,1,65.04,0.99,1
CUST_011019,google_ads,true,2024-12-01,89.20,0.0,1,58.94,0.99,1
CUST_011047,google_ads,true,2024-02-01,81.38,0.0,1,54.88,0.99,1
CUST_011068,google_ads,true,2024-10-01,134.41,0.15,1,69.03,0.99,1
CUST_011150,meta_ads,true,2025-10-01,108.65,0.0,1,-40.09,0.99,0
CUST_011158,meta_ads,true,2024-06-01,98.52,0.15,1,49.56,0.99,1
CUST_011160,google_ads,true,2025-06-01,113.91,0.15,1,57.84,0.99,1
CUST_011186,meta_ads,true,2025-12-01,92.48,0.15,1,48.45,0.99,0
CUST_011188,google_ads,true,2025-06-01,131.38,0.15,1,67.39,0.99,1
CUST_011200,meta_ads,true,2025-11-01,81.22,0.0,1,53.23,0.99,0
CUST_011204,meta_ads,true,2025-08-01,92.03,0.0,1,58.47,0.99,1
CUST_011207,meta_ads,true,2025-08-01,109.81,0.2,2,90.67,1.07,1
CUST_011208,direct,false,2024-08-01,92.83,0.0,1,58.21,0.99,1
CUST_011224,organic_search,false,2025-11-01,88.47,0.0,1,5.59,0.99,0
CUST_011232,meta_ads,true,2025-05-01,109.83,0.2,1,50.05,0.99,1
CUST_011233,meta_ads,true,2024-04-01,87.41,0.0,2,105.77,1.06,1
CUST_011248,organic_search,false,2024-11-01,107.03,0.1,1,56.97,0.99,1
CUST_011257,meta_ads,true,2024-01-01,92.68,0.2,1,39.38,0.99,1
CUST_011269,organic_search,false,2025-11-01,110.07,0.0,1,69.70,0.99,0
CUST_011302,google_ads,true,2024-07-01,99.64,0.0,1,66.33,0.99,1
CUST_011325,meta_ads,true,2025-11-01,57.59,0.15,1,27.09,0.99,0
CUST_011331,google_ads,true,2025-09-01,114.81,0.0,1,75.30,0.99,1
CUST_011333,google_ads,true,2025-10-01,73.40,0.0,2,80.92,2.26,0
CUST_011342,meta_ads,true,2024-06-01,135.13,0.0,1,89.74,0.99,1
CUST_011354,direct,false,2025-05-01,72.60,0.0,1,48.55,0.99,1
CUST_011401,creator_network,false,2024-05-01,65.71,0.0,1,44.39,0.99,1
CUST_011414,meta_ads,true,2024-04-01,92.89,0.0,2,109.50,2.85,1
CUST_011418,google_ads,true,2024-11-01,107.12,0.0,2,130.17,1.63,1
CUST_011440,meta_ads,true,2025-08-01,113.28,0.0,1,71.38,0.99,1
CUST_011450,organic_search,false,2025-10-01,89.58,0.0,1,55.80,0.99,0
CUST_011468,meta_ads,true,2025-06-01,131.18,0.1,1,73.96,0.99,1
CUST_011496,organic_search,false,2025-03-01,85.72,0.0,2,96.98,0.60,1
CUST_011501,creator_network,false,2024-10-01,77.84,0.1501,2,84.68,1.65,1
CUST_011514,google_ads,true,2024-12-01,90.25,0.0,2,145.06,1.61,1
CUST_011550,meta_ads,true,2025-12-01,71.70,0.0,1,45.51,0.99,0
CUST_011554,meta_ads,true,2025-06-01,55.61,0.0,1,35.81,0.99,1
CUST_011587,meta_ads,true,2024-12-01,82.36,0.2,1,34.83,0.99,1
CUST_011588,creator_network,false,2024-02-01,124.13,0.2,2,10.37,0.95,1
CUST_011589,meta_ads,true,2025-08-01,62.97,0.1501,1,30.20,0.99,1
CUST_011607,organic_search,false,2024-11-01,91.90,0.0,1,59.14,0.99,1
CUST_011640,google_ads,true,2024-12-01,124.74,0.0,1,83.13,0.99,1
CUST_011673,google_ads,true,2024-08-01,84.69,0.0,1,55.06,0.99,1
CUST_011678,organic_search,false,2025-05-01,93.18,0.0,1,59.16,0.99,1
CUST_011698,google_ads,true,2025-11-01,69.50,0.1499,1,34.37,0.99,0
CUST_011714,meta_ads,true,2024-12-01,91.86,0.2499,2,68.36,1.60,1
CUST_011721,creator_network,false,2024-04-01,52.25,0.0,1,34.52,0.99,1
CUST_011728,creator_network,false,2025-08-01,67.30,0.1,1,38.28,0.99,1
CUST_011775,google_ads,true,2025-12-01,111.42,0.0,1,69.31,0.99,0
CUST_011803,organic_search,false,2024-11-01,69.56,0.0,1,46.46,0.99,1
CUST_011852,meta_ads,true,2025-10-01,92.79,0.2,1,-52.50,0.99,0
CUST_011854,meta_ads,true,2025-08-01,112.28,0.0,1,69.82,0.99,1
CUST_011886,creator_network,false,2024-04-01,73.92,0.15,1,38.46,0.99,1
CUST_011897,meta_ads,true,2024-03-01,92.27,0.1,1,52.10,0.99,1
CUST_011901,organic_search,false,2024-03-01,92.69,0.25,1,38.49,0.99,1
CUST_011910,meta_ads,true,2024-01-01,83.40,0.0,2,105.99,3.18,1
CUST_011913,organic_search,false,2024-07-01,95.36,0.0,1,62.20,0.99,1
CUST_011917,google_ads,true,2025-10-01,84.39,0.0,1,54.33,0.99,0
CUST_011921,direct,false,2025-09-01,116.50,0.0,1,76.26,0.99,1
CUST_011925,google_ads,true,2024-09-01,114.59,0.1,2,127.22,0.86,1
CUST_011949,meta_ads,true,2025-03-01,86.84,0.1,1,-41.47,0.99,1
CUST_011952,meta_ads,true,2024-05-01,63.69,0.0,1,42.77,0.99,1
CUST_011984,meta_ads,true,2024-04-01,110.15,0.15,1,53.86,0.99,1
CUST_011986,direct,false,2025-04-01,80.95,0.0,1,50.87,0.99,1
CUST_011998,direct,false,2024-10-01,113.57,0.0,1,71.59,0.99,1
CUST_012009,organic_search,false,2025-01-01,104.63,0.0,1,67.15,0.99,1
CUST_012022,meta_ads,true,2025-04-01,95.49,0.15,1,-16.43,0.99,1
CUST_012034,creator_network,false,2025-03-01,104.23,0.0,1,70.32,0.99,1
CUST_012046,creator_network,false,2024-04-01,112.37,0.0,1,-39.88,0.99,1
CUST_012050,meta_ads,true,2024-06-01,81.20,0.0,1,50.43,0.99,1
CUST_012060,google_ads,true,2025-04-01,93.00,0.0,1,58.13,0.99,1
CUST_012088,meta_ads,true,2025-04-01,74.09,0.0,2,102.92,1.77,1
CUST_012092,google_ads,true,2024-08-01,130.87,0.0,1,86.51,0.99,1
CUST_012121,meta_ads,true,2024-11-01,99.04,0.0,1,-33.74,0.99,1
CUST_012125,meta_ads,true,2024-10-01,93.03,0.1,1,16.23,0.99,1
CUST_012135,meta_ads,true,2024-04-01,74.38,0.0,1,47.89,0.99,1
CUST_012222,meta_ads,true,2024-03-01,113.20,0.0,1,71.79,0.99,1
CUST_012233,google_ads,true,2024-04-01,72.16,0.0,2,32.87,0.34,1
CUST_012236,meta_ads,true,2025-12-01,96.76,0.0,1,60.19,0.99,0
CUST_012240,creator_network,false,2025-12-01,83.41,0.2,1,35.32,0.99,0
CUST_012242,meta_ads,true,2024-02-01,90.70,0.0,1,57.07,0.99,1
CUST_012247,meta_ads,true,2024-02-01,94.93,0.0,2,100.82,0.55,1
CUST_012298,direct,false,2025-05-01,108.60,0.0,1,68.61,0.99,1
CUST_012309,meta_ads,true,2024-06-01,96.32,0.0,2,11.50,2.40,1
CUST_012325,creator_network,false,2024-07-01,85.73,0.1,1,10.23,0.99,1
CUST_012353,google_ads,true,2024-08-01,99.67,0.1,1,56.23,0.99,1
CUST_012377,direct,false,2024-03-01,85.40,0.0,1,53.09,0.99,1
CUST_012393,meta_ads,true,2025-06-01,121.79,0.2,1,1.07,0.99,1
CUST_012403,meta_ads,true,2024-12-01,65.49,0.0,1,42.28,0.99,1
CUST_012424,direct,false,2025-02-01,69.62,0.1999,1,-37.92,0.99,1
CUST_012432,creator_network,false,2024-02-01,84.98,0.0,1,55.75,0.99,1
CUST_012444,direct,false,2024-08-01,120.95,0.0,1,80.39,0.99,1
CUST_012463,google_ads,true,2025-12-01,136.02,0.0,1,90.20,0.99,0
CUST_012471,meta_ads,true,2025-07-01,59.46,0.15,1,29.06,0.99,1
CUST_012474,meta_ads,true,2024-10-01,65.59,0.0,1,41.39,0.99,1
CUST_012476,meta_ads,true,2024-11-01,106.69,0.0,1,68.99,0.99,1
CUST_012488,google_ads,true,2024-03-01,106.12,0.2,2,139.54,1.80,1
CUST_000010,organic_search,false,2025-07-01,108.64,0.0,1,72.18,0.99,1
CUST_000017,google_ads,true,2024-10-01,99.32,0.0,1,65.91,0.99,1
CUST_000030,meta_ads,true,2024-02-01,72.91,0.1,1,39.32,0.99,1
CUST_000059,organic_search,false,2024-02-01,87.61,0.0,2,152.47,2.95,1
CUST_000073,meta_ads,true,2024-01-01,43.35,0.0,1,28.53,0.99,1
CUST_000080,meta_ads,true,2024-04-01,80.30,0.0,1,52.04,0.99,1
CUST_000101,meta_ads,true,2024-02-01,66.66,0.0,3,130.72,5.97,1
CUST_000134,google_ads,true,2024-10-01,102.29,0.15,1,53.66,0.99,1
CUST_000145,meta_ads,true,2024-09-01,89.68,0.1,1,-41.74,0.99,1
CUST_000167,organic_search,false,2024-10-01,169.35,0.15,1,-87.63,0.99,1
CUST_000184,meta_ads,true,2025-10-01,72.21,0.0,2,16.28,1.46,0
CUST_000195,creator_network,false,2024-10-01,69.70,0.0,1,44.74,0.99,1
CUST_000198,organic_search,false,2025-11-01,122.51,0.0,2,119.34,0.90,0
CUST_000206,organic_search,false,2024-01-01,139.30,0.0,1,89.31,0.99,1
CUST_000223,organic_search,false,2024-04-01,59.76,0.0,1,37.70,0.99,1
CUST_000268,direct,false,2025-07-01,65.10,0.0,2,122.97,2.11,1
CUST_000277,meta_ads,true,2025-09-01,51.08,0.15,1,24.87,0.99,1
CUST_000292,meta_ads,true,2024-02-01,91.67,0.1,1,50.78,0.99,1
CUST_000303,creator_network,false,2025-03-01,86.70,0.0,1,-28.39,0.99,1
CUST_000331,meta_ads,true,2024-11-01,78.01,0.0,1,52.25,0.99,1
CUST_000336,creator_network,false,2024-02-01,68.76,0.1499,1,33.46,0.99,1
CUST_000339,meta_ads,true,2025-02-01,106.41,0.0,1,67.08,0.99,1
CUST_000399,organic_search,false,2025-08-01,144.87,0.0,1,90.68,0.99,1
CUST_000420,google_ads,true,2025-08-01,129.85,0.1,1,67.61,0.99,1
CUST_000449,organic_search,false,2024-11-01,96.82,0.15,1,49.04,0.99,1
CUST_000462,meta_ads,true,2025-06-01,32.28,0.2001,1,-16.95,0.99,1
CUST_000477,meta_ads,true,2024-03-01,67.49,0.1499,3,77.91,5.45,1
CUST_000479,meta_ads,true,2025-12-01,59.64,0.0,1,39.93,0.99,0
CUST_000496,direct,false,2024-11-01,109.69,0.0,1,73.68,0.99,1
CUST_000498,organic_search,false,2024-03-01,70.47,0.0,1,47.82,0.99,1
CUST_000502,meta_ads,true,2025-03-01,94.89,0.0,1,61.97,0.99,1
CUST_000506,creator_network,false,2024-06-01,58.64,0.0,1,36.73,0.99,1
CUST_000518,google_ads,true,2025-09-01,90.04,0.0,1,59.72,0.99,1
CUST_000525,google_ads,true,2025-09-01,75.07,0.0,1,48.42,0.99,1
CUST_000526,meta_ads,true,2025-02-01,83.63,0.1499,1,43.26,0.99,1
CUST_000530,meta_ads,true,2025-10-01,97.95,0.0,1,62.56,0.99,0
CUST_000545,google_ads,true,2025-05-01,99.73,0.0,2,135.81,0.98,1
CUST_000577,organic_search,false,2024-05-01,88.80,0.0,1,-33.05,0.99,1
CUST_000595,organic_search,false,2025-11-01,77.93,0.0,2,98.45,1.24,0
CUST_000602,meta_ads,true,2024-09-01,115.23,0.1,2,114.65,1.07,1
CUST_000604,creator_network,false,2024-03-01,97.75,0.2,1,45.51,0.99,1
CUST_000640,meta_ads,true,2024-11-01,66.76,0.1499,1,33.57,0.99,1
CUST_000663,google_ads,true,2025-05-01,87.93,0.0,1,55.60,0.99,1
CUST_000673,google_ads,true,2024-03-01,57.47,0.1001,1,30.48,0.99,1
CUST_000720,meta_ads,true,2025-07-01,99.42,0.0,1,64.92,0.99,1
CUST_000732,google_ads,true,2025-09-01,96.04,0.2,1,-20.45,0.99,1
CUST_000737,meta_ads,true,2024-12-01,105.97,0.2,1,45.09,0.99,1
CUST_000758,meta_ads,true,2025-03-01,57.56,0.0,1,36.11,0.99,1
CUST_000778,creator_network,false,2025-07-01,80.37,0.0,1,53.76,0.99,1
CUST_000779,google_ads,true,2025-07-01,90.97,0.0,1,-30.48,0.99,1
CUST_000796,meta_ads,true,2025-10-01,58.13,0.0999,1,31.77,0.99,0
CUST_000805,google_ads,true,2025-01-01,97.69,0.0,2,113.56,0.48,1
CUST_000807,google_ads,true,2025-11-01,132.44,0.0,1,87.96,0.99,0
CUST_000845,google_ads,true,2024-05-01,68.98,0.0,1,44.84,0.99,1
CUST_000856,creator_network,false,2024-06-01,72.61,0.1,1,41.08,0.99,1
CUST_000887,google_ads,true,2025-06-01,48.40,0.0,1,31.51,0.99,1
CUST_000890,meta_ads,true,2024-08-01,103.85,0.2,1,46.25,0.99,1
CUST_000895,meta_ads,true,2025-06-01,74.54,0.0,1,49.91,0.99,1
CUST_000899,meta_ads,true,2024-01-01,98.68,0.0,1,61.34,0.99,1
CUST_000913,meta_ads,true,2025-05-01,117.69,0.15,1,58.15,0.99,1
CUST_000921,direct,false,2025-10-01,106.90,0.0,2,148.56,0.68,0
CUST_000929,meta_ads,true,2025-05-01,146.29,0.0,1,97.15,0.99,1
CUST_000963,meta_ads,true,2024-08-01,125.23,0.2,1,55.65,0.99,1
CUST_001018,direct,false,2025-04-01,110.56,0.0,1,71.76,0.99,1
CUST_001027,organic_search,false,2025-10-01,88.34,0.0,1,57.24,0.99,0
CUST_001032,google_ads,true,2025-04-01,105.01,0.0,1,70.96,0.99,1
CUST_001047,google_ads,true,2024-08-01,97.49,0.1,1,19.53,0.99,1
CUST_001064,google_ads,true,2024-12-01,117.26,0.1,1,66.00,0.99,1
CUST_001070,organic_search,false,2024-09-01,89.25,0.0,1,56.23,0.99,1
CUST_001080,creator_network,false,2025-12-01,102.90,0.0,1,-33.72,0.99,0
CUST_001098,meta_ads,true,2024-06-01,84.81,0.0,1,55.64,0.99,1
CUST_001100,direct,false,2024-11-01,103.24,0.1,1,58.20,0.99,1
CUST_001105,meta_ads,true,2025-12-01,86.75,0.1001,1,46.65,0.99,0
CUST_001125,google_ads,true,2025-06-01,128.20,0.0,1,-45.45,0.99,1
CUST_001137,creator_network,false,2025-10-01,78.82,0.15,1,40.61,0.99,0
CUST_001143,google_ads,true,2025-06-01,130.56,0.25,3,150.18,3.39,1
CUST_001158,google_ads,true,2025-10-01,121.52,0.0,1,79.20,0.99,0
CUST_001162,meta_ads,true,2024-05-01,110.24,0.15,1,53.22,0.99,1
CUST_001169,organic_search,false,2024-01-01,100.06,0.0,1,-33.45,0.99,1
CUST_001175,direct,false,2025-05-01,71.12,0.0,1,44.96,0.99,1
CUST_001184,google_ads,true,2025-11-01,109.53,0.0,1,70.83,0.99,0
CUST_001190,creator_network,false,2025-07-01,84.53,0.15,1,40.67,0.99,1
CUST_001208,meta_ads,true,2025-01-01,103.26,0.0,1,65.64,0.99,1
CUST_001210,creator_network,false,2025-12-01,50.14,0.0999,1,-23.24,0.99,0
CUST_001246,meta_ads,true,2025-05-01,104.05,0.0,4,84.07,3.56,1
CUST_001285,meta_ads,true,2024-10-01,66.54,0.0999,1,35.57,0.99,1
CUST_001295,organic_search,false,2025-09-01,135.64,0.1,1,76.93,0.99,1
CUST_001302,meta_ads,true,2025-11-01,112.45,0.0,1,75.24,0.99,0
CUST_001306,meta_ads,true,2025-10-01,90.22,0.0,1,57.12,0.99,0
CUST_001310,meta_ads,true,2025-09-01,32.15,0.1002,1,17.35,0.99,1
CUST_001326,meta_ads,true,2024-10-01,124.63,0.2,1,57.58,0.99,1
CUST_001342,google_ads,true,2025-01-01,113.89,0.0,2,142.34,1.43,1
CUST_001343,meta_ads,true,2025-10-01,149.29,0.0,1,97.08,0.99,0
CUST_001360,google_ads,true,2025-04-01,98.29,0.0,1,63.86,0.99,1
CUST_001366,creator_network,false,2024-05-01,84.37,0.0,1,54.59,0.99,1
CUST_001374,organic_search,false,2025-02-01,102.67,0.0,1,65.00,0.99,1
CUST_001432,organic_search,false,2025-03-01,92.37,0.0,1,-33.36,0.99,1
CUST_001433,meta_ads,true,2025-02-01,75.90,0.0,1,47.74,0.99,1
CUST_001435,google_ads,true,2024-05-01,98.33,0.0,1,63.80,0.99,1
CUST_001461,meta_ads,true,2024-12-01,107.83,0.0,1,72.75,0.99,1
CUST_001462,google_ads,true,2025-06-01,122.53,0.1,1,69.42,0.99,1
CUST_001465,creator_network,false,2025-12-01,128.67,0.15,1,66.02,0.99,0
CUST_001484,meta_ads,true,2024-01-01,84.52,0.2,1,40.16,0.99,1
CUST_001494,meta_ads,true,2024-03-01,101.79,0.0,1,69.00,0.99,1
CUST_001500,creator_network,false,2025-10-01,66.98,0.15,1,32.82,0.99,0
CUST_001506,organic_search,false,2024-12-01,58.82,0.0,1,39.86,0.99,1
CUST_001509,google_ads,true,2025-05-01,98.73,0.0,1,62.09,0.99,1
CUST_001516,meta_ads,true,2024-01-01,118.43,0.15,1,60.61,0.99,1
CUST_001524,meta_ads,true,2024-04-01,85.67,0.2,1,38.49,0.99,1
CUST_001540,meta_ads,true,2025-03-01,120.25,0.15,1,-62.69,0.99,1
CUST_001543,google_ads,true,2025-04-01,125.64,0.0,1,83.90,0.99,1
CUST_001547,meta_ads,true,2025-09-01,116.68,0.0,1,76.28,0.99,1
CUST_001597,google_ads,true,2024-09-01,93.47,0.0,2,139.00,3.30,1
CUST_001612,google_ads,true,2025-06-01,87.39,0.0,1,58.81,0.99,1
CUST_001613,meta_ads,true,2025-03-01,101.44,0.0,1,63.84,0.99,1
CUST_001629,creator_network,false,2024-04-01,72.21,0.15,1,36.87,0.99,1
CUST_001650,meta_ads,true,2025-07-01,88.73,0.0,1,59.53,0.99,1
CUST_001651,google_ads,true,2024-02-01,97.29,0.15,1,49.93,0.99,1
CUST_001656,organic_search,false,2025-11-01,65.72,0.0,1,44.13,0.99,0
CUST_001737,direct,false,2025-01-01,108.69,0.0,1,24.57,0.99,1
CUST_001743,organic_search,false,2025-08-01,58.93,0.0,1,36.61,0.99,1
CUST_001746,meta_ads,true,2025-02-01,104.86,0.0,1,65.56,0.99,1
CUST_001751,meta_ads,true,2025-03-01,100.60,0.15,1,48.05,0.99,1
CUST_001762,organic_search,false,2025-10-01,140.60,0.2,1,67.44,0.99,0
CUST_001767,direct,false,2025-07-01,51.96,0.0,1,32.60,0.99,1
CUST_001786,creator_network,false,2025-11-01,78.89,0.1,1,45.00,0.99,0
CUST_001788,organic_search,false,2025-05-01,95.64,0.0,3,176.47,1.02,1
CUST_001803,meta_ads,true,2024-11-01,114.25,0.1,1,63.32,0.99,1
CUST_001823,google_ads,true,2025-05-01,99.95,0.1001,1,56.80,0.99,1
CUST_001856,google_ads,true,2024-08-01,140.89,0.0,1,-49.21,0.99,1
CUST_001859,organic_search,false,2025-10-01,89.15,0.0,1,59.39,0.99,0
CUST_001879,meta_ads,true,2024-09-01,113.06,0.0,1,75.32,0.99,1
CUST_001922,google_ads,true,2024-01-01,60.08,0.2001,1,25.53,0.99,1
CUST_001928,meta_ads,true,2025-02-01,87.83,0.0,1,-32.32,0.99,1
CUST_001965,direct,false,2025-04-01,80.20,0.0,1,51.77,0.99,1
CUST_001981,meta_ads,true,2024-06-01,72.19,0.0,1,48.18,0.99,1
CUST_002020,google_ads,true,2025-06-01,97.72,0.0,1,63.82,0.99,1
CUST_002026,meta_ads,true,2024-08-01,109.71,0.1,1,59.22,0.99,1
CUST_002037,google_ads,true,2024-04-01,89.20,0.2,1,40.28,0.99,1
CUST_002050,creator_network,false,2024-03-01,55.05,0.0,3,134.39,2.87,1
CUST_002069,creator_network,false,2024-06-01,103.92,0.0,1,15.48,0.99,1
CUST_002090,meta_ads,true,2024-11-01,58.84,0.0,1,39.59,0.99,1
CUST_002092,direct,false,2025-12-01,110.98,0.0,1,72.24,0.99,0
CUST_002104,meta_ads,true,2025-07-01,65.47,0.1,1,35.47,0.99,1
CUST_002121,organic_search,false,2025-09-01,62.46,0.0,1,39.47,0.99,1
CUST_002128,meta_ads,true,2024-06-01,72.62,0.1,1,39.57,0.99,1
CUST_002129,creator_network,false,2025-10-01,94.74,0.2,1,43.94,0.99,0
CUST_002156,organic_search,false,2024-08-01,116.63,0.0,1,76.90,0.99,1
CUST_002191,organic_search,false,2024-08-01,113.66,0.1,2,9.43,0.29,1
CUST_002214,meta_ads,true,2025-12-01,114.59,0.1,1,61.29,0.99,0
CUST_002222,meta_ads,true,2025-03-01,113.78,0.1,1,63.87,0.99,1
CUST_002279,google_ads,true,2025-05-01,42.23,0.0,1,26.97,0.99,1
CUST_002285,google_ads,true,2024-05-01,115.95,0.0,1,73.44,0.99,1
CUST_002320,google_ads,true,2024-12-01,114.39,0.15,3,158.64,1.08,1
CUST_002372,google_ads,true,2025-10-01,122.43,0.0,1,81.81,0.99,1
CUST_002373,google_ads,true,2025-07-01,85.03,0.0,1,53.97,0.99,1
CUST_002399,meta_ads,true,2025-06-01,111.26,0.2,1,51.39,0.99,1
CUST_002410,meta_ads,true,2025-01-01,63.73,0.0,1,-22.64,0.99,1
CUST_002467,google_ads,true,2024-12-01,154.46,0.1,2,123.29,1.90,1
CUST_002469,google_ads,true,2025-02-01,112.71,0.0,1,74.74,0.99,1
CUST_002474,meta_ads,true,2025-07-01,77.69,0.0,4,184.87,5.36,0
CUST_002488,creator_network,false,2025-10-01,90.71,0.15,1,47.82,0.99,0
CUST_002512,meta_ads,true,2025-10-01,112.15,0.0,2,107.73,1.56,0
CUST_002529,google_ads,true,2024-01-01,99.68,0.1,1,56.30,0.99,1
CUST_002536,organic_search,false,2025-09-01,92.82,0.0,3,183.94,3.23,0
CUST_002552,creator_network,false,2024-04-01,70.17,0.1,1,37.70,0.99,1
CUST_002557,meta_ads,true,2025-03-01,112.98,0.0,1,73.98,0.99,1
CUST_002565,meta_ads,true,2024-12-01,93.25,0.0,1,-30.36,0.99,1
CUST_002581,creator_network,false,2024-04-01,88.58,0.2,1,41.06,0.99,1
CUST_002623,google_ads,true,2025-01-01,88.84,0.2,1,37.75,0.99,1
CUST_002638,meta_ads,true,2025-08-01,126.44,0.0,1,82.12,0.99,1
CUST_002651,creator_network,false,2024-07-01,109.69,0.1,1,57.08,0.99,1
CUST_002658,google_ads,true,2025-10-01,57.72,0.1999,1,27.70,0.99,0
CUST_002665,meta_ads,true,2025-05-01,73.37,0.1999,1,32.15,0.99,1
CUST_002697,organic_search,false,2025-06-01,126.05,0.0,1,81.96,0.99,1
CUST_002720,google_ads,true,2024-01-01,97.48,0.2,1,4.24,0.99,1
CUST_002759,organic_search,false,2025-07-01,104.04,0.0,1,67.34,0.99,1
CUST_002760,google_ads,true,2024-03-01,120.01,0.0,2,27.17,0.78,1
CUST_002767,meta_ads,true,2025-03-01,72.51,0.0,2,3.14,2.07,1
CUST_002792,organic_search,false,2025-12-01,135.80,0.0,1,-50.30,0.99,0
CUST_002818,meta_ads,true,2024-01-01,73.12,0.0,1,46.31,0.99,1
CUST_002829,direct,false,2025-01-01,111.13,0.0,1,70.18,0.99,1
CUST_002833,google_ads,true,2024-04-01,127.10,0.1,1,-55.69,0.99,1
CUST_002838,meta_ads,true,2024-02-01,71.92,0.0,1,45.58,0.99,1
CUST_002845,creator_network,false,2025-04-01,74.68,0.1,1,39.30,0.99,1
CUST_002893,meta_ads,true,2025-08-01,84.71,0.1,1,48.48,0.99,1
CUST_002894,organic_search,false,2025-06-01,123.90,0.0,1,81.38,0.99,1
CUST_002901,google_ads,true,2024-05-01,100.05,0.0,1,67.05,0.99,1
CUST_002908,meta_ads,true,2024-07-01,76.16,0.0,1,50.56,0.99,1
CUST_002912,google_ads,true,2024-01-01,126.04,0.25,1,48.37,0.99,1
CUST_002914,meta_ads,true,2025-12-01,91.89,0.25,1,39.29,0.99,0
CUST_002921,meta_ads,true,2024-10-01,74.81,0.0,1,48.29,0.99,1
CUST_002965,organic_search,false,2025-10-01,74.49,0.0,1,48.06,0.99,0
CUST_002987,organic_search,false,2024-02-01,75.42,0.0,1,47.03,0.99,1
CUST_003013,organic_search,false,2024-10-01,61.16,0.0,1,39.14,0.99,1
CUST_003034,meta_ads,true,2024-04-01,42.06,0.1001,1,21.96,0.99,1
CUST_003036,organic_search,false,2024-09-01,85.76,0.25,1,33.88,0.99,1
CUST_003047,google_ads,true,2025-01-01,141.42,0.0,1,92.70,0.99,1
CUST_003055,meta_ads,true,2025-06-01,75.04,0.0,1,-25.50,0.99,1
CUST_003059,direct,false,2024-03-01,112.08,0.0,1,-36.59,0.99,1
CUST_003060,organic_search,false,2025-12-01,72.02,0.0,1,45.83,0.99,0
CUST_003070,google_ads,true,2025-06-01,119.55,0.0,1,78.03,0.99,1
CUST_003089,meta_ads,true,2025-04-01,103.56,0.1,2,101.34,1.11,1
CUST_003094,creator_network,false,2025-09-01,101.56,0.1,1,53.74,0.99,1
CUST_003109,creator_network,false,2025-04-01,102.96,0.0,1,66.45,0.99,1
CUST_003143,organic_search,false,2025-04-01,71.53,0.0,1,44.82,0.99,1
CUST_003168,meta_ads,true,2024-04-01,102.82,0.0,3,150.03,4.36,1
CUST_003169,google_ads,true,2025-08-01,49.82,0.0,1,32.43,0.99,1
CUST_003194,meta_ads,true,2024-10-01,93.07,0.1,1,50.52,0.99,1
CUST_003223,creator_network,false,2024-03-01,94.29,0.15,1,47.08,0.99,1
CUST_003225,direct,false,2024-06-01,116.71,0.1,1,66.76,0.99,1
CUST_003227,google_ads,true,2024-08-01,79.90,0.0,1,53.28,0.99,1
CUST_003229,google_ads,true,2024-04-01,138.95,0.0,1,93.37,0.99,1
CUST_003257,creator_network,false,2025-07-01,48.74,0.0999,1,-21.15,0.99,1
CUST_003260,meta_ads,true,2025-11-01,92.14,0.0,1,62.62,0.99,0
CUST_003277,organic_search,false,2025-10-01,78.77,0.0,1,50.25,0.99,0
CUST_003285,google_ads,true,2025-02-01,84.29,0.0,1,57.22,0.99,1
CUST_003287,meta_ads,true,2024-12-01,45.63,0.0,1,-15.07,0.99,1
CUST_003296,meta_ads,true,2024-03-01,80.50,0.1,1,-38.56,0.99,1
CUST_003301,google_ads,true,2025-01-01,90.53,0.0,1,56.77,0.99,1
CUST_003315,meta_ads,true,2024-07-01,83.53,0.0,1,55.80,0.99,1
CUST_003323,creator_network,false,2025-08-01,70.66,0.15,2,48.23,1.48,1
CUST_003339,direct,false,2025-05-01,97.57,0.0,1,63.28,0.99,1
CUST_003362,direct,false,2024-09-01,38.18,0.0,2,102.62,0.54,1
CUST_003375,google_ads,true,2025-09-01,101.58,0.0,1,66.80,0.99,1
CUST_003376,organic_search,false,2025-08-01,77.32,0.15,1,37.73,0.99,1
CUST_003386,meta_ads,true,2025-10-01,97.33,0.0,2,117.91,1.34,0
CUST_003393,organic_search,false,2025-10-01,62.82,0.1,1,34.15,0.99,0
CUST_003395,meta_ads,true,2025-11-01,90.34,0.0,1,60.18,0.99,0
CUST_003396,google_ads,true,2025-12-01,113.44,0.0,1,70.98,0.99,0
CUST_003407,direct,false,2025-10-01,70.86,0.0,1,47.62,0.99,0
CUST_003424,google_ads,true,2024-02-01,120.08,0.0,1,75.48,0.99,1
CUST_003458,google_ads,true,2025-06-01,80.56,0.0,1,52.35,0.99,1
CUST_003463,google_ads,true,2025-05-01,62.94,0.0,1,42.38,0.99,1
CUST_003471,organic_search,false,2024-01-01,113.28,0.0,1,75.87,0.99,1
CUST_003524,google_ads,true,2024-04-01,149.60,0.25,2,126.26,1.29,1
CUST_003538,organic_search,false,2024-11-01,86.04,0.0,1,55.37,0.99,1
CUST_003545,meta_ads,true,2025-10-01,63.90,0.0,1,40.93,0.99,0
CUST_003578,meta_ads,true,2025-02-01,89.47,0.15,1,44.26,0.99,1
CUST_003589,google_ads,true,2024-05-01,119.87,0.0,2,144.03,4.45,1
CUST_003593,creator_network,false,2025-04-01,79.73,0.0,1,-29.11,0.99,1
CUST_003622,creator_network,false,2024-07-01,60.08,0.1,1,31.31,0.99,1
CUST_003641,google_ads,true,2024-08-01,153.87,0.0,2,136.48,2.13,1
CUST_003649,meta_ads,true,2025-04-01,68.40,0.15,1,36.00,0.99,1
CUST_003661,google_ads,true,2025-03-01,152.04,0.0,2,92.29,1.93,1
CUST_003702,creator_network,false,2025-06-01,100.91,0.2,1,44.83,0.99,1
CUST_003707,direct,false,2025-07-01,113.02,0.0,1,76.36,0.99,1
CUST_003721,organic_search,false,2024-11-01,35.42,0.0,1,-12.08,0.99,1
CUST_003723,meta_ads,true,2025-11-01,98.77,0.0,1,63.85,0.99,0
CUST_003733,creator_network,false,2025-01-01,81.41,0.15,1,42.17,0.99,1
CUST_003738,direct,false,2025-08-01,102.95,0.0,1,66.31,0.99,1
CUST_003789,meta_ads,true,2024-04-01,104.80,0.15,2,73.98,3.37,1
CUST_003790,meta_ads,true,2025-12-01,121.23,0.15,1,60.98,0.99,0
CUST_003806,google_ads,true,2025-12-01,87.57,0.2,1,40.43,0.99,0
CUST_003811,google_ads,true,2025-07-01,106.28,0.15,1,54.15,0.99,1
CUST_003812,organic_search,false,2025-01-01,135.59,0.0,1,88.43,0.99,1
CUST_003818,creator_network,false,2025-09-01,96.72,0.2,3,144.29,1.50,0
CUST_003831,meta_ads,true,2024-12-01,45.26,0.15,1,21.31,0.99,1
CUST_003833,creator_network,false,2025-09-01,100.31,0.15,1,52.59,0.99,1
CUST_003845,meta_ads,true,2024-06-01,118.53,0.0,1,-3.61,0.99,1
CUST_003849,google_ads,true,2025-07-01,102.62,0.1,2,109.11,0.46,1
CUST_003850,meta_ads,true,2024-03-01,74.15,0.25,1,-45.95,0.99,1
CUST_003903,google_ads,true,2025-11-01,92.07,0.0,1,58.03,0.99,0
CUST_003919,creator_network,false,2025-06-01,76.75,0.0,2,116.00,1.04,1
CUST_003979,google_ads,true,2024-02-01,49.77,0.0,1,33.34,0.99,1
CUST_003992,meta_ads,true,2024-07-01,110.22,0.0,2,124.28,1.32,1
CUST_004024,google_ads,true,2025-09-01,112.61,0.0,1,75.41,0.99,1
CUST_004028,creator_network,false,2024-05-01,106.90,0.1,1,58.58,0.99,1
CUST_004035,google_ads,true,2024-05-01,99.37,0.0,1,-34.12,0.99,1
CUST_004059,organic_search,false,2025-10-01,97.95,0.0,1,62.28,0.99,0
CUST_004074,creator_network,false,2025-05-01,63.55,0.0,1,40.22,0.99,1
CUST_004118,meta_ads,true,2024-12-01,72.22,0.1,2,70.05,1.90,1
CUST_004119,meta_ads,true,2024-05-01,79.25,0.1001,1,43.21,0.99,1
CUST_004123,google_ads,true,2025-07-01,166.82,0.0,1,106.51,0.99,1
CUST_004141,google_ads,true,2024-11-01,94.43,0.0,1,62.96,0.99,1
CUST_004152,meta_ads,true,2024-01-01,61.60,0.15,1,-30.94,0.99,1
CUST_004164,google_ads,true,2024-11-01,126.85,0.15,1,61.84,0.99,1
CUST_004183,meta_ads,true,2025-06-01,147.37,0.0,4,218.41,2.08,1
CUST_004191,creator_network,false,2025-08-01,68.10,0.0,1,43.81,0.99,1
CUST_004206,meta_ads,true,2025-02-01,122.40,0.15,2,-11.90,0.86,1
CUST_004210,google_ads,true,2024-02-01,106.67,0.0,1,72.52,0.99,1
CUST_004226,organic_search,false,2025-07-01,78.22,0.15,1,38.15,0.99,1
CUST_004232,meta_ads,true,2025-04-01,95.84,0.1,1,50.87,0.99,1
CUST_004245,meta_ads,true,2024-12-01,87.86,0.1,1,46.98,0.99,1
CUST_004249,creator_network,false,2025-04-01,73.73,0.1,1,42.19,0.99,1
CUST_004310,meta_ads,true,2025-08-01,92.73,0.25,2,105.14,2.62,0
CUST_004312,creator_network,false,2025-11-01,80.78,0.2,1,36.57,0.99,0
CUST_004323,meta_ads,true,2025-06-01,68.46,0.0,1,42.47,0.99,1
CUST_004334,organic_search,false,2025-06-01,98.08,0.0,1,61.58,0.99,1
CUST_004338,creator_network,false,2025-11-01,71.82,0.0,1,-26.90,0.99,0
CUST_004339,meta_ads,true,2024-12-01,85.90,0.2,1,-46.72,0.99,1
CUST_004360,meta_ads,true,2024-06-01,76.45,0.0999,2,90.99,1.55,1
CUST_004379,meta_ads,true,2024-05-01,78.80,0.0,1,50.35,0.99,1
CUST_004401,meta_ads,true,2024-05-01,60.43,0.0,1,39.92,0.99,1
CUST_004404,meta_ads,true,2024-11-01,106.25,0.0,1,70.48,0.99,1
CUST_004428,meta_ads,true,2024-04-01,112.15,0.15,1,59.22,0.99,1
CUST_004430,creator_network,false,2025-09-01,103.61,0.1,1,58.47,0.99,1
CUST_004444,google_ads,true,2024-12-01,76.50,0.2,1,32.75,0.99,1
CUST_004452,meta_ads,true,2025-04-01,90.02,0.15,1,-46.70,0.99,1
CUST_004458,meta_ads,true,2024-05-01,127.15,0.0,1,-41.52,0.99,1
CUST_004467,google_ads,true,2024-05-01,138.35,0.0,1,91.40,0.99,1
CUST_004476,google_ads,true,2025-02-01,117.58,0.0,1,74.43,0.99,1
CUST_004485,meta_ads,true,2024-07-01,62.73,0.0,1,38.95,0.99,1
CUST_004520,creator_network,false,2024-01-01,75.09,0.0,1,46.57,0.99,1
CUST_004530,meta_ads,true,2024-06-01,96.94,0.15,3,116.73,3.87,1
CUST_004532,google_ads,true,2024-07-01,104.16,0.1,2,131.51,1.17,1
CUST_004542,google_ads,true,2025-03-01,78.42,0.0,1,51.83,0.99,1
CUST_004543,meta_ads,true,2024-07-01,80.36,0.0,5,256.46,2.71,1
CUST_004544,creator_network,false,2024-09-01,72.13,0.0,3,119.79,3.46,1
CUST_004584,organic_search,false,2025-08-01,115.25,0.0,1,77.80,0.99,1
CUST_004596,direct,false,2025-06-01,59.19,0.0,2,98.11,2.05,1
CUST_004603,google_ads,true,2025-11-01,85.81,0.0,1,54.18,0.99,0
CUST_004664,organic_search,false,2025-09-01,93.46,0.0,1,57.98,0.99,1
CUST_004714,meta_ads,true,2025-08-01,133.02,0.0,1,88.69,0.99,1
CUST_004725,direct,false,2024-07-01,62.71,0.1501,1,30.74,0.99,1
CUST_004748,creator_network,false,2024-02-01,70.08,0.0,1,46.38,0.99,1
CUST_004755,google_ads,true,2025-10-01,67.69,0.0,1,42.50,0.99,0
CUST_004771,google_ads,true,2024-01-01,117.31,0.0,1,73.00,0.99,1
CUST_004773,google_ads,true,2024-08-01,92.51,0.0,2,89.19,2.51,1
CUST_004778,creator_network,false,2024-10-01,85.76,0.1,1,9.42,0.99,1
CUST_004818,google_ads,true,2025-09-01,123.38,0.0,1,82.88,0.99,1
CUST_004849,google_ads,true,2025-08-01,110.34,0.0,1,74.59,0.99,1
CUST_004886,creator_network,false,2025-10-01,76.23,0.1,1,42.66,0.99,0
CUST_004887,google_ads,true,2024-11-01,105.93,0.15,1,52.66,0.99,1
CUST_004890,meta_ads,true,2025-06-01,73.41,0.15,1,36.90,0.99,1
CUST_004892,organic_search,false,2024-02-01,155.22,0.0,1,100.82,0.99,1
CUST_004913,meta_ads,true,2025-03-01,124.33,0.1,1,67.51,0.99,1
CUST_004951,direct,false,2024-12-01,62.31,0.0,1,40.07,0.99,1
CUST_004961,meta_ads,true,2025-03-01,61.28,0.15,3,134.54,1.02,1
CUST_004996,google_ads,true,2025-11-01,104.09,0.0,1,65.62,0.99,0
CUST_005059,creator_network,false,2025-04-01,104.83,0.25,3,132.02,2.91,1
CUST_005065,creator_network,false,2025-07-01,64.49,0.2,1,30.74,0.99,1
CUST_005116,meta_ads,true,2025-05-01,115.64,0.0,1,76.65,0.99,1
CUST_005136,google_ads,true,2024-11-01,91.56,0.0,1,58.28,0.99,1
CUST_005139,google_ads,true,2025-06-01,153.44,0.0,1,102.97,0.99,1
CUST_005160,organic_search,false,2024-07-01,77.71,0.0,2,111.78,2.87,1
CUST_005169,google_ads,true,2024-07-01,88.60,0.0,1,56.75,0.99,1
CUST_005182,creator_network,false,2025-09-01,87.43,0.1499,1,45.36,0.99,1
CUST_005205,google_ads,true,2025-12-01,159.29,0.25,1,63.03,0.99,0
CUST_005234,google_ads,true,2024-12-01,102.84,0.0,1,69.28,0.99,1
CUST_005247,direct,false,2025-09-01,133.69,0.0,1,85.20,0.99,1
CUST_005264,google_ads,true,2024-02-01,117.15,0.0,1,79.30,0.99,1
CUST_005280,creator_network,false,2024-11-01,88.55,0.0,2,53.93,0.31,1
CUST_005282,google_ads,true,2025-02-01,119.37,0.0,2,114.16,1.05,1
CUST_005286,meta_ads,true,2025-07-01,65.46,0.0,1,-23.62,0.99,1
CUST_005287,meta_ads,true,2025-12-01,81.89,0.0,1,54.26,0.99,0
CUST_005294,creator_network,false,2024-01-01,103.06,0.1,1,58.57,0.99,1
CUST_005316,meta_ads,true,2025-01-01,101.97,0.0,1,64.15,0.99,1
CUST_005330,creator_network,false,2025-03-01,78.69,0.1,2,91.56,1.74,1
CUST_005348,meta_ads,true,2024-08-01,67.27,0.0,2,130.79,0.32,1
CUST_005349,meta_ads,true,2025-01-01,76.43,0.0,1,47.81,0.99,1
CUST_005373,direct,false,2025-01-01,108.24,0.0,1,69.25,0.99,1
CUST_005406,direct,false,2025-11-01,116.80,0.0,1,74.32,0.99,0
CUST_005422,direct,false,2024-10-01,116.69,0.0,1,75.16,0.99,1
CUST_005453,meta_ads,true,2024-07-01,84.67,0.0,2,122.47,1.74,1
CUST_005464,meta_ads,true,2024-10-01,87.53,0.1,1,47.85,0.99,1
CUST_005465,google_ads,true,2024-09-01,99.38,0.15,1,-51.25,0.99,1
CUST_005469,google_ads,true,2025-10-01,121.17,0.2,1,54.08,0.99,0
CUST_005500,organic_search,false,2025-05-01,101.28,0.0,2,150.72,1.11,1
CUST_005519,meta_ads,true,2024-04-01,91.41,0.0,1,59.96,0.99,1
CUST_005520,meta_ads,true,2025-06-01,98.83,0.2,1,-56.57,0.99,1
CUST_005521,google_ads,true,2025-09-01,121.01,0.1,1,67.97,0.99,1
CUST_005534,meta_ads,true,2025-09-01,54.49,0.0,1,34.69,0.99,1
CUST_005535,organic_search,false,2024-06-01,98.29,0.0,1,63.20,0.99,1
CUST_005544,meta_ads,true,2025-09-01,99.02,0.1,1,54.01,0.99,1
CUST_005549,meta_ads,true,2024-08-01,108.08,0.0,2,118.95,1.76,1
CUST_005586,google_ads,true,2024-02-01,99.67,0.1,1,56.99,0.99,1
CUST_005601,meta_ads,true,2024-09-01,112.94,0.0,1,70.80,0.99,1
CUST_005610,meta_ads,true,2025-01-01,69.18,0.0,1,-24.54,0.99,1
CUST_005617,google_ads,true,2025-10-01,124.28,0.0,1,77.39,0.99,0
CUST_005647,creator_network,false,2024-01-01,84.54,0.0,1,52.91,0.99,1
CUST_005658,meta_ads,true,2025-10-01,42.27,0.1001,1,22.78,0.99,0
CUST_005675,organic_search,false,2025-12-01,54.59,0.0,1,35.82,0.99,0
CUST_005676,organic_search,false,2024-02-01,111.86,0.0,3,62.51,2.45,1
CUST_005720,creator_network,false,2024-05-01,101.32,0.1,1,54.81,0.99,1
CUST_005771,meta_ads,true,2025-05-01,76.08,0.0,1,47.81,0.99,1
CUST_005780,creator_network,false,2024-08-01,101.03,0.2,1,45.52,0.99,1
CUST_005785,organic_search,false,2024-01-01,111.91,0.0,1,73.42,0.99,1
CUST_005791,direct,false,2024-09-01,95.75,0.2,1,42.57,0.99,1
CUST_005801,google_ads,true,2024-09-01,115.72,0.0,1,75.00,0.99,1
CUST_005807,google_ads,true,2024-11-01,138.48,0.0,1,87.91,0.99,1
CUST_005811,meta_ads,true,2024-06-01,98.98,0.0,2,105.13,1.60,1
CUST_005812,organic_search,false,2025-12-01,67.27,0.0,1,45.17,0.99,0
CUST_005821,meta_ads,true,2025-10-01,75.40,0.1,1,42.97,0.99,0
CUST_005871,google_ads,true,2024-07-01,119.63,0.15,2,-19.01,1.42,1
CUST_005924,creator_network,false,2025-06-01,74.92,0.1999,1,34.40,0.99,1
CUST_005938,google_ads,true,2024-07-01,149.43,0.0,2,176.47,0.55,1
CUST_005953,creator_network,false,2025-09-01,74.45,0.0999,1,8.40,0.99,1
CUST_005970,meta_ads,true,2025-09-01,90.66,0.0,1,-33.17,0.99,1
CUST_005994,google_ads,true,2025-02-01,94.96,0.0,1,24.18,0.99,1
CUST_006003,creator_network,false,2025-10-01,85.12,0.15,1,44.28,0.99,0
CUST_006004,google_ads,true,2025-05-01,126.11,0.15,1,65.98,0.99,1
CUST_006027,meta_ads,true,2025-10-01,71.39,0.15,1,-36.58,0.99,0
CUST_006039,meta_ads,true,2024-05-01,98.37,0.15,1,48.37,0.99,1
CUST_006040,creator_network,false,2025-10-01,79.19,0.15,2,4.48,0.87,0
CUST_006066,organic_search,false,2025-09-01,47.65,0.0,1,30.13,0.99,1
CUST_006077,creator_network,false,2024-10-01,93.13,0.25,2,101.42,0.92,1
CUST_006085,creator_network,false,2024-08-01,71.97,0.1,1,41.69,0.99,1
CUST_006102,google_ads,true,2025-07-01,96.88,0.15,2,108.16,0.16,1
CUST_006105,meta_ads,true,2024-05-01,115.18,0.0,1,73.78,0.99,1
CUST_006115,creator_network,false,2024-09-01,71.12,0.0,1,44.48,0.99,1
CUST_006122,google_ads,true,2024-04-01,95.77,0.0,1,60.93,0.99,1
CUST_006155,creator_network,false,2024-06-01,35.79,0.2501,3,106.66,3.42,1
CUST_006169,direct,false,2024-02-01,94.58,0.0,2,128.34,0.21,1
CUST_006184,meta_ads,true,2025-12-01,104.89,0.0,1,65.45,0.99,0
CUST_006205,meta_ads,true,2024-03-01,77.51,0.15,2,70.45,1.21,1
CUST_006246,organic_search,false,2025-05-01,109.02,0.2,1,50.48,0.99,1
CUST_006247,meta_ads,true,2024-06-01,76.63,0.2001,1,8.26,0.99,1
CUST_006284,creator_network,false,2025-07-01,45.84,0.0999,2,31.39,1.19,1
CUST_006308,meta_ads,true,2024-11-01,93.50,0.0,1,-33.15,0.99,1
CUST_006319,meta_ads,true,2025-06-01,69.46,0.0,1,-23.42,0.99,1
CUST_006323,google_ads,true,2025-03-01,139.87,0.2,2,160.38,1.23,1
CUST_006329,organic_search,false,2025-02-01,65.75,0.0,1,-4.05,0.99,1
CUST_006340,meta_ads,true,2024-09-01,55.70,0.1,2,92.47,2.47,1
CUST_006394,google_ads,true,2025-07-01,127.36,0.0,1,79.71,0.99,1
CUST_006399,meta_ads,true,2025-01-01,99.95,0.0,1,14.02,0.99,1
CUST_006413,direct,false,2025-10-01,115.70,0.15,2,114.56,0.85,0
CUST_006450,google_ads,true,2025-04-01,79.00,0.0,1,50.95,0.99,1
CUST_006454,creator_network,false,2024-10-01,69.39,0.2,2,81.05,1.25,1
CUST_006475,meta_ads,true,2025-07-01,79.88,0.15,1,39.57,0.99,1
CUST_006502,meta_ads,true,2024-03-01,94.80,0.0,1,58.78,0.99,1
CUST_006556,direct,false,2025-07-01,75.32,0.0,1,-27.65,0.99,1
CUST_006576,google_ads,true,2025-07-01,46.87,0.0,1,31.34,0.99,1
CUST_006582,creator_network,false,2025-11-01,114.52,0.2,1,49.68,0.99,0
CUST_006599,meta_ads,true,2025-11-01,74.07,0.15,1,11.21,0.99,0
CUST_006617,meta_ads,true,2024-07-01,83.97,0.0,2,28.48,0.51,1
CUST_006633,meta_ads,true,2025-06-01,87.51,0.0,1,56.46,0.99,1
CUST_006640,organic_search,false,2025-01-01,57.72,0.0,2,97.78,0.36,1
CUST_006644,google_ads,true,2025-11-01,92.13,0.0,1,58.69,0.99,0
CUST_006700,meta_ads,true,2024-09-01,109.49,0.2,1,-23.09,0.99,1
CUST_006703,organic_search,false,2024-11-01,87.78,0.0,1,58.91,0.99,1
CUST_006718,meta_ads,true,2025-01-01,71.26,0.0,1,47.44,0.99,1
CUST_006719,google_ads,true,2024-08-01,141.03,0.0,1,88.98,0.99,1
CUST_006730,creator_network,false,2025-09-01,88.75,0.0,1,60.31,0.99,1
CUST_006737,google_ads,true,2025-11-01,106.27,0.0,1,65.99,0.99,0
CUST_006744,google_ads,true,2025-10-01,96.31,0.0,2,102.11,0.98,0
CUST_006746,direct,false,2025-12-01,49.87,0.0,1,32.31,0.99,0
CUST_006773,meta_ads,true,2025-05-01,108.77,0.1,1,62.77,0.99,1
CUST_006783,google_ads,true,2025-02-01,58.73,0.0,2,138.01,0.91,1
CUST_006791,creator_network,false,2025-09-01,66.81,0.0,1,43.11,0.99,1
CUST_006797,google_ads,true,2025-12-01,117.70,0.1,1,68.02,0.99,0
CUST_006825,meta_ads,true,2024-07-01,48.80,0.1,2,71.14,1.21,1
CUST_006856,organic_search,false,2024-10-01,70.12,0.0,1,46.53,0.99,1
CUST_006862,organic_search,false,2025-11-01,106.58,0.0,1,70.50,0.99,0
CUST_006878,google_ads,true,2024-06-01,71.37,0.0,1,45.76,0.99,1
CUST_006886,organic_search,false,2025-11-01,132.21,0.0,1,82.66,0.99,0
CUST_006955,google_ads,true,2025-09-01,132.79,0.0,1,88.86,0.99,1
CUST_006964,google_ads,true,2025-05-01,141.06,0.0,1,89.64,0.99,1
CUST_006976,meta_ads,true,2025-01-01,91.91,0.0,1,59.63,0.99,1
CUST_006992,direct,false,2024-08-01,90.81,0.15,3,98.46,3.25,1
CUST_006998,organic_search,false,2025-11-01,116.49,0.0,2,141.06,0.40,0
CUST_007019,meta_ads,true,2024-11-01,99.19,0.15,1,47.40,0.99,1
CUST_007026,creator_network,false,2025-02-01,67.81,0.2,1,32.41,0.99,1
CUST_007032,meta_ads,true,2024-09-01,104.94,0.0,1,65.30,0.99,1
CUST_007041,direct,false,2025-08-01,68.00,0.0,1,43.08,0.99,1
CUST_007052,meta_ads,true,2025-03-01,78.52,0.15,1,38.68,0.99,1
CUST_007071,google_ads,true,2024-11-01,172.20,0.0,1,108.67,0.99,1
CUST_007072,direct,false,2025-01-01,69.17,0.1501,1,33.09,0.99,1
CUST_007098,google_ads,true,2024-02-01,113.47,0.0,2,30.24,1.06,1
CUST_007101,meta_ads,true,2024-01-01,99.62,0.0,2,24.08,0.67,1
CUST_007106,meta_ads,true,2024-03-01,107.72,0.15,1,56.21,0.99,1
CUST_007174,google_ads,true,2025-08-01,110.06,0.0,1,68.95,0.99,1
CUST_007186,google_ads,true,2025-11-01,75.47,0.0,1,50.24,0.99,0
CUST_007226,creator_network,false,2025-12-01,85.05,0.15,1,41.26,0.99,0
CUST_007259,google_ads,true,2025-07-01,121.59,0.0,1,76.80,0.99,1
CUST_007269,creator_network,false,2025-02-01,85.62,0.1,1,-38.04,0.99,1
CUST_007276,google_ads,true,2025-10-01,131.98,0.2,2,162.51,0.60,0
CUST_007289,organic_search,false,2025-12-01,88.63,0.0,1,-29.13,0.99,0
CUST_007312,direct,false,2025-03-01,104.43,0.0,1,68.53,0.99,1
CUST_007326,creator_network,false,2024-07-01,65.13,0.1,1,36.17,0.99,1
CUST_007334,direct,false,2025-03-01,84.66,0.0,2,36.01,1.30,1
CUST_007353,meta_ads,true,2025-02-01,85.08,0.15,1,44.22,0.99,1
CUST_007354,google_ads,true,2025-03-01,118.12,0.0,2,115.20,0.30,1
CUST_007392,meta_ads,true,2024-01-01,141.01,0.0,1,90.24,0.99,1
CUST_007399,organic_search,false,2025-06-01,119.96,0.1,1,63.80,0.99,1
CUST_007401,meta_ads,true,2024-03-01,124.41,0.15,1,62.87,0.99,1
CUST_007408,creator_network,false,2025-12-01,98.23,0.1,1,56.74,0.99,0
CUST_007424,creator_network,false,2024-12-01,74.48,0.2001,2,81.77,2.42,1
CUST_007441,meta_ads,true,2025-05-01,103.49,0.1,1,56.42,0.99,1
CUST_007446,google_ads,true,2025-07-01,94.70,0.0,1,-34.50,0.99,1
CUST_007455,meta_ads,true,2025-10-01,70.35,0.2,1,32.82,0.99,0
CUST_007459,google_ads,true,2024-07-01,147.52,0.0,1,92.12,0.99,1
CUST_007463,creator_network,false,2025-11-01,83.37,0.1,1,-36.52,0.99,0
CUST_007480,google_ads,true,2025-01-01,109.15,0.0,1,70.49,0.99,1
CUST_007522,meta_ads,true,2025-02-01,76.46,0.15,1,13.08,0.99,1
CUST_007536,organic_search,false,2025-07-01,116.34,0.0,1,72.87,0.99,1
CUST_007538,meta_ads,true,2024-11-01,75.73,0.0,1,48.51,0.99,1
CUST_007546,organic_search,false,2024-02-01,111.92,0.0,4,156.91,2.12,1
CUST_007583,meta_ads,true,2024-01-01,87.88,0.2,1,40.74,0.99,1
CUST_007597,google_ads,true,2024-07-01,67.57,0.0,1,41.92,0.99,1
CUST_007611,direct,false,2024-10-01,128.00,0.0,1,80.58,0.99,1
CUST_007636,meta_ads,true,2024-02-01,47.00,0.2,1,22.29,0.99,1
CUST_007637,meta_ads,true,2024-10-01,95.56,0.15,1,45.10,0.99,1
CUST_007645,creator_network,false,2024-06-01,90.17,0.0,1,60.13,0.99,1
CUST_007662,direct,false,2025-05-01,69.38,0.0,1,45.05,0.99,1
CUST_007663,creator_network,false,2025-08-01,86.73,0.0,2,27.01,1.45,1
CUST_007676,meta_ads,true,2025-04-01,85.34,0.1,1,48.98,0.99,1
CUST_007681,direct,false,2025-11-01,120.65,0.0,1,82.03,0.99,0
CUST_007712,meta_ads,true,2024-11-01,87.89,0.2,1,41.75,0.99,1
CUST_007730,direct,false,2025-03-01,93.77,0.0,1,58.54,0.99,1
CUST_007737,meta_ads,true,2025-11-01,85.91,0.1,1,46.35,0.99,0
CUST_007744,creator_network,false,2024-09-01,47.95,0.1499,1,25.21,0.99,1
CUST_007759,google_ads,true,2025-10-01,104.11,0.0,1,-36.51,0.99,0
CUST_007761,organic_search,false,2025-05-01,146.09,0.0,1,96.09,0.99,1
CUST_007787,organic_search,false,2024-11-01,125.27,0.0,1,-42.86,0.99,1
CUST_007819,meta_ads,true,2025-11-01,125.68,0.0,1,5.97,0.99,0
CUST_007835,organic_search,false,2024-06-01,93.41,0.2,2,100.29,0.20,1
CUST_007837,creator_network,false,2025-05-01,75.72,0.15,1,39.90,0.99,1
CUST_007856,organic_search,false,2024-12-01,67.17,0.0,1,43.21,0.99,1
CUST_007884,meta_ads,true,2025-10-01,60.82,0.1,1,35.11,0.99,0
CUST_007896,google_ads,true,2025-10-01,180.38,0.0,1,113.20,0.99,0
CUST_007912,creator_network,false,2024-12-01,62.01,0.1,1,32.52,0.99,1
CUST_007940,meta_ads,true,2025-02-01,101.95,0.2,2,121.68,0.43,1
CUST_007941,meta_ads,true,2024-11-01,69.25,0.2,1,29.88,0.99,1
CUST_007960,google_ads,true,2024-02-01,99.96,0.0,1,65.01,0.99,1
CUST_007967,meta_ads,true,2024-09-01,84.21,0.0,1,54.95,0.99,1
CUST_007983,organic_search,false,2025-06-01,110.22,0.0,1,74.21,0.99,1
CUST_007997,google_ads,true,2024-07-01,122.96,0.0,1,81.28,0.99,1
CUST_008010,meta_ads,true,2024-02-01,126.03,0.0,1,84.65,0.99,1
CUST_008023,meta_ads,true,2025-09-01,97.00,0.0,1,62.42,0.99,1
CUST_008024,creator_network,false,2024-12-01,117.17,0.2,1,-32.54,0.99,1
CUST_008029,direct,false,2025-03-01,100.60,0.0,1,63.03,0.99,1
CUST_008030,google_ads,true,2025-09-01,32.24,0.0,2,70.61,2.24,0
CUST_008048,meta_ads,true,2024-02-01,88.12,0.0,1,56.45,0.99,1
CUST_008071,creator_network,false,2025-01-01,80.65,0.15,2,82.76,1.17,1
CUST_008095,meta_ads,true,2025-03-01,93.16,0.0,1,58.03,0.99,1
CUST_008165,direct,false,2024-11-01,83.31,0.0,2,117.41,1.24,1
CUST_008171,meta_ads,true,2025-09-01,75.86,0.2499,2,80.49,1.40,0
CUST_008177,meta_ads,true,2024-08-01,64.75,0.15,1,31.76,0.99,1
CUST_008185,meta_ads,true,2024-09-01,92.74,0.15,1,43.95,0.99,1
CUST_008188,meta_ads,true,2025-11-01,108.93,0.0,1,71.68,0.99,0
CUST_008195,creator_network,false,2024-11-01,72.20,0.1,1,38.31,0.99,1
CUST_008201,organic_search,false,2024-06-01,60.13,0.2001,1,28.51,0.99,1
CUST_008221,organic_search,false,2025-10-01,106.32,0.0,1,71.81,0.99,0
CUST_008223,direct,false,2024-04-01,63.49,0.0,1,41.28,0.99,1
CUST_008258,organic_search,false,2025-12-01,111.58,0.0,1,69.81,0.99,0
CUST_008297,direct,false,2025-05-01,117.70,0.0,1,77.53,0.99,1
CUST_008298,meta_ads,true,2025-06-01,91.72,0.1,2,117.00,1.99,1
CUST_008313,meta_ads,true,2024-02-01,90.19,0.0,1,60.65,0.99,1
CUST_008320,meta_ads,true,2025-02-01,93.14,0.15,1,45.13,0.99,1
CUST_008344,direct,false,2025-02-01,105.40,0.0,1,65.35,0.99,1
CUST_008373,meta_ads,true,2024-12-01,116.46,0.0,1,-39.14,0.99,1
CUST_008381,meta_ads,true,2025-03-01,56.94,0.0,1,36.81,0.99,1
CUST_008423,meta_ads,true,2024-08-01,88.83,0.2,1,41.70,0.99,1
CUST_008464,google_ads,true,2025-09-01,83.00,0.1,2,119.44,1.58,0
CUST_008467,creator_network,false,2025-01-01,81.28,0.2,1,37.82,0.99,1
CUST_008472,creator_network,false,2024-09-01,81.27,0.2,1,35.45,0.99,1
CUST_008490,google_ads,true,2024-06-01,112.62,0.0,1,74.09,0.99,1
CUST_008498,meta_ads,true,2025-04-01,116.26,0.1,1,67.10,0.99,1
CUST_008563,meta_ads,true,2025-06-01,83.18,0.0,1,54.87,0.99,1
CUST_008592,meta_ads,true,2024-01-01,54.06,0.1001,1,28.34,0.99,1
CUST_008607,creator_network,false,2025-06-01,92.22,0.2501,3,28.05,4.23,0
CUST_008608,google_ads,true,2024-08-01,89.41,0.0,2,107.20,1.53,1
CUST_008635,creator_network,false,2024-09-01,89.86,0.0,1,59.17,0.99,1
CUST_008656,google_ads,true,2025-01-01,95.17,0.2,1,42.03,0.99,1
CUST_008715,google_ads,true,2025-10-01,126.55,0.0,1,79.72,0.99,0
CUST_008735,creator_network,false,2024-12-01,99.03,0.1,1,51.92,0.99,1
CUST_008798,google_ads,true,2025-02-01,121.11,0.0,1,6.46,0.99,1
CUST_008825,creator_network,false,2025-10-01,82.94,0.0,1,51.87,0.99,0
CUST_008838,meta_ads,true,2025-04-01,118.49,0.25,1,44.07,0.99,1
CUST_008842,google_ads,true,2025-10-01,139.85,0.0,1,90.93,0.99,0
CUST_008892,meta_ads,true,2025-09-01,85.21,0.15,1,-45.11,0.99,1
CUST_008912,meta_ads,true,2025-08-01,85.49,0.15,2,85.56,2.06,0
CUST_008915,meta_ads,true,2024-03-01,94.14,0.0,1,60.63,0.99,1
CUST_008917,meta_ads,true,2025-03-01,86.27,0.2,1,38.99,0.99,1
CUST_008940,meta_ads,true,2024-10-01,57.12,0.0,1,35.65,0.99,1
CUST_008968,meta_ads,true,2025-07-01,49.01,0.2,1,22.76,0.99,1
CUST_008994,direct,false,2025-02-01,134.03,0.0,1,86.60,0.99,1
CUST_008995,creator_network,false,2024-09-01,81.48,0.2,1,35.15,0.99,1
CUST_009003,organic_search,false,2025-07-01,87.05,0.0,1,54.32,0.99,1
CUST_009006,meta_ads,true,2024-10-01,96.33,0.0,2,132.24,0.29,1
CUST_009012,organic_search,false,2024-11-01,79.41,0.0,2,113.71,2.19,1
CUST_009021,meta_ads,true,2024-09-01,90.47,0.15,3,74.51,2.46,1
CUST_009025,google_ads,true,2025-03-01,93.62,0.2,1,40.71,0.99,1
CUST_009026,meta_ads,true,2024-12-01,99.00,0.0,2,70.24,1.78,1
CUST_009086,meta_ads,true,2024-05-01,120.09,0.0,1,74.93,0.99,1
CUST_009113,meta_ads,true,2025-03-01,78.68,0.0,1,51.36,0.99,1
CUST_009140,meta_ads,true,2025-05-01,93.74,0.0,2,98.94,3.68,1
CUST_009180,meta_ads,true,2024-01-01,105.98,0.0,1,68.50,0.99,1
CUST_009182,organic_search,false,2024-12-01,78.70,0.0,2,40.93,2.62,1
CUST_009202,direct,false,2025-01-01,25.00,0.0,1,15.64,0.99,1
CUST_009238,creator_network,false,2024-04-01,71.57,0.1999,1,33.04,0.99,1
CUST_009259,meta_ads,true,2025-08-01,112.79,0.0,1,70.33,0.99,1
CUST_009304,organic_search,false,2025-02-01,103.74,0.1,1,-45.23,0.99,1
CUST_009318,google_ads,true,2024-11-01,110.48,0.0,1,73.83,0.99,1
CUST_009351,meta_ads,true,2024-04-01,140.93,0.0,1,91.28,0.99,1
CUST_009357,meta_ads,true,2025-09-01,105.81,0.0,2,111.58,1.71,0
CUST_009360,meta_ads,true,2025-06-01,91.26,0.15,1,47.06,0.99,1
CUST_009371,google_ads,true,2025-08-01,106.12,0.0,1,67.23,0.99,1
CUST_009374,meta_ads,true,2025-10-01,48.68,0.0,1,31.21,0.99,0
CUST_009375,google_ads,true,2024-03-01,134.31,0.0,1,83.49,0.99,1
CUST_009380,meta_ads,true,2024-09-01,87.72,0.1,1,47.42,0.99,1
CUST_009407,meta_ads,true,2024-08-01,101.08,0.15,1,50.94,0.99,1
CUST_009410,creator_network,false,2025-03-01,88.54,0.2,1,41.89,0.99,1
CUST_009414,meta_ads,true,2024-04-01,112.23,0.2,1,52.83,0.99,1
CUST_009432,organic_search,false,2024-06-01,68.17,0.0,1,45.39,0.99,1
CUST_009441,meta_ads,true,2024-06-01,102.13,0.0,1,63.52,0.99,1
CUST_009471,meta_ads,true,2025-02-01,133.94,0.0,2,127.91,0.78,1
CUST_009494,meta_ads,true,2024-06-01,29.73,0.0,2,70.86,1.41,1
CUST_009518,google_ads,true,2025-07-01,135.26,0.15,1,64.45,0.99,1
CUST_009526,meta_ads,true,2025-01-01,109.65,0.0,2,132.50,0.44,1
CUST_009536,creator_network,false,2025-01-01,68.11,0.0,1,42.82,0.99,1
CUST_009546,meta_ads,true,2024-04-01,99.92,0.15,1,51.69,0.99,1
CUST_009565,creator_network,false,2024-11-01,76.03,0.0,1,14.56,0.99,1
CUST_009575,organic_search,false,2024-11-01,86.04,0.0,1,54.46,0.99,1
CUST_009576,meta_ads,true,2024-10-01,63.58,0.15,1,31.17,0.99,1
CUST_009594,meta_ads,true,2024-12-01,57.53,0.0,1,38.46,0.99,1
CUST_009600,meta_ads,true,2024-12-01,131.39,0.2,1,56.52,0.99,1
CUST_009608,google_ads,true,2025-02-01,89.76,0.0,1,55.67,0.99,1
CUST_009630,google_ads,true,2024-12-01,108.21,0.0,2,109.91,1.57,1
CUST_009654,meta_ads,true,2024-07-01,101.74,0.0,1,67.69,0.99,1
CUST_009659,google_ads,true,2025-05-01,129.47,0.0,1,85.14,0.99,1
CUST_009667,meta_ads,true,2024-02-01,76.30,0.0,1,51.07,0.99,1
CUST_009683,meta_ads,true,2024-10-01,119.30,0.0,1,76.94,0.99,1
CUST_009728,meta_ads,true,2024-07-01,107.06,0.1,1,57.39,0.99,1
CUST_009742,meta_ads,true,2024-02-01,126.85,0.15,1,61.83,0.99,1
CUST_009765,creator_network,false,2025-10-01,55.09,0.1499,1,26.05,0.99,0
CUST_009767,creator_network,false,2025-05-01,80.14,0.0,1,49.99,0.99,1
CUST_009775,direct,false,2025-09-01,91.93,0.0,1,57.46,0.99,1
CUST_009780,google_ads,true,2025-05-01,91.77,0.0,1,1.71,0.99,1
CUST_009782,google_ads,true,2024-12-01,64.92,0.0,1,9.12,0.99,1
CUST_009793,google_ads,true,2024-01-01,92.57,0.0,1,60.26,0.99,1
CUST_009811,google_ads,true,2024-04-01,100.09,0.0,3,157.04,1.53,1
CUST_009827,google_ads,true,2025-02-01,124.20,0.1,1,67.97,0.99,1
CUST_009838,meta_ads,true,2024-08-01,62.73,0.15,1,31.86,0.99,1
CUST_009887,creator_network,false,2025-10-01,96.25,0.0,1,60.46,0.99,0
CUST_009891,meta_ads,true,2025-07-01,76.63,0.25,1,31.20,0.99,1
CUST_009898,meta_ads,true,2025-06-01,103.97,0.1,1,55.62,0.99,1
CUST_009905,meta_ads,true,2025-11-01,70.55,0.0,1,43.78,0.99,0
CUST_009917,direct,false,2024-04-01,98.08,0.0,1,61.77,0.99,1
CUST_009935,meta_ads,true,2024-10-01,91.40,0.0,1,57.26,0.99,1
CUST_009938,direct,false,2025-06-01,65.89,0.0,1,42.12,0.99,1
CUST_009950,creator_network,false,2025-01-01,41.74,0.15,1,-19.87,0.99,1
CUST_009987,direct,false,2024-10-01,130.63,0.0,1,83.21,0.99,1
CUST_010004,organic_search,false,2025-05-01,158.32,0.0,1,107.48,0.99,1
CUST_010031,meta_ads,true,2024-01-01,92.82,0.2,1,44.50,0.99,1
CUST_010038,creator_network,false,2024-09-01,64.77,0.1,2,75.43,0.65,1
CUST_010039,organic_search,false,2025-04-01,55.47,0.0,1,36.59,0.99,1
CUST_010057,meta_ads,true,2025-01-01,100.03,0.1,1,57.11,0.99,1
CUST_010060,google_ads,true,2024-10-01,81.43,0.1,1,46.47,0.99,1
CUST_010063,organic_search,false,2025-04-01,125.64,0.0,2,159.89,1.75,1
CUST_010069,meta_ads,true,2025-02-01,97.05,0.0,1,62.67,0.99,1
CUST_010074,creator_network,false,2024-10-01,82.67,0.15,1,41.54,0.99,1
CUST_010095,google_ads,true,2025-09-01,88.75,0.0,1,57.07,0.99,1
CUST_010107,organic_search,false,2024-08-01,102.78,0.1,1,56.76,0.99,1
CUST_010133,direct,false,2025-05-01,95.70,0.0,1,59.64,0.99,1
CUST_010148,meta_ads,true,2025-03-01,83.15,0.0,2,85.88,0.84,1
CUST_010152,google_ads,true,2024-08-01,101.21,0.0,2,80.31,1.41,1
CUST_010155,creator_network,false,2025-09-01,101.99,0.0,1,69.28,0.99,1
CUST_010159,meta_ads,true,2025-11-01,101.02,0.0,1,62.89,0.99,0
CUST_010170,meta_ads,true,2025-01-01,95.41,0.1,1,-41.64,0.99,1
CUST_010172,creator_network,false,2024-05-01,93.53,0.15,1,48.47,0.99,1
CUST_010183,organic_search,false,2024-12-01,81.14,0.0,1,53.23,0.99,1
CUST_010189,meta_ads,true,2024-06-01,49.41,0.15,2,83.80,1.03,1
CUST_010210,meta_ads,true,2025-05-01,116.64,0.0,1,77.32,0.99,1
CUST_010245,google_ads,true,2024-09-01,112.44,0.0,1,76.32,0.99,1
CUST_010251,creator_network,false,2025-07-01,68.44,0.0999,1,38.98,0.99,1
CUST_010255,direct,false,2025-11-01,66.17,0.0,1,44.98,0.99,0
CUST_010269,google_ads,true,2024-10-01,108.51,0.0,1,73.52,0.99,1
CUST_010303,google_ads,true,2024-05-01,113.60,0.0,1,75.35,0.99,1
CUST_010313,meta_ads,true,2025-12-01,127.84,0.2,1,55.42,0.99,0
CUST_010314,google_ads,true,2024-02-01,116.86,0.0,1,76.80,0.99,1
CUST_010327,google_ads,true,2024-12-01,105.73,0.1,1,58.70,0.99,1
CUST_010333,google_ads,true,2024-03-01,113.73,0.0,3,194.85,2.16,1
CUST_010378,creator_network,false,2025-03-01,66.59,0.2,1,29.77,0.99,1
CUST_010387,google_ads,true,2024-05-01,119.45,0.0,1,77.49,0.99,1
CUST_010431,creator_network,false,2024-05-01,86.85,0.15,1,44.74,0.99,1
CUST_010446,organic_search,false,2025-07-01,92.85,0.0,1,-32.42,0.99,1
CUST_010447,google_ads,true,2024-12-01,122.98,0.0,1,-40.25,0.99,1
CUST_010458,meta_ads,true,2024-11-01,101.80,0.0,1,63.21,0.99,1
CUST_010505,creator_network,false,2025-09-01,81.20,0.0,1,-28.24,0.99,1
CUST_010512,google_ads,true,2025-04-01,83.34,0.15,1,-39.61,0.99,1
CUST_010523,meta_ads,true,2025-10-01,89.79,0.0,1,59.57,0.99,0
CUST_010541,direct,false,2024-04-01,67.58,0.0,1,45.37,0.99,1
CUST_010544,organic_search,false,2025-08-01,98.96,0.0,1,63.66,0.99,1
CUST_010576,creator_network,false,2025-11-01,74.73,0.2001,1,33.93,0.99,0
CUST_010581,google_ads,true,2024-12-01,103.68,0.15,1,53.82,0.99,1
CUST_010588,google_ads,true,2025-11-01,115.36,0.15,2,155.91,0.90,0
CUST_010600,google_ads,true,2025-02-01,93.55,0.1001,1,50.64,0.99,1
CUST_010605,google_ads,true,2024-12-01,145.26,0.2,1,68.14,0.99,1
CUST_010610,meta_ads,true,2025-10-01,78.72,0.0,1,51.02,0.99,0
CUST_010611,meta_ads,true,2025-03-01,88.30,0.0,2,124.76,1.98,1
CUST_010621,creator_network,false,2024-11-01,40.21,0.0,1,25.78,0.99,1
CUST_010674,creator_network,false,2024-06-01,94.96,0.0,1,-35.35,0.99,1
CUST_010679,creator_network,false,2024-06-01,91.43,0.0,1,-33.11,0.99,1
CUST_010719,meta_ads,true,2024-01-01,73.54,0.0,1,49.19,0.99,1
CUST_010750,meta_ads,true,2024-01-01,59.80,0.0,1,38.10,0.99,1
CUST_010809,google_ads,true,2025-08-01,79.89,0.0,1,50.77,0.99,1
CUST_010813,meta_ads,true,2024-04-01,57.50,0.0,2,44.11,2.18,1
CUST_010828,creator_network,false,2025-11-01,95.88,0.0,1,63.96,0.99,0
CUST_010837,google_ads,true,2025-04-01,85.05,0.0,1,57.72,0.99,1
CUST_010841,meta_ads,true,2025-10-01,89.43,0.0,1,56.98,0.99,1
CUST_010856,organic_search,false,2025-04-01,58.97,0.0,1,-20.20,0.99,1
CUST_010868,meta_ads,true,2025-08-01,57.05,0.0999,1,31.25,0.99,1
CUST_010891,creator_network,false,2025-10-01,107.41,0.2,1,47.56,0.99,0
CUST_010924,creator_network,false,2024-01-01,72.49,0.15,1,37.15,0.99,1
CUST_010947,google_ads,true,2024-02-01,81.16,0.0,1,53.68,0.99,1
CUST_010952,direct,false,2025-08-01,120.60,0.1,1,64.45,0.99,1
CUST_010965,meta_ads,true,2025-10-01,97.99,0.0,1,61.20,0.99,0
CUST_010973,organic_search,false,2024-08-01,91.47,0.0,2,140.28,1.49,1
CUST_011006,meta_ads,true,2025-12-01,97.35,0.2,1,-0.05,0.99,0
CUST_011008,creator_network,false,2025-10-01,71.35,0.0,1,47.06,0.99,0
CUST_011032,direct,false,2024-01-01,74.06,0.0,1,47.78,0.99,1
CUST_011045,organic_search,false,2024-11-01,77.13,0.0,1,52.39,0.99,1
CUST_011066,creator_network,false,2024-04-01,91.14,0.0,1,57.11,0.99,1
CUST_011091,google_ads,true,2025-12-01,87.16,0.0,1,25.03,0.99,0
CUST_011095,google_ads,true,2025-02-01,120.14,0.0,2,158.31,1.65,1
CUST_011120,organic_search,false,2025-01-01,150.86,0.0,1,96.87,0.99,1
CUST_011140,meta_ads,true,2025-12-01,84.24,0.0,1,56.66,0.99,0
CUST_011206,direct,false,2025-11-01,91.09,0.15,2,95.30,0.80,0
CUST_011218,meta_ads,true,2025-06-01,79.74,0.2,1,37.27,0.99,1
CUST_011221,google_ads,true,2024-03-01,115.28,0.0,2,141.66,1.18,1
CUST_011249,direct,false,2024-11-01,120.61,0.0,2,42.47,2.19,1
CUST_011256,meta_ads,true,2025-12-01,130.28,0.0,1,86.55,0.99,0
CUST_011259,meta_ads,true,2025-11-01,92.68,0.1,1,-41.30,0.99,0
CUST_011316,direct,false,2025-08-01,98.98,0.0,3,179.30,1.29,1
CUST_011343,organic_search,false,2024-12-01,69.75,0.0,1,45.65,0.99,1
CUST_011355,meta_ads,true,2025-09-01,117.10,0.15,2,96.22,0.79,0
CUST_011360,meta_ads,true,2025-04-01,88.44,0.0,2,103.05,0.89,1
CUST_011380,google_ads,true,2024-07-01,144.04,0.0,3,203.92,5.04,1
CUST_011385,meta_ads,true,2024-09-01,83.00,0.1,1,46.08,0.99,1
CUST_011386,organic_search,false,2025-02-01,90.16,0.0,1,-30.69,0.99,1
CUST_011393,creator_network,false,2025-06-01,89.34,0.15,1,44.02,0.99,1
CUST_011397,google_ads,true,2025-08-01,116.25,0.0,2,131.63,0.94,1
CUST_011410,creator_network,false,2024-12-01,109.30,0.15,2,83.46,2.00,1
CUST_011419,meta_ads,true,2025-08-01,94.00,0.1,2,82.53,1.94,1
CUST_011441,creator_network,false,2024-09-01,71.08,0.1,1,-30.18,0.99,1
CUST_011452,creator_network,false,2025-05-01,77.35,0.0,1,52.26,0.99,1
CUST_011454,meta_ads,true,2024-12-01,111.46,0.0,1,34.85,0.99,1
CUST_011488,google_ads,true,2024-12-01,86.89,0.0,1,54.89,0.99,1
CUST_011510,meta_ads,true,2024-10-01,114.37,0.0,1,77.71,0.99,1
CUST_011522,google_ads,true,2024-01-01,95.86,0.2,2,110.29,2.57,1
CUST_011525,google_ads,true,2025-04-01,106.51,0.0,1,69.64,0.99,1
CUST_011532,meta_ads,true,2024-03-01,73.27,0.0,2,94.55,1.22,1
CUST_011552,meta_ads,true,2025-07-01,97.73,0.15,1,47.49,0.99,1
CUST_011571,direct,false,2024-09-01,74.14,0.0,1,47.57,0.99,1
CUST_011572,meta_ads,true,2025-01-01,59.68,0.2001,4,110.56,4.31,1
CUST_011593,meta_ads,true,2024-10-01,96.60,0.1,1,51.82,0.99,1
CUST_011600,meta_ads,true,2025-06-01,102.88,0.0,1,65.24,0.99,1
CUST_011617,meta_ads,true,2024-10-01,83.33,0.0,1,54.69,0.99,1
CUST_011626,google_ads,true,2024-03-01,76.01,0.0,1,50.17,0.99,1
CUST_011632,direct,false,2025-11-01,96.48,0.0,1,60.23,0.99,0
CUST_011642,organic_search,false,2025-09-01,134.80,0.1,1,73.49,0.99,1
CUST_011644,meta_ads,true,2025-07-01,55.73,0.0999,1,31.96,0.99,1
CUST_011646,google_ads,true,2024-04-01,88.39,0.2,1,40.27,0.99,1
CUST_011658,meta_ads,true,2025-12-01,96.34,0.0,2,136.12,0.70,0
CUST_011669,direct,false,2025-06-01,97.42,0.1,2,137.94,2.47,1
CUST_011680,google_ads,true,2024-07-01,100.85,0.1,1,56.86,0.99,1
CUST_011699,meta_ads,true,2025-11-01,109.65,0.25,1,-24.98,0.99,0
CUST_011712,organic_search,false,2024-04-01,106.70,0.15,1,50.43,0.99,1
CUST_011762,meta_ads,true,2024-04-01,68.63,0.1499,1,35.78,0.99,1
CUST_011772,meta_ads,true,2024-04-01,117.76,0.1,1,62.87,0.99,1
CUST_011782,google_ads,true,2025-04-01,96.07,0.1,1,53.00,0.99,1
CUST_011798,google_ads,true,2025-02-01,92.39,0.0,4,123.65,4.61,1
CUST_011809,creator_network,false,2024-02-01,69.73,0.0,1,46.30,0.99,1
CUST_011822,google_ads,true,2025-06-01,95.44,0.0,1,63.72,0.99,1
CUST_011825,creator_network,false,2025-09-01,80.30,0.1,1,6.56,0.99,1
CUST_011827,creator_network,false,2024-10-01,81.52,0.0,1,52.07,0.99,1
CUST_011863,organic_search,false,2025-09-01,74.69,0.0,1,48.32,0.99,1
CUST_011883,google_ads,true,2024-06-01,130.48,0.0,1,83.21,0.99,1
CUST_011900,organic_search,false,2024-04-01,91.69,0.0,1,58.61,0.99,1
CUST_011905,organic_search,false,2025-07-01,89.46,0.15,1,42.18,0.99,1
CUST_011909,google_ads,true,2025-01-01,73.25,0.15,1,34.44,0.99,1
CUST_011932,google_ads,true,2025-04-01,56.11,0.0,1,35.82,0.99,1
CUST_011945,meta_ads,true,2025-11-01,69.03,0.0,1,45.79,0.99,0
CUST_011951,creator_network,false,2025-12-01,64.09,0.0,1,43.29,0.99,0
CUST_011953,meta_ads,true,2024-02-01,101.61,0.1,1,54.13,0.99,1
CUST_011963,meta_ads,true,2024-10-01,90.96,0.1,1,49.23,0.99,1
CUST_012020,direct,false,2024-03-01,53.44,0.0,1,34.24,0.99,1
CUST_012057,meta_ads,true,2025-09-01,106.81,0.2,1,46.19,0.99,1
CUST_012059,organic_search,false,2024-05-01,65.53,0.0,2,91.90,0.91,1
CUST_012104,organic_search,false,2025-09-01,73.68,0.0,1,47.56,0.99,1
CUST_012151,meta_ads,true,2025-01-01,52.52,0.0,1,32.72,0.99,1
CUST_012166,google_ads,true,2025-05-01,105.88,0.0,1,70.84,0.99,1
CUST_012168,creator_network,false,2025-08-01,77.26,0.2,1,33.54,0.99,1
CUST_012179,creator_network,false,2025-02-01,53.80,0.0,1,12.13,0.99,1
CUST_012186,meta_ads,true,2025-07-01,78.05,0.0,1,51.52,0.99,1
CUST_012192,google_ads,true,2024-08-01,123.75,0.1,1,70.63,0.99,1
CUST_012235,organic_search,false,2025-02-01,109.27,0.0,1,72.80,0.99,1
CUST_012253,google_ads,true,2025-08-01,116.53,0.0,1,72.81,0.99,1
CUST_012280,google_ads,true,2024-12-01,130.66,0.0,1,87.10,0.99,1
CUST_012285,meta_ads,true,2024-09-01,86.84,0.25,1,34.57,0.99,1
CUST_012292,meta_ads,true,2024-12-01,88.16,0.0,1,59.09,0.99,1
CUST_012305,google_ads,true,2025-11-01,88.24,0.15,1,46.40,0.99,0
CUST_012312,google_ads,true,2025-06-01,92.34,0.0,1,60.99,0.99,1
CUST_012321,meta_ads,true,2025-01-01,37.63,0.0,1,24.15,0.99,1
CUST_012366,meta_ads,true,2024-05-01,68.33,0.0,1,4.58,0.99,1
CUST_012372,organic_search,false,2024-12-01,36.98,0.0,1,24.10,0.99,1
CUST_012380,meta_ads,true,2025-11-01,72.26,0.0,1,45.33,0.99,0
CUST_012425,meta_ads,true,2025-06-01,112.76,0.0,1,74.34,0.99,1
CUST_012445,meta_ads,true,2024-04-01,55.61,0.15,2,45.47,0.64,1
CUST_012447,meta_ads,true,2025-03-01,76.97,0.0,1,49.20,0.99,1
CUST_012448,direct,false,2025-12-01,132.09,0.0,1,87.98,0.99,0
CUST_012453,meta_ads,true,2024-01-01,82.47,0.0,1,-26.85,0.99,1
CUST_012464,organic_search,false,2025-08-01,63.49,0.1,1,36.16,0.99,1
CUST_012472,meta_ads,true,2025-06-01,83.69,0.2,1,35.78,0.99,1
CUST_012491,google_ads,true,2025-09-01,95.96,0.0,2,145.13,2.55,0
CUST_000031,meta_ads,true,2025-05-01,94.53,0.0,1,64.04,0.99,1
CUST_000058,google_ads,true,2024-07-01,122.42,0.1,1,70.52,0.99,1
CUST_000064,organic_search,false,2024-11-01,86.30,0.0,3,87.19,0.94,1
CUST_000077,meta_ads,true,2025-08-01,106.63,0.0,1,66.72,0.99,1
CUST_000102,google_ads,true,2025-05-01,88.47,0.15,2,3.71,0.54,1
CUST_000111,meta_ads,true,2024-09-01,58.59,0.1,1,30.79,0.99,1
CUST_000116,google_ads,true,2025-10-01,125.72,0.0,1,83.80,0.99,0
CUST_000120,google_ads,true,2025-03-01,94.79,0.0,1,62.32,0.99,1
CUST_000125,meta_ads,true,2024-08-01,101.47,0.2,2,30.31,4.03,1
CUST_000132,meta_ads,true,2024-07-01,65.16,0.0,1,-21.47,0.99,1
CUST_000150,organic_search,false,2024-09-01,39.82,0.0,1,25.26,0.99,1
CUST_000191,google_ads,true,2024-04-01,125.73,0.0,1,83.58,0.99,1
CUST_000210,meta_ads,true,2024-06-01,111.29,0.0,2,15.57,0.14,1
CUST_000236,google_ads,true,2025-07-01,108.60,0.15,1,-51.72,0.99,1
CUST_000254,meta_ads,true,2024-10-01,73.13,0.0,1,19.73,0.99,1
CUST_000270,meta_ads,true,2024-09-01,101.67,0.15,1,48.00,0.99,1
CUST_000276,google_ads,true,2025-02-01,72.26,0.2,1,31.03,0.99,1
CUST_000285,google_ads,true,2025-04-01,101.05,0.0,1,-37.04,0.99,1
CUST_000291,meta_ads,true,2024-02-01,111.42,0.0,1,74.26,0.99,1
CUST_000294,direct,false,2024-11-01,112.81,0.0,1,73.94,0.99,1
CUST_000342,google_ads,true,2025-02-01,146.25,0.15,1,74.92,0.99,1
CUST_000361,meta_ads,true,2024-12-01,86.21,0.2,1,37.89,0.99,1
CUST_000382,organic_search,false,2025-07-01,57.45,0.0,1,38.25,0.99,1
CUST_000425,google_ads,true,2024-02-01,82.72,0.0,1,-31.22,0.99,1
CUST_000456,creator_network,false,2025-02-01,29.97,0.1001,1,16.45,0.99,1
CUST_000468,creator_network,false,2025-10-01,104.30,0.15,1,50.92,0.99,0
CUST_000483,meta_ads,true,2025-01-01,83.54,0.15,1,39.47,0.99,1
CUST_000486,organic_search,false,2025-11-01,96.42,0.0,1,61.78,0.99,0
CUST_000488,meta_ads,true,2024-09-01,91.49,0.0,1,57.94,0.99,1
CUST_000500,meta_ads,true,2025-12-01,90.05,0.0,1,59.00,0.99,0
CUST_000505,meta_ads,true,2025-06-01,114.77,0.0,2,76.34,1.89,1
CUST_000520,direct,false,2024-05-01,98.70,0.0,1,64.14,0.99,1
CUST_000544,organic_search,false,2025-06-01,125.00,0.1,1,65.69,0.99,1
CUST_000567,google_ads,true,2024-12-01,105.86,0.0,1,66.55,0.99,1
CUST_000608,organic_search,false,2024-11-01,57.59,0.0,1,36.54,0.99,1
CUST_000626,meta_ads,true,2024-11-01,89.79,0.15,1,42.74,0.99,1
CUST_000635,creator_network,false,2024-04-01,48.18,0.0,1,30.31,0.99,1
CUST_000649,creator_network,false,2025-08-01,77.48,0.0,1,50.88,0.99,1
CUST_000651,meta_ads,true,2024-03-01,99.07,0.0,1,62.13,0.99,1
CUST_000657,meta_ads,true,2024-09-01,85.25,0.15,2,72.68,1.21,1
CUST_000668,meta_ads,true,2024-06-01,69.59,0.0,3,3.03,7.10,1
CUST_000671,google_ads,true,2024-06-01,87.21,0.0,1,59.18,0.99,1
CUST_000680,google_ads,true,2025-10-01,107.55,0.0,1,66.92,0.99,0
CUST_000682,meta_ads,true,2024-08-01,56.37,0.1999,1,25.08,0.99,1
CUST_000683,meta_ads,true,2024-06-01,70.20,0.0,1,44.63,0.99,1
CUST_000688,direct,false,2024-09-01,77.92,0.0,1,50.81,0.99,1
CUST_000690,direct,false,2024-06-01,123.87,0.0,1,78.29,0.99,1
CUST_000710,organic_search,false,2025-06-01,68.09,0.0,1,45.57,0.99,1
CUST_000716,google_ads,true,2025-11-01,77.74,0.0,1,51.84,0.99,0
CUST_000726,meta_ads,true,2025-10-01,97.78,0.0,1,60.98,0.99,0
CUST_000735,creator_network,false,2024-11-01,99.91,0.1,1,57.10,0.99,1
CUST_000742,meta_ads,true,2024-09-01,93.73,0.15,1,45.97,0.99,1
CUST_000768,creator_network,false,2025-10-01,72.79,0.0,1,11.13,0.99,0
CUST_000774,google_ads,true,2024-12-01,136.98,0.0,1,88.88,0.99,1
CUST_000798,creator_network,false,2025-04-01,90.48,0.0,1,58.70,0.99,1
CUST_000810,google_ads,true,2024-04-01,116.39,0.0,1,75.80,0.99,1
CUST_000822,meta_ads,true,2024-01-01,48.75,0.1499,1,23.48,0.99,1
CUST_000863,meta_ads,true,2025-03-01,80.23,0.0,1,51.59,0.99,1
CUST_000880,creator_network,false,2024-07-01,64.98,0.1,2,94.72,1.12,1
CUST_000886,meta_ads,true,2024-06-01,94.89,0.0,1,60.77,0.99,1
CUST_000907,google_ads,true,2025-09-01,93.04,0.1,1,51.58,0.99,1
CUST_000926,creator_network,false,2024-01-01,98.55,0.0,1,61.30,0.99,1
CUST_000930,meta_ads,true,2024-08-01,98.10,0.0,1,61.65,0.99,1
CUST_000940,google_ads,true,2025-04-01,86.77,0.0,1,58.02,0.99,1
CUST_000978,creator_network,false,2024-02-01,75.53,0.0,1,48.21,0.99,1
CUST_001015,meta_ads,true,2025-07-01,125.53,0.0,1,84.94,0.99,1
CUST_001035,google_ads,true,2024-03-01,77.99,0.0,1,52.73,0.99,1
CUST_001038,creator_network,false,2025-07-01,51.98,0.1501,1,-4.62,0.99,1
CUST_001088,meta_ads,true,2024-06-01,105.66,0.0,1,71.68,0.99,1
CUST_001094,organic_search,false,2025-03-01,99.87,0.0,1,66.29,0.99,1
CUST_001106,meta_ads,true,2024-06-01,160.68,0.25,1,59.83,0.99,1
CUST_001112,organic_search,false,2024-07-01,97.68,0.0,1,-5.13,0.99,1
CUST_001118,google_ads,true,2025-10-01,103.36,0.0,1,68.64,0.99,0
CUST_001133,meta_ads,true,2024-03-01,57.95,0.15,1,30.16,0.99,1
CUST_001151,google_ads,true,2025-07-01,114.35,0.0,1,75.76,0.99,1
CUST_001154,google_ads,true,2025-06-01,93.65,0.0,2,137.74,0.10,1
CUST_001166,organic_search,false,2025-09-01,75.70,0.0,3,64.91,2.48,0
CUST_001201,direct,false,2025-08-01,147.64,0.0,1,-47.91,0.99,1
CUST_001230,meta_ads,true,2024-12-01,64.50,0.1499,2,57.83,0.32,1
CUST_001263,meta_ads,true,2024-10-01,100.75,0.2,1,47.14,0.99,1
CUST_001271,google_ads,true,2025-07-01,126.73,0.1,1,67.45,0.99,1
CUST_001283,meta_ads,true,2025-04-01,114.61,0.0,1,75.91,0.99,1
CUST_001298,google_ads,true,2024-04-01,135.93,0.15,1,3.15,0.99,1
CUST_001304,google_ads,true,2025-03-01,130.91,0.0,1,87.03,0.99,1
CUST_001322,meta_ads,true,2024-06-01,66.51,0.0,2,9.39,0.37,1
CUST_001335,google_ads,true,2025-12-01,140.20,0.1,1,73.24,0.99,0
CUST_001347,creator_network,false,2024-11-01,107.53,0.0,1,72.68,0.99,1
CUST_001376,meta_ads,true,2025-10-01,61.93,0.2001,1,27.29,0.99,0
CUST_001381,google_ads,true,2024-06-01,123.34,0.0,1,76.64,0.99,1
CUST_001389,meta_ads,true,2025-12-01,110.20,0.0,1,70.56,0.99,0
CUST_001422,meta_ads,true,2025-02-01,123.37,0.15,1,-59.39,0.99,1
CUST_001430,google_ads,true,2025-10-01,76.03,0.0,1,50.91,0.99,0
CUST_001442,meta_ads,true,2024-04-01,71.18,0.1,1,40.98,0.99,1
CUST_001444,meta_ads,true,2025-01-01,122.75,0.0,1,79.12,0.99,1
CUST_001479,meta_ads,true,2025-09-01,78.17,0.1,1,43.30,0.99,1
CUST_001499,google_ads,true,2024-11-01,77.27,0.0,2,112.66,0.79,1
CUST_001514,creator_network,false,2024-01-01,70.11,0.0,1,46.54,0.99,1
CUST_001518,meta_ads,true,2025-11-01,105.01,0.0,1,66.85,0.99,0
CUST_001525,google_ads,true,2025-02-01,121.81,0.0,1,76.42,0.99,1
CUST_001530,meta_ads,true,2025-03-01,102.97,0.1,2,106.75,0.90,1
CUST_001531,google_ads,true,2024-10-01,77.03,0.0,2,151.37,2.16,1
CUST_001556,organic_search,false,2024-07-01,73.94,0.2499,1,27.38,0.99,1
CUST_001571,google_ads,true,2025-04-01,133.33,0.0,4,282.35,2.62,1
CUST_001576,google_ads,true,2024-04-01,137.72,0.0,1,93.11,0.99,1
CUST_001579,meta_ads,true,2025-05-01,67.10,0.2,2,95.80,1.82,1
CUST_001596,creator_network,false,2025-04-01,78.53,0.0,1,52.83,0.99,1
CUST_001618,meta_ads,true,2025-06-01,78.74,0.0,1,49.07,0.99,1
CUST_001641,meta_ads,true,2025-03-01,71.86,0.0,1,46.21,0.99,1
CUST_001647,creator_network,false,2024-05-01,102.03,0.1,2,100.81,1.54,1
CUST_001655,creator_network,false,2024-03-01,86.53,0.1,1,46.40,0.99,1
CUST_001673,creator_network,false,2025-10-01,61.95,0.15,1,29.85,0.99,0
CUST_001674,organic_search,false,2025-09-01,65.96,0.0,1,43.30,0.99,1
CUST_001687,google_ads,true,2025-11-01,83.41,0.0,1,53.66,0.99,0
CUST_001710,meta_ads,true,2025-06-01,104.72,0.1,1,59.28,0.99,1
CUST_001715,google_ads,true,2024-02-01,78.89,0.0,1,51.80,0.99,1
CUST_001725,google_ads,true,2025-07-01,77.02,0.0,1,-28.71,0.99,1
CUST_001738,meta_ads,true,2024-07-01,70.41,0.2,1,31.33,0.99,1
CUST_001741,organic_search,false,2025-09-01,72.77,0.0,1,45.19,0.99,1
CUST_001745,creator_network,false,2024-12-01,80.73,0.2,1,37.80,0.99,1
CUST_001752,organic_search,false,2024-07-01,126.57,0.1,1,73.18,0.99,1
CUST_001798,meta_ads,true,2024-03-01,105.79,0.0,2,99.02,1.95,1
CUST_001819,organic_search,false,2025-05-01,84.56,0.0,1,54.44,0.99,1
CUST_001829,meta_ads,true,2025-09-01,112.55,0.2,1,50.30,0.99,1
CUST_001839,meta_ads,true,2025-11-01,107.53,0.0,1,69.42,0.99,0
CUST_001869,direct,false,2024-05-01,120.64,0.0,1,77.39,0.99,1
CUST_001878,creator_network,false,2025-03-01,85.45,0.0999,1,49.24,0.99,1
CUST_001884,meta_ads,true,2025-08-01,77.41,0.1,1,41.06,0.99,1
CUST_001885,organic_search,false,2024-06-01,89.32,0.1,1,47.05,0.99,1
CUST_001890,meta_ads,true,2025-12-01,99.01,0.15,1,49.96,0.99,0
CUST_001917,creator_network,false,2025-10-01,94.02,0.1,2,92.77,0.89,0
CUST_001924,meta_ads,true,2024-11-01,92.65,0.15,1,44.08,0.99,1
CUST_001941,meta_ads,true,2024-02-01,80.42,0.1,1,45.00,0.99,1
CUST_001944,organic_search,false,2025-07-01,89.99,0.0,2,116.48,0.84,1
CUST_001945,meta_ads,true,2025-08-01,69.12,0.1,1,37.04,0.99,1
CUST_001999,meta_ads,true,2024-02-01,126.30,0.15,1,60.21,0.99,1
CUST_002041,meta_ads,true,2025-10-01,92.32,0.1,2,102.55,1.00,0
CUST_002122,meta_ads,true,2025-02-01,76.07,0.0,1,47.46,0.99,1
CUST_002125,google_ads,true,2025-12-01,95.99,0.0,1,59.93,0.99,0
CUST_002140,google_ads,true,2025-10-01,89.58,0.0,2,63.72,2.03,0
CUST_002146,meta_ads,true,2025-09-01,43.70,0.0,1,28.32,0.99,1
CUST_002170,google_ads,true,2024-10-01,104.56,0.0,1,67.73,0.99,1
CUST_002180,organic_search,false,2025-03-01,92.05,0.2,1,43.57,0.99,1
CUST_002192,meta_ads,true,2025-11-01,84.18,0.15,1,40.78,0.99,0
CUST_002193,organic_search,false,2025-06-01,94.13,0.0,1,59.84,0.99,1
CUST_002198,google_ads,true,2025-10-01,94.67,0.0,1,63.30,0.99,0
CUST_002234,creator_network,false,2025-10-01,68.49,0.1499,1,34.38,0.99,0
CUST_002236,meta_ads,true,2025-04-01,123.07,0.0,1,77.72,0.99,1
CUST_002241,organic_search,false,2025-09-01,134.90,0.0,2,149.74,0.19,1
CUST_002242,google_ads,true,2024-02-01,135.29,0.15,1,69.70,0.99,1
CUST_002243,organic_search,false,2025-04-01,86.08,0.0,1,54.14,0.99,1
CUST_002251,meta_ads,true,2024-04-01,78.75,0.0,1,51.82,0.99,1
CUST_002269,meta_ads,true,2024-08-01,132.87,0.0,1,89.61,0.99,1
CUST_002295,meta_ads,true,2024-01-01,73.63,0.0,1,46.57,0.99,1
CUST_002318,meta_ads,true,2024-12-01,62.99,0.0,2,3.05,1.33,1
CUST_002324,meta_ads,true,2024-10-01,85.68,0.0,1,53.41,0.99,1
CUST_002335,creator_network,false,2024-04-01,93.95,0.0,1,61.96,0.99,1
CUST_002356,organic_search,false,2024-04-01,118.19,0.0,1,73.41,0.99,1
CUST_002357,google_ads,true,2025-11-01,90.87,0.0,1,56.63,0.99,0
CUST_002380,meta_ads,true,2025-09-01,78.92,0.15,1,5.81,0.99,1
CUST_002391,creator_network,false,2024-11-01,67.20,0.1,2,72.04,1.77,1
CUST_002413,creator_network,false,2025-02-01,70.17,0.1501,1,33.95,0.99,1
CUST_002444,meta_ads,true,2025-09-01,76.31,0.2,1,32.30,0.99,1
CUST_002465,google_ads,true,2025-05-01,118.92,0.15,1,4.49,0.99,1
CUST_002468,meta_ads,true,2024-02-01,94.07,0.0,1,58.64,0.99,1
CUST_002473,meta_ads,true,2025-11-01,79.39,0.25,1,-47.99,0.99,0
CUST_002508,google_ads,true,2025-01-01,95.65,0.0,1,64.33,0.99,1
CUST_002519,meta_ads,true,2025-06-01,120.73,0.0,1,80.61,0.99,1
CUST_002537,google_ads,true,2025-08-01,103.61,0.0,2,83.36,0.35,1
CUST_002582,google_ads,true,2025-10-01,104.95,0.0,1,66.37,0.99,0
CUST_002600,meta_ads,true,2024-05-01,89.23,0.0,1,58.89,0.99,1
CUST_002608,google_ads,true,2024-09-01,112.81,0.0,1,72.79,0.99,1
CUST_002625,meta_ads,true,2024-11-01,129.31,0.15,1,68.27,0.99,1
CUST_002652,organic_search,false,2024-11-01,59.94,0.0,1,38.95,0.99,1
CUST_002678,meta_ads,true,2024-02-01,70.61,0.1,1,36.93,0.99,1
CUST_002683,creator_network,false,2024-01-01,87.60,0.15,2,96.45,1.11,1
CUST_002694,meta_ads,true,2025-02-01,91.85,0.25,1,34.25,0.99,1
CUST_002725,meta_ads,true,2024-12-01,94.00,0.0,1,60.44,0.99,1
CUST_002745,meta_ads,true,2025-05-01,124.10,0.0,1,82.14,0.99,1
CUST_002803,meta_ads,true,2025-11-01,90.09,0.1,1,51.22,0.99,0
CUST_002849,meta_ads,true,2025-04-01,96.30,0.1499,1,50.64,0.99,1
CUST_002876,creator_network,false,2025-02-01,79.31,0.0,4,175.14,3.70,1
CUST_002878,creator_network,false,2024-07-01,65.99,0.1,1,37.33,0.99,1
CUST_002883,meta_ads,true,2024-07-01,101.98,0.2,1,46.87,0.99,1
CUST_002884,organic_search,false,2024-03-01,51.36,0.0,1,-18.81,0.99,1
CUST_002913,organic_search,false,2025-07-01,71.27,0.0,1,44.96,0.99,1
CUST_002920,meta_ads,true,2024-10-01,95.98,0.0,1,-32.75,0.99,1
CUST_002940,meta_ads,true,2024-02-01,132.70,0.1,1,71.28,0.99,1
CUST_002941,organic_search,false,2024-09-01,66.58,0.0,1,43.88,0.99,1
CUST_002947,google_ads,true,2025-03-01,134.77,0.0,1,87.28,0.99,1
CUST_002989,meta_ads,true,2025-07-01,90.50,0.1,1,52.38,0.99,1
CUST_002996,organic_search,false,2025-10-01,98.57,0.0,1,62.81,0.99,0
CUST_003029,google_ads,true,2025-06-01,90.49,0.0,2,27.18,1.33,1
CUST_003053,meta_ads,true,2024-09-01,90.76,0.0,1,56.29,0.99,1
CUST_003086,meta_ads,true,2025-06-01,84.91,0.0,1,53.80,0.99,1
CUST_003100,meta_ads,true,2025-01-01,64.31,0.0,1,41.42,0.99,1
CUST_003103,google_ads,true,2025-11-01,87.85,0.0,1,56.17,0.99,0
CUST_003105,meta_ads,true,2024-08-01,80.28,0.0,1,-30.35,0.99,1
CUST_003107,creator_network,false,2025-07-01,82.00,0.0,1,54.12,0.99,1
CUST_003135,google_ads,true,2024-07-01,91.64,0.0,3,89.56,4.21,1
CUST_003139,organic_search,false,2025-03-01,63.38,0.15,1,30.80,0.99,1
CUST_003142,google_ads,true,2025-11-01,151.55,0.0,1,99.36,0.99,0
CUST_003188,meta_ads,true,2024-11-01,77.53,0.0,3,164.29,4.04,1
CUST_003190,organic_search,false,2025-08-01,97.16,0.0,1,62.41,0.99,1
CUST_003191,meta_ads,true,2024-10-01,85.91,0.1,1,49.00,0.99,1
CUST_003222,meta_ads,true,2024-06-01,89.30,0.1501,1,42.19,0.99,1
CUST_003224,meta_ads,true,2024-01-01,101.51,0.0,1,-37.07,0.99,1
CUST_003247,google_ads,true,2025-02-01,120.21,0.0,2,184.02,3.53,1
CUST_003293,meta_ads,true,2024-12-01,95.23,0.15,1,45.16,0.99,1
CUST_003306,meta_ads,true,2024-11-01,93.57,0.0,1,59.78,0.99,1
CUST_003316,creator_network,false,2025-06-01,71.90,0.0,2,16.75,3.06,1
CUST_003320,meta_ads,true,2025-08-01,136.26,0.1,3,174.78,3.46,0
CUST_003325,meta_ads,true,2025-08-01,71.82,0.15,1,38.00,0.99,1
CUST_003332,meta_ads,true,2025-08-01,88.36,0.0,1,56.23,0.99,1
CUST_003338,google_ads,true,2025-08-01,81.42,0.0,1,53.08,0.99,1
CUST_003401,meta_ads,true,2024-03-01,76.34,0.0,1,50.79,0.99,1
CUST_003414,meta_ads,true,2024-11-01,89.99,0.0,1,57.60,0.99,1
CUST_003425,meta_ads,true,2025-09-01,64.97,0.0,1,42.42,0.99,1
CUST_003427,meta_ads,true,2025-04-01,118.62,0.0,1,73.73,0.99,1
CUST_003461,google_ads,true,2024-09-01,107.96,0.0,1,69.72,0.99,1
CUST_003470,creator_network,false,2024-06-01,81.27,0.25,1,31.33,0.99,1
CUST_003474,google_ads,true,2025-07-01,134.98,0.0,1,88.84,0.99,1
CUST_003502,meta_ads,true,2025-09-01,89.50,0.0,1,60.34,0.99,1
CUST_003514,direct,false,2025-09-01,65.87,0.0,1,44.01,0.99,1
CUST_003525,organic_search,false,2024-06-01,75.32,0.0,1,50.65,0.99,1
CUST_003539,google_ads,true,2025-06-01,113.97,0.1,1,61.29,0.99,1
CUST_003552,google_ads,true,2024-05-01,60.81,0.0,1,39.29,0.99,1
CUST_003571,meta_ads,true,2024-10-01,59.01,0.0,1,36.85,0.99,1
CUST_003576,meta_ads,true,2024-11-01,58.52,0.0,1,38.84,0.99,1
CUST_003580,meta_ads,true,2025-02-01,93.08,0.0,1,60.14,0.99,1
CUST_003605,creator_network,false,2024-07-01,86.28,0.1,1,47.17,0.99,1
CUST_003612,meta_ads,true,2024-05-01,82.59,0.0,1,51.66,0.99,1
CUST_003618,meta_ads,true,2025-10-01,91.53,0.1,1,52.17,0.99,0
CUST_003619,meta_ads,true,2025-09-01,28.82,0.0,1,-9.31,0.99,1
CUST_003626,google_ads,true,2024-08-01,105.55,0.1,1,60.58,0.99,1
CUST_003634,meta_ads,true,2024-11-01,84.16,0.0,2,84.55,0.93,1
CUST_003635,meta_ads,true,2024-04-01,49.06,0.1001,1,27.62,0.99,1
CUST_003651,direct,false,2025-08-01,120.98,0.0,1,76.45,0.99,1
CUST_003652,google_ads,true,2024-12-01,99.44,0.0,1,66.32,0.99,1
CUST_003675,direct,false,2025-05-01,61.11,0.0,1,39.69,0.99,1
CUST_003697,creator_network,false,2025-12-01,89.18,0.15,1,42.37,0.99,0
CUST_003709,creator_network,false,2024-09-01,92.82,0.15,1,45.64,0.99,1
CUST_003722,meta_ads,true,2025-09-01,103.52,0.0,2,121.48,1.78,0
CUST_003740,creator_network,false,2025-04-01,106.54,0.15,1,52.74,0.99,1
CUST_003751,meta_ads,true,2025-11-01,107.41,0.0,1,70.39,0.99,0
CUST_003769,creator_network,false,2024-06-01,69.25,0.2,1,30.77,0.99,1
CUST_003798,organic_search,false,2024-04-01,78.48,0.0,2,109.86,1.62,1
CUST_003825,organic_search,false,2024-07-01,98.87,0.15,2,125.95,1.86,1
CUST_003834,direct,false,2024-12-01,81.85,0.0,1,50.77,0.99,1
CUST_003870,meta_ads,true,2024-03-01,64.81,0.0,2,94.66,0.57,1
CUST_003875,meta_ads,true,2024-02-01,78.66,0.0,1,52.33,0.99,1
CUST_003914,creator_network,false,2025-12-01,99.43,0.1,1,52.53,0.99,0
CUST_003938,creator_network,false,2024-06-01,58.23,0.0,1,37.53,0.99,1
CUST_003952,meta_ads,true,2025-09-01,96.94,0.0,1,-32.36,0.99,1
CUST_003964,creator_network,false,2025-04-01,99.63,0.15,1,47.31,0.99,1
CUST_003981,meta_ads,true,2025-09-01,85.63,0.0,1,56.33,0.99,1
CUST_003984,google_ads,true,2024-07-01,174.37,0.0,1,117.81,0.99,1
CUST_003993,google_ads,true,2025-08-01,120.10,0.15,1,62.45,0.99,1
CUST_004006,meta_ads,true,2024-09-01,81.47,0.25,1,31.58,0.99,1
CUST_004031,creator_network,false,2025-06-01,86.81,0.1,1,45.31,0.99,1
CUST_004047,direct,false,2024-10-01,122.73,0.0,1,81.76,0.99,1
CUST_004062,creator_network,false,2024-07-01,95.18,0.15,1,49.82,0.99,1
CUST_004064,google_ads,true,2024-08-01,108.74,0.0,1,67.59,0.99,1
CUST_004069,direct,false,2025-06-01,106.51,0.25,1,39.62,0.99,1
CUST_004102,creator_network,false,2025-01-01,52.97,0.1001,1,29.39,0.99,1
CUST_004128,creator_network,false,2025-12-01,65.94,0.15,1,34.00,0.99,0
CUST_004132,google_ads,true,2024-07-01,86.31,0.0,1,53.79,0.99,1
CUST_004145,google_ads,true,2025-11-01,105.51,0.0,2,121.52,0.51,0
CUST_004147,direct,false,2024-04-01,94.46,0.0,1,61.49,0.99,1
CUST_004169,creator_network,false,2024-10-01,52.04,0.0,1,32.53,0.99,1
CUST_004174,creator_network,false,2025-03-01,72.65,0.0999,1,41.34,0.99,1
CUST_004182,google_ads,true,2025-06-01,70.43,0.0,1,46.51,0.99,1
CUST_004190,google_ads,true,2025-07-01,79.25,0.0,1,51.44,0.99,1
CUST_004193,creator_network,false,2025-02-01,119.03,0.0,2,128.72,1.11,1
CUST_004200,meta_ads,true,2025-05-01,150.90,0.1,1,8.86,0.99,1
CUST_004254,google_ads,true,2025-02-01,59.20,0.15,1,-30.39,0.99,1
CUST_004256,google_ads,true,2025-06-01,113.59,0.0,2,142.00,1.51,1
CUST_004268,meta_ads,true,2024-03-01,97.22,0.0,1,60.84,0.99,1
CUST_004275,google_ads,true,2025-05-01,101.56,0.0,1,66.88,0.99,1
CUST_004301,google_ads,true,2024-03-01,78.46,0.0,1,52.14,0.99,1
CUST_004311,creator_network,false,2024-09-01,60.66,0.15,1,28.65,0.99,1
CUST_004320,organic_search,false,2025-03-01,114.07,0.0,1,-42.12,0.99,1
CUST_004346,creator_network,false,2024-11-01,81.53,0.15,1,38.72,0.99,1
CUST_004365,meta_ads,true,2024-07-01,141.55,0.1,1,80.55,0.99,1
CUST_004408,meta_ads,true,2024-05-01,62.39,0.0,1,42.15,0.99,1
CUST_004412,creator_network,false,2024-01-01,79.79,0.0,2,79.19,0.38,1
CUST_004436,google_ads,true,2024-09-01,120.25,0.0,3,214.02,3.08,1
CUST_004454,direct,false,2025-09-01,98.96,0.0,1,64.81,0.99,1
CUST_004459,organic_search,false,2024-12-01,83.15,0.0,1,52.86,0.99,1
CUST_004483,direct,false,2025-04-01,101.86,0.0,1,66.97,0.99,1
CUST_004498,creator_network,false,2024-05-01,70.82,0.1,1,-31.79,0.99,1
CUST_004539,direct,false,2024-03-01,100.42,0.0,1,68.18,0.99,1
CUST_004581,google_ads,true,2025-11-01,106.53,0.0,1,69.67,0.99,0
CUST_004587,creator_network,false,2024-12-01,49.24,0.0,1,33.35,0.99,1
CUST_004588,meta_ads,true,2024-05-01,86.33,0.0,1,58.49,0.99,1
CUST_004597,creator_network,false,2025-08-01,64.16,0.0,1,41.54,0.99,1
CUST_004598,meta_ads,true,2024-08-01,75.76,0.2,1,32.03,0.99,1
CUST_004614,organic_search,false,2024-04-01,108.26,0.0,1,73.44,0.99,1
CUST_004618,meta_ads,true,2025-10-01,45.04,0.1501,1,23.76,0.99,0
CUST_004629,google_ads,true,2025-06-01,184.03,0.0,1,118.13,0.99,1
CUST_004648,meta_ads,true,2024-08-01,64.88,0.0,1,40.56,0.99,1
CUST_004650,meta_ads,true,2024-06-01,90.50,0.0,1,-31.87,0.99,1
CUST_004653,direct,false,2025-02-01,125.65,0.0,2,133.11,0.60,1
CUST_004671,google_ads,true,2024-11-01,131.07,0.2,1,56.73,0.99,1
CUST_004684,meta_ads,true,2024-09-01,100.08,0.0,1,63.07,0.99,1
CUST_004691,meta_ads,true,2024-11-01,92.89,0.0,1,61.52,0.99,1
CUST_004716,google_ads,true,2024-10-01,104.97,0.0,1,68.79,0.99,1
CUST_004729,google_ads,true,2025-08-01,81.62,0.0,1,55.08,0.99,1
CUST_004737,meta_ads,true,2025-03-01,87.04,0.2,3,118.76,3.67,1
CUST_004752,google_ads,true,2025-01-01,96.69,0.0,1,62.34,0.99,1
CUST_004772,organic_search,false,2024-12-01,93.53,0.0,1,59.09,0.99,1
CUST_004775,meta_ads,true,2024-10-01,71.71,0.2,3,99.71,2.20,1
CUST_004785,meta_ads,true,2024-12-01,112.48,0.0,1,71.74,0.99,1
CUST_004874,creator_network,false,2024-08-01,52.62,0.0,1,0.63,0.99,1
CUST_004885,meta_ads,true,2024-04-01,81.21,0.0,1,53.13,0.99,1
CUST_004891,creator_network,false,2024-10-01,71.33,0.0,2,9.88,2.19,1
CUST_004909,meta_ads,true,2025-08-01,99.68,0.0,1,-32.06,0.99,1
CUST_004927,meta_ads,true,2025-02-01,90.19,0.15,1,44.26,0.99,1
CUST_004938,google_ads,true,2025-04-01,56.17,0.0,1,38.18,0.99,1
CUST_004959,meta_ads,true,2024-06-01,64.33,0.0,1,42.39,0.99,1
CUST_004971,creator_network,false,2025-02-01,70.45,0.25,1,27.77,0.99,1
CUST_004993,direct,false,2024-11-01,101.92,0.0,1,65.03,0.99,1
CUST_005008,creator_network,false,2025-10-01,77.08,0.1,2,80.32,0.62,0
CUST_005023,google_ads,true,2025-12-01,121.93,0.0,1,78.34,0.99,0
CUST_005034,organic_search,false,2025-05-01,72.99,0.15,2,115.08,0.53,1
CUST_005093,meta_ads,true,2025-09-01,84.60,0.1,3,146.38,3.08,0
CUST_005103,meta_ads,true,2025-04-01,115.90,0.0,1,78.78,0.99,1
CUST_005106,google_ads,true,2024-04-01,158.19,0.0,1,100.39,0.99,1
CUST_005108,google_ads,true,2024-04-01,113.43,0.25,1,45.47,0.99,1
CUST_005119,direct,false,2025-08-01,104.01,0.0,1,65.78,0.99,1
CUST_005121,meta_ads,true,2024-10-01,88.20,0.0,1,58.82,0.99,1
CUST_005158,organic_search,false,2025-08-01,83.66,0.0,1,56.22,0.99,1
CUST_005172,creator_network,false,2025-04-01,56.77,0.1999,1,25.06,0.99,1
CUST_005184,meta_ads,true,2025-11-01,48.05,0.2,1,22.81,0.99,0
CUST_005202,meta_ads,true,2025-12-01,70.68,0.0,1,45.49,0.99,0
CUST_005208,meta_ads,true,2025-01-01,81.82,0.1,1,43.19,0.99,1
CUST_005220,google_ads,true,2024-02-01,129.98,0.0,1,87.85,0.99,1
CUST_005228,meta_ads,true,2025-10-01,121.90,0.0,1,79.28,0.99,0
CUST_005232,google_ads,true,2024-12-01,111.47,0.0,1,70.13,0.99,1
CUST_005251,creator_network,false,2024-12-01,61.07,0.15,3,21.20,3.70,1
CUST_005278,meta_ads,true,2024-10-01,69.53,0.0,2,18.74,2.49,1
CUST_005296,meta_ads,true,2024-05-01,115.84,0.15,3,162.56,1.76,1
CUST_005324,google_ads,true,2025-12-01,91.56,0.0,1,56.79,0.99,0
CUST_005342,meta_ads,true,2025-12-01,87.83,0.1,1,-37.97,0.99,0
CUST_005347,google_ads,true,2024-01-01,128.35,0.1,1,71.27,0.99,1
CUST_005360,google_ads,true,2025-02-01,111.21,0.0,2,172.27,2.62,1
CUST_005367,meta_ads,true,2025-05-01,57.18,0.1501,1,27.24,0.99,1
CUST_005386,google_ads,true,2025-03-01,104.46,0.15,1,-52.91,0.99,1
CUST_005397,meta_ads,true,2024-04-01,74.02,0.0,2,10.06,4.01,1
CUST_005402,google_ads,true,2025-12-01,69.55,0.0,1,45.29,0.99,0
CUST_005411,meta_ads,true,2025-06-01,83.02,0.1,1,43.69,0.99,1
CUST_005413,google_ads,true,2025-07-01,100.31,0.0,1,67.45,0.99,1
CUST_005424,creator_network,false,2024-12-01,71.86,0.0,1,44.94,0.99,1
CUST_005428,meta_ads,true,2024-08-01,91.21,0.0,1,61.58,0.99,1
CUST_005434,meta_ads,true,2024-03-01,93.64,0.25,1,34.66,0.99,1
CUST_005436,creator_network,false,2025-07-01,98.45,0.15,2,91.69,1.70,1
CUST_005451,creator_network,false,2024-09-01,81.74,0.1,1,44.38,0.99,1
CUST_005472,google_ads,true,2024-10-01,103.32,0.15,1,49.29,0.99,1
CUST_005476,meta_ads,true,2024-12-01,80.29,0.0,1,53.50,0.99,1
CUST_005493,meta_ads,true,2025-04-01,55.87,0.1001,2,70.68,0.34,1
CUST_005509,google_ads,true,2024-08-01,86.90,0.0,1,57.63,0.99,1
CUST_005530,creator_network,false,2024-09-01,85.84,0.2,1,38.70,0.99,1
CUST_005538,creator_network,false,2025-10-01,57.35,0.2,1,24.96,0.99,1
CUST_005556,creator_network,false,2025-07-01,93.88,0.1,1,51.28,0.99,1
CUST_005567,meta_ads,true,2025-07-01,108.36,0.15,1,53.24,0.99,1
CUST_005598,direct,false,2025-06-01,113.36,0.0,2,30.04,1.18,1
CUST_005626,meta_ads,true,2025-10-01,96.17,0.0,2,132.61,1.69,0
CUST_005642,meta_ads,true,2025-09-01,86.28,0.15,1,42.55,0.99,1
CUST_005656,google_ads,true,2024-05-01,136.03,0.0,1,84.98,0.99,1
CUST_005665,creator_network,false,2025-05-01,93.86,0.2,1,-53.31,0.99,1
CUST_005678,meta_ads,true,2024-06-01,99.85,0.0,1,66.76,0.99,1
CUST_005679,creator_network,false,2025-07-01,111.90,0.1,3,153.57,2.87,1
CUST_005680,meta_ads,true,2024-06-01,52.74,0.15,1,25.86,0.99,1
CUST_005689,meta_ads,true,2024-05-01,128.73,0.0,2,149.40,2.02,1
CUST_005702,google_ads,true,2024-11-01,111.17,0.0,1,72.48,0.99,1
CUST_005728,creator_network,false,2024-04-01,56.63,0.0999,1,31.45,0.99,1
CUST_005733,creator_network,false,2025-06-01,107.86,0.2,1,45.48,0.99,1
CUST_005760,meta_ads,true,2024-10-01,112.25,0.15,1,59.38,0.99,1
CUST_005761,google_ads,true,2025-08-01,116.71,0.0,1,78.02,0.99,1
CUST_005767,creator_network,false,2024-08-01,63.74,0.15,1,3.90,0.99,1
CUST_005768,google_ads,true,2024-03-01,116.06,0.15,1,55.36,0.99,1
CUST_005789,organic_search,false,2025-12-01,45.03,0.0,1,30.34,0.99,0
CUST_005814,meta_ads,true,2024-09-01,86.53,0.0,1,57.14,0.99,1
CUST_005816,creator_network,false,2024-02-01,70.54,0.15,1,33.19,0.99,1
CUST_005845,google_ads,true,2025-10-01,98.63,0.0,2,144.69,0.86,0
CUST_005854,direct,false,2025-10-01,97.08,0.0,1,65.59,0.99,0
CUST_005858,google_ads,true,2024-01-01,85.18,0.0,1,54.02,0.99,1
CUST_005864,meta_ads,true,2025-01-01,105.85,0.15,1,52.98,0.99,1
CUST_005877,organic_search,false,2025-10-01,109.50,0.15,1,53.18,0.99,0
CUST_005893,meta_ads,true,2025-02-01,74.21,0.0,1,50.19,0.99,1
CUST_005913,direct,false,2025-07-01,110.79,0.0,1,74.68,0.99,1
CUST_005914,direct,false,2024-12-01,100.87,0.0,1,68.34,0.99,1
CUST_005921,google_ads,true,2024-04-01,97.74,0.0,1,-33.57,0.99,1
CUST_005944,meta_ads,true,2025-10-01,115.39,0.15,1,59.57,0.99,0
CUST_005952,google_ads,true,2024-06-01,94.60,0.15,1,49.94,0.99,1
CUST_005984,creator_network,false,2024-02-01,61.47,0.1,1,32.70,0.99,1
CUST_005998,meta_ads,true,2025-08-01,87.39,0.0,1,58.26,0.99,1
CUST_006015,organic_search,false,2025-01-01,94.17,0.1,1,54.42,0.99,1
CUST_006036,google_ads,true,2024-08-01,115.35,0.0,2,134.98,1.68,1
CUST_006037,meta_ads,true,2025-07-01,109.23,0.1,1,60.66,0.99,1
CUST_006054,google_ads,true,2024-12-01,102.62,0.0,1,65.90,0.99,1
CUST_006078,google_ads,true,2025-03-01,67.62,0.0,3,156.11,6.89,0
CUST_006082,creator_network,false,2025-12-01,91.52,0.1,1,49.15,0.99,0
CUST_006090,meta_ads,true,2024-01-01,135.84,0.0,1,92.30,0.99,1
CUST_006091,meta_ads,true,2024-12-01,78.54,0.0,1,52.63,0.99,1
CUST_006093,meta_ads,true,2024-10-01,63.79,0.1,2,100.21,1.75,1
CUST_006113,google_ads,true,2025-11-01,135.63,0.0,1,-50.59,0.99,0
CUST_006138,google_ads,true,2025-11-01,60.39,0.0,1,-2.58,0.99,0
CUST_006149,meta_ads,true,2025-05-01,102.18,0.1,2,111.69,0.28,1
CUST_006152,meta_ads,true,2025-03-01,121.08,0.2,1,53.64,0.99,1
CUST_006188,meta_ads,true,2024-09-01,79.18,0.0,2,18.22,1.81,1
CUST_006227,meta_ads,true,2024-04-01,83.87,0.0,1,55.90,0.99,1
CUST_006254,meta_ads,true,2024-01-01,127.89,0.0,1,83.88,0.99,1
CUST_006257,meta_ads,true,2025-05-01,75.52,0.1,1,43.74,0.99,1
CUST_006285,organic_search,false,2024-07-01,90.69,0.0,1,57.96,0.99,1
CUST_006286,creator_network,false,2025-04-01,79.24,0.0,1,53.64,0.99,1
CUST_006296,google_ads,true,2025-10-01,85.01,0.2,1,37.99,0.99,0
CUST_006313,meta_ads,true,2025-06-01,95.98,0.2,1,44.30,0.99,1
CUST_006346,organic_search,false,2024-03-01,40.75,0.0,1,25.84,0.99,1
CUST_006359,meta_ads,true,2025-11-01,89.58,0.0,1,57.97,0.99,0
CUST_006374,meta_ads,true,2025-11-01,101.13,0.0,1,-35.71,0.99,0
CUST_006384,meta_ads,true,2024-08-01,47.53,0.2001,1,21.43,0.99,1
CUST_006403,direct,false,2024-07-01,104.94,0.0,1,67.26,0.99,1
CUST_006415,creator_network,false,2024-07-01,76.48,0.25,1,32.09,0.99,1
CUST_006420,direct,false,2025-02-01,107.00,0.0,2,136.07,0.74,1
CUST_006440,google_ads,true,2025-03-01,116.20,0.0,1,78.35,0.99,1
CUST_006467,meta_ads,true,2025-03-01,124.11,0.0,1,-43.73,0.99,1
CUST_006506,google_ads,true,2025-09-01,130.09,0.0,1,86.08,0.99,1
CUST_006512,creator_network,false,2025-08-01,71.07,0.15,1,-33.44,0.99,1
CUST_006513,meta_ads,true,2025-10-01,109.42,0.15,1,55.07,0.99,0
CUST_006519,google_ads,true,2025-12-01,84.52,0.0,1,55.56,0.99,0
CUST_006521,meta_ads,true,2024-07-01,95.74,0.1,1,50.82,0.99,1
CUST_006539,direct,false,2025-01-01,83.78,0.0,1,52.34,0.99,1
CUST_006544,google_ads,true,2024-09-01,138.28,0.0,1,87.88,0.99,1
CUST_006587,meta_ads,true,2025-02-01,81.04,0.0,1,50.44,0.99,1
CUST_006598,google_ads,true,2024-08-01,110.09,0.15,2,139.92,0.21,1
CUST_006610,google_ads,true,2024-10-01,117.45,0.0,1,77.05,0.99,1
CUST_006636,google_ads,true,2024-10-01,110.35,0.15,1,54.01,0.99,1
CUST_006682,meta_ads,true,2024-08-01,47.31,0.1501,1,22.86,0.99,1
CUST_006743,google_ads,true,2025-04-01,117.50,0.0,1,74.73,0.99,1
CUST_006749,direct,false,2025-12-01,67.08,0.1,2,84.84,0.42,0
CUST_006789,organic_search,false,2025-10-01,58.38,0.0,1,39.36,0.99,0
CUST_006803,direct,false,2024-07-01,106.60,0.0,1,71.36,0.99,1
CUST_006811,organic_search,false,2025-08-01,75.41,0.0,1,48.36,0.99,1
CUST_006816,direct,false,2024-05-01,66.12,0.0,1,43.15,0.99,1
CUST_006838,google_ads,true,2025-05-01,90.29,0.0,1,57.19,0.99,1
CUST_006876,google_ads,true,2025-01-01,131.01,0.15,1,63.54,0.99,1
CUST_006885,organic_search,false,2025-11-01,66.37,0.0,1,44.28,0.99,0
CUST_006917,meta_ads,true,2024-11-01,88.44,0.2,1,-16.60,0.99,1
CUST_006922,google_ads,true,2024-02-01,122.25,0.0,1,-46.04,0.99,1
CUST_006936,creator_network,false,2025-02-01,73.18,0.0,1,48.89,0.99,1
CUST_006939,creator_network,false,2025-02-01,107.46,0.1,2,8.25,1.11,1
CUST_006975,meta_ads,true,2025-03-01,87.03,0.0,1,55.83,0.99,1
CUST_006984,direct,false,2025-09-01,118.18,0.0,1,76.40,0.99,1
CUST_007024,meta_ads,true,2025-09-01,81.25,0.0,1,53.80,0.99,1
CUST_007053,organic_search,false,2025-11-01,137.20,0.0,1,87.38,0.99,0
CUST_007058,meta_ads,true,2024-08-01,89.21,0.0,2,123.97,0.48,1
CUST_007070,google_ads,true,2024-06-01,93.22,0.0,1,58.61,0.99,1
CUST_007080,meta_ads,true,2025-07-01,71.26,0.15,1,37.23,0.99,1
CUST_007081,creator_network,false,2024-10-01,77.97,0.1999,1,34.30,0.99,1
CUST_007100,creator_network,false,2025-10-01,82.59,0.2,1,35.62,0.99,0
CUST_007129,creator_network,false,2024-10-01,114.79,0.15,1,60.26,0.99,1
CUST_007188,google_ads,true,2024-11-01,56.06,0.1001,1,31.66,0.99,1
CUST_007200,google_ads,true,2025-12-01,76.06,0.15,1,35.80,0.99,0
CUST_007207,google_ads,true,2024-08-01,101.46,0.0,1,67.12,0.99,1
CUST_007243,google_ads,true,2024-04-01,106.73,0.0,2,119.74,1.49,1
CUST_007250,google_ads,true,2025-09-01,150.78,0.0,1,99.40,0.99,1
CUST_007270,meta_ads,true,2024-11-01,120.47,0.2,1,-6.75,0.99,1
CUST_007280,google_ads,true,2025-05-01,115.08,0.0,2,127.09,1.15,1
CUST_007324,google_ads,true,2025-07-01,121.68,0.0,1,81.27,0.99,1
CUST_007360,creator_network,false,2025-10-01,91.77,0.15,1,43.53,0.99,0
CUST_007367,meta_ads,true,2025-02-01,92.74,0.15,1,44.20,0.99,1
CUST_007377,meta_ads,true,2025-03-01,72.70,0.0,1,-26.12,0.99,1
CUST_007402,meta_ads,true,2025-06-01,128.07,0.1,2,40.81,1.23,1
CUST_007403,meta_ads,true,2025-04-01,82.28,0.1,1,44.82,0.99,1
CUST_007467,creator_network,false,2025-09-01,100.27,0.0,1,65.47,0.99,1
CUST_007471,meta_ads,true,2025-09-01,76.27,0.0,1,51.10,0.99,1
CUST_007516,organic_search,false,2025-09-01,90.10,0.0,1,60.14,0.99,1
CUST_007524,creator_network,false,2025-07-01,90.04,0.15,2,89.09,2.62,0
CUST_007559,organic_search,false,2025-03-01,92.41,0.1,1,51.82,0.99,1
CUST_007565,organic_search,false,2025-02-01,73.60,0.0,1,45.93,0.99,1
CUST_007568,google_ads,true,2024-02-01,120.28,0.0,1,75.63,0.99,1
CUST_007589,google_ads,true,2025-03-01,81.44,0.0,1,53.70,0.99,1
CUST_007608,organic_search,false,2025-05-01,112.41,0.0,1,71.99,0.99,1
CUST_007619,meta_ads,true,2025-12-01,97.17,0.0,1,65.92,0.99,0
CUST_007622,direct,false,2025-04-01,107.03,0.0,1,67.32,0.99,1
CUST_007629,meta_ads,true,2025-11-01,98.62,0.0,1,64.30,0.99,0
CUST_007631,meta_ads,true,2025-02-01,101.87,0.2,1,44.02,0.99,1
CUST_007634,meta_ads,true,2025-12-01,95.20,0.0,1,60.65,0.99,0
CUST_007639,creator_network,false,2024-02-01,45.26,0.0,1,30.48,0.99,1
CUST_007650,organic_search,false,2025-04-01,92.31,0.1,1,48.55,0.99,1
CUST_007652,meta_ads,true,2024-05-01,92.89,0.2,1,-48.76,0.99,1
CUST_007657,google_ads,true,2025-07-01,51.25,0.0,1,33.22,0.99,1
CUST_007658,google_ads,true,2025-06-01,118.29,0.0,1,75.04,0.99,1
CUST_007664,creator_network,false,2025-02-01,58.50,0.0,1,37.03,0.99,1
CUST_007691,meta_ads,true,2024-03-01,109.49,0.15,1,53.83,0.99,1
CUST_007694,creator_network,false,2025-04-01,78.84,0.0999,1,41.62,0.99,1
CUST_007703,google_ads,true,2025-06-01,129.70,0.0,2,122.73,0.41,1
CUST_007731,creator_network,false,2025-03-01,70.32,0.0,1,46.74,0.99,1
CUST_007743,direct,false,2025-07-01,92.45,0.15,1,46.74,0.99,1
CUST_007780,meta_ads,true,2025-03-01,91.73,0.15,1,45.94,0.99,1
CUST_007801,organic_search,false,2024-02-01,69.16,0.0,1,47.01,0.99,1
CUST_007812,meta_ads,true,2024-02-01,105.41,0.0,1,-36.72,0.99,1
CUST_007816,meta_ads,true,2025-03-01,108.37,0.2,1,47.42,0.99,1
CUST_007822,google_ads,true,2024-12-01,40.32,0.0,1,25.57,0.99,1
CUST_007853,meta_ads,true,2025-09-01,58.22,0.0,1,36.23,0.99,1
CUST_007900,google_ads,true,2025-10-01,84.09,0.0,1,52.81,0.99,0
CUST_007902,meta_ads,true,2024-07-01,84.17,0.0,1,52.68,0.99,1
CUST_007917,creator_network,false,2025-06-01,83.44,0.0,1,-30.32,0.99,1
CUST_007939,meta_ads,true,2024-11-01,114.64,0.1,1,66.00,0.99,1
CUST_007975,google_ads,true,2025-03-01,103.67,0.0,1,-38.86,0.99,1
CUST_007994,google_ads,true,2024-10-01,27.72,0.25,1,11.73,0.99,1
CUST_008050,organic_search,false,2024-05-01,100.45,0.0,1,66.63,0.99,1
CUST_008070,meta_ads,true,2025-04-01,108.98,0.15,1,55.53,0.99,1
CUST_008073,meta_ads,true,2025-07-01,82.23,0.0,1,52.36,0.99,1
CUST_008078,creator_network,false,2025-04-01,77.52,0.0,1,-28.05,0.99,1
CUST_008085,google_ads,true,2025-06-01,68.05,0.0,1,-1.76,0.99,1
CUST_008099,direct,false,2025-01-01,127.73,0.0,1,82.86,0.99,1
CUST_008124,creator_network,false,2025-06-01,96.35,0.15,1,45.78,0.99,1
CUST_008169,google_ads,true,2025-01-01,99.36,0.0,1,65.46,0.99,1
CUST_008180,meta_ads,true,2024-04-01,103.85,0.15,1,50.69,0.99,1
CUST_008214,google_ads,true,2025-04-01,93.64,0.0,1,63.40,0.99,1
CUST_008234,google_ads,true,2025-04-01,130.35,0.0,1,85.68,0.99,1
CUST_008315,meta_ads,true,2024-12-01,82.08,0.0,2,121.58,1.78,1
CUST_008324,google_ads,true,2025-01-01,95.30,0.0,1,63.52,0.99,1
CUST_008352,google_ads,true,2024-02-01,123.05,0.0,1,80.10,0.99,1
CUST_008362,google_ads,true,2024-05-01,135.86,0.0,1,85.75,0.99,1
CUST_008375,meta_ads,true,2025-04-01,99.55,0.1001,1,-46.32,0.99,1
CUST_008377,direct,false,2024-06-01,102.81,0.0,1,68.23,0.99,1
CUST_008390,google_ads,true,2024-03-01,127.56,0.1,1,67.42,0.99,1
CUST_008439,meta_ads,true,2025-05-01,87.65,0.0,1,58.54,0.99,1
CUST_008442,creator_network,false,2024-07-01,46.25,0.0999,1,25.23,0.99,1
CUST_008493,creator_network,false,2025-02-01,45.11,0.2,1,21.08,0.99,1
CUST_008504,meta_ads,true,2025-12-01,73.18,0.0,1,49.48,0.99,0
CUST_008505,meta_ads,true,2024-05-01,108.35,0.0,1,73.23,0.99,1
CUST_008506,google_ads,true,2025-07-01,105.82,0.15,1,-51.58,0.99,1
CUST_008516,meta_ads,true,2024-08-01,81.02,0.0,1,52.39,0.99,1
CUST_008519,meta_ads,true,2025-01-01,61.76,0.0,1,-20.86,0.99,1
CUST_008521,meta_ads,true,2025-01-01,91.33,0.0,1,59.58,0.99,1
CUST_008537,google_ads,true,2024-05-01,121.71,0.15,1,5.70,0.99,1
CUST_008553,google_ads,true,2025-06-01,145.71,0.0,1,96.10,0.99,1
CUST_008570,google_ads,true,2024-09-01,118.66,0.0,1,77.57,0.99,1
CUST_008612,meta_ads,true,2025-11-01,67.64,0.0,1,45.58,0.99,0
CUST_008618,organic_search,false,2024-04-01,108.34,0.15,1,54.24,0.99,1
CUST_008620,google_ads,true,2024-06-01,119.54,0.0,1,81.12,0.99,1
CUST_008621,google_ads,true,2025-12-01,155.68,0.1,1,81.27,0.99,0
CUST_008647,google_ads,true,2025-01-01,59.41,0.0,1,38.21,0.99,1
CUST_008651,creator_network,false,2024-07-01,63.11,0.0,1,-22.91,0.99,1
CUST_008661,meta_ads,true,2025-01-01,95.26,0.2,1,42.37,0.99,1
CUST_008666,meta_ads,true,2025-04-01,92.64,0.0,1,61.32,0.99,1
CUST_008675,direct,false,2024-03-01,113.86,0.0,1,73.12,0.99,1
CUST_008693,google_ads,true,2024-09-01,130.79,0.0,1,81.48,0.99,1
CUST_008731,google_ads,true,2024-06-01,151.46,0.0,1,99.12,0.99,1
CUST_008763,direct,false,2025-03-01,129.19,0.0,1,28.90,0.99,1
CUST_008772,meta_ads,true,2024-08-01,61.34,0.15,1,32.38,0.99,1
CUST_008808,meta_ads,true,2025-08-01,106.76,0.0,1,67.91,0.99,1
CUST_008814,google_ads,true,2024-11-01,112.35,0.0,2,129.64,2.49,1
CUST_008826,google_ads,true,2024-10-01,83.98,0.0,2,128.20,1.27,1
CUST_008846,google_ads,true,2025-07-01,96.02,0.0,1,64.66,0.99,1
CUST_008855,meta_ads,true,2025-02-01,94.09,0.1,1,49.75,0.99,1
CUST_008861,google_ads,true,2025-02-01,119.60,0.0,1,78.73,0.99,1
CUST_008876,google_ads,true,2024-04-01,177.49,0.0,1,120.41,0.99,1
CUST_008877,meta_ads,true,2024-04-01,93.55,0.0,1,62.05,0.99,1
CUST_008883,meta_ads,true,2024-02-01,90.14,0.0,1,60.74,0.99,1
CUST_008904,google_ads,true,2025-08-01,108.19,0.0,1,68.99,0.99,1
CUST_008906,direct,false,2025-05-01,65.19,0.0,1,43.65,0.99,1
CUST_008908,creator_network,false,2025-05-01,80.31,0.2,1,36.26,0.99,1
CUST_008913,creator_network,false,2025-10-01,85.97,0.1501,1,-44.43,0.99,0
CUST_008921,creator_network,false,2025-03-01,81.24,0.25,1,33.94,0.99,1
CUST_008943,creator_network,false,2025-10-01,105.56,0.15,1,51.70,0.99,1
CUST_008963,creator_network,false,2025-01-01,78.42,0.0,1,52.07,0.99,1
CUST_008971,meta_ads,true,2024-04-01,88.62,0.1,1,48.82,0.99,1
CUST_008988,meta_ads,true,2025-11-01,61.74,0.0999,2,0.39,0.96,0
CUST_008993,creator_network,false,2024-10-01,113.06,0.15,1,-55.31,0.99,1
CUST_008998,direct,false,2025-12-01,96.73,0.0,1,62.32,0.99,0
CUST_009002,meta_ads,true,2025-03-01,89.58,0.0,1,60.07,0.99,1
CUST_009029,meta_ads,true,2025-12-01,96.87,0.2,1,-55.43,0.99,0
CUST_009041,creator_network,false,2024-05-01,83.95,0.0,2,115.61,0.25,1
CUST_009048,organic_search,false,2025-04-01,92.59,0.0,1,60.08,0.99,1
CUST_009049,google_ads,true,2025-12-01,115.98,0.0,1,77.76,0.99,0
CUST_009061,creator_network,false,2025-11-01,96.64,0.2,2,11.44,1.08,0
CUST_009065,meta_ads,true,2025-02-01,62.39,0.2,1,-32.90,0.99,1
CUST_009085,meta_ads,true,2024-10-01,100.78,0.1,1,53.85,0.99,1
CUST_009091,google_ads,true,2025-01-01,99.53,0.0,1,62.24,0.99,1
CUST_009102,organic_search,false,2025-09-01,68.96,0.0,2,8.96,0.96,0
CUST_009126,meta_ads,true,2025-12-01,79.43,0.0,1,49.55,0.99,0
CUST_009129,google_ads,true,2025-07-01,137.65,0.0,1,89.29,0.99,1
CUST_009131,organic_search,false,2024-08-01,84.46,0.0,1,53.68,0.99,1
CUST_009145,meta_ads,true,2025-07-01,76.58,0.1,1,43.95,0.99,1
CUST_009147,organic_search,false,2024-11-01,130.10,0.0,1,85.57,0.99,1
CUST_009157,google_ads,true,2025-11-01,112.80,0.1,1,61.73,0.99,0
CUST_009183,creator_network,false,2024-04-01,83.52,0.2,1,36.59,0.99,1
CUST_009190,meta_ads,true,2025-09-01,88.92,0.25,2,-0.46,0.18,1
CUST_009235,google_ads,true,2025-07-01,103.08,0.0,2,73.77,2.35,1
CUST_009286,google_ads,true,2025-07-01,154.13,0.0,1,33.51,0.99,1
CUST_009295,organic_search,false,2025-12-01,56.04,0.1501,1,27.74,0.99,0
CUST_009296,google_ads,true,2025-11-01,96.34,0.0,1,60.35,0.99,0
CUST_009308,meta_ads,true,2025-07-01,49.31,0.1,1,26.36,0.99,1
CUST_009320,direct,false,2025-07-01,104.77,0.0,1,66.26,0.99,1
CUST_009323,meta_ads,true,2025-05-01,94.68,0.15,1,48.79,0.99,1
CUST_009333,meta_ads,true,2025-01-01,74.53,0.0,1,50.68,0.99,1
CUST_009343,google_ads,true,2025-10-01,115.26,0.0,1,71.52,0.99,0
CUST_009346,organic_search,false,2025-12-01,70.87,0.0,1,47.25,0.99,0
CUST_009358,creator_network,false,2024-06-01,43.85,0.0,1,29.36,0.99,1
CUST_009363,google_ads,true,2024-12-01,88.52,0.0,1,55.47,0.99,1
CUST_009379,direct,false,2025-10-01,83.79,0.1,1,45.98,0.99,0
CUST_009392,meta_ads,true,2025-12-01,122.08,0.0,2,104.79,0.95,0
CUST_009433,meta_ads,true,2025-07-01,84.22,0.0,2,22.87,1.38,1
CUST_009451,google_ads,true,2025-01-01,91.01,0.15,1,43.64,0.99,1
CUST_009473,direct,false,2025-10-01,75.20,0.0,1,46.85,0.99,0
CUST_009481,meta_ads,true,2024-04-01,86.55,0.0,1,58.14,0.99,1
CUST_009497,creator_network,false,2025-02-01,75.84,0.2,3,6.55,2.01,1
CUST_009500,meta_ads,true,2024-07-01,82.54,0.0,1,53.82,0.99,1
CUST_009527,google_ads,true,2025-10-01,43.48,0.1,1,23.01,0.99,0
CUST_009555,google_ads,true,2025-06-01,71.60,0.0,1,46.36,0.99,1
CUST_009574,meta_ads,true,2024-02-01,91.63,0.0,1,58.34,0.99,1
CUST_009583,google_ads,true,2024-05-01,85.65,0.0,1,53.51,0.99,1
CUST_009604,creator_network,false,2024-02-01,88.11,0.15,2,65.20,0.49,1
CUST_009610,meta_ads,true,2025-07-01,47.40,0.2,1,20.22,0.99,1
CUST_009622,meta_ads,true,2024-03-01,70.93,0.0,1,45.33,0.99,1
CUST_009661,google_ads,true,2025-04-01,100.74,0.0,1,62.48,0.99,1
CUST_009698,google_ads,true,2025-08-01,89.42,0.0,1,56.34,0.99,1
CUST_009700,meta_ads,true,2025-09-01,92.77,0.0,1,61.01,0.99,1
CUST_009724,google_ads,true,2025-07-01,142.69,0.15,1,68.43,0.99,1
CUST_009750,meta_ads,true,2025-11-01,89.21,0.15,1,43.24,0.99,0
CUST_009774,direct,false,2024-12-01,70.86,0.15,1,35.14,0.99,1
CUST_009789,organic_search,false,2025-02-01,96.69,0.15,1,49.56,0.99,1
CUST_009805,google_ads,true,2025-04-01,101.05,0.0,1,65.92,0.99,1
CUST_009812,google_ads,true,2025-09-01,80.48,0.0,1,54.03,0.99,1
CUST_009873,google_ads,true,2024-08-01,145.30,0.0,1,98.06,0.99,1
CUST_009874,organic_search,false,2024-07-01,96.62,0.0,1,65.67,0.99,1
CUST_009880,organic_search,false,2025-04-01,82.40,0.0,1,53.56,0.99,1
CUST_009888,meta_ads,true,2025-09-01,110.61,0.2,1,50.78,0.99,1
CUST_009893,google_ads,true,2025-09-01,87.15,0.0,1,54.41,0.99,1
CUST_009896,google_ads,true,2024-04-01,74.22,0.1,1,40.08,0.99,1
CUST_009903,google_ads,true,2024-05-01,97.18,0.0,1,63.25,0.99,1
CUST_009912,meta_ads,true,2025-11-01,78.55,0.1001,1,44.32,0.99,0
CUST_009920,google_ads,true,2025-01-01,92.04,0.2,1,39.15,0.99,1
CUST_009929,google_ads,true,2025-09-01,99.76,0.0,1,67.56,0.99,1
CUST_009931,google_ads,true,2025-09-01,97.00,0.0,1,1.74,0.99,1
CUST_009933,meta_ads,true,2024-08-01,53.14,0.15,1,26.40,0.99,1
CUST_009973,organic_search,false,2025-12-01,91.74,0.0,1,59.01,0.99,0
CUST_009981,creator_network,false,2024-11-01,100.42,0.0,1,66.60,0.99,1
CUST_009992,meta_ads,true,2024-10-01,87.10,0.0,1,58.52,0.99,1
CUST_010019,meta_ads,true,2024-04-01,81.07,0.0,2,13.97,0.42,1
CUST_010052,google_ads,true,2025-01-01,81.28,0.15,3,196.23,3.58,1
CUST_010079,google_ads,true,2024-02-01,140.93,0.0,1,87.93,0.99,1
CUST_010082,creator_network,false,2025-04-01,74.69,0.0,1,49.29,0.99,1
CUST_010087,meta_ads,true,2025-07-01,62.19,0.0,1,-21.73,0.99,1
CUST_010122,direct,false,2024-08-01,101.40,0.0,1,66.22,0.99,1
CUST_010153,google_ads,true,2024-09-01,118.92,0.0,1,79.12,0.99,1
CUST_010182,meta_ads,true,2025-02-01,60.02,0.0,1,38.36,0.99,1
CUST_010197,meta_ads,true,2025-07-01,111.28,0.0,1,74.40,0.99,1
CUST_010200,direct,false,2024-08-01,106.90,0.0,1,66.37,0.99,1
CUST_010202,creator_network,false,2024-06-01,72.25,0.0999,1,-6.28,0.99,1
CUST_010235,creator_network,false,2025-09-01,88.61,0.0,1,56.45,0.99,1
CUST_010237,google_ads,true,2025-08-01,105.84,0.15,2,140.06,1.86,1
CUST_010246,google_ads,true,2025-12-01,108.92,0.0,1,10.75,0.99,0
CUST_010283,meta_ads,true,2025-11-01,70.39,0.0,1,44.36,0.99,0
CUST_010284,meta_ads,true,2025-09-01,74.85,0.0,1,47.96,0.99,1
CUST_010307,google_ads,true,2025-11-01,110.11,0.0,1,71.48,0.99,0
CUST_010311,google_ads,true,2025-12-01,89.07,0.0,1,57.97,0.99,0
CUST_010328,organic_search,false,2024-08-01,77.99,0.0,1,51.11,0.99,1
CUST_010343,google_ads,true,2024-05-01,136.82,0.0,1,87.91,0.99,1
CUST_010354,google_ads,true,2025-09-01,96.09,0.15,2,113.79,2.52,0
CUST_010392,meta_ads,true,2025-03-01,113.96,0.15,1,5.06,0.99,1
CUST_010403,direct,false,2024-06-01,53.49,0.0,2,90.45,0.76,1
CUST_010432,meta_ads,true,2024-03-01,125.54,0.0,1,-40.71,0.99,1
CUST_010462,direct,false,2025-03-01,95.09,0.2,1,-13.64,0.99,1
CUST_010472,organic_search,false,2025-10-01,92.59,0.25,2,83.74,1.07,0
CUST_010479,creator_network,false,2025-02-01,118.63,0.0,1,79.20,0.99,1
CUST_010494,meta_ads,true,2024-05-01,81.08,0.15,1,-39.40,0.99,1
CUST_010496,meta_ads,true,2024-06-01,135.02,0.0,1,88.75,0.99,1
CUST_010502,meta_ads,true,2024-01-01,119.33,0.15,1,61.01,0.99,1
CUST_010504,google_ads,true,2024-10-01,70.76,0.0,1,47.54,0.99,1
CUST_010526,creator_network,false,2025-08-01,95.20,0.1,3,34.17,3.11,0
CUST_010543,creator_network,false,2025-07-01,74.55,0.2,1,-8.77,0.99,1
CUST_010570,meta_ads,true,2025-04-01,73.81,0.0,2,109.23,3.33,1
CUST_010573,google_ads,true,2024-09-01,79.52,0.0,1,51.19,0.99,1
CUST_010591,creator_network,false,2025-08-01,106.00,0.1,1,58.96,0.99,1
CUST_010626,meta_ads,true,2025-06-01,55.60,0.0,2,63.72,2.10,1
CUST_010641,meta_ads,true,2025-04-01,94.57,0.15,1,48.29,0.99,1
CUST_010673,creator_network,false,2024-07-01,77.57,0.1501,1,37.37,0.99,1
CUST_010708,organic_search,false,2025-03-01,112.94,0.0,1,70.24,0.99,1
CUST_010711,meta_ads,true,2025-04-01,77.51,0.15,1,37.38,0.99,1
CUST_010746,organic_search,false,2025-04-01,64.93,0.0,1,42.30,0.99,1
CUST_010758,meta_ads,true,2025-08-01,96.16,0.1,1,50.60,0.99,1
CUST_010764,meta_ads,true,2024-07-01,59.54,0.0,1,39.94,0.99,1
CUST_010774,creator_network,false,2024-07-01,80.18,0.0,1,51.12,0.99,1
CUST_010786,google_ads,true,2024-03-01,132.24,0.0,1,83.32,0.99,1
CUST_010790,google_ads,true,2024-11-01,145.68,0.1,1,78.06,0.99,1
CUST_010795,direct,false,2024-06-01,81.89,0.0,1,54.38,0.99,1
CUST_010800,meta_ads,true,2024-04-01,66.00,0.0,1,42.05,0.99,1
CUST_010824,creator_network,false,2024-05-01,90.94,0.1,1,49.18,0.99,1
CUST_010826,meta_ads,true,2025-02-01,86.01,0.0,1,57.13,0.99,1
CUST_010831,google_ads,true,2024-08-01,126.44,0.15,1,-59.77,0.99,1
CUST_010867,meta_ads,true,2024-02-01,104.42,0.0,1,70.83,0.99,1
CUST_010875,meta_ads,true,2025-11-01,68.84,0.0999,1,39.19,0.99,0
CUST_010883,direct,false,2024-12-01,95.24,0.0,1,63.25,0.99,1
CUST_010907,creator_network,false,2025-02-01,67.73,0.1,1,38.19,0.99,1
CUST_010912,meta_ads,true,2025-06-01,78.58,0.0,1,51.81,0.99,1
CUST_010930,meta_ads,true,2025-10-01,83.70,0.0,2,36.61,1.08,0
CUST_010937,meta_ads,true,2025-11-01,68.90,0.1,1,36.58,0.99,0
CUST_010938,meta_ads,true,2024-07-01,102.20,0.15,1,51.71,0.99,1
CUST_010940,creator_network,false,2024-01-01,98.33,0.15,2,105.57,4.25,1
CUST_010941,direct,false,2025-05-01,119.16,0.0,1,74.32,0.99,1
CUST_010946,google_ads,true,2025-06-01,126.29,0.0,1,80.61,0.99,1
CUST_010960,creator_network,false,2025-10-01,54.40,0.15,1,26.76,0.99,0
CUST_010989,creator_network,false,2025-10-01,42.20,0.0,1,27.68,0.99,0
CUST_010998,google_ads,true,2025-07-01,92.24,0.0,1,57.66,0.99,1
CUST_011003,creator_network,false,2025-04-01,89.11,0.15,1,43.07,0.99,1
CUST_011011,meta_ads,true,2025-03-01,42.23,0.1499,3,105.59,2.02,1
CUST_011041,organic_search,false,2025-04-01,119.63,0.0,1,76.94,0.99,1
CUST_011071,meta_ads,true,2024-09-01,57.33,0.0,2,83.11,0.48,1
CUST_011087,google_ads,true,2025-11-01,112.86,0.0,1,75.64,0.99,0
CUST_011106,google_ads,true,2024-04-01,87.69,0.0,1,-33.24,0.99,1
CUST_011113,google_ads,true,2024-02-01,63.87,0.0,1,42.06,0.99,1
CUST_011153,google_ads,true,2024-11-01,74.90,0.0,4,209.50,3.99,1
CUST_011189,meta_ads,true,2024-09-01,113.76,0.0,1,74.96,0.99,1
CUST_011223,meta_ads,true,2025-08-01,73.83,0.1499,1,35.18,0.99,1
CUST_011236,creator_network,false,2025-03-01,73.13,0.0,1,45.99,0.99,1
CUST_011237,direct,false,2025-03-01,78.79,0.15,2,99.49,1.94,1
CUST_011263,direct,false,2025-05-01,106.89,0.0,1,69.00,0.99,1
CUST_011276,meta_ads,true,2024-09-01,90.29,0.1,1,-38.30,0.99,1
CUST_011290,google_ads,true,2025-07-01,96.73,0.0,1,60.58,0.99,1
CUST_011292,google_ads,true,2024-10-01,126.36,0.1,1,66.90,0.99,1
CUST_011300,google_ads,true,2024-07-01,81.93,0.0,2,64.56,0.17,1
CUST_011328,creator_network,false,2024-04-01,89.70,0.0,1,56.59,0.99,1
CUST_011348,organic_search,false,2024-05-01,91.07,0.2,1,42.56,0.99,1
CUST_011349,organic_search,false,2024-06-01,72.24,0.0,1,46.91,0.99,1
CUST_011358,direct,false,2025-11-01,95.13,0.0,1,62.45,0.99,0
CUST_011368,google_ads,true,2025-12-01,74.45,0.0,1,48.47,0.99,0
CUST_011377,meta_ads,true,2025-08-01,79.97,0.0,1,50.19,0.99,1
CUST_011382,creator_network,false,2025-08-01,95.51,0.15,1,45.22,0.99,1
CUST_011384,organic_search,false,2025-06-01,74.20,0.15,1,35.62,0.99,1
CUST_011395,meta_ads,true,2025-08-01,117.77,0.0,2,117.55,1.00,1
CUST_011412,organic_search,false,2024-12-01,116.74,0.0,1,78.65,0.99,1
CUST_011456,google_ads,true,2024-04-01,65.73,0.0,1,41.71,0.99,1
CUST_011464,meta_ads,true,2024-10-01,77.33,0.0,1,49.74,0.99,1
CUST_011470,meta_ads,true,2025-10-01,135.95,0.0,1,88.01,0.99,0
CUST_011482,meta_ads,true,2024-12-01,69.22,0.0,1,45.64,0.99,1
CUST_011491,meta_ads,true,2025-11-01,123.97,0.1,1,68.38,0.99,0
CUST_011533,meta_ads,true,2025-11-01,64.15,0.0,1,40.25,0.99,0
CUST_011538,meta_ads,true,2025-02-01,81.59,0.1,1,-35.22,0.99,1
CUST_011541,google_ads,true,2025-09-01,146.86,0.15,1,75.28,0.99,1
CUST_011557,google_ads,true,2025-10-01,88.55,0.0,3,157.35,2.68,0
CUST_011567,meta_ads,true,2024-01-01,121.88,0.15,1,63.44,0.99,1
CUST_011568,meta_ads,true,2025-02-01,129.45,0.0,1,82.63,0.99,1
CUST_011597,google_ads,true,2025-03-01,105.82,0.0,1,69.36,0.99,1
CUST_011620,google_ads,true,2024-05-01,77.55,0.1001,1,40.59,0.99,1
CUST_011630,direct,false,2024-12-01,99.70,0.1,1,56.08,0.99,1
CUST_011631,meta_ads,true,2025-11-01,76.28,0.0,1,50.10,0.99,0
CUST_011636,meta_ads,true,2024-12-01,81.40,0.1,1,44.69,0.99,1
CUST_011638,google_ads,true,2025-05-01,78.16,0.0,1,51.17,0.99,1
CUST_011665,google_ads,true,2025-08-01,102.19,0.0,1,65.15,0.99,1
CUST_011690,google_ads,true,2025-06-01,129.40,0.0,1,86.06,0.99,1
CUST_011710,google_ads,true,2025-05-01,89.60,0.1,1,46.64,0.99,1
CUST_011715,organic_search,false,2024-07-01,111.17,0.0,1,-41.36,0.99,1
CUST_011726,meta_ads,true,2024-12-01,69.18,0.15,1,34.24,0.99,1
CUST_011727,creator_network,false,2024-07-01,77.98,0.15,1,37.32,0.99,1
CUST_011776,creator_network,false,2024-10-01,67.98,0.2001,1,3.61,0.99,1
CUST_011778,meta_ads,true,2025-03-01,45.27,0.1001,1,24.49,0.99,1
CUST_011779,meta_ads,true,2025-10-01,93.46,0.0,1,-30.24,0.99,0
CUST_011786,google_ads,true,2025-10-01,88.91,0.0,1,55.63,0.99,0
CUST_011789,meta_ads,true,2025-01-01,80.47,0.0,1,54.69,0.99,1
CUST_011805,google_ads,true,2025-12-01,104.50,0.15,1,53.35,0.99,0
CUST_011820,creator_network,false,2024-10-01,88.88,0.15,2,88.63,1.34,1
CUST_011835,google_ads,true,2025-03-01,104.68,0.15,1,50.82,0.99,1
CUST_011837,meta_ads,true,2025-04-01,71.50,0.0,2,108.46,3.16,1
CUST_011851,meta_ads,true,2024-09-01,41.45,0.0,4,206.75,6.52,1
CUST_011860,google_ads,true,2025-08-01,65.80,0.2,1,28.02,0.99,1
CUST_011867,meta_ads,true,2024-03-01,57.46,0.0,1,36.67,0.99,1
CUST_011871,organic_search,false,2025-12-01,89.38,0.15,1,44.30,0.99,0
CUST_011881,meta_ads,true,2025-02-01,84.20,0.0,1,4.28,0.99,1
CUST_011898,google_ads,true,2025-11-01,123.95,0.0,1,77.24,0.99,0
CUST_011907,direct,false,2025-08-01,97.59,0.2,1,45.33,0.99,1
CUST_011926,meta_ads,true,2025-10-01,100.01,0.2,2,83.26,0.30,0
CUST_011931,google_ads,true,2025-06-01,98.67,0.0,1,36.38,0.99,1
CUST_011938,google_ads,true,2024-12-01,124.82,0.0,1,82.52,0.99,1
CUST_011946,organic_search,false,2025-09-01,78.19,0.1,2,91.52,1.74,0
CUST_011954,google_ads,true,2025-07-01,89.70,0.0,3,151.84,0.92,1
CUST_011968,meta_ads,true,2024-04-01,86.70,0.0,1,55.93,0.99,1
CUST_011977,creator_network,false,2025-01-01,64.25,0.15,1,33.95,0.99,1
CUST_011987,meta_ads,true,2024-09-01,69.10,0.0,1,44.59,0.99,1
CUST_012023,organic_search,false,2025-10-01,93.94,0.0,1,59.06,0.99,0
CUST_012029,meta_ads,true,2025-01-01,99.01,0.1,1,56.07,0.99,1
CUST_012035,meta_ads,true,2025-10-01,105.90,0.0,1,68.07,0.99,0
CUST_012045,meta_ads,true,2025-07-01,104.58,0.1,3,49.43,3.64,0
CUST_012054,meta_ads,true,2025-08-01,43.02,0.1499,1,21.38,0.99,1
CUST_012127,google_ads,true,2024-09-01,121.69,0.0,1,79.41,0.99,1
CUST_012128,meta_ads,true,2025-12-01,135.68,0.0,1,88.63,0.99,0
CUST_012131,google_ads,true,2025-05-01,128.04,0.0,1,82.21,0.99,1
CUST_012143,meta_ads,true,2025-06-01,83.12,0.0,1,-28.16,0.99,1
CUST_012176,google_ads,true,2025-06-01,117.92,0.0,1,78.28,0.99,1
CUST_012199,organic_search,false,2024-09-01,58.48,0.0,1,39.30,0.99,1
CUST_012237,google_ads,true,2025-08-01,121.87,0.0,1,78.23,0.99,1
CUST_012268,creator_network,false,2024-11-01,67.27,0.0,1,42.78,0.99,1
CUST_012290,meta_ads,true,2024-01-01,73.16,0.0,1,46.48,0.99,1
CUST_012296,google_ads,true,2025-10-01,131.71,0.0,2,150.35,1.12,0
CUST_012303,organic_search,false,2024-11-01,119.38,0.0,2,141.66,1.32,1
CUST_012349,meta_ads,true,2024-03-01,84.25,0.0,1,57.21,0.99,1
CUST_012394,google_ads,true,2025-10-01,64.25,0.25,1,24.32,0.99,0
CUST_012406,creator_network,false,2024-03-01,102.90,0.1,1,56.47,0.99,1
CUST_012409,google_ads,true,2025-12-01,124.85,0.15,1,62.47,0.99,0
CUST_012428,google_ads,true,2025-04-01,107.55,0.0,1,30.53,0.99,1
CUST_012460,creator_network,false,2024-09-01,46.29,0.1499,1,24.23,0.99,1
CUST_012477,meta_ads,true,2024-07-01,94.41,0.0,1,61.16,0.99,1
CUST_012478,google_ads,true,2024-11-01,72.77,0.1999,1,33.78,0.99,1
CUST_012479,google_ads,true,2024-09-01,103.65,0.0,1,65.71,0.99,1
CUST_000007,creator_network,false,2024-02-01,101.70,0.15,2,-84.14,0.53,1
CUST_000020,google_ads,true,2024-09-01,111.78,0.1,1,63.48,0.99,1
CUST_000047,google_ads,true,2024-10-01,113.20,0.0,1,71.64,0.99,1
CUST_000051,google_ads,true,2025-12-01,122.63,0.1,1,65.19,0.99,0
CUST_000052,meta_ads,true,2025-08-01,87.16,0.0,1,58.39,0.99,1
CUST_000061,creator_network,false,2024-12-01,55.89,0.0,2,31.48,2.29,1
CUST_000071,direct,false,2025-08-01,120.10,0.15,1,-62.26,0.99,1
CUST_000103,google_ads,true,2024-10-01,76.23,0.0,1,48.20,0.99,1
CUST_000141,google_ads,true,2025-12-01,112.32,0.0,1,70.16,0.99,0
CUST_000143,creator_network,false,2025-02-01,61.63,0.1,1,35.11,0.99,1
CUST_000146,google_ads,true,2024-02-01,116.64,0.1,1,63.68,0.99,1
CUST_000162,google_ads,true,2025-05-01,158.51,0.0,1,-60.20,0.99,1
CUST_000168,creator_network,false,2024-06-01,103.86,0.1,1,54.75,0.99,1
CUST_000209,google_ads,true,2024-01-01,105.10,0.15,1,55.03,0.99,1
CUST_000219,creator_network,false,2025-06-01,82.89,0.0,1,16.07,0.99,1
CUST_000227,organic_search,false,2025-12-01,82.31,0.2,1,38.18,0.99,0
CUST_000246,meta_ads,true,2025-11-01,70.39,0.2,1,33.74,0.99,0
CUST_000251,meta_ads,true,2024-09-01,48.77,0.0,1,30.72,0.99,1
CUST_000255,creator_network,false,2024-06-01,76.57,0.1501,1,36.03,0.99,1
CUST_000308,meta_ads,true,2024-10-01,66.77,0.0,1,44.82,0.99,1
CUST_000309,google_ads,true,2025-09-01,80.70,0.0,1,54.83,0.99,1
CUST_000322,google_ads,true,2025-07-01,73.14,0.0,1,48.10,0.99,1
CUST_000364,google_ads,true,2025-03-01,99.66,0.0,2,131.55,1.15,1
CUST_000371,creator_network,false,2024-04-01,77.79,0.2,1,-0.29,0.99,1
CUST_000380,meta_ads,true,2024-09-01,81.45,0.15,1,38.82,0.99,1
CUST_000388,meta_ads,true,2024-06-01,92.06,0.0,1,59.11,0.99,1
CUST_000390,creator_network,false,2025-09-01,25.00,0.25,1,10.69,0.99,1
CUST_000391,creator_network,false,2025-12-01,74.06,0.15,1,36.53,0.99,0
CUST_000403,meta_ads,true,2025-02-01,66.93,0.15,1,34.20,0.99,1
CUST_000424,direct,false,2025-02-01,83.25,0.0,1,52.11,0.99,1
CUST_000445,meta_ads,true,2025-09-01,108.13,0.1,1,59.60,0.99,1
CUST_000450,meta_ads,true,2024-03-01,41.87,0.0,1,28.07,0.99,1
CUST_000475,direct,false,2025-03-01,107.99,0.0,1,71.67,0.99,1
CUST_000497,creator_network,false,2025-04-01,75.22,0.1,1,42.68,0.99,1
CUST_000535,meta_ads,true,2025-08-01,66.75,0.15,1,-33.71,0.99,1
CUST_000566,google_ads,true,2025-04-01,75.96,0.0,1,49.37,0.99,1
CUST_000574,google_ads,true,2025-05-01,86.32,0.0,1,55.99,0.99,1
CUST_000609,direct,false,2025-02-01,118.74,0.0,1,76.26,0.99,1
CUST_000615,google_ads,true,2025-10-01,147.93,0.0,1,92.10,0.99,0
CUST_000630,meta_ads,true,2024-08-01,85.20,0.0,2,117.13,1.07,1
CUST_000687,meta_ads,true,2025-04-01,85.84,0.0,1,54.47,0.99,1
CUST_000714,direct,false,2024-12-01,110.26,0.2,1,50.35,0.99,1
CUST_000743,meta_ads,true,2025-08-01,61.32,0.15,1,30.92,0.99,1
CUST_000750,google_ads,true,2025-05-01,81.68,0.0,1,53.96,0.99,1
CUST_000760,meta_ads,true,2025-08-01,95.10,0.2,1,40.64,0.99,1
CUST_000769,direct,false,2024-11-01,129.28,0.0,1,81.81,0.99,1
CUST_000782,meta_ads,true,2025-03-01,85.19,0.1,2,74.89,2.42,1
CUST_000787,organic_search,false,2025-04-01,75.36,0.0,1,-24.88,0.99,1
CUST_000818,google_ads,true,2024-12-01,109.92,0.15,1,56.05,0.99,1
CUST_000823,google_ads,true,2024-10-01,139.24,0.0,2,181.78,1.07,1
CUST_000847,google_ads,true,2024-03-01,104.72,0.15,1,53.96,0.99,1
CUST_000875,google_ads,true,2024-01-01,114.38,0.0,1,75.28,0.99,1
CUST_000892,meta_ads,true,2025-10-01,73.22,0.0,2,111.17,1.46,0
CUST_000943,organic_search,false,2025-06-01,66.17,0.0,1,41.31,0.99,1
CUST_000948,google_ads,true,2025-11-01,59.25,0.15,1,30.05,0.99,0
CUST_000956,organic_search,false,2024-12-01,121.12,0.0,2,171.20,3.40,1
CUST_000984,meta_ads,true,2024-03-01,97.98,0.0,1,62.16,0.99,1
CUST_001008,creator_network,false,2025-10-01,69.66,0.0,1,45.43,0.99,0
CUST_001013,creator_network,false,2025-11-01,71.48,0.1,1,40.75,0.99,0
CUST_001020,meta_ads,true,2024-02-01,80.79,0.0,1,-29.55,0.99,1
CUST_001026,organic_search,false,2025-02-01,91.18,0.0,1,60.25,0.99,1
CUST_001054,meta_ads,true,2025-09-01,72.26,0.15,1,36.48,0.99,1
CUST_001074,google_ads,true,2024-01-01,107.37,0.0,1,72.59,0.99,1
CUST_001075,google_ads,true,2025-12-01,94.10,0.1499,1,48.45,0.99,0
CUST_001077,meta_ads,true,2024-12-01,123.91,0.0,2,162.19,1.62,1
CUST_001081,meta_ads,true,2025-08-01,116.92,0.0,2,127.56,1.82,0
CUST_001082,meta_ads,true,2024-03-01,96.40,0.0,2,113.60,1.42,1
CUST_001084,creator_network,false,2025-10-01,45.39,0.1,1,24.92,0.99,0
CUST_001096,google_ads,true,2024-06-01,62.95,0.0,1,39.07,0.99,1
CUST_001109,meta_ads,true,2025-07-01,90.18,0.15,1,-45.84,0.99,1
CUST_001145,google_ads,true,2024-09-01,94.35,0.0,1,61.90,0.99,1
CUST_001182,organic_search,false,2024-11-01,60.61,0.0,1,39.71,0.99,1
CUST_001186,meta_ads,true,2025-11-01,91.49,0.1,1,50.20,0.99,0
CUST_001194,meta_ads,true,2025-05-01,130.43,0.15,1,65.35,0.99,1
CUST_001205,google_ads,true,2025-02-01,96.38,0.1,1,53.70,0.99,1
CUST_001211,google_ads,true,2025-01-01,124.37,0.0,1,83.90,0.99,1
CUST_001218,creator_network,false,2025-06-01,58.36,0.1001,1,33.09,0.99,1
CUST_001259,meta_ads,true,2024-03-01,96.46,0.1,1,50.38,0.99,1
CUST_001270,meta_ads,true,2024-09-01,116.62,0.0,1,73.00,0.99,1
CUST_001286,meta_ads,true,2025-03-01,67.36,0.0,2,83.14,1.37,1
CUST_001309,meta_ads,true,2024-10-01,108.44,0.15,1,56.30,0.99,1
CUST_001320,meta_ads,true,2024-03-01,132.19,0.0,1,86.46,0.99,1
CUST_001324,google_ads,true,2024-07-01,86.84,0.0,1,58.37,0.99,1
CUST_001331,google_ads,true,2025-04-01,119.15,0.0,1,80.31,0.99,1
CUST_001337,direct,false,2024-07-01,147.57,0.0,1,100.17,0.99,1
CUST_001358,organic_search,false,2024-12-01,64.49,0.0,1,41.13,0.99,1
CUST_001379,creator_network,false,2024-11-01,67.29,0.2,2,-38.88,1.95,1
CUST_001380,direct,false,2025-04-01,94.00,0.1,1,50.30,0.99,1
CUST_001386,organic_search,false,2024-10-01,108.83,0.0,1,68.81,0.99,1
CUST_001406,meta_ads,true,2025-02-01,101.37,0.0,1,64.49,0.99,1
CUST_001414,organic_search,false,2024-02-01,108.57,0.0,2,138.75,0.34,1
CUST_001415,google_ads,true,2025-03-01,84.79,0.1,3,145.25,4.63,1
CUST_001454,creator_network,false,2025-04-01,78.33,0.1,1,44.74,0.99,1
CUST_001466,creator_network,false,2024-02-01,77.31,0.1,1,43.77,0.99,1
CUST_001473,creator_network,false,2025-10-01,88.70,0.1,1,46.14,0.99,0
CUST_001475,creator_network,false,2024-10-01,87.77,0.0,1,55.72,0.99,1
CUST_001487,meta_ads,true,2024-12-01,92.93,0.25,1,35.36,0.99,1
CUST_001583,direct,false,2025-04-01,119.16,0.0,1,76.34,0.99,1
CUST_001587,creator_network,false,2025-07-01,72.91,0.1,1,-34.90,0.99,1
CUST_001590,google_ads,true,2025-07-01,127.74,0.0,1,84.45,0.99,1
CUST_001592,google_ads,true,2025-12-01,90.24,0.1,1,49.47,0.99,0
CUST_001600,organic_search,false,2025-11-01,77.48,0.0,1,51.40,0.99,0
CUST_001605,creator_network,false,2024-03-01,85.22,0.0,1,-28.89,0.99,1
CUST_001614,google_ads,true,2024-10-01,93.82,0.0,2,123.83,2.60,1
CUST_001700,google_ads,true,2025-03-01,113.77,0.2,1,48.80,0.99,1
CUST_001704,organic_search,false,2025-02-01,129.25,0.0,1,82.24,0.99,1
CUST_001707,google_ads,true,2025-05-01,136.72,0.0,1,88.63,0.99,1
CUST_001719,meta_ads,true,2025-12-01,107.20,0.1,1,56.39,0.99,0
CUST_001739,google_ads,true,2024-11-01,150.85,0.0,2,189.36,0.65,1
CUST_001761,google_ads,true,2025-01-01,53.66,0.0,1,35.93,0.99,1
CUST_001769,organic_search,false,2024-11-01,145.98,0.0,1,95.23,0.99,1
CUST_001770,meta_ads,true,2024-12-01,51.05,0.0,1,34.12,0.99,1
CUST_001785,google_ads,true,2025-06-01,78.92,0.0,1,53.42,0.99,1
CUST_001792,meta_ads,true,2025-07-01,80.12,0.0,1,52.97,0.99,1
CUST_001813,creator_network,false,2024-09-01,70.49,0.15,1,33.96,0.99,1
CUST_001836,direct,false,2025-06-01,82.21,0.0,1,55.85,0.99,1
CUST_001870,creator_network,false,2025-07-01,34.69,0.1,2,34.28,2.19,0
CUST_001912,creator_network,false,2025-10-01,89.20,0.1,1,49.44,0.99,0
CUST_001929,google_ads,true,2025-05-01,117.32,0.0,1,79.64,0.99,1
CUST_001932,organic_search,false,2025-04-01,96.05,0.0,1,62.41,0.99,1
CUST_001934,organic_search,false,2025-05-01,74.87,0.1,1,40.79,0.99,1
CUST_001953,google_ads,true,2025-05-01,97.73,0.0,1,61.30,0.99,1
CUST_001957,meta_ads,true,2025-05-01,102.24,0.0,1,65.06,0.99,1
CUST_002021,creator_network,false,2025-12-01,89.68,0.1,1,47.66,0.99,0
CUST_002044,meta_ads,true,2024-04-01,92.04,0.0,1,60.06,0.99,1
CUST_002047,google_ads,true,2024-03-01,94.89,0.0,1,58.92,0.99,1
CUST_002086,meta_ads,true,2025-02-01,80.58,0.0,1,53.58,0.99,1
CUST_002107,creator_network,false,2025-10-01,113.95,0.15,2,-77.67,1.72,0
CUST_002134,creator_network,false,2025-03-01,58.26,0.0,1,38.69,0.99,1
CUST_002143,creator_network,false,2025-07-01,57.33,0.0,1,36.19,0.99,1
CUST_002178,creator_network,false,2025-05-01,57.34,0.0999,1,-24.43,0.99,1
CUST_002182,meta_ads,true,2024-07-01,86.51,0.0,1,57.25,0.99,1
CUST_002197,meta_ads,true,2025-01-01,93.68,0.0,1,61.94,0.99,1
CUST_002259,creator_network,false,2024-10-01,104.66,0.2,1,-3.19,0.99,1
CUST_002265,direct,false,2025-05-01,63.06,0.0,2,91.60,0.93,1
CUST_002273,google_ads,true,2025-02-01,79.99,0.0,1,53.16,0.99,1
CUST_002286,creator_network,false,2024-09-01,92.08,0.1,1,52.00,0.99,1
CUST_002292,meta_ads,true,2024-09-01,88.27,0.2,3,170.65,4.55,1
CUST_002294,creator_network,false,2025-03-01,80.41,0.15,1,-41.17,0.99,1
CUST_002303,direct,false,2025-03-01,68.55,0.2,1,29.35,0.99,1
CUST_002313,google_ads,true,2025-02-01,109.26,0.0,1,72.04,0.99,1
CUST_002326,meta_ads,true,2025-12-01,90.19,0.15,1,46.58,0.99,0
CUST_002361,meta_ads,true,2024-01-01,96.96,0.0,1,-36.30,0.99,1
CUST_002362,google_ads,true,2025-01-01,103.99,0.0,1,65.93,0.99,1
CUST_002387,google_ads,true,2024-11-01,113.42,0.0,1,71.98,0.99,1
CUST_002426,meta_ads,true,2025-11-01,74.91,0.0,1,49.10,0.99,0
CUST_002433,google_ads,true,2025-12-01,134.74,0.0,1,83.61,0.99,0
CUST_002435,meta_ads,true,2025-12-01,106.68,0.15,1,53.22,0.99,0
CUST_002440,creator_network,false,2024-05-01,86.64,0.15,1,43.57,0.99,1
CUST_002492,google_ads,true,2024-07-01,80.12,0.0,1,52.05,0.99,1
CUST_002547,meta_ads,true,2024-03-01,105.25,0.0,1,71.25,0.99,1
CUST_002577,meta_ads,true,2025-12-01,76.98,0.15,1,40.33,0.99,0
CUST_002579,meta_ads,true,2024-11-01,93.18,0.0,1,57.82,0.99,1
CUST_002586,meta_ads,true,2025-05-01,105.94,0.15,1,51.63,0.99,1
CUST_002588,meta_ads,true,2025-06-01,91.72,0.0,1,58.71,0.99,1
CUST_002589,google_ads,true,2024-08-01,96.52,0.0,1,61.56,0.99,1
CUST_002594,google_ads,true,2025-03-01,85.17,0.2,1,39.22,0.99,1
CUST_002603,meta_ads,true,2025-08-01,92.68,0.1,1,53.73,0.99,1
CUST_002626,meta_ads,true,2025-12-01,76.69,0.0,1,48.12,0.99,0
CUST_002633,organic_search,false,2024-01-01,129.51,0.0,1,86.64,0.99,1
CUST_002643,creator_network,false,2025-08-01,64.72,0.1,1,33.91,0.99,1
CUST_002648,creator_network,false,2025-02-01,94.32,0.1,1,54.38,0.99,1
CUST_002649,direct,false,2025-01-01,64.10,0.0,2,73.72,4.23,1
CUST_002670,creator_network,false,2024-10-01,50.43,0.0,1,32.51,0.99,1
CUST_002691,direct,false,2025-03-01,96.18,0.0,1,60.87,0.99,1
CUST_002692,meta_ads,true,2025-04-01,81.65,0.0,1,-29.52,0.99,1
CUST_002693,meta_ads,true,2024-01-01,93.45,0.0,1,58.68,0.99,1
CUST_002700,google_ads,true,2025-08-01,93.16,0.0,1,58.98,0.99,1
CUST_002704,meta_ads,true,2024-01-01,120.80,0.0,2,111.85,2.01,1
CUST_002709,meta_ads,true,2024-01-01,57.03,0.0,1,38.36,0.99,1
CUST_002711,organic_search,false,2025-08-01,99.45,0.0,1,64.56,0.99,1
CUST_002736,google_ads,true,2025-08-01,101.40,0.15,1,48.39,0.99,1
CUST_002750,meta_ads,true,2025-05-01,85.78,0.0,1,26.49,0.99,1
CUST_002753,meta_ads,true,2024-08-01,70.36,0.1001,2,65.46,2.72,1
CUST_002763,google_ads,true,2025-05-01,85.46,0.15,1,43.61,0.99,1
CUST_002774,creator_network,false,2025-01-01,80.02,0.15,1,41.62,0.99,1
CUST_002776,google_ads,true,2025-01-01,137.92,0.0,1,89.40,0.99,1
CUST_002782,organic_search,false,2025-10-01,85.78,0.0,1,55.16,0.99,0
CUST_002836,organic_search,false,2025-11-01,74.94,0.0,1,50.19,0.99,0
CUST_002841,creator_network,false,2024-12-01,75.79,0.15,1,35.80,0.99,1
CUST_002842,google_ads,true,2025-08-01,118.06,0.0,1,-41.58,0.99,1
CUST_002843,meta_ads,true,2025-11-01,107.05,0.2,1,48.68,0.99,0
CUST_002853,google_ads,true,2024-07-01,96.58,0.1,1,52.73,0.99,1
CUST_002855,google_ads,true,2024-04-01,111.11,0.0,1,71.44,0.99,1
CUST_002857,google_ads,true,2024-07-01,104.13,0.1,1,55.61,0.99,1
CUST_002890,organic_search,false,2025-09-01,81.94,0.0,1,54.39,0.99,1
CUST_002926,google_ads,true,2025-11-01,111.97,0.0,1,73.38,0.99,0
CUST_002998,meta_ads,true,2024-10-01,90.81,0.1,2,129.36,1.99,1
CUST_003006,organic_search,false,2025-09-01,95.76,0.0,1,61.74,0.99,1
CUST_003027,creator_network,false,2025-11-01,114.89,0.2,1,-65.53,0.99,0
CUST_003028,creator_network,false,2025-05-01,80.40,0.15,1,40.29,0.99,1
CUST_003043,meta_ads,true,2024-04-01,80.12,0.0,1,53.66,0.99,1
CUST_003068,meta_ads,true,2025-12-01,140.04,0.0,1,90.26,0.99,0
CUST_003091,creator_network,false,2025-01-01,62.80,0.2,1,29.39,0.99,1
CUST_003134,creator_network,false,2025-03-01,77.14,0.2,1,35.17,0.99,1
CUST_003141,google_ads,true,2024-11-01,88.38,0.2,1,41.71,0.99,1
CUST_003159,meta_ads,true,2025-09-01,93.33,0.0,1,62.28,0.99,1
CUST_003176,organic_search,false,2024-06-01,91.52,0.0,1,56.80,0.99,1
CUST_003180,meta_ads,true,2025-06-01,80.26,0.0,1,52.98,0.99,1
CUST_003209,google_ads,true,2025-01-01,147.07,0.15,1,73.08,0.99,1
CUST_003210,google_ads,true,2025-05-01,132.94,0.0,1,83.93,0.99,1
CUST_003248,meta_ads,true,2024-12-01,122.49,0.0,1,76.11,0.99,1
CUST_003250,meta_ads,true,2025-05-01,94.33,0.0,1,61.78,0.99,1
CUST_003256,organic_search,false,2024-05-01,61.97,0.1999,2,49.58,0.25,1
CUST_003265,meta_ads,true,2025-09-01,53.45,0.0,1,33.24,0.99,1
CUST_003299,meta_ads,true,2024-11-01,106.70,0.0,2,105.44,0.96,1
CUST_003350,google_ads,true,2024-08-01,96.66,0.0,1,13.70,0.99,1
CUST_003367,creator_network,false,2024-10-01,102.90,0.15,1,53.08,0.99,1
CUST_003392,google_ads,true,2025-11-01,107.34,0.0,1,72.27,0.99,0
CUST_003421,organic_search,false,2025-08-01,85.87,0.0,1,53.71,0.99,1
CUST_003464,meta_ads,true,2025-05-01,80.41,0.0,1,53.60,0.99,1
CUST_003475,creator_network,false,2025-09-01,39.79,0.0,1,12.76,0.99,1
CUST_003480,meta_ads,true,2024-12-01,85.57,0.2,1,37.59,0.99,1
CUST_003485,google_ads,true,2025-04-01,109.24,0.0,2,142.76,2.38,1
CUST_003499,creator_network,false,2024-07-01,101.85,0.25,2,77.32,2.48,1
CUST_003548,meta_ads,true,2025-02-01,115.34,0.0,1,30.53,0.99,1
CUST_003561,meta_ads,true,2024-10-01,63.62,0.15,1,29.96,0.99,1
CUST_003582,meta_ads,true,2025-09-01,56.81,0.0,1,37.74,0.99,1
CUST_003591,meta_ads,true,2025-12-01,103.48,0.2,1,-54.36,0.99,0
CUST_003613,meta_ads,true,2024-11-01,85.81,0.1,1,45.02,0.99,1
CUST_003664,google_ads,true,2024-02-01,66.88,0.0,2,101.09,1.11,1
CUST_003673,organic_search,false,2025-07-01,67.83,0.0,1,43.16,0.99,1
CUST_003689,creator_network,false,2024-03-01,87.66,0.2,1,37.83,0.99,1
CUST_003690,google_ads,true,2024-01-01,93.65,0.0,1,63.05,0.99,1
CUST_003691,google_ads,true,2025-09-01,45.03,0.0,1,-16.89,0.99,1
CUST_003693,direct,false,2025-08-01,81.86,0.0,1,-30.39,0.99,1
CUST_003708,meta_ads,true,2024-09-01,105.70,0.15,1,50.56,0.99,1
CUST_003724,google_ads,true,2024-06-01,109.64,0.0,1,73.02,0.99,1
CUST_003737,meta_ads,true,2025-06-01,65.22,0.15,2,47.87,2.17,1
CUST_003741,google_ads,true,2025-11-01,107.10,0.0,1,70.78,0.99,0
CUST_003745,google_ads,true,2024-01-01,82.98,0.0,6,357.02,4.57,1
CUST_003750,meta_ads,true,2025-10-01,112.45,0.0,1,75.02,0.99,0
CUST_003773,direct,false,2024-11-01,85.98,0.0,1,58.09,0.99,1
CUST_003782,creator_network,false,2024-10-01,93.43,0.2,1,44.63,0.99,1
CUST_003796,meta_ads,true,2025-06-01,102.86,0.0,1,67.00,0.99,1
CUST_003827,meta_ads,true,2025-02-01,55.37,0.0,1,35.60,0.99,1
CUST_003876,meta_ads,true,2024-12-01,75.88,0.0,1,48.55,0.99,1
CUST_003902,creator_network,false,2024-11-01,109.43,0.0,2,121.26,2.98,1
CUST_003929,google_ads,true,2025-06-01,90.19,0.0,1,60.33,0.99,1
CUST_003947,organic_search,false,2025-06-01,81.13,0.0,1,53.15,0.99,1
CUST_003963,meta_ads,true,2024-01-01,67.16,0.1499,2,122.59,1.34,1
CUST_003971,meta_ads,true,2025-12-01,121.78,0.1,1,66.03,0.99,0
CUST_004039,google_ads,true,2025-06-01,118.24,0.0,1,74.30,0.99,1
CUST_004048,meta_ads,true,2025-04-01,102.20,0.0,1,64.03,0.99,1
CUST_004049,google_ads,true,2025-10-01,87.28,0.0,2,127.24,0.55,0
CUST_004050,meta_ads,true,2024-07-01,71.39,0.0,1,47.94,0.99,1
CUST_004083,creator_network,false,2025-05-01,116.60,0.15,1,59.51,0.99,1
CUST_004170,meta_ads,true,2024-04-01,91.63,0.15,2,95.55,0.33,1
CUST_004172,meta_ads,true,2025-12-01,109.77,0.0,1,73.11,0.99,0
CUST_004199,creator_network,false,2025-01-01,89.33,0.1,2,91.20,0.73,1
CUST_004207,direct,false,2025-04-01,117.23,0.0,1,74.58,0.99,1
CUST_004231,google_ads,true,2025-07-01,81.73,0.0,1,55.25,0.99,1
CUST_004295,meta_ads,true,2024-12-01,101.87,0.15,1,49.78,0.99,1
CUST_004298,meta_ads,true,2024-05-01,66.58,0.2001,1,30.64,0.99,1
CUST_004330,google_ads,true,2025-09-01,126.16,0.0,1,81.22,0.99,1
CUST_004344,creator_network,false,2025-09-01,110.55,0.15,2,94.06,2.46,0
CUST_004370,creator_network,false,2024-06-01,72.50,0.1,1,38.27,0.99,1
CUST_004385,google_ads,true,2025-10-01,51.34,0.0,1,34.70,0.99,0
CUST_004389,meta_ads,true,2024-04-01,100.56,0.1,2,104.63,0.81,1
CUST_004418,meta_ads,true,2024-01-01,84.38,0.0,1,57.04,0.99,1
CUST_004422,meta_ads,true,2025-12-01,97.09,0.15,1,46.23,0.99,0
CUST_004426,direct,false,2024-12-01,86.80,0.25,1,34.69,0.99,1
CUST_004433,meta_ads,true,2025-02-01,86.34,0.0,1,54.62,0.99,1
CUST_004505,organic_search,false,2025-02-01,120.56,0.0,1,79.15,0.99,1
CUST_004509,direct,false,2025-04-01,66.70,0.0,1,4.68,0.99,1
CUST_004514,meta_ads,true,2025-05-01,38.31,0.0,1,24.26,0.99,1
CUST_004525,creator_network,false,2025-09-01,70.03,0.1,1,38.26,0.99,1
CUST_004538,meta_ads,true,2025-05-01,65.81,0.2,1,28.03,0.99,1
CUST_004546,google_ads,true,2025-09-01,85.13,0.25,1,-50.15,0.99,1
CUST_004552,meta_ads,true,2024-01-01,122.61,0.15,1,57.83,0.99,1
CUST_004570,organic_search,false,2025-10-01,98.87,0.0,1,64.64,0.99,0
CUST_004592,creator_network,false,2024-07-01,59.93,0.0,1,37.23,0.99,1
CUST_004623,meta_ads,true,2024-05-01,49.62,0.2499,1,18.79,0.99,1
CUST_004638,creator_network,false,2025-06-01,97.71,0.1,1,51.40,0.99,1
CUST_004663,google_ads,true,2025-01-01,134.40,0.2,1,-77.33,0.99,1
CUST_004681,direct,false,2024-09-01,88.29,0.0,2,112.33,0.90,1
CUST_004690,meta_ads,true,2025-12-01,30.78,0.1501,1,16.27,0.99,0
CUST_004693,meta_ads,true,2024-11-01,67.40,0.2,1,31.34,0.99,1
CUST_004694,google_ads,true,2025-03-01,69.96,0.0,1,44.24,0.99,1
CUST_004706,google_ads,true,2025-01-01,101.23,0.2,1,44.97,0.99,1
CUST_004713,google_ads,true,2024-08-01,84.47,0.0,2,147.74,1.38,1
CUST_004733,creator_network,false,2025-07-01,74.50,0.0,1,49.03,0.99,1
CUST_004757,meta_ads,true,2024-01-01,88.21,0.15,1,42.95,0.99,1
CUST_004760,creator_network,false,2025-12-01,80.71,0.1,1,43.55,0.99,0
CUST_004801,google_ads,true,2024-05-01,146.19,0.25,1,56.24,0.99,1
CUST_004805,organic_search,false,2025-09-01,67.55,0.0,2,65.35,0.25,1
CUST_004807,meta_ads,true,2024-03-01,47.26,0.2501,1,17.97,0.99,1
CUST_004812,google_ads,true,2025-10-01,116.16,0.0,1,77.60,0.99,0
CUST_004839,meta_ads,true,2024-02-01,85.67,0.1,1,49.01,0.99,1
CUST_004843,creator_network,false,2024-11-01,100.72,0.0,2,36.66,0.26,1
CUST_004888,google_ads,true,2025-06-01,123.06,0.15,1,65.12,0.99,1
CUST_004895,google_ads,true,2024-12-01,134.96,0.0,2,193.24,2.80,1
CUST_004896,direct,false,2024-03-01,70.92,0.0,1,45.57,0.99,1
CUST_004914,meta_ads,true,2024-07-01,102.26,0.0,2,3.01,1.77,1
CUST_004916,organic_search,false,2025-11-01,46.80,0.1,1,27.08,0.99,0
CUST_004930,meta_ads,true,2025-11-01,58.05,0.0,1,38.37,0.99,0
CUST_004946,meta_ads,true,2025-11-01,113.90,0.15,1,-56.18,0.99,0
CUST_004955,meta_ads,true,2025-01-01,84.29,0.0,2,101.35,3.89,1
CUST_004957,direct,false,2024-11-01,90.77,0.1,1,50.94,0.99,1
CUST_004969,direct,false,2025-12-01,115.52,0.0,1,72.90,0.99,0
CUST_004990,direct,false,2025-08-01,124.47,0.1,1,64.93,0.99,1
CUST_005000,direct,false,2025-05-01,68.95,0.0,1,44.83,0.99,1
CUST_005001,meta_ads,true,2024-12-01,114.08,0.1,1,64.31,0.99,1
CUST_005003,direct,false,2025-10-01,101.52,0.0,1,68.37,0.99,0
CUST_005048,google_ads,true,2025-03-01,105.76,0.0,1,67.08,0.99,1
CUST_005050,google_ads,true,2025-03-01,117.41,0.0,1,73.59,0.99,1
CUST_005056,meta_ads,true,2025-06-01,105.56,0.1,1,55.19,0.99,1
CUST_005075,google_ads,true,2025-12-01,86.81,0.0,1,55.47,0.99,0
CUST_005107,meta_ads,true,2024-11-01,63.80,0.0,1,42.47,0.99,1
CUST_005129,google_ads,true,2024-11-01,106.00,0.15,1,55.20,0.99,1
CUST_005137,meta_ads,true,2025-05-01,88.17,0.0,1,56.36,0.99,1
CUST_005150,direct,false,2024-05-01,129.00,0.0,1,81.79,0.99,1
CUST_005171,meta_ads,true,2025-01-01,113.38,0.25,2,91.82,1.69,1
CUST_005179,google_ads,true,2025-03-01,134.14,0.2,1,56.77,0.99,1
CUST_005188,organic_search,false,2024-11-01,105.53,0.0,1,66.33,0.99,1
CUST_005194,meta_ads,true,2025-11-01,97.95,0.0,1,-34.53,0.99,0
CUST_005211,meta_ads,true,2025-12-01,91.58,0.1,1,-42.54,0.99,0
CUST_005216,meta_ads,true,2025-05-01,78.67,0.0,1,50.48,0.99,1
CUST_005219,meta_ads,true,2024-08-01,73.80,0.0,1,14.45,0.99,1
CUST_005235,creator_network,false,2025-02-01,52.59,0.2,3,93.60,3.60,1
CUST_005246,meta_ads,true,2025-04-01,82.31,0.0,1,52.20,0.99,1
CUST_005288,google_ads,true,2024-02-01,121.52,0.0,2,145.05,3.18,1
CUST_005303,meta_ads,true,2025-08-01,65.61,0.15,1,32.41,0.99,1
CUST_005308,creator_network,false,2024-12-01,97.97,0.0,1,64.60,0.99,1
CUST_005311,organic_search,false,2024-10-01,52.71,0.0,1,34.24,0.99,1
CUST_005313,meta_ads,true,2025-11-01,110.31,0.2,1,48.59,0.99,0
CUST_005371,meta_ads,true,2024-12-01,120.97,0.0,1,81.69,0.99,1
CUST_005372,direct,false,2024-11-01,117.22,0.0,1,74.04,0.99,1
CUST_005380,google_ads,true,2024-08-01,104.17,0.15,1,55.16,0.99,1
CUST_005391,meta_ads,true,2024-05-01,87.00,0.2,1,-12.03,0.99,1
CUST_005393,direct,false,2025-10-01,110.70,0.0,1,74.51,0.99,1
CUST_005452,google_ads,true,2024-08-01,84.68,0.0,1,52.62,0.99,1
CUST_005483,creator_network,false,2025-01-01,77.42,0.15,1,38.83,0.99,1
CUST_005492,organic_search,false,2025-08-01,135.85,0.0,1,88.94,0.99,1
CUST_005502,google_ads,true,2024-02-01,133.07,0.0,2,179.81,0.92,1
CUST_005522,meta_ads,true,2025-04-01,81.24,0.15,1,38.57,0.99,1
CUST_005539,creator_network,false,2025-03-01,96.30,0.2,1,43.93,0.99,1
CUST_005541,google_ads,true,2024-04-01,119.88,0.0,2,11.99,1.34,1
CUST_005570,organic_search,false,2025-12-01,69.36,0.0,1,44.73,0.99,0
CUST_005585,organic_search,false,2025-01-01,96.83,0.0,1,31.52,0.99,1
CUST_005589,meta_ads,true,2025-11-01,60.74,0.2,1,26.94,0.99,0
CUST_005644,meta_ads,true,2024-11-01,84.68,0.1,1,44.96,0.99,1
CUST_005648,meta_ads,true,2025-07-01,112.68,0.0,1,70.03,0.99,1
CUST_005661,creator_network,false,2024-06-01,65.23,0.1499,1,31.01,0.99,1
CUST_005681,organic_search,false,2024-08-01,68.99,0.0,1,46.88,0.99,1
CUST_005686,meta_ads,true,2025-08-01,85.49,0.1,1,47.90,0.99,1
CUST_005700,google_ads,true,2024-09-01,88.06,0.0,1,58.13,0.99,1
CUST_005711,meta_ads,true,2024-06-01,94.33,0.2,3,163.95,1.21,1
CUST_005722,creator_network,false,2025-01-01,75.04,0.0999,1,-33.98,0.99,1
CUST_005727,creator_network,false,2024-07-01,82.97,0.1,1,45.25,0.99,1
CUST_005753,creator_network,false,2024-04-01,100.21,0.0,2,121.85,1.63,1
CUST_005762,meta_ads,true,2025-11-01,79.02,0.0,1,-29.69,0.99,0
CUST_005775,creator_network,false,2024-01-01,86.13,0.0,1,57.01,0.99,1
CUST_005777,meta_ads,true,2025-05-01,101.36,0.1,1,-47.79,0.99,1
CUST_005784,google_ads,true,2024-04-01,101.84,0.0,2,112.49,0.88,1
CUST_005800,creator_network,false,2024-06-01,97.44,0.1,2,97.00,0.11,1
CUST_005806,creator_network,false,2024-03-01,66.35,0.2,1,30.85,0.99,1
CUST_005809,google_ads,true,2025-05-01,104.64,0.0,1,69.41,0.99,1
CUST_005820,meta_ads,true,2025-02-01,96.52,0.2,1,43.80,0.99,1
CUST_005825,meta_ads,true,2024-06-01,135.16,0.0,1,84.66,0.99,1
CUST_005832,google_ads,true,2025-02-01,106.47,0.0,1,68.81,0.99,1
CUST_005863,meta_ads,true,2024-01-01,69.23,0.1,1,13.80,0.99,1
CUST_005881,meta_ads,true,2024-07-01,101.50,0.15,1,53.57,0.99,1
CUST_005883,direct,false,2024-11-01,93.37,0.0,1,59.92,0.99,1
CUST_005894,google_ads,true,2024-07-01,99.72,0.1,1,53.44,0.99,1
CUST_005918,organic_search,false,2025-06-01,99.38,0.0,1,63.41,0.99,1
CUST_005940,creator_network,false,2024-09-01,79.74,0.0999,1,45.23,0.99,1
CUST_005960,google_ads,true,2025-09-01,106.54,0.1,1,57.33,0.99,1
CUST_005982,direct,false,2024-01-01,131.01,0.0,1,88.98,0.99,1
CUST_005985,google_ads,true,2024-05-01,104.21,0.0,1,68.65,0.99,1
CUST_006010,google_ads,true,2024-08-01,117.01,0.0,1,77.41,0.99,1
CUST_006020,meta_ads,true,2024-03-01,42.55,0.1499,1,21.08,0.99,1
CUST_006031,meta_ads,true,2025-05-01,93.02,0.15,1,-47.48,0.99,1
CUST_006050,meta_ads,true,2025-11-01,91.37,0.0,1,61.17,0.99,0
CUST_006052,organic_search,false,2025-12-01,152.46,0.0,1,97.76,0.99,0
CUST_006056,direct,false,2025-02-01,91.23,0.0,1,60.34,0.99,1
CUST_006067,creator_network,false,2025-02-01,77.05,0.15,1,39.36,0.99,1
CUST_006103,meta_ads,true,2024-10-01,123.88,0.1,1,68.99,0.99,1
CUST_006107,organic_search,false,2025-02-01,96.65,0.0,2,106.58,0.10,1
CUST_006108,meta_ads,true,2024-03-01,92.11,0.1,1,48.37,0.99,1
CUST_006117,google_ads,true,2025-06-01,104.42,0.1,1,54.61,0.99,1
CUST_006135,meta_ads,true,2024-01-01,54.01,0.15,2,65.17,0.65,1
CUST_006151,meta_ads,true,2025-04-01,77.92,0.1999,1,36.95,0.99,1
CUST_006166,google_ads,true,2025-02-01,106.37,0.0,2,26.56,0.88,1
CUST_006180,creator_network,false,2024-10-01,60.62,0.0,1,38.75,0.99,1
CUST_006209,direct,false,2024-12-01,114.91,0.0,1,76.28,0.99,1
CUST_006215,meta_ads,true,2025-08-01,80.28,0.15,1,41.87,0.99,1
CUST_006232,organic_search,false,2025-11-01,90.82,0.0,1,61.47,0.99,0
CUST_006237,google_ads,true,2025-06-01,118.88,0.0,3,236.03,1.89,1
CUST_006239,organic_search,false,2025-10-01,46.81,0.0,2,111.51,1.47,0
CUST_006283,meta_ads,true,2025-08-01,45.09,0.1499,2,73.66,1.01,1
CUST_006307,direct,false,2024-11-01,66.42,0.0,1,44.65,0.99,1
CUST_006315,google_ads,true,2024-09-01,122.95,0.0,2,107.85,0.77,1
CUST_006318,meta_ads,true,2025-04-01,70.68,0.0,1,44.71,0.99,1
CUST_006324,organic_search,false,2024-11-01,92.81,0.15,1,45.24,0.99,1
CUST_006327,creator_network,false,2025-12-01,92.79,0.15,1,-9.58,0.99,0
CUST_006328,organic_search,false,2024-12-01,41.66,0.0,1,26.61,0.99,1
CUST_006356,creator_network,false,2025-12-01,87.91,0.1,1,49.06,0.99,0
CUST_006371,meta_ads,true,2025-06-01,79.12,0.1999,1,35.97,0.99,1
CUST_006378,direct,false,2025-09-01,97.25,0.0,1,61.30,0.99,1
CUST_006432,direct,false,2025-11-01,52.52,0.0,1,32.85,0.99,0
CUST_006459,google_ads,true,2024-02-01,136.72,0.0,1,88.49,0.99,1
CUST_006462,meta_ads,true,2025-06-01,128.44,0.2,1,59.75,0.99,1
CUST_006487,organic_search,false,2025-12-01,42.28,0.15,1,21.84,0.99,0
CUST_006511,creator_network,false,2024-02-01,44.71,0.0,1,30.33,0.99,1
CUST_006532,google_ads,true,2025-11-01,56.46,0.1001,1,-24.20,0.99,0
CUST_006540,meta_ads,true,2025-05-01,56.11,0.1501,1,28.54,0.99,1
CUST_006561,google_ads,true,2024-08-01,74.62,0.0,1,47.72,0.99,1
CUST_006579,meta_ads,true,2024-11-01,59.05,0.15,1,29.03,0.99,1
CUST_006601,direct,false,2025-03-01,113.07,0.0,2,129.18,2.65,1
CUST_006611,google_ads,true,2025-10-01,112.45,0.1,1,61.28,0.99,0
CUST_006616,google_ads,true,2025-07-01,91.43,0.0,1,-33.90,0.99,1
CUST_006628,google_ads,true,2025-07-01,128.57,0.15,1,62.21,0.99,1
CUST_006637,meta_ads,true,2025-11-01,45.28,0.2001,1,19.35,0.99,0
CUST_006652,creator_network,false,2025-10-01,100.50,0.15,1,52.41,0.99,0
CUST_006655,direct,false,2024-08-01,56.85,0.0,1,36.34,0.99,1
CUST_006660,meta_ads,true,2024-09-01,70.01,0.0,1,47.60,0.99,1
CUST_006662,google_ads,true,2025-01-01,114.66,0.0,1,74.45,0.99,1
CUST_006666,creator_network,false,2025-08-01,102.64,0.0,1,69.41,0.99,1
CUST_006676,meta_ads,true,2025-10-01,59.34,0.0,1,39.04,0.99,0
CUST_006688,google_ads,true,2024-11-01,147.39,0.0,1,99.75,0.99,1
CUST_006689,meta_ads,true,2025-03-01,93.12,0.0,1,61.86,0.99,1
CUST_006702,meta_ads,true,2025-08-01,106.89,0.0,1,68.98,0.99,1
CUST_006722,direct,false,2024-03-01,74.03,0.0,1,49.00,0.99,1
CUST_006727,google_ads,true,2024-10-01,85.78,0.0,2,116.48,1.38,1
CUST_006739,organic_search,false,2024-08-01,60.53,0.0,1,-20.88,0.99,1
CUST_006785,creator_network,false,2025-07-01,79.80,0.1,2,79.17,0.36,1
CUST_006799,meta_ads,true,2024-04-01,100.72,0.0,1,64.26,0.99,1
CUST_006824,meta_ads,true,2025-12-01,35.52,0.0999,1,5.69,0.99,0
CUST_006842,google_ads,true,2024-06-01,115.04,0.0,1,72.60,0.99,1
CUST_006852,meta_ads,true,2025-11-01,66.25,0.0,1,44.07,0.99,0
CUST_006863,creator_network,false,2025-12-01,59.48,0.0,1,40.21,0.99,0
CUST_006889,google_ads,true,2024-05-01,56.02,0.1,1,30.82,0.99,1
CUST_006901,creator_network,false,2024-08-01,47.00,0.1,1,26.38,0.99,1
CUST_006909,google_ads,true,2025-10-01,126.07,0.0,1,79.70,0.99,0
CUST_006915,google_ads,true,2024-09-01,97.06,0.15,1,46.07,0.99,1
CUST_006920,creator_network,false,2024-12-01,58.13,0.15,1,27.59,0.99,1
CUST_006928,google_ads,true,2025-06-01,97.74,0.0,1,66.28,0.99,1
CUST_006969,google_ads,true,2025-06-01,105.70,0.15,1,49.87,0.99,1
CUST_006989,google_ads,true,2024-06-01,137.63,0.0,1,88.47,0.99,1
CUST_006997,organic_search,false,2025-06-01,111.74,0.0,1,71.84,0.99,1
CUST_007012,meta_ads,true,2025-09-01,88.55,0.2,1,42.20,0.99,1
CUST_007023,google_ads,true,2025-12-01,127.02,0.0,1,78.99,0.99,0
CUST_007028,meta_ads,true,2025-12-01,99.13,0.0,1,63.94,0.99,0
CUST_007029,direct,false,2024-12-01,110.07,0.0,1,72.48,0.99,1
CUST_007045,direct,false,2025-11-01,84.19,0.0,1,54.29,0.99,0
CUST_007061,meta_ads,true,2025-11-01,58.34,0.0,1,38.54,0.99,0
CUST_007083,creator_network,false,2025-01-01,78.52,0.1,1,43.38,0.99,1
CUST_007114,meta_ads,true,2024-06-01,116.33,0.0,1,76.84,0.99,1
CUST_007117,google_ads,true,2025-09-01,112.71,0.0,1,70.80,0.99,1
CUST_007175,meta_ads,true,2024-04-01,95.31,0.0,2,109.35,1.09,1
CUST_007185,meta_ads,true,2024-08-01,56.56,0.0,2,79.08,1.30,1
CUST_007203,meta_ads,true,2025-03-01,92.85,0.0,2,107.32,0.30,1
CUST_007215,google_ads,true,2024-05-01,95.65,0.0,1,61.62,0.99,1
CUST_007218,organic_search,false,2025-07-01,134.85,0.0,1,85.61,0.99,1
CUST_007230,creator_network,false,2025-01-01,71.14,0.2,1,31.39,0.99,1
CUST_007255,direct,false,2024-10-01,82.39,0.0,1,54.38,0.99,1
CUST_007281,meta_ads,true,2025-04-01,112.43,0.0,3,118.25,1.77,1
CUST_007306,creator_network,false,2025-11-01,88.34,0.15,1,43.54,0.99,0
CUST_007329,direct,false,2024-06-01,87.97,0.0,1,57.57,0.99,1
CUST_007331,organic_search,false,2024-07-01,83.03,0.1499,1,42.07,0.99,1
CUST_007364,direct,false,2025-10-01,81.20,0.0,1,52.43,0.99,0
CUST_007381,direct,false,2025-01-01,146.62,0.0,1,98.25,0.99,1
CUST_007391,meta_ads,true,2025-06-01,61.72,0.0,2,104.77,0.43,1
CUST_007420,organic_search,false,2025-07-01,88.67,0.0,1,55.41,0.99,1
CUST_007429,organic_search,false,2025-06-01,58.49,0.1,1,32.71,0.99,1
CUST_007442,google_ads,true,2024-03-01,120.17,0.15,2,-7.10,0.70,1
CUST_007448,meta_ads,true,2024-08-01,106.13,0.1,1,57.75,0.99,1
CUST_007461,google_ads,true,2025-02-01,117.77,0.0,1,78.49,0.99,1
CUST_007465,meta_ads,true,2024-11-01,115.17,0.1,2,117.16,1.03,1
CUST_007472,organic_search,false,2024-02-01,123.38,0.0,2,129.92,1.52,1
CUST_007525,google_ads,true,2024-11-01,132.93,0.0,1,87.27,0.99,1
CUST_007534,google_ads,true,2025-02-01,72.22,0.15,1,-35.80,0.99,1
CUST_007569,google_ads,true,2025-09-01,47.50,0.0,1,31.96,0.99,1
CUST_007578,google_ads,true,2025-07-01,105.32,0.0,1,68.40,0.99,1
CUST_007588,meta_ads,true,2025-07-01,101.48,0.0,1,-36.77,0.99,1
CUST_007591,creator_network,false,2024-07-01,61.95,0.15,2,63.90,0.35,1
CUST_007618,google_ads,true,2025-08-01,122.52,0.1,1,67.13,0.99,1
CUST_007628,meta_ads,true,2025-01-01,100.85,0.0,1,-37.85,0.99,1
CUST_007679,meta_ads,true,2024-03-01,92.76,0.2,1,40.58,0.99,1
CUST_007709,google_ads,true,2025-03-01,91.16,0.1,1,50.74,0.99,1
CUST_007749,organic_search,false,2024-10-01,128.21,0.0,1,83.92,0.99,1
CUST_007766,meta_ads,true,2025-05-01,91.60,0.0,1,57.53,0.99,1
CUST_007770,meta_ads,true,2025-07-01,76.49,0.15,1,39.98,0.99,1
CUST_007778,meta_ads,true,2025-09-01,113.85,0.1,1,64.63,0.99,1
CUST_007803,creator_network,false,2025-12-01,100.24,0.2,1,46.45,0.99,0
CUST_007821,google_ads,true,2024-11-01,126.47,0.0,1,80.92,0.99,1
CUST_007829,google_ads,true,2025-04-01,137.30,0.0,1,85.60,0.99,1
CUST_007868,google_ads,true,2024-11-01,156.63,0.15,1,-80.42,0.99,1
CUST_007878,organic_search,false,2024-12-01,107.46,0.0,1,66.82,0.99,1
CUST_007886,meta_ads,true,2025-09-01,83.58,0.0,1,4.67,0.99,1
CUST_007915,google_ads,true,2024-01-01,119.54,0.0,1,75.48,0.99,1
CUST_007922,organic_search,false,2025-07-01,72.12,0.1999,1,31.43,0.99,1
CUST_007981,organic_search,false,2024-07-01,51.19,0.0,1,34.15,0.99,1
CUST_008012,creator_network,false,2025-01-01,62.21,0.0,1,38.70,0.99,1
CUST_008140,meta_ads,true,2024-09-01,108.17,0.0,2,115.54,0.70,1
CUST_008144,meta_ads,true,2024-11-01,104.79,0.2,3,147.70,2.95,1
CUST_008150,creator_network,false,2024-08-01,91.97,0.1,2,89.28,3.33,1
CUST_008175,organic_search,false,2025-05-01,58.77,0.0,1,37.47,0.99,1
CUST_008190,google_ads,true,2024-11-01,99.81,0.0,2,115.28,2.39,1
CUST_008191,meta_ads,true,2025-10-01,101.87,0.15,1,48.34,0.99,0
CUST_008202,meta_ads,true,2024-12-01,93.23,0.0,1,58.32,0.99,1
CUST_008213,google_ads,true,2024-01-01,125.00,0.0,1,82.38,0.99,1
CUST_008230,google_ads,true,2025-03-01,125.62,0.0,1,83.69,0.99,1
CUST_008238,meta_ads,true,2025-09-01,115.03,0.15,1,59.45,0.99,1
CUST_008246,direct,false,2025-06-01,68.25,0.0,1,-22.86,0.99,1
CUST_008271,meta_ads,true,2024-11-01,136.39,0.1,2,108.38,3.62,1
CUST_008281,organic_search,false,2024-10-01,53.88,0.0,1,-20.15,0.99,1
CUST_008294,meta_ads,true,2024-06-01,105.23,0.1,1,57.61,0.99,1
CUST_008338,meta_ads,true,2025-02-01,100.17,0.0,1,63.83,0.99,1
CUST_008350,meta_ads,true,2025-06-01,59.06,0.0,1,39.50,0.99,1
CUST_008376,meta_ads,true,2024-12-01,114.31,0.15,1,60.28,0.99,1
CUST_008378,meta_ads,true,2024-07-01,67.79,0.1,1,-28.91,0.99,1
CUST_008403,google_ads,true,2025-04-01,97.39,0.0,1,60.59,0.99,1
CUST_008409,google_ads,true,2025-03-01,135.94,0.0,1,-48.04,0.99,1
CUST_008422,creator_network,false,2024-08-01,102.09,0.15,1,52.34,0.99,1
CUST_008443,organic_search,false,2025-06-01,99.05,0.0,1,61.74,0.99,1
CUST_008489,creator_network,false,2024-08-01,74.64,0.0,1,48.64,0.99,1
CUST_008502,google_ads,true,2024-10-01,113.53,0.0,2,148.06,1.16,1
CUST_008503,creator_network,false,2024-09-01,93.29,0.0,1,59.20,0.99,1
CUST_008511,google_ads,true,2024-06-01,100.92,0.0,1,68.59,0.99,1
CUST_008520,direct,false,2025-10-01,100.48,0.0,1,63.06,0.99,0
CUST_008522,creator_network,false,2025-01-01,90.08,0.15,1,45.80,0.99,1
CUST_008533,meta_ads,true,2025-04-01,117.46,0.0,2,126.77,1.88,1
CUST_008550,meta_ads,true,2024-04-01,92.03,0.0,3,155.47,2.95,1
CUST_008557,direct,false,2024-03-01,49.29,0.0,1,31.39,0.99,1
CUST_008581,organic_search,false,2024-09-01,121.49,0.0,1,79.31,0.99,1
CUST_008588,organic_search,false,2025-08-01,39.10,0.0,2,93.34,3.13,0
CUST_008599,google_ads,true,2025-03-01,125.35,0.0,1,83.87,0.99,1
CUST_008605,meta_ads,true,2025-01-01,68.65,0.0,1,46.68,0.99,1
CUST_008654,creator_network,false,2025-04-01,87.93,0.0,1,57.85,0.99,1
CUST_008659,direct,false,2024-05-01,105.66,0.0,1,65.61,0.99,1
CUST_008670,google_ads,true,2025-09-01,128.72,0.0,1,83.48,0.99,1
CUST_008688,meta_ads,true,2024-03-01,80.13,0.1,2,103.86,0.97,1
CUST_008702,google_ads,true,2025-09-01,135.71,0.0,1,85.08,0.99,1
CUST_008732,meta_ads,true,2025-08-01,131.86,0.15,1,62.98,0.99,1
CUST_008734,creator_network,false,2025-01-01,69.06,0.1001,1,36.45,0.99,1
CUST_008739,meta_ads,true,2024-03-01,71.68,0.0,2,111.45,0.28,1
CUST_008777,google_ads,true,2025-12-01,109.71,0.2,1,52.11,0.99,0
CUST_008783,google_ads,true,2024-10-01,94.80,0.0,1,61.54,0.99,1
CUST_008785,meta_ads,true,2025-04-01,72.76,0.25,1,28.64,0.99,1
CUST_008792,meta_ads,true,2024-02-01,60.77,0.0,2,34.15,0.79,1
CUST_008829,google_ads,true,2024-12-01,95.44,0.0,1,60.54,0.99,1
CUST_008832,meta_ads,true,2024-12-01,96.39,0.0,1,61.56,0.99,1
CUST_008858,google_ads,true,2024-03-01,76.00,0.0,4,103.92,3.04,1
CUST_008871,google_ads,true,2025-11-01,102.41,0.15,1,50.41,0.99,0
CUST_008874,meta_ads,true,2024-01-01,46.25,0.0,1,30.13,0.99,1
CUST_008890,meta_ads,true,2024-04-01,81.36,0.15,1,38.78,0.99,1
CUST_008896,meta_ads,true,2024-05-01,112.56,0.0,1,74.21,0.99,1
CUST_008897,google_ads,true,2024-10-01,138.48,0.15,1,67.25,0.99,1
CUST_008899,organic_search,false,2024-03-01,96.38,0.0,1,63.76,0.99,1
CUST_008909,direct,false,2025-04-01,94.90,0.0,2,88.57,1.34,1
CUST_008932,organic_search,false,2024-08-01,73.49,0.0,1,45.85,0.99,1
CUST_008969,creator_network,false,2025-04-01,64.02,0.0,1,40.41,0.99,1
CUST_008970,google_ads,true,2024-03-01,89.07,0.0,3,160.31,2.45,1
CUST_008990,meta_ads,true,2025-04-01,124.44,0.1,1,68.51,0.99,1
CUST_008991,creator_network,false,2024-08-01,89.68,0.2,1,40.17,0.99,1
CUST_008992,creator_network,false,2024-07-01,99.25,0.15,2,96.28,2.87,1
CUST_009001,meta_ads,true,2025-11-01,105.78,0.15,1,51.05,0.99,0
CUST_009020,organic_search,false,2025-06-01,116.24,0.0,1,-42.62,0.99,1
CUST_009033,meta_ads,true,2024-11-01,39.72,0.1501,1,-20.53,0.99,1
CUST_009050,creator_network,false,2025-03-01,37.62,0.2499,1,15.02,0.99,1
CUST_009060,google_ads,true,2024-07-01,119.85,0.0,2,19.63,1.05,1
CUST_009063,google_ads,true,2025-08-01,98.55,0.2,1,-54.55,0.99,1
CUST_009066,google_ads,true,2025-02-01,93.83,0.1,1,50.84,0.99,1
CUST_009071,meta_ads,true,2025-10-01,78.72,0.0,1,49.32,0.99,0
CUST_009073,creator_network,false,2025-01-01,72.90,0.1501,2,90.11,0.92,1
CUST_009083,meta_ads,true,2024-10-01,70.45,0.0,1,45.41,0.99,1
CUST_009097,organic_search,false,2024-09-01,92.14,0.0,1,57.49,0.99,1
CUST_009119,meta_ads,true,2025-11-01,121.26,0.1,1,66.24,0.99,0
CUST_009120,google_ads,true,2025-10-01,122.92,0.2,1,57.08,0.99,0
CUST_009164,creator_network,false,2024-11-01,87.84,0.15,4,14.42,5.05,1
CUST_009176,organic_search,false,2024-07-01,121.70,0.0,1,77.62,0.99,1
CUST_009181,creator_network,false,2025-01-01,88.77,0.1,1,3.91,0.99,1
CUST_009191,direct,false,2025-11-01,92.14,0.0,1,61.99,0.99,0
CUST_009198,organic_search,false,2025-12-01,98.43,0.0,1,64.56,0.99,0
CUST_009226,google_ads,true,2025-11-01,74.96,0.0,1,49.50,0.99,0
CUST_009240,meta_ads,true,2025-06-01,88.47,0.15,4,156.13,4.09,0
CUST_009251,meta_ads,true,2024-02-01,70.76,0.0,1,46.25,0.99,1
CUST_009267,direct,false,2024-09-01,99.81,0.0,1,64.53,0.99,1
CUST_009307,meta_ads,true,2024-08-01,92.61,0.0,1,4.76,0.99,1
CUST_009310,meta_ads,true,2024-11-01,80.12,0.0,1,53.20,0.99,1
CUST_009311,meta_ads,true,2024-09-01,65.69,0.2,1,28.33,0.99,1
CUST_009319,direct,false,2025-06-01,115.88,0.0,2,120.26,0.40,1
CUST_009396,creator_network,false,2024-01-01,76.43,0.2001,1,32.37,0.99,1
CUST_009398,meta_ads,true,2025-01-01,72.30,0.1499,1,36.00,0.99,1
CUST_009409,meta_ads,true,2024-07-01,60.80,0.15,1,30.05,0.99,1
CUST_009413,organic_search,false,2025-08-01,115.04,0.0,1,71.97,0.99,1
CUST_009430,meta_ads,true,2025-09-01,99.56,0.0,1,66.54,0.99,1
CUST_009469,organic_search,false,2025-03-01,106.15,0.0,1,67.20,0.99,1
CUST_009492,google_ads,true,2024-02-01,71.45,0.0999,1,37.42,0.99,1
CUST_009503,google_ads,true,2025-04-01,95.78,0.0,1,64.60,0.99,1
CUST_009514,meta_ads,true,2025-07-01,77.57,0.25,1,32.18,0.99,1
CUST_009528,google_ads,true,2024-04-01,60.35,0.0,2,80.70,1.96,1
CUST_009543,creator_network,false,2024-11-01,67.30,0.0,1,42.18,0.99,1
CUST_009580,meta_ads,true,2024-07-01,116.48,0.0,1,78.96,0.99,1
CUST_009582,google_ads,true,2025-03-01,89.33,0.0,1,58.99,0.99,1
CUST_009609,creator_network,false,2024-07-01,101.65,0.0,1,65.90,0.99,1
CUST_009615,direct,false,2025-12-01,64.32,0.0,1,40.98,0.99,0
CUST_009621,organic_search,false,2025-01-01,104.60,0.0,1,65.31,0.99,1
CUST_009624,creator_network,false,2025-08-01,73.94,0.0,1,-27.00,0.99,1
CUST_009634,meta_ads,true,2025-06-01,99.06,0.2499,1,41.15,0.99,1
CUST_009637,meta_ads,true,2025-11-01,61.31,0.0,2,126.30,1.63,0
CUST_009639,google_ads,true,2025-01-01,110.37,0.0,1,73.34,0.99,1
CUST_009643,meta_ads,true,2024-10-01,76.08,0.0,1,48.50,0.99,1
CUST_009663,google_ads,true,2024-08-01,93.96,0.0,1,63.69,0.99,1
CUST_009673,meta_ads,true,2024-12-01,106.13,0.2,1,47.01,0.99,1
CUST_009678,meta_ads,true,2024-03-01,115.43,0.15,1,-0.87,0.99,1
CUST_009697,meta_ads,true,2024-08-01,140.56,0.15,1,5.24,0.99,1
CUST_009707,google_ads,true,2024-01-01,121.85,0.0,1,77.22,0.99,1
CUST_009708,meta_ads,true,2025-01-01,123.70,0.0,1,78.72,0.99,1
CUST_009714,creator_network,false,2024-07-01,74.86,0.1001,1,41.19,0.99,1
CUST_009716,direct,false,2025-02-01,97.99,0.0,1,61.14,0.99,1
CUST_009726,creator_network,false,2025-12-01,91.71,0.15,1,44.48,0.99,0
CUST_009735,meta_ads,true,2025-08-01,91.43,0.0,1,58.57,0.99,1
CUST_009739,creator_network,false,2024-10-01,83.55,0.1001,1,48.04,0.99,1
CUST_009768,organic_search,false,2025-08-01,94.01,0.0,2,85.97,1.51,1
CUST_009786,organic_search,false,2025-08-01,55.22,0.0,2,123.31,1.24,0
CUST_009787,organic_search,false,2024-03-01,126.06,0.0,1,83.39,0.99,1
CUST_009790,google_ads,true,2024-01-01,138.80,0.2,1,59.99,0.99,1
CUST_009842,google_ads,true,2025-12-01,108.55,0.1,1,62.61,0.99,0
CUST_009868,meta_ads,true,2024-07-01,133.05,0.0,1,83.39,0.99,1
CUST_009895,google_ads,true,2025-07-01,96.57,0.0,1,-7.12,0.99,1
CUST_009909,meta_ads,true,2024-06-01,93.82,0.15,1,46.19,0.99,1
CUST_009919,google_ads,true,2024-02-01,62.45,0.2,1,-35.78,0.99,1
CUST_009936,organic_search,false,2024-04-01,85.70,0.0,2,116.58,2.42,1
CUST_009955,creator_network,false,2024-06-01,99.79,0.15,1,49.00,0.99,1
CUST_009975,organic_search,false,2025-01-01,101.74,0.0,1,68.15,0.99,1
CUST_009978,google_ads,true,2025-09-01,123.44,0.0,1,83.21,0.99,1
CUST_010009,meta_ads,true,2025-08-01,83.63,0.0,1,54.31,0.99,1
CUST_010018,creator_network,false,2024-08-01,47.03,0.0,1,30.96,0.99,1
CUST_010024,google_ads,true,2024-01-01,157.47,0.0,1,104.07,0.99,1
CUST_010025,creator_network,false,2025-07-01,77.98,0.2001,1,35.83,0.99,1
CUST_010084,creator_network,false,2025-02-01,78.42,0.1,1,43.57,0.99,1
CUST_010093,google_ads,true,2024-11-01,107.18,0.0,1,68.82,0.99,1
CUST_010124,meta_ads,true,2025-07-01,108.55,0.1,1,60.52,0.99,1
CUST_010130,meta_ads,true,2025-06-01,92.79,0.0,1,-33.61,0.99,1
CUST_010149,creator_network,false,2025-10-01,70.01,0.2,1,31.90,0.99,0
CUST_010154,organic_search,false,2024-02-01,99.88,0.1,1,57.18,0.99,1
CUST_010161,direct,false,2025-04-01,92.02,0.0,1,59.94,0.99,1
CUST_010196,organic_search,false,2025-11-01,85.78,0.0,1,57.73,0.99,0
CUST_010240,organic_search,false,2024-09-01,120.73,0.25,1,46.62,0.99,1
CUST_010252,organic_search,false,2024-08-01,113.54,0.1,1,-52.02,0.99,1
CUST_010275,organic_search,false,2025-11-01,84.99,0.0,1,55.47,0.99,0
CUST_010286,meta_ads,true,2024-04-01,89.65,0.0,1,60.60,0.99,1
CUST_010300,meta_ads,true,2025-10-01,76.57,0.0,1,50.53,0.99,0
CUST_010312,meta_ads,true,2024-09-01,98.71,0.1,1,51.37,0.99,1
CUST_010335,meta_ads,true,2024-06-01,99.77,0.0,1,65.72,0.99,1
CUST_010352,meta_ads,true,2025-06-01,60.69,0.0,2,114.84,1.29,1
CUST_010364,meta_ads,true,2025-10-01,104.36,0.1,1,59.76,0.99,0
CUST_010375,creator_network,false,2025-12-01,85.76,0.1,1,49.34,0.99,0
CUST_010381,creator_network,false,2025-08-01,44.96,0.0,2,97.38,0.34,1
CUST_010395,creator_network,false,2024-02-01,88.63,0.1499,2,16.41,1.28,1
CUST_010405,meta_ads,true,2025-12-01,136.73,0.15,1,71.34,0.99,0
CUST_010453,google_ads,true,2025-09-01,176.73,0.0,2,13.57,1.86,0
CUST_010461,meta_ads,true,2025-02-01,72.15,0.0,1,-24.26,0.99,1
CUST_010463,google_ads,true,2025-12-01,73.07,0.0,1,47.13,0.99,0
CUST_010476,direct,false,2025-01-01,136.87,0.0,1,87.01,0.99,1
CUST_010491,meta_ads,true,2024-08-01,79.00,0.0,1,49.71,0.99,1
CUST_010518,google_ads,true,2025-03-01,131.31,0.0,1,87.94,0.99,1
CUST_010522,meta_ads,true,2025-06-01,109.03,0.2,1,-58.05,0.99,1
CUST_010583,direct,false,2025-02-01,85.81,0.0,2,105.51,0.96,1
CUST_010602,meta_ads,true,2024-07-01,90.47,0.15,1,0.08,0.99,1
CUST_010612,meta_ads,true,2025-08-01,69.50,0.1,2,97.13,1.80,0
CUST_010637,meta_ads,true,2025-01-01,81.74,0.0,2,107.88,0.73,1
CUST_010639,google_ads,true,2025-08-01,72.87,0.15,1,-38.61,0.99,1
CUST_010651,creator_network,false,2025-11-01,57.00,0.1,2,43.25,0.23,0
CUST_010680,google_ads,true,2024-09-01,84.97,0.1,1,-6.23,0.99,1
CUST_010702,google_ads,true,2025-01-01,127.20,0.0,1,85.34,0.99,1
CUST_010715,google_ads,true,2025-12-01,113.08,0.0,1,-41.62,0.99,0
CUST_010723,meta_ads,true,2025-03-01,53.51,0.1501,1,28.05,0.99,1
CUST_010729,meta_ads,true,2024-06-01,125.07,0.0,1,84.30,0.99,1
CUST_010761,direct,false,2024-02-01,81.30,0.0,1,50.71,0.99,1
CUST_010777,meta_ads,true,2024-09-01,83.40,0.0,2,99.46,2.52,1
CUST_010807,direct,false,2024-09-01,120.09,0.15,1,61.58,0.99,1
CUST_010817,creator_network,false,2025-10-01,71.05,0.0,2,64.87,1.52,0
CUST_010830,google_ads,true,2025-03-01,133.75,0.0,1,88.65,0.99,1
CUST_010861,creator_network,false,2025-12-01,75.19,0.15,1,12.95,0.99,0
CUST_010888,direct,false,2024-09-01,114.58,0.0,1,74.67,0.99,1
CUST_010910,google_ads,true,2024-08-01,54.69,0.0,1,36.40,0.99,1
CUST_010913,organic_search,false,2024-07-01,81.09,0.0,1,53.09,0.99,1
CUST_010928,google_ads,true,2024-12-01,57.36,0.2,1,-10.06,0.99,1
CUST_010931,organic_search,false,2025-10-01,90.78,0.0,3,205.22,2.36,0
CUST_010949,organic_search,false,2024-07-01,58.96,0.0,1,39.33,0.99,1
CUST_010959,meta_ads,true,2025-04-01,92.54,0.2,2,91.34,0.99,1
CUST_010966,meta_ads,true,2024-06-01,84.71,0.0,1,-29.36,0.99,1
CUST_010972,google_ads,true,2025-12-01,108.52,0.1,1,60.72,0.99,0
CUST_010979,google_ads,true,2025-01-01,89.86,0.15,1,44.74,0.99,1
CUST_011009,google_ads,true,2025-06-01,93.42,0.0,1,61.69,0.99,1
CUST_011012,meta_ads,true,2025-06-01,99.21,0.0,1,65.14,0.99,1
CUST_011014,meta_ads,true,2024-08-01,88.29,0.1,1,48.27,0.99,1
CUST_011021,google_ads,true,2025-07-01,86.67,0.0,2,107.40,0.67,1
CUST_011027,google_ads,true,2024-05-01,119.83,0.0,1,74.38,0.99,1
CUST_011053,meta_ads,true,2025-06-01,79.12,0.15,1,40.01,0.99,1
CUST_011055,meta_ads,true,2025-12-01,84.76,0.0,1,56.27,0.99,0
CUST_011058,meta_ads,true,2025-11-01,80.49,0.1,1,45.45,0.99,0
CUST_011061,direct,false,2025-08-01,52.07,0.0,1,34.29,0.99,1
CUST_011063,google_ads,true,2025-10-01,130.17,0.0,1,81.87,0.99,0
CUST_011069,creator_network,false,2025-03-01,92.73,0.0,1,59.37,0.99,1
CUST_011085,google_ads,true,2025-07-01,152.02,0.0,1,101.12,0.99,1
CUST_011121,organic_search,false,2025-08-01,110.51,0.0,1,73.43,0.99,1
CUST_011125,meta_ads,true,2024-01-01,92.75,0.2,2,9.70,1.92,1
CUST_011130,google_ads,true,2025-10-01,167.30,0.0,1,104.11,0.99,0
CUST_011137,direct,false,2024-10-01,106.58,0.0,1,66.68,0.99,1
CUST_011178,google_ads,true,2025-12-01,85.58,0.0,1,57.08,0.99,0
CUST_011179,organic_search,false,2025-05-01,60.54,0.0,1,41.08,0.99,1
CUST_011196,google_ads,true,2024-09-01,118.13,0.0,1,75.28,0.99,1
CUST_011203,direct,false,2025-05-01,109.83,0.2,1,-62.61,0.99,1
CUST_011227,google_ads,true,2025-07-01,183.89,0.0,1,116.40,0.99,1
CUST_011250,google_ads,true,2025-10-01,71.62,0.1999,1,33.91,0.99,0
CUST_011285,meta_ads,true,2025-10-01,81.68,0.0,1,54.38,0.99,0
CUST_011286,direct,false,2024-07-01,74.02,0.15,1,38.38,0.99,1
CUST_011293,google_ads,true,2025-04-01,132.01,0.0,1,82.23,0.99,1
CUST_011299,creator_network,false,2025-06-01,79.27,0.1,1,-36.99,0.99,1
CUST_011304,google_ads,true,2024-04-01,99.30,0.0,2,107.13,1.79,1
CUST_011312,google_ads,true,2025-03-01,118.66,0.2,1,51.84,0.99,1
CUST_011347,meta_ads,true,2025-12-01,86.10,0.2,1,38.67,0.99,0
CUST_011367,meta_ads,true,2024-12-01,101.51,0.15,2,25.28,1.08,1
CUST_011369,meta_ads,true,2024-11-01,98.71,0.0,1,65.17,0.99,1
CUST_011411,direct,false,2024-04-01,65.63,0.0,1,44.37,0.99,1
CUST_011425,google_ads,true,2025-09-01,86.82,0.0,1,56.21,0.99,1
CUST_011426,meta_ads,true,2024-11-01,41.88,0.2001,2,47.88,2.34,1
CUST_011451,organic_search,false,2024-06-01,136.76,0.0,3,132.43,2.28,1
CUST_011465,organic_search,false,2025-06-01,85.86,0.0,3,184.50,1.02,1
CUST_011472,google_ads,true,2024-07-01,94.65,0.0,1,62.30,0.99,1
CUST_011492,google_ads,true,2024-09-01,141.10,0.15,1,74.05,0.99,1
CUST_011506,google_ads,true,2025-09-01,134.14,0.1,1,76.38,0.99,1
CUST_011508,google_ads,true,2024-06-01,105.67,0.0,1,67.41,0.99,1
CUST_011516,meta_ads,true,2025-05-01,57.73,0.0,1,36.84,0.99,1
CUST_011523,organic_search,false,2024-07-01,128.78,0.0,1,87.24,0.99,1
CUST_011579,creator_network,false,2025-06-01,122.19,0.0,1,-40.88,0.99,1
CUST_011590,creator_network,false,2025-06-01,80.66,0.0,1,52.59,0.99,1
CUST_011629,google_ads,true,2024-11-01,177.68,0.0,1,116.11,0.99,1
CUST_011645,meta_ads,true,2024-09-01,60.97,0.0,1,39.42,0.99,1
CUST_011742,google_ads,true,2025-01-01,155.51,0.15,1,77.94,0.99,1
CUST_011748,creator_network,false,2024-02-01,105.43,0.15,1,55.76,0.99,1
CUST_011797,google_ads,true,2024-07-01,85.18,0.0,1,55.89,0.99,1
CUST_011810,google_ads,true,2024-04-01,92.90,0.1501,1,44.69,0.99,1
CUST_011813,google_ads,true,2024-07-01,117.40,0.0,1,77.62,0.99,1
CUST_011814,meta_ads,true,2024-06-01,75.26,0.1001,1,42.45,0.99,1
CUST_011828,meta_ads,true,2025-11-01,67.94,0.15,1,33.81,0.99,0
CUST_011829,creator_network,false,2024-06-01,67.14,0.15,1,33.37,0.99,1
CUST_011830,meta_ads,true,2024-02-01,77.88,0.0,1,48.31,0.99,1
CUST_011912,meta_ads,true,2025-05-01,86.87,0.15,1,42.45,0.99,1
CUST_011944,meta_ads,true,2025-10-01,74.45,0.0999,1,41.78,0.99,0
CUST_011975,organic_search,false,2024-06-01,132.31,0.0,1,89.92,0.99,1
CUST_011989,meta_ads,true,2025-08-01,96.11,0.0,1,63.31,0.99,1
CUST_012024,direct,false,2025-12-01,143.37,0.0,1,90.20,0.99,0
CUST_012071,meta_ads,true,2025-01-01,100.44,0.0,1,66.94,0.99,1
CUST_012077,meta_ads,true,2024-06-01,92.39,0.0,1,60.79,0.99,1
CUST_012097,google_ads,true,2024-06-01,104.48,0.1,1,58.52,0.99,1
CUST_012119,meta_ads,true,2025-08-01,107.47,0.0,2,51.47,1.82,0
CUST_012134,meta_ads,true,2024-04-01,81.77,0.0,1,54.02,0.99,1
CUST_012148,meta_ads,true,2024-01-01,79.60,0.2,1,37.45,0.99,1
CUST_012152,meta_ads,true,2025-02-01,102.37,0.25,1,43.06,0.99,1
CUST_012161,google_ads,true,2024-11-01,129.01,0.15,1,60.87,0.99,1
CUST_012162,direct,false,2025-05-01,93.51,0.0,1,61.06,0.99,1
CUST_012181,meta_ads,true,2024-09-01,95.65,0.0,1,-33.44,0.99,1
CUST_012187,google_ads,true,2025-07-01,101.80,0.0,1,65.23,0.99,1
CUST_012206,google_ads,true,2024-01-01,109.19,0.0,1,68.97,0.99,1
CUST_012212,meta_ads,true,2025-03-01,47.52,0.0,1,31.64,0.99,1
CUST_012234,meta_ads,true,2024-07-01,59.64,0.0,1,38.44,0.99,1
CUST_012255,creator_network,false,2025-09-01,81.62,0.2,1,34.71,0.99,1
CUST_012260,organic_search,false,2025-09-01,91.66,0.0,1,58.78,0.99,1
CUST_012261,meta_ads,true,2025-12-01,106.33,0.0,1,66.96,0.99,0
CUST_012276,creator_network,false,2024-12-01,89.31,0.2,1,37.84,0.99,1
CUST_012304,direct,false,2025-05-01,89.41,0.0,1,60.64,0.99,1
CUST_012320,google_ads,true,2025-12-01,71.29,0.0,1,47.59,0.99,0
CUST_012322,meta_ads,true,2025-12-01,79.58,0.0,1,50.27,0.99,0
CUST_012331,meta_ads,true,2025-05-01,80.09,0.0,2,93.21,0.71,1
CUST_012332,google_ads,true,2025-12-01,104.29,0.0,1,69.40,0.99,0
CUST_012339,google_ads,true,2025-09-01,129.82,0.0,1,84.93,0.99,1
CUST_012340,organic_search,false,2024-05-01,95.02,0.0,1,60.47,0.99,1
CUST_012342,meta_ads,true,2024-10-01,94.07,0.0,1,63.21,0.99,1
CUST_012356,meta_ads,true,2024-07-01,88.20,0.15,3,184.24,3.49,1
CUST_012357,organic_search,false,2025-09-01,76.11,0.0,1,49.14,0.99,1
CUST_012373,meta_ads,true,2024-11-01,77.21,0.0,1,51.32,0.99,1
CUST_012379,google_ads,true,2025-03-01,97.37,0.0,1,63.98,0.99,1
CUST_012386,meta_ads,true,2024-07-01,53.90,0.0,1,33.64,0.99,1
CUST_012407,direct,false,2024-02-01,75.93,0.2001,1,32.20,0.99,1
CUST_012418,organic_search,false,2025-04-01,66.17,0.0,1,44.94,0.99,1
CUST_012420,google_ads,true,2024-11-01,88.89,0.0,1,57.85,0.99,1
CUST_012440,meta_ads,true,2024-08-01,73.26,0.2,1,-41.90,0.99,1
CUST_012450,organic_search,false,2024-10-01,111.28,0.0,1,72.95,0.99,1
CUST_012487,creator_network,false,2024-12-01,80.54,0.0,1,51.33,0.99,1
CUST_000001,organic_search,false,2024-11-01,86.71,0.1,1,48.13,0.99,1
CUST_000014,google_ads,true,2024-07-01,95.54,0.0,1,59.93,0.99,1
CUST_000040,meta_ads,true,2025-01-01,100.49,0.0,2,90.36,1.59,1
CUST_000053,meta_ads,true,2025-11-01,120.32,0.0,1,78.66,0.99,0
CUST_000055,google_ads,true,2025-05-01,102.95,0.0,1,68.70,0.99,1
CUST_000056,google_ads,true,2025-11-01,97.61,0.0,1,61.44,0.99,0
CUST_000086,meta_ads,true,2024-10-01,64.84,0.0,1,41.62,0.99,1
CUST_000106,google_ads,true,2024-08-01,137.70,0.0,1,92.25,0.99,1
CUST_000113,meta_ads,true,2025-11-01,55.63,0.1499,1,26.20,0.99,0
CUST_000124,meta_ads,true,2024-04-01,120.14,0.15,3,112.17,3.80,1
CUST_000137,creator_network,false,2025-03-01,79.96,0.0,2,-5.02,1.98,1
CUST_000140,creator_network,false,2025-12-01,97.36,0.1,1,53.67,0.99,0
CUST_000161,meta_ads,true,2024-11-01,106.01,0.15,1,50.51,0.99,1
CUST_000193,google_ads,true,2025-11-01,124.67,0.2,1,53.64,0.99,0
CUST_000222,meta_ads,true,2025-04-01,120.02,0.2,1,51.66,0.99,1
CUST_000243,google_ads,true,2025-11-01,135.96,0.0,1,89.10,0.99,0
CUST_000272,google_ads,true,2025-09-01,135.74,0.0,1,84.39,0.99,1
CUST_000279,creator_network,false,2025-07-01,56.63,0.1499,3,82.53,1.98,1
CUST_000321,meta_ads,true,2025-03-01,140.58,0.15,1,71.98,0.99,1
CUST_000349,meta_ads,true,2024-11-01,86.10,0.2,1,40.75,0.99,1
CUST_000359,google_ads,true,2025-11-01,102.94,0.1,1,56.71,0.99,0
CUST_000368,meta_ads,true,2025-11-01,103.11,0.25,1,38.31,0.99,0
CUST_000415,organic_search,false,2025-05-01,97.95,0.0,1,65.12,0.99,1
CUST_000433,google_ads,true,2025-05-01,87.21,0.0,3,172.60,6.76,0
CUST_000460,direct,false,2024-04-01,67.55,0.0,1,-25.51,0.99,1
CUST_000499,meta_ads,true,2025-12-01,68.68,0.1,1,36.68,0.99,0
CUST_000531,meta_ads,true,2025-09-01,81.01,0.0,1,51.80,0.99,1
CUST_000533,google_ads,true,2025-12-01,92.51,0.1,1,49.69,0.99,0
CUST_000570,creator_network,false,2024-11-01,93.90,0.2501,1,37.62,0.99,1
CUST_000598,meta_ads,true,2024-06-01,63.01,0.15,1,-33.02,0.99,1
CUST_000601,meta_ads,true,2024-06-01,106.44,0.0,1,69.37,0.99,1
CUST_000607,google_ads,true,2024-07-01,77.83,0.0,1,51.26,0.99,1
CUST_000633,google_ads,true,2025-03-01,89.43,0.0,1,60.81,0.99,1
CUST_000637,direct,false,2025-03-01,92.98,0.0,3,159.86,2.01,1
CUST_000648,google_ads,true,2025-06-01,99.19,0.0,1,65.82,0.99,1
CUST_000656,meta_ads,true,2024-05-01,115.90,0.0,1,72.81,0.99,1
CUST_000665,meta_ads,true,2024-04-01,97.11,0.0,1,-35.95,0.99,1
CUST_000681,meta_ads,true,2025-09-01,85.09,0.1,1,46.03,0.99,1
CUST_000701,meta_ads,true,2025-03-01,85.10,0.1499,1,40.71,0.99,1
CUST_000702,google_ads,true,2024-02-01,120.37,0.0,2,140.49,5.16,1
CUST_000718,creator_network,false,2025-12-01,63.16,0.25,1,24.34,0.99,0
CUST_000721,google_ads,true,2025-11-01,52.17,0.0,1,33.34,0.99,0
CUST_000731,meta_ads,true,2024-06-01,76.36,0.1499,1,37.82,0.99,1
CUST_000756,meta_ads,true,2025-09-01,60.43,0.0,1,39.77,0.99,1
CUST_000802,meta_ads,true,2024-05-01,105.92,0.0,2,124.13,1.80,1
CUST_000809,direct,false,2025-01-01,82.20,0.0,2,116.54,0.79,1
CUST_000829,meta_ads,true,2025-07-01,93.09,0.1,2,72.57,1.32,1
CUST_000849,google_ads,true,2025-02-01,159.09,0.0,1,105.62,0.99,1
CUST_000873,meta_ads,true,2025-06-01,67.44,0.0,1,43.11,0.99,1
CUST_000919,organic_search,false,2025-08-01,76.50,0.0,2,105.67,0.56,1
CUST_000931,meta_ads,true,2024-05-01,87.67,0.0,1,58.58,0.99,1
CUST_000942,creator_network,false,2025-04-01,80.09,0.15,1,39.79,0.99,1
CUST_000950,meta_ads,true,2025-05-01,91.34,0.1,1,48.13,0.99,1
CUST_000968,organic_search,false,2024-09-01,110.79,0.0,1,71.51,0.99,1
CUST_000977,meta_ads,true,2025-04-01,115.95,0.1,2,101.74,1.00,1
CUST_000986,direct,false,2025-02-01,68.27,0.0,1,44.05,0.99,1
CUST_001030,meta_ads,true,2025-09-01,80.36,0.15,1,41.93,0.99,1
CUST_001034,meta_ads,true,2024-04-01,107.33,0.0,1,71.44,0.99,1
CUST_001045,meta_ads,true,2025-10-01,60.18,0.0,1,40.75,0.99,0
CUST_001053,organic_search,false,2025-11-01,94.95,0.0,1,62.53,0.99,0
CUST_001108,creator_network,false,2025-08-01,85.81,0.2,1,36.88,0.99,1
CUST_001111,google_ads,true,2025-09-01,133.84,0.0,1,86.73,0.99,1
CUST_001123,organic_search,false,2025-10-01,75.83,0.0,1,49.17,0.99,0
CUST_001140,creator_network,false,2025-04-01,80.96,0.1,1,44.98,0.99,1
CUST_001141,google_ads,true,2025-09-01,73.32,0.0,1,49.51,0.99,1
CUST_001152,meta_ads,true,2025-09-01,81.79,0.0,1,54.18,0.99,1
CUST_001155,google_ads,true,2025-05-01,148.11,0.0,1,97.93,0.99,1
CUST_001168,meta_ads,true,2025-03-01,76.52,0.0,1,49.79,0.99,1
CUST_001204,google_ads,true,2024-10-01,141.08,0.0,1,93.70,0.99,1
CUST_001214,meta_ads,true,2025-09-01,93.19,0.0,2,107.07,1.24,0
CUST_001219,meta_ads,true,2025-06-01,75.07,0.0,1,48.52,0.99,1
CUST_001248,creator_network,false,2024-02-01,70.33,0.1,1,40.41,0.99,1
CUST_001300,organic_search,false,2025-07-01,140.30,0.0,1,87.47,0.99,1
CUST_001308,meta_ads,true,2025-09-01,45.21,0.0,1,28.66,0.99,1
CUST_001333,creator_network,false,2024-08-01,86.88,0.15,1,44.28,0.99,1
CUST_001339,google_ads,true,2024-03-01,120.82,0.0,2,156.34,0.30,1
CUST_001357,meta_ads,true,2025-11-01,77.21,0.15,1,38.81,0.99,0
CUST_001359,google_ads,true,2024-09-01,143.02,0.2,1,67.85,0.99,1
CUST_001372,meta_ads,true,2024-06-01,80.70,0.0,1,52.41,0.99,1
CUST_001383,creator_network,false,2025-12-01,90.45,0.15,1,44.09,0.99,0
CUST_001391,creator_network,false,2024-08-01,84.77,0.1,2,104.71,1.19,1
CUST_001438,creator_network,false,2025-07-01,77.71,0.0,1,52.11,0.99,1
CUST_001445,meta_ads,true,2025-10-01,100.20,0.1,1,57.26,0.99,0
CUST_001457,meta_ads,true,2025-06-01,140.73,0.0,1,93.13,0.99,1
CUST_001480,meta_ads,true,2025-01-01,102.68,0.2,2,94.75,0.41,1
CUST_001491,meta_ads,true,2024-08-01,63.21,0.1,3,126.82,0.63,1
CUST_001508,google_ads,true,2025-03-01,99.84,0.0,1,62.07,0.99,1
CUST_001515,meta_ads,true,2024-07-01,84.00,0.0,1,55.61,0.99,1
CUST_001528,meta_ads,true,2024-10-01,108.05,0.0,1,69.84,0.99,1
CUST_001551,creator_network,false,2025-12-01,58.44,0.2,2,-60.07,0.58,0
CUST_001552,google_ads,true,2025-05-01,81.64,0.0,1,51.87,0.99,1
CUST_001557,google_ads,true,2025-05-01,118.80,0.0,1,76.06,0.99,1
CUST_001575,meta_ads,true,2024-07-01,111.35,0.0,1,72.16,0.99,1
CUST_001594,direct,false,2024-04-01,100.01,0.0,1,66.07,0.99,1
CUST_001603,meta_ads,true,2024-07-01,64.72,0.15,1,32.26,0.99,1
CUST_001607,google_ads,true,2024-03-01,107.41,0.0,2,32.38,1.24,1
CUST_001615,meta_ads,true,2024-10-01,76.79,0.1,1,42.77,0.99,1
CUST_001668,organic_search,false,2025-11-01,107.66,0.0,1,68.46,0.99,0
CUST_001677,meta_ads,true,2024-03-01,60.38,0.2001,1,26.11,0.99,1
CUST_001698,creator_network,false,2024-05-01,56.35,0.2,1,23.87,0.99,1
CUST_001781,organic_search,false,2024-02-01,54.76,0.1001,2,90.38,1.68,1
CUST_001790,meta_ads,true,2025-03-01,82.01,0.15,1,40.87,0.99,1
CUST_001807,meta_ads,true,2025-06-01,92.02,0.0,1,58.03,0.99,1
CUST_001815,creator_network,false,2024-03-01,67.27,0.1999,1,32.22,0.99,1
CUST_001822,meta_ads,true,2024-04-01,62.26,0.0,2,82.73,1.67,1
CUST_001825,direct,false,2025-06-01,46.24,0.0,2,-5.40,2.01,1
CUST_001830,meta_ads,true,2024-09-01,112.70,0.15,2,93.99,1.02,1
CUST_001852,google_ads,true,2025-09-01,67.63,0.0,1,42.71,0.99,1
CUST_001874,google_ads,true,2025-09-01,110.50,0.2,1,-57.91,0.99,1
CUST_001877,organic_search,false,2025-04-01,105.67,0.0,1,69.53,0.99,1
CUST_001900,meta_ads,true,2025-08-01,61.83,0.0,1,40.80,0.99,1
CUST_001915,google_ads,true,2025-01-01,114.15,0.0,1,74.00,0.99,1
CUST_001916,google_ads,true,2025-07-01,149.43,0.0,1,96.20,0.99,1
CUST_001926,creator_network,false,2024-04-01,88.91,0.1,1,47.06,0.99,1
CUST_002035,creator_network,false,2025-05-01,71.73,0.2001,1,31.03,0.99,1
CUST_002036,meta_ads,true,2024-11-01,95.86,0.0,1,64.09,0.99,1
CUST_002083,google_ads,true,2025-01-01,93.01,0.15,1,49.21,0.99,1
CUST_002098,direct,false,2025-05-01,93.99,0.2,1,44.74,0.99,1
CUST_002123,meta_ads,true,2025-12-01,79.30,0.2499,1,31.02,0.99,0
CUST_002158,creator_network,false,2024-11-01,102.29,0.1,1,57.67,0.99,1
CUST_002160,direct,false,2025-08-01,87.52,0.0,1,57.28,0.99,1
CUST_002190,meta_ads,true,2025-06-01,114.64,0.0,1,71.88,0.99,1
CUST_002200,google_ads,true,2024-11-01,96.59,0.0,1,64.02,0.99,1
CUST_002210,meta_ads,true,2025-11-01,102.93,0.0,1,66.99,0.99,0
CUST_002212,meta_ads,true,2025-09-01,90.66,0.0,1,57.83,0.99,1
CUST_002252,meta_ads,true,2025-11-01,109.91,0.0,1,6.86,0.99,0
CUST_002281,organic_search,false,2024-08-01,109.30,0.0,3,182.91,2.99,1
CUST_002283,organic_search,false,2025-02-01,67.12,0.0,1,42.97,0.99,1
CUST_002352,creator_network,false,2025-11-01,80.61,0.0,1,52.69,0.99,0
CUST_002358,creator_network,false,2024-03-01,76.09,0.0,1,50.79,0.99,1
CUST_002371,meta_ads,true,2025-06-01,45.66,0.0,2,65.89,0.91,1
CUST_002390,direct,false,2025-06-01,49.14,0.15,1,24.50,0.99,1
CUST_002393,meta_ads,true,2025-01-01,38.63,0.1499,1,18.80,0.99,1
CUST_002412,google_ads,true,2024-05-01,82.09,0.0,1,55.35,0.99,1
CUST_002419,creator_network,false,2024-02-01,91.57,0.15,1,48.05,0.99,1
CUST_002422,organic_search,false,2024-01-01,122.93,0.0,2,161.87,0.96,1
CUST_002443,meta_ads,true,2025-08-01,77.92,0.15,2,77.30,0.61,1
CUST_002475,meta_ads,true,2025-03-01,99.21,0.0,1,64.52,0.99,1
CUST_002481,meta_ads,true,2024-09-01,100.56,0.0,1,63.29,0.99,1
CUST_002499,creator_network,false,2025-12-01,98.55,0.2,1,47.27,0.99,0
CUST_002518,creator_network,false,2025-02-01,74.51,0.0,1,46.92,0.99,1
CUST_002533,meta_ads,true,2024-09-01,70.05,0.0999,1,-32.00,0.99,1
CUST_002534,organic_search,false,2024-01-01,71.71,0.0,1,45.59,0.99,1
CUST_002539,organic_search,false,2025-08-01,63.34,0.0,1,40.50,0.99,1
CUST_002542,meta_ads,true,2025-08-01,97.14,0.1,1,54.66,0.99,1
CUST_002548,google_ads,true,2024-12-01,159.22,0.0,1,105.40,0.99,1
CUST_002551,organic_search,false,2024-11-01,68.69,0.0,1,45.09,0.99,1
CUST_002572,meta_ads,true,2025-11-01,76.45,0.0,1,47.70,0.99,0
CUST_002602,meta_ads,true,2024-02-01,94.24,0.0,1,60.72,0.99,1
CUST_002641,creator_network,false,2024-09-01,62.85,0.2,1,27.06,0.99,1
CUST_002645,creator_network,false,2024-02-01,74.54,0.2,1,33.14,0.99,1
CUST_002650,meta_ads,true,2025-01-01,105.44,0.25,1,43.26,0.99,1
CUST_002655,google_ads,true,2025-08-01,71.97,0.0,1,47.09,0.99,1
CUST_002667,meta_ads,true,2024-05-01,68.99,0.0,1,45.21,0.99,1
CUST_002672,meta_ads,true,2024-12-01,105.27,0.0,1,67.65,0.99,1
CUST_002690,google_ads,true,2024-12-01,99.38,0.0,1,62.51,0.99,1
CUST_002696,meta_ads,true,2025-03-01,102.80,0.2,1,45.54,0.99,1
CUST_002703,google_ads,true,2024-05-01,131.74,0.0,3,80.15,1.59,1
CUST_002714,meta_ads,true,2024-11-01,59.09,0.1499,1,29.73,0.99,1
CUST_002739,google_ads,true,2025-12-01,117.30,0.0,1,73.41,0.99,0
CUST_002754,creator_network,false,2024-11-01,63.50,0.1,1,35.48,0.99,1
CUST_002761,creator_network,false,2024-05-01,84.89,0.0,1,54.00,0.99,1
CUST_002766,meta_ads,true,2025-12-01,87.08,0.15,1,43.87,0.99,0
CUST_002791,meta_ads,true,2025-07-01,78.08,0.25,1,-47.63,0.99,1
CUST_002812,creator_network,false,2025-05-01,94.19,0.15,1,48.93,0.99,1
CUST_002826,google_ads,true,2025-10-01,125.66,0.2,1,53.08,0.99,0
CUST_002850,google_ads,true,2024-11-01,191.76,0.0,1,119.86,0.99,1
CUST_002852,google_ads,true,2024-08-01,108.29,0.0,1,72.05,0.99,1
CUST_002867,organic_search,false,2025-03-01,89.24,0.0,1,-29.73,0.99,1
CUST_002895,direct,false,2024-05-01,108.63,0.15,2,124.28,0.58,1
CUST_002939,creator_network,false,2025-12-01,73.67,0.1,1,40.77,0.99,0
CUST_002963,meta_ads,true,2024-10-01,44.05,0.0,1,28.44,0.99,1
CUST_003033,organic_search,false,2025-08-01,99.81,0.15,1,51.10,0.99,1
CUST_003044,creator_network,false,2024-12-01,47.48,0.0,1,31.08,0.99,1
CUST_003051,google_ads,true,2024-07-01,85.87,0.0,1,54.86,0.99,1
CUST_003087,meta_ads,true,2024-12-01,67.70,0.0,1,45.53,0.99,1
CUST_003090,meta_ads,true,2024-08-01,87.16,0.25,1,34.47,0.99,1
CUST_003095,meta_ads,true,2024-06-01,76.13,0.0,2,103.13,1.15,1
CUST_003096,meta_ads,true,2025-06-01,95.53,0.0,2,98.72,0.88,1
CUST_003111,google_ads,true,2025-05-01,98.96,0.0,1,15.55,0.99,1
CUST_003118,creator_network,false,2024-01-01,74.34,0.2,1,31.97,0.99,1
CUST_003136,meta_ads,true,2025-05-01,63.99,0.0,1,40.92,0.99,1
CUST_003170,meta_ads,true,2024-12-01,115.98,0.15,1,61.16,0.99,1
CUST_003171,google_ads,true,2025-06-01,107.99,0.0,2,132.77,1.03,1
CUST_003219,meta_ads,true,2025-07-01,88.63,0.0,2,125.79,2.30,1
CUST_003240,google_ads,true,2025-04-01,123.94,0.0,1,78.00,0.99,1
CUST_003259,meta_ads,true,2024-12-01,53.39,0.15,1,27.36,0.99,1
CUST_003268,google_ads,true,2025-04-01,125.47,0.0,1,82.57,0.99,1
CUST_003282,creator_network,false,2024-06-01,117.87,0.1,1,61.65,0.99,1
CUST_003292,google_ads,true,2025-10-01,104.55,0.0,1,65.96,0.99,0
CUST_003300,meta_ads,true,2025-09-01,109.44,0.0,1,71.17,0.99,1
CUST_003324,google_ads,true,2025-04-01,127.45,0.1,1,69.25,0.99,1
CUST_003329,meta_ads,true,2024-05-01,29.97,0.1502,1,15.72,0.99,1
CUST_003335,organic_search,false,2025-10-01,132.13,0.0,1,87.17,0.99,0
CUST_003340,organic_search,false,2025-06-01,113.78,0.0,1,72.14,0.99,1
CUST_003343,meta_ads,true,2025-05-01,100.86,0.15,1,49.14,0.99,1
CUST_003354,organic_search,false,2025-02-01,63.37,0.0,2,53.02,0.81,1
CUST_003387,creator_network,false,2024-08-01,82.20,0.25,2,-7.40,4.37,1
CUST_003397,creator_network,false,2025-09-01,100.05,0.1,1,55.54,0.99,1
CUST_003430,meta_ads,true,2025-04-01,105.18,0.1,1,57.17,0.99,1
CUST_003441,google_ads,true,2024-11-01,112.75,0.0,1,75.68,0.99,1
CUST_003449,google_ads,true,2025-04-01,108.65,0.0,2,145.83,3.24,1
CUST_003452,meta_ads,true,2025-06-01,96.06,0.15,1,48.85,0.99,1
CUST_003466,meta_ads,true,2025-07-01,107.55,0.0,2,35.27,1.86,1
CUST_003488,meta_ads,true,2024-02-01,112.39,0.1,1,61.30,0.99,1
CUST_003504,meta_ads,true,2024-02-01,92.43,0.0,1,61.38,0.99,1
CUST_003513,google_ads,true,2025-12-01,120.36,0.0,1,79.52,0.99,0
CUST_003543,meta_ads,true,2024-05-01,103.53,0.2,1,47.32,0.99,1
CUST_003562,meta_ads,true,2025-09-01,95.90,0.0,1,60.30,0.99,1
CUST_003588,organic_search,false,2025-08-01,52.55,0.0,1,34.70,0.99,1
CUST_003601,google_ads,true,2024-05-01,122.50,0.1,1,64.38,0.99,1
CUST_003636,google_ads,true,2025-02-01,113.68,0.2,1,50.60,0.99,1
CUST_003648,creator_network,false,2025-01-01,75.13,0.0,1,48.24,0.99,1
CUST_003655,google_ads,true,2024-02-01,112.26,0.1,1,64.28,0.99,1
CUST_003667,google_ads,true,2025-09-01,152.06,0.0,1,98.15,0.99,1
CUST_003672,creator_network,false,2024-02-01,94.55,0.2,2,92.53,2.39,1
CUST_003679,google_ads,true,2025-09-01,116.85,0.1,1,66.99,0.99,1
CUST_003684,meta_ads,true,2024-08-01,121.05,0.0,1,80.09,0.99,1
CUST_003705,direct,false,2025-12-01,113.33,0.0,1,73.46,0.99,0
CUST_003732,meta_ads,true,2025-12-01,85.58,0.0,1,54.61,0.99,0
CUST_003749,creator_network,false,2024-12-01,81.02,0.0,1,50.44,0.99,1
CUST_003753,meta_ads,true,2024-10-01,37.37,0.0,1,23.48,0.99,1
CUST_003764,google_ads,true,2024-09-01,79.66,0.0,1,52.43,0.99,1
CUST_003775,creator_network,false,2025-06-01,86.36,0.2,2,80.37,0.71,1
CUST_003780,google_ads,true,2025-11-01,102.16,0.15,1,50.39,0.99,0
CUST_003804,meta_ads,true,2025-12-01,85.76,0.0,1,56.01,0.99,0
CUST_003813,meta_ads,true,2024-07-01,78.27,0.1,1,40.86,0.99,1
CUST_003842,creator_network,false,2024-02-01,85.28,0.15,1,43.99,0.99,1
CUST_003868,meta_ads,true,2025-06-01,84.45,0.0999,1,48.47,0.99,1
CUST_003896,google_ads,true,2025-09-01,106.89,0.0,1,70.97,0.99,1
CUST_003904,google_ads,true,2024-08-01,79.30,0.0,1,50.06,0.99,1
CUST_003907,meta_ads,true,2025-03-01,96.02,0.0,1,64.11,0.99,1
CUST_003908,meta_ads,true,2024-10-01,78.87,0.0,1,-27.56,0.99,1
CUST_003923,meta_ads,true,2025-08-01,68.78,0.0,1,44.27,0.99,1
CUST_003976,meta_ads,true,2025-11-01,96.72,0.0,1,60.05,0.99,0
CUST_004007,google_ads,true,2024-11-01,101.04,0.0,2,115.80,1.67,1
CUST_004011,organic_search,false,2024-02-01,92.91,0.0,1,60.72,0.99,1
CUST_004014,google_ads,true,2024-07-01,108.99,0.0,1,-36.32,0.99,1
CUST_004055,direct,false,2025-08-01,92.94,0.0,1,-31.45,0.99,1
CUST_004060,google_ads,true,2025-12-01,104.65,0.0,2,164.11,0.66,0
CUST_004066,organic_search,false,2024-04-01,112.49,0.0,1,33.92,0.99,1
CUST_004073,organic_search,false,2025-04-01,96.73,0.1,1,53.56,0.99,1
CUST_004101,google_ads,true,2025-05-01,77.82,0.0,1,52.54,0.99,1
CUST_004142,meta_ads,true,2024-05-01,88.01,0.0,1,58.80,0.99,1
CUST_004144,google_ads,true,2025-09-01,52.78,0.0,1,34.99,0.99,1
CUST_004167,google_ads,true,2024-08-01,98.42,0.15,1,-49.05,0.99,1
CUST_004175,google_ads,true,2025-10-01,76.19,0.0,2,80.03,0.90,0
CUST_004187,meta_ads,true,2024-05-01,86.62,0.1,1,47.23,0.99,1
CUST_004189,google_ads,true,2025-07-01,103.71,0.0,1,70.19,0.99,1
CUST_004208,direct,false,2025-03-01,93.33,0.0,1,14.91,0.99,1
CUST_004212,meta_ads,true,2025-04-01,77.62,0.15,2,-1.53,1.62,1
CUST_004225,creator_network,false,2025-04-01,91.77,0.0,1,59.14,0.99,1
CUST_004228,meta_ads,true,2025-05-01,116.12,0.0,1,78.08,0.99,1
CUST_004294,creator_network,false,2025-11-01,58.85,0.25,1,22.41,0.99,0
CUST_004303,organic_search,false,2025-08-01,71.07,0.0,1,-25.67,0.99,1
CUST_004318,meta_ads,true,2024-02-01,114.81,0.0,1,40.64,0.99,1
CUST_004354,direct,false,2025-12-01,129.97,0.0,1,85.16,0.99,0
CUST_004362,meta_ads,true,2025-05-01,81.87,0.15,1,39.34,0.99,1
CUST_004368,meta_ads,true,2025-01-01,30.43,0.0,1,20.39,0.99,1
CUST_004378,google_ads,true,2025-09-01,67.16,0.1499,1,35.00,0.99,1
CUST_004391,google_ads,true,2024-06-01,116.13,0.0,1,73.78,0.99,1
CUST_004394,organic_search,false,2024-02-01,51.19,0.0,1,34.64,0.99,1
CUST_004403,google_ads,true,2024-08-01,94.49,0.1,1,53.21,0.99,1
CUST_004414,meta_ads,true,2025-05-01,116.81,0.1,2,143.80,0.64,1
CUST_004453,google_ads,true,2025-09-01,150.21,0.0,1,96.79,0.99,1
CUST_004474,direct,false,2024-11-01,97.30,0.0,1,64.01,0.99,1
CUST_004494,meta_ads,true,2025-09-01,105.20,0.1,1,59.98,0.99,1
CUST_004496,meta_ads,true,2025-05-01,80.18,0.2,1,34.89,0.99,1
CUST_004510,creator_network,false,2025-11-01,85.23,0.1499,1,40.52,0.99,0
CUST_004513,google_ads,true,2024-04-01,105.12,0.1,1,59.54,0.99,1
CUST_004540,google_ads,true,2024-03-01,78.74,0.0,1,49.22,0.99,1
CUST_004567,google_ads,true,2024-08-01,68.95,0.1001,1,36.19,0.99,1
CUST_004582,google_ads,true,2024-10-01,126.61,0.15,1,67.03,0.99,1
CUST_004620,meta_ads,true,2025-10-01,84.07,0.2,1,35.41,0.99,1
CUST_004622,google_ads,true,2025-08-01,126.76,0.0,2,47.90,1.06,1
CUST_004680,organic_search,false,2025-05-01,92.00,0.0,2,101.03,1.33,1
CUST_004698,google_ads,true,2025-03-01,92.42,0.1,1,49.64,0.99,1
CUST_004699,meta_ads,true,2024-05-01,68.57,0.0,3,85.17,2.72,1
CUST_004754,meta_ads,true,2025-03-01,82.21,0.2,1,39.15,0.99,1
CUST_004767,meta_ads,true,2025-10-01,115.35,0.0,1,75.02,0.99,0
CUST_004791,google_ads,true,2024-04-01,84.35,0.0,1,54.83,0.99,1
CUST_004794,organic_search,false,2024-09-01,107.19,0.0,1,72.86,0.99,1
CUST_004837,meta_ads,true,2024-11-01,116.23,0.0,1,73.93,0.99,1
CUST_004863,organic_search,false,2024-03-01,80.77,0.0,1,52.77,0.99,1
CUST_004898,google_ads,true,2024-09-01,137.77,0.0,1,34.68,0.99,1
CUST_004904,creator_network,false,2024-10-01,64.85,0.0,1,41.88,0.99,1
CUST_004922,meta_ads,true,2025-07-01,72.02,0.1999,1,30.79,0.99,1
CUST_004923,meta_ads,true,2025-05-01,57.95,0.15,1,27.69,0.99,1
CUST_004935,meta_ads,true,2025-02-01,53.94,0.0,1,35.26,0.99,1
CUST_004943,organic_search,false,2025-10-01,107.35,0.0,1,67.66,0.99,0
CUST_004974,google_ads,true,2025-07-01,128.02,0.0,1,85.59,0.99,1
CUST_004978,organic_search,false,2024-07-01,109.26,0.0,1,73.79,0.99,1
CUST_004992,meta_ads,true,2025-04-01,85.32,0.15,1,44.91,0.99,1
CUST_005010,organic_search,false,2025-01-01,80.83,0.2,1,-2.58,0.99,1
CUST_005091,meta_ads,true,2024-02-01,116.47,0.0,1,74.74,0.99,1
CUST_005110,google_ads,true,2025-12-01,103.01,0.0,1,-34.53,0.99,0
CUST_005128,google_ads,true,2024-08-01,131.01,0.0,2,172.21,2.01,1
CUST_005149,meta_ads,true,2025-05-01,90.85,0.0999,2,94.19,2.17,1
CUST_005153,google_ads,true,2025-11-01,78.62,0.1,1,43.40,0.99,0
CUST_005180,meta_ads,true,2025-11-01,101.59,0.0,2,119.80,0.78,0
CUST_005210,meta_ads,true,2024-06-01,86.65,0.1001,2,101.90,1.88,1
CUST_005305,direct,false,2025-01-01,100.26,0.0,1,-33.09,0.99,1
CUST_005312,meta_ads,true,2025-05-01,148.69,0.0,1,97.89,0.99,1
CUST_005351,creator_network,false,2025-07-01,59.94,0.0,1,40.68,0.99,1
CUST_005358,creator_network,false,2025-12-01,63.40,0.0,1,40.21,0.99,0
CUST_005359,google_ads,true,2025-10-01,155.01,0.15,1,77.85,0.99,0
CUST_005366,meta_ads,true,2025-12-01,58.99,0.0,1,39.06,0.99,0
CUST_005369,google_ads,true,2025-08-01,99.81,0.15,1,48.54,0.99,1
CUST_005376,google_ads,true,2025-09-01,147.63,0.0,1,93.63,0.99,1
CUST_005394,google_ads,true,2025-04-01,97.37,0.0,2,129.01,3.60,1
CUST_005395,meta_ads,true,2025-07-01,89.42,0.0,1,56.52,0.99,1
CUST_005407,google_ads,true,2025-12-01,85.05,0.0,1,57.20,0.99,0
CUST_005427,meta_ads,true,2025-12-01,103.95,0.2,1,-55.13,0.99,0
CUST_005437,creator_network,false,2024-07-01,87.51,0.0,1,58.89,0.99,1
CUST_005439,direct,false,2024-02-01,60.10,0.0,1,40.01,0.99,1
CUST_005440,organic_search,false,2025-10-01,49.35,0.0,1,31.00,0.99,0
CUST_005442,meta_ads,true,2024-07-01,106.19,0.0,1,69.78,0.99,1
CUST_005471,meta_ads,true,2025-06-01,96.98,0.0,1,65.02,0.99,1
CUST_005480,creator_network,false,2024-10-01,67.46,0.0,2,97.74,0.89,1
CUST_005496,google_ads,true,2024-10-01,101.25,0.15,1,51.37,0.99,1
CUST_005508,direct,false,2024-10-01,99.54,0.0,1,64.37,0.99,1
CUST_005554,creator_network,false,2025-05-01,51.46,0.1001,1,27.30,0.99,1
CUST_005566,creator_network,false,2024-01-01,105.38,0.1,1,55.12,0.99,1
CUST_005568,creator_network,false,2025-07-01,73.56,0.0,1,-27.64,0.99,1
CUST_005581,meta_ads,true,2024-02-01,109.89,0.0,1,68.91,0.99,1
CUST_005599,meta_ads,true,2025-06-01,128.57,0.0,1,87.40,0.99,1
CUST_005623,creator_network,false,2025-09-01,97.60,0.1,1,56.01,0.99,1
CUST_005645,meta_ads,true,2025-04-01,61.78,0.0,2,94.66,1.55,1
CUST_005659,meta_ads,true,2025-12-01,84.68,0.15,1,41.90,0.99,0
CUST_005668,google_ads,true,2025-09-01,122.41,0.0,2,156.52,1.44,0
CUST_005670,meta_ads,true,2025-08-01,107.14,0.0,1,3.77,0.99,1
CUST_005683,meta_ads,true,2025-11-01,79.62,0.0,1,53.54,0.99,0
CUST_005693,meta_ads,true,2025-06-01,98.70,0.1,1,53.94,0.99,1
CUST_005703,direct,false,2025-04-01,90.06,0.0,1,56.60,0.99,1
CUST_005706,meta_ads,true,2024-09-01,113.13,0.1,1,65.41,0.99,1
CUST_005712,meta_ads,true,2025-12-01,66.09,0.1,1,-31.02,0.99,0
CUST_005721,meta_ads,true,2024-04-01,91.68,0.0,1,60.41,0.99,1
CUST_005740,meta_ads,true,2025-01-01,77.05,0.0999,1,40.79,0.99,1
CUST_005745,meta_ads,true,2024-06-01,100.27,0.15,1,49.74,0.99,1
CUST_005752,meta_ads,true,2025-09-01,59.63,0.0,1,16.01,0.99,1
CUST_005759,creator_network,false,2025-01-01,93.63,0.2,1,44.44,0.99,1
CUST_005774,creator_network,false,2025-07-01,48.60,0.25,1,18.58,0.99,1
CUST_005794,google_ads,true,2025-11-01,99.02,0.0,1,25.28,0.99,0
CUST_005798,direct,false,2025-12-01,144.97,0.0,1,96.80,0.99,0
CUST_005827,google_ads,true,2025-05-01,67.24,0.0,1,-22.32,0.99,1
CUST_005872,creator_network,false,2024-08-01,57.44,0.2,1,27.53,0.99,1
CUST_005901,creator_network,false,2025-05-01,71.84,0.1501,1,37.35,0.99,1
CUST_005903,direct,false,2024-05-01,104.57,0.0,1,66.08,0.99,1
CUST_005915,organic_search,false,2025-03-01,29.98,0.0,2,58.74,2.85,1
CUST_005933,meta_ads,true,2024-08-01,72.52,0.1,1,39.76,0.99,1
CUST_005942,meta_ads,true,2024-08-01,83.56,0.2,1,38.19,0.99,1
CUST_005955,organic_search,false,2024-02-01,82.41,0.0,1,51.67,0.99,1
CUST_005957,meta_ads,true,2024-10-01,108.08,0.0,1,73.17,0.99,1
CUST_005958,creator_network,false,2024-11-01,61.25,0.0999,1,-26.97,0.99,1
CUST_005971,google_ads,true,2025-09-01,138.10,0.1,1,75.12,0.99,1
CUST_005986,google_ads,true,2024-01-01,127.93,0.1,1,67.14,0.99,1
CUST_005993,google_ads,true,2025-01-01,164.57,0.0,1,105.57,0.99,1
CUST_005995,google_ads,true,2024-03-01,126.89,0.0,2,142.66,1.21,1
CUST_005997,direct,false,2025-02-01,118.85,0.0,1,74.41,0.99,1
CUST_006011,google_ads,true,2025-09-01,123.13,0.0,1,82.31,0.99,1
CUST_006041,creator_network,false,2025-04-01,71.71,0.2,1,33.79,0.99,1
CUST_006089,creator_network,false,2025-07-01,101.13,0.0,1,-34.07,0.99,1
CUST_006118,organic_search,false,2025-12-01,38.05,0.0,1,25.05,0.99,0
CUST_006187,creator_network,false,2025-08-01,82.34,0.2499,1,31.70,0.99,1
CUST_006234,direct,false,2024-06-01,104.01,0.0,1,66.93,0.99,1
CUST_006241,google_ads,true,2025-11-01,33.42,0.0,1,21.71,0.99,0
CUST_006244,direct,false,2025-08-01,137.70,0.0,2,170.43,0.34,1
CUST_006250,creator_network,false,2024-03-01,85.13,0.1,1,-36.13,0.99,1
CUST_006264,meta_ads,true,2025-12-01,72.96,0.0,1,48.34,0.99,0
CUST_006268,meta_ads,true,2024-04-01,101.10,0.0,1,63.23,0.99,1
CUST_006289,direct,false,2025-12-01,62.93,0.0,1,40.89,0.99,0
CUST_006291,google_ads,true,2024-05-01,127.43,0.0,1,82.74,0.99,1
CUST_006338,google_ads,true,2024-06-01,109.50,0.0,1,73.19,0.99,1
CUST_006367,meta_ads,true,2024-11-01,68.61,0.0,1,43.40,0.99,1
CUST_006404,google_ads,true,2025-10-01,80.75,0.0,1,51.54,0.99,0
CUST_006407,organic_search,false,2024-10-01,92.95,0.0,1,59.23,0.99,1
CUST_006447,meta_ads,true,2025-12-01,127.79,0.2,2,136.38,0.71,0
CUST_006455,meta_ads,true,2025-11-01,93.46,0.1,1,50.18,0.99,0
CUST_006505,creator_network,false,2024-03-01,67.75,0.0,1,45.78,0.99,1
CUST_006542,meta_ads,true,2025-09-01,127.60,0.0,1,-6.02,0.99,1
CUST_006549,google_ads,true,2024-05-01,119.81,0.0,2,118.83,1.06,1
CUST_006557,creator_network,false,2024-11-01,81.62,0.1,1,-34.76,0.99,1
CUST_006564,google_ads,true,2025-04-01,78.15,0.0,1,49.25,0.99,1
CUST_006596,meta_ads,true,2024-09-01,79.32,0.0,1,53.51,0.99,1
CUST_006604,meta_ads,true,2025-09-01,115.14,0.1,1,63.91,0.99,1
CUST_006627,direct,false,2025-09-01,85.90,0.0,1,55.11,0.99,1
CUST_006629,direct,false,2025-04-01,75.84,0.0,1,51.48,0.99,1
CUST_006643,creator_network,false,2025-02-01,72.30,0.2501,1,30.37,0.99,1
CUST_006659,meta_ads,true,2024-05-01,122.65,0.15,1,64.23,0.99,1
CUST_006671,creator_network,false,2024-11-01,74.75,0.2,3,66.96,1.86,1
CUST_006687,organic_search,false,2024-11-01,92.32,0.0,2,45.16,2.29,1
CUST_006720,meta_ads,true,2024-09-01,72.36,0.2,1,33.54,0.99,1
CUST_006728,google_ads,true,2024-03-01,124.92,0.0,2,99.91,3.40,1
CUST_006731,meta_ads,true,2025-01-01,98.38,0.0,1,-33.26,0.99,1
CUST_006740,direct,false,2025-11-01,99.26,0.0,1,66.38,0.99,0
CUST_006741,creator_network,false,2024-06-01,83.91,0.25,1,31.37,0.99,1
CUST_006755,meta_ads,true,2024-01-01,67.68,0.0,1,45.94,0.99,1
CUST_006765,organic_search,false,2025-09-01,67.09,0.1,1,38.12,0.99,1
CUST_006778,google_ads,true,2025-01-01,61.74,0.0,3,231.94,1.21,1
CUST_006788,meta_ads,true,2025-09-01,54.17,0.0,1,36.70,0.99,1
CUST_006794,organic_search,false,2024-10-01,84.44,0.0,1,52.53,0.99,1
CUST_006801,creator_network,false,2024-02-01,76.70,0.1,2,48.02,1.86,1
CUST_006826,direct,false,2025-09-01,48.55,0.0,2,84.73,1.37,0
CUST_006830,meta_ads,true,2024-12-01,109.78,0.1,1,57.52,0.99,1
CUST_006840,google_ads,true,2025-12-01,134.42,0.0,1,89.18,0.99,0
CUST_006861,meta_ads,true,2024-03-01,84.37,0.0,1,56.14,0.99,1
CUST_006871,meta_ads,true,2025-02-01,55.57,0.1501,1,28.53,0.99,1
CUST_006874,creator_network,false,2024-10-01,102.54,0.1,1,59.15,0.99,1
CUST_006880,creator_network,false,2024-09-01,74.23,0.1499,1,39.13,0.99,1
CUST_006881,google_ads,true,2025-08-01,158.52,0.0,1,-55.46,0.99,1
CUST_006893,meta_ads,true,2025-11-01,67.54,0.15,1,35.36,0.99,0
CUST_006940,organic_search,false,2024-10-01,99.21,0.0,1,61.67,0.99,1
CUST_006961,meta_ads,true,2025-03-01,149.83,0.0,1,99.20,0.99,1
CUST_006972,direct,false,2025-05-01,94.23,0.0,2,103.84,0.76,1
CUST_006987,direct,false,2025-01-01,67.35,0.0,1,41.93,0.99,1
CUST_007067,meta_ads,true,2024-02-01,96.60,0.0,1,64.32,0.99,1
CUST_007068,creator_network,false,2025-02-01,79.35,0.0,1,52.69,0.99,1
CUST_007077,google_ads,true,2025-04-01,65.74,0.0,1,44.16,0.99,1
CUST_007088,organic_search,false,2025-05-01,51.91,0.0,2,80.67,3.66,1
CUST_007097,direct,false,2025-09-01,162.80,0.0,1,102.25,0.99,1
CUST_007113,meta_ads,true,2024-12-01,64.10,0.1,1,36.32,0.99,1
CUST_007118,meta_ads,true,2024-03-01,46.81,0.0,1,31.12,0.99,1
CUST_007137,meta_ads,true,2025-10-01,136.31,0.2,1,61.72,0.99,0
CUST_007154,meta_ads,true,2025-10-01,91.39,0.2,1,40.27,0.99,0
CUST_007156,creator_network,false,2025-09-01,100.03,0.2,1,45.57,0.99,1
CUST_007163,meta_ads,true,2025-05-01,107.59,0.0,2,96.55,1.55,1
CUST_007167,google_ads,true,2025-10-01,137.04,0.0,2,160.04,1.06,0
CUST_007168,meta_ads,true,2025-01-01,125.88,0.15,1,62.67,0.99,1
CUST_007184,direct,false,2025-08-01,103.66,0.0,3,142.47,2.07,0
CUST_007189,organic_search,false,2025-02-01,72.11,0.1,1,41.38,0.99,1
CUST_007191,meta_ads,true,2025-04-01,95.62,0.1,1,-41.46,0.99,1
CUST_007227,meta_ads,true,2025-10-01,74.27,0.0,1,46.42,0.99,0
CUST_007238,creator_network,false,2025-10-01,68.55,0.0,1,45.01,0.99,0
CUST_007246,creator_network,false,2024-02-01,72.62,0.15,1,37.03,0.99,1
CUST_007257,meta_ads,true,2024-02-01,106.75,0.0,1,32.12,0.99,1
CUST_007263,organic_search,false,2025-06-01,83.90,0.0,1,52.58,0.99,1
CUST_007273,meta_ads,true,2025-05-01,66.41,0.0,1,42.89,0.99,1
CUST_007298,meta_ads,true,2025-02-01,125.08,0.0,2,143.47,1.35,1
CUST_007319,meta_ads,true,2025-01-01,80.66,0.0,1,51.29,0.99,1
CUST_007330,creator_network,false,2025-04-01,67.23,0.0,1,42.76,0.99,1
CUST_007332,meta_ads,true,2025-10-01,58.03,0.0,1,37.37,0.99,0
CUST_007341,direct,false,2025-11-01,71.77,0.0,1,46.36,0.99,0
CUST_007351,google_ads,true,2024-10-01,114.58,0.0,2,160.66,1.53,1
CUST_007362,direct,false,2025-01-01,99.59,0.0,1,63.44,0.99,1
CUST_007433,meta_ads,true,2024-07-01,72.14,0.15,1,35.05,0.99,1
CUST_007435,creator_network,false,2024-01-01,88.07,0.0,1,55.61,0.99,1
CUST_007436,meta_ads,true,2025-11-01,62.70,0.0,1,-23.43,0.99,0
CUST_007453,google_ads,true,2024-09-01,162.31,0.0,2,179.30,3.31,1
CUST_007464,organic_search,false,2024-11-01,99.25,0.0,1,64.99,0.99,1
CUST_007469,google_ads,true,2025-05-01,124.01,0.0,1,-45.52,0.99,1
CUST_007485,meta_ads,true,2024-12-01,69.35,0.15,1,32.92,0.99,1
CUST_007486,organic_search,false,2025-06-01,56.68,0.0,1,36.77,0.99,1
CUST_007509,creator_network,false,2025-05-01,74.19,0.0,2,5.17,2.83,1
CUST_007571,google_ads,true,2024-11-01,89.24,0.0,2,133.66,1.32,1
CUST_007580,google_ads,true,2025-07-01,67.33,0.0,1,42.41,0.99,1
CUST_007617,meta_ads,true,2024-10-01,87.02,0.2,1,41.57,0.99,1
CUST_007633,organic_search,false,2024-10-01,63.56,0.0,1,42.12,0.99,1
CUST_007656,meta_ads,true,2025-08-01,86.43,0.0,1,55.60,0.99,1
CUST_007695,meta_ads,true,2025-11-01,95.65,0.0,1,62.38,0.99,0
CUST_007699,creator_network,false,2024-11-01,54.51,0.0,1,34.17,0.99,1
CUST_007710,meta_ads,true,2025-10-01,102.48,0.2,1,49.09,0.99,0
CUST_007728,meta_ads,true,2025-01-01,121.20,0.15,1,57.12,0.99,1
CUST_007760,google_ads,true,2024-07-01,111.76,0.0,1,74.13,0.99,1
CUST_007777,meta_ads,true,2024-11-01,102.99,0.0,1,65.19,0.99,1
CUST_007784,meta_ads,true,2024-01-01,74.90,0.1,1,40.57,0.99,1
CUST_007790,organic_search,false,2025-04-01,126.26,0.0,1,78.30,0.99,1
CUST_007794,organic_search,false,2025-06-01,72.35,0.0,1,45.34,0.99,1
CUST_007800,meta_ads,true,2024-08-01,63.26,0.1001,1,34.64,0.99,1
CUST_007828,creator_network,false,2024-10-01,86.24,0.1,1,-36.31,0.99,1
CUST_007843,google_ads,true,2024-03-01,96.12,0.0,1,62.03,0.99,1
CUST_007860,meta_ads,true,2024-07-01,30.50,0.1,1,-13.79,0.99,1
CUST_007879,meta_ads,true,2025-06-01,90.64,0.15,1,46.78,0.99,1
CUST_007882,meta_ads,true,2025-01-01,71.68,0.1,1,37.67,0.99,1
CUST_007907,organic_search,false,2024-05-01,103.13,0.0,3,179.96,3.41,1
CUST_007918,direct,false,2024-04-01,136.20,0.1,2,-62.31,1.47,1
CUST_007933,google_ads,true,2025-04-01,118.48,0.0,1,30.68,0.99,1
CUST_007934,organic_search,false,2024-10-01,95.49,0.0,1,63.55,0.99,1
CUST_007943,meta_ads,true,2025-11-01,96.45,0.1001,1,53.16,0.99,0
CUST_007955,google_ads,true,2025-11-01,103.49,0.0,2,102.65,1.84,0
CUST_007976,organic_search,false,2024-05-01,90.56,0.0,1,58.31,0.99,1
CUST_007990,meta_ads,true,2025-09-01,103.63,0.0,1,69.62,0.99,1
CUST_007998,meta_ads,true,2025-01-01,94.46,0.1,1,53.91,0.99,1
CUST_008006,creator_network,false,2024-11-01,92.77,0.1,1,52.99,0.99,1
CUST_008033,google_ads,true,2024-08-01,125.81,0.15,1,64.91,0.99,1
CUST_008059,meta_ads,true,2025-02-01,93.70,0.1,1,51.76,0.99,1
CUST_008064,creator_network,false,2024-06-01,82.70,0.1,1,47.88,0.99,1
CUST_008067,creator_network,false,2025-02-01,111.26,0.1,1,59.79,0.99,1
CUST_008072,meta_ads,true,2024-12-01,72.75,0.0,2,102.66,0.52,1
CUST_008089,organic_search,false,2024-02-01,86.20,0.0,2,80.77,1.05,1
CUST_008100,direct,false,2025-04-01,121.31,0.1,1,64.36,0.99,1
CUST_008101,organic_search,false,2025-09-01,46.64,0.0999,2,89.50,0.23,1
CUST_008106,creator_network,false,2025-05-01,69.99,0.0,2,-5.72,0.74,1
CUST_008136,google_ads,true,2024-03-01,55.17,0.1001,2,102.31,0.68,1
CUST_008139,organic_search,false,2025-03-01,99.19,0.1,2,111.19,1.00,1
CUST_008148,meta_ads,true,2025-11-01,93.31,0.25,1,40.08,0.99,0
CUST_008159,meta_ads,true,2024-12-01,89.86,0.0,1,58.87,0.99,1
CUST_008170,meta_ads,true,2024-07-01,109.83,0.2,1,47.85,0.99,1
CUST_008178,meta_ads,true,2025-07-01,57.33,0.0,1,36.33,0.99,1
CUST_008183,google_ads,true,2024-03-01,93.69,0.0,1,-35.28,0.99,1
CUST_008196,meta_ads,true,2024-10-01,39.75,0.0,2,84.03,2.00,1
CUST_008212,meta_ads,true,2025-08-01,92.69,0.15,1,47.50,0.99,1
CUST_008231,direct,false,2024-07-01,128.81,0.0,1,-48.76,0.99,1
CUST_008249,google_ads,true,2025-11-01,51.16,0.0,1,33.88,0.99,0
CUST_008257,google_ads,true,2024-08-01,123.74,0.0,1,80.58,0.99,1
CUST_008272,meta_ads,true,2024-04-01,67.59,0.15,2,76.78,0.99,1
CUST_008285,creator_network,false,2025-04-01,95.24,0.1,1,-44.76,0.99,1
CUST_008305,google_ads,true,2024-02-01,100.20,0.0,1,65.36,0.99,1
CUST_008307,organic_search,false,2024-06-01,65.95,0.1001,1,36.41,0.99,1
CUST_008308,google_ads,true,2024-10-01,74.58,0.15,1,35.67,0.99,1
CUST_008312,google_ads,true,2024-09-01,147.64,0.2,1,-83.58,0.99,1
CUST_008322,meta_ads,true,2025-07-01,78.64,0.2,2,116.40,1.12,1
CUST_008328,meta_ads,true,2025-11-01,95.04,0.0,1,61.48,0.99,0
CUST_008330,direct,false,2025-02-01,77.47,0.0,1,-1.13,0.99,1
CUST_008354,direct,false,2025-03-01,105.75,0.0,1,65.94,0.99,1
CUST_008357,google_ads,true,2024-09-01,73.75,0.15,2,122.74,1.47,1
CUST_008366,meta_ads,true,2025-08-01,122.10,0.1,1,67.47,0.99,1
CUST_008371,creator_network,false,2024-05-01,81.42,0.1,1,45.21,0.99,1
CUST_008388,meta_ads,true,2024-10-01,82.15,0.1001,1,43.26,0.99,1
CUST_008394,organic_search,false,2025-07-01,62.14,0.0,1,41.26,0.99,1
CUST_008410,meta_ads,true,2024-11-01,55.98,0.1501,1,26.47,0.99,1
CUST_008429,meta_ads,true,2024-10-01,120.35,0.0,1,76.40,0.99,1
CUST_008438,meta_ads,true,2024-01-01,89.28,0.2,1,40.64,0.99,1
CUST_008440,google_ads,true,2024-12-01,96.21,0.15,1,-46.48,0.99,1
CUST_008446,meta_ads,true,2025-06-01,100.17,0.0,1,-35.71,0.99,1
CUST_008453,creator_network,false,2025-07-01,74.23,0.0,1,47.40,0.99,1
CUST_008461,organic_search,false,2025-12-01,71.17,0.0,1,45.14,0.99,0
CUST_008468,google_ads,true,2025-03-01,127.91,0.0,1,83.17,0.99,1
CUST_008478,organic_search,false,2025-06-01,132.23,0.0,2,147.58,1.66,1
CUST_008481,direct,false,2024-01-01,111.28,0.0,1,-41.17,0.99,1
CUST_008491,creator_network,false,2025-09-01,71.08,0.15,1,35.16,0.99,1
CUST_008512,google_ads,true,2025-06-01,111.33,0.0,1,70.29,0.99,1
CUST_008517,google_ads,true,2025-12-01,86.31,0.0,1,53.62,0.99,0
CUST_008523,google_ads,true,2024-06-01,183.40,0.0,1,119.89,0.99,1
CUST_008525,organic_search,false,2025-03-01,56.60,0.0,1,36.50,0.99,1
CUST_008567,google_ads,true,2025-11-01,104.20,0.0,2,35.44,1.01,0
CUST_008575,meta_ads,true,2025-10-01,82.41,0.0,1,51.88,0.99,0
CUST_008580,google_ads,true,2024-03-01,107.68,0.0,1,-36.96,0.99,1
CUST_008597,creator_network,false,2025-03-01,117.59,0.25,1,47.20,0.99,1
CUST_008610,google_ads,true,2025-10-01,113.72,0.1,2,32.90,0.78,0
CUST_008625,organic_search,false,2024-01-01,101.85,0.0,1,64.26,0.99,1
CUST_008631,direct,false,2025-06-01,86.67,0.0,2,83.83,0.36,1
CUST_008637,direct,false,2025-09-01,94.12,0.0,1,63.12,0.99,1
CUST_008660,meta_ads,true,2025-10-01,85.76,0.0,1,56.02,0.99,1
CUST_008669,organic_search,false,2024-08-01,101.30,0.0,1,68.10,0.99,1
CUST_008697,organic_search,false,2025-12-01,100.38,0.15,1,49.69,0.99,0
CUST_008725,meta_ads,true,2025-10-01,60.90,0.0,1,40.56,0.99,0
CUST_008726,direct,false,2025-07-01,132.74,0.0,1,82.91,0.99,1
CUST_008742,google_ads,true,2024-12-01,124.08,0.2,2,115.29,1.43,1
CUST_008746,direct,false,2025-02-01,91.81,0.2,1,43.53,0.99,1
CUST_008748,meta_ads,true,2024-04-01,87.60,0.1,1,49.03,0.99,1
CUST_008749,meta_ads,true,2024-05-01,91.71,0.15,1,46.03,0.99,1
CUST_008761,meta_ads,true,2024-01-01,123.47,0.0,1,78.66,0.99,1
CUST_008767,meta_ads,true,2025-09-01,87.50,0.0,1,57.22,0.99,1
CUST_008774,google_ads,true,2024-12-01,88.39,0.15,1,42.38,0.99,1
CUST_008775,creator_network,false,2025-12-01,88.01,0.0,2,29.68,0.12,0
CUST_008780,meta_ads,true,2024-10-01,90.26,0.0,1,60.84,0.99,1
CUST_008788,google_ads,true,2025-07-01,47.98,0.0,1,30.06,0.99,1
CUST_008791,direct,false,2025-11-01,116.30,0.0,1,75.17,0.99,0
CUST_008819,creator_network,false,2025-04-01,72.73,0.2001,2,85.11,0.74,1
CUST_008922,meta_ads,true,2024-02-01,68.73,0.1,1,37.41,0.99,1
CUST_008929,google_ads,true,2024-05-01,136.60,0.0,1,89.28,0.99,1
CUST_008955,creator_network,false,2024-10-01,66.38,0.15,1,31.94,0.99,1
CUST_008958,google_ads,true,2025-10-01,109.44,0.0,2,111.35,0.41,0
CUST_008976,google_ads,true,2025-04-01,115.60,0.0,1,78.10,0.99,1
CUST_008977,meta_ads,true,2024-10-01,80.56,0.0,1,53.74,0.99,1
CUST_008980,meta_ads,true,2024-10-01,114.00,0.0,1,77.48,0.99,1
CUST_008983,meta_ads,true,2025-05-01,111.00,0.1,1,9.96,0.99,1
CUST_009028,organic_search,false,2024-04-01,114.79,0.0,1,72.02,0.99,1
CUST_009032,meta_ads,true,2025-07-01,72.49,0.0,1,47.86,0.99,1
CUST_009070,organic_search,false,2024-05-01,63.60,0.2,1,27.92,0.99,1
CUST_009103,creator_network,false,2024-10-01,46.17,0.0,1,30.51,0.99,1
CUST_009104,meta_ads,true,2025-07-01,125.70,0.0,1,-46.18,0.99,1
CUST_009114,organic_search,false,2025-01-01,91.17,0.0,1,57.84,0.99,1
CUST_009159,direct,false,2025-06-01,93.25,0.2,1,44.09,0.99,1
CUST_009165,meta_ads,true,2025-12-01,95.26,0.2,1,40.85,0.99,0
CUST_009253,creator_network,false,2024-08-01,63.92,0.0,1,42.49,0.99,1
CUST_009263,google_ads,true,2025-06-01,148.56,0.0,1,94.37,0.99,1
CUST_009270,google_ads,true,2024-09-01,138.53,0.0,1,89.83,0.99,1
CUST_009303,google_ads,true,2025-10-01,87.48,0.0,1,58.29,0.99,0
CUST_009324,meta_ads,true,2025-01-01,66.07,0.0,1,-23.08,0.99,1
CUST_009326,meta_ads,true,2025-11-01,115.47,0.0,2,143.11,0.44,0
CUST_009337,creator_network,false,2025-05-01,69.61,0.15,1,-36.87,0.99,1
CUST_009348,creator_network,false,2025-10-01,86.10,0.2499,1,-10.86,0.99,0
CUST_009383,direct,false,2025-04-01,40.52,0.0,1,26.82,0.99,1
CUST_009389,organic_search,false,2025-01-01,88.06,0.0,1,59.84,0.99,1
CUST_009399,meta_ads,true,2025-02-01,107.71,0.1,2,7.31,0.60,1
CUST_009401,google_ads,true,2025-06-01,124.56,0.0,1,81.22,0.99,1
CUST_009402,meta_ads,true,2024-09-01,84.89,0.1,1,44.45,0.99,1
CUST_009437,google_ads,true,2025-07-01,128.70,0.25,1,53.59,0.99,1
CUST_009444,meta_ads,true,2024-11-01,94.43,0.1,1,49.25,0.99,1
CUST_009456,meta_ads,true,2024-08-01,77.83,0.1,2,-67.81,0.42,1
CUST_009467,google_ads,true,2025-11-01,113.09,0.0,2,157.15,1.09,0
CUST_009509,google_ads,true,2024-09-01,94.10,0.1,1,54.04,0.99,1
CUST_009524,organic_search,false,2025-06-01,72.44,0.0,1,48.08,0.99,1
CUST_009538,meta_ads,true,2025-08-01,63.38,0.0,1,41.97,0.99,1
CUST_009550,meta_ads,true,2025-12-01,77.00,0.0,1,50.56,0.99,0
CUST_009560,google_ads,true,2025-04-01,110.72,0.0,1,70.33,0.99,1
CUST_009585,meta_ads,true,2025-11-01,96.80,0.1,1,52.84,0.99,0
CUST_009602,organic_search,false,2025-08-01,88.99,0.0,1,59.20,0.99,1
CUST_009662,meta_ads,true,2024-08-01,81.66,0.1,1,5.28,0.99,1
CUST_009689,direct,false,2024-12-01,119.33,0.0,1,79.81,0.99,1
CUST_009718,creator_network,false,2024-09-01,85.14,0.0,1,56.04,0.99,1
CUST_009738,organic_search,false,2024-01-01,78.12,0.15,1,40.77,0.99,1
CUST_009773,google_ads,true,2024-06-01,108.73,0.0,1,67.61,0.99,1
CUST_009800,organic_search,false,2025-11-01,137.33,0.1,1,73.08,0.99,0
CUST_009803,google_ads,true,2024-05-01,74.08,0.0,1,46.46,0.99,1
CUST_009845,meta_ads,true,2024-04-01,97.52,0.1,1,55.02,0.99,1
CUST_009855,creator_network,false,2025-10-01,108.51,0.1,2,106.08,0.45,0
CUST_009856,meta_ads,true,2025-02-01,75.64,0.2,3,145.66,4.01,1
CUST_009869,organic_search,false,2025-11-01,95.83,0.0,1,65.01,0.99,0
CUST_009897,organic_search,false,2025-07-01,111.19,0.0,2,47.72,3.54,0
CUST_009911,creator_network,false,2024-10-01,76.48,0.0,1,48.94,0.99,1
CUST_009954,organic_search,false,2024-08-01,127.07,0.0,1,79.71,0.99,1
CUST_009957,meta_ads,true,2025-08-01,101.69,0.15,2,100.13,1.01,1
CUST_009961,google_ads,true,2025-04-01,141.36,0.25,2,121.17,2.13,1
CUST_009967,creator_network,false,2025-07-01,53.39,0.0,1,34.19,0.99,1
CUST_010013,direct,false,2025-11-01,79.61,0.0,1,49.48,0.99,0
CUST_010029,creator_network,false,2025-06-01,81.69,0.15,1,42.83,0.99,1
CUST_010059,google_ads,true,2025-03-01,68.54,0.0,1,43.10,0.99,1
CUST_010068,meta_ads,true,2025-08-01,95.21,0.0,1,62.18,0.99,1
CUST_010090,direct,false,2024-08-01,88.31,0.0,1,59.41,0.99,1
CUST_010100,google_ads,true,2024-06-01,95.73,0.25,1,40.99,0.99,1
CUST_010138,meta_ads,true,2025-06-01,100.91,0.0,1,67.93,0.99,1
CUST_010141,google_ads,true,2024-02-01,75.51,0.0,1,50.46,0.99,1
CUST_010143,meta_ads,true,2025-11-01,62.77,0.1501,1,7.70,0.99,0
CUST_010165,organic_search,false,2025-11-01,64.23,0.0,2,103.06,1.08,0
CUST_010185,google_ads,true,2025-05-01,134.24,0.0,1,83.55,0.99,1
CUST_010191,creator_network,false,2025-05-01,109.64,0.15,1,-56.33,0.99,1
CUST_010204,direct,false,2024-10-01,100.74,0.0,2,137.41,1.34,1
CUST_010208,meta_ads,true,2024-06-01,105.87,0.0,1,-2.59,0.99,1
CUST_010214,organic_search,false,2025-04-01,104.03,0.0,1,69.98,0.99,1
CUST_010259,meta_ads,true,2025-10-01,62.64,0.25,1,25.02,0.99,0
CUST_010265,direct,false,2025-09-01,62.52,0.0,1,40.65,0.99,1
CUST_010276,organic_search,false,2025-02-01,76.24,0.2,1,35.92,0.99,1
CUST_010281,meta_ads,true,2024-12-01,46.88,0.0,2,99.77,1.12,1
CUST_010336,creator_network,false,2025-08-01,75.27,0.0,1,49.61,0.99,1
CUST_010341,direct,false,2024-05-01,87.59,0.0,1,55.42,0.99,1
CUST_010342,organic_search,false,2025-04-01,95.98,0.0,2,112.45,0.33,1
CUST_010349,google_ads,true,2025-03-01,83.83,0.0,1,56.86,0.99,1
CUST_010371,google_ads,true,2024-11-01,104.48,0.0,1,70.17,0.99,1
CUST_010379,creator_network,false,2025-09-01,101.25,0.1,1,54.01,0.99,1
CUST_010393,creator_network,false,2025-06-01,85.13,0.15,1,45.06,0.99,1
CUST_010396,meta_ads,true,2025-08-01,88.73,0.0,1,57.13,0.99,1
CUST_010434,direct,false,2025-02-01,117.43,0.1,1,63.08,0.99,1
CUST_010483,organic_search,false,2025-08-01,89.54,0.1,1,-37.92,0.99,1
CUST_010508,direct,false,2025-03-01,122.38,0.0,1,82.43,0.99,1
CUST_010517,creator_network,false,2025-05-01,57.88,0.15,1,28.49,0.99,1
CUST_010520,creator_network,false,2025-07-01,67.29,0.0,1,45.21,0.99,1
CUST_010525,meta_ads,true,2024-12-01,106.96,0.0,1,71.43,0.99,1
CUST_010539,meta_ads,true,2025-04-01,74.82,0.0,1,-26.90,0.99,1
CUST_010554,creator_network,false,2025-04-01,66.88,0.0,1,-22.60,0.99,1
CUST_010589,organic_search,false,2025-09-01,63.77,0.0,1,40.61,0.99,1
CUST_010590,google_ads,true,2024-05-01,146.73,0.1,1,81.11,0.99,1
CUST_010603,creator_network,false,2025-06-01,107.88,0.15,1,53.58,0.99,1
CUST_010608,creator_network,false,2025-10-01,50.78,0.1,1,29.12,0.99,0
CUST_010619,creator_network,false,2024-05-01,93.57,0.1,1,49.01,0.99,1
CUST_010627,meta_ads,true,2025-09-01,96.36,0.1,1,54.52,0.99,1
CUST_010628,meta_ads,true,2025-03-01,122.90,0.1,1,67.27,0.99,1
CUST_010631,organic_search,false,2025-04-01,114.32,0.0,1,72.35,0.99,1
CUST_010647,meta_ads,true,2025-10-01,98.16,0.0,1,64.93,0.99,0
CUST_010718,google_ads,true,2024-07-01,107.22,0.0,1,69.70,0.99,1
CUST_010737,google_ads,true,2025-08-01,116.00,0.0,2,140.52,0.54,1
CUST_010767,meta_ads,true,2025-04-01,56.20,0.0,1,36.85,0.99,1
CUST_010793,google_ads,true,2025-09-01,64.29,0.1,1,35.48,0.99,1
CUST_010858,meta_ads,true,2024-05-01,99.47,0.0,1,-32.85,0.99,1
CUST_010897,google_ads,true,2024-03-01,147.53,0.0,2,-16.11,1.33,1
CUST_010955,creator_network,false,2025-10-01,96.38,0.0,1,59.92,0.99,0
CUST_010961,organic_search,false,2024-10-01,113.00,0.0,1,70.50,0.99,1
CUST_011007,direct,false,2025-05-01,110.37,0.0,1,70.07,0.99,1
CUST_011015,meta_ads,true,2025-10-01,101.38,0.0,1,63.89,0.99,0
CUST_011024,meta_ads,true,2025-02-01,102.99,0.0,2,93.02,0.92,1
CUST_011026,google_ads,true,2025-04-01,107.16,0.0,2,134.70,0.19,1
CUST_011031,meta_ads,true,2024-09-01,69.28,0.0,1,46.06,0.99,1
CUST_011049,direct,false,2024-12-01,65.20,0.0,3,188.40,0.49,1
CUST_011064,organic_search,false,2025-09-01,96.54,0.0,1,64.37,0.99,1
CUST_011080,google_ads,true,2025-09-01,67.77,0.1501,3,104.51,2.95,0
CUST_011128,direct,false,2024-12-01,62.20,0.0,1,41.13,0.99,1
CUST_011149,google_ads,true,2025-10-01,84.34,0.0,1,56.43,0.99,0
CUST_011166,organic_search,false,2025-03-01,90.73,0.0,1,-31.42,0.99,1
CUST_011171,google_ads,true,2025-10-01,72.10,0.0,1,47.20,0.99,0
CUST_011172,creator_network,false,2025-07-01,92.19,0.15,2,82.19,2.42,1
CUST_011185,meta_ads,true,2025-06-01,98.26,0.0,1,63.36,0.99,1
CUST_011193,google_ads,true,2024-07-01,93.88,0.15,1,45.09,0.99,1
CUST_011197,creator_network,false,2025-09-01,79.94,0.15,1,11.31,0.99,1
CUST_011205,direct,false,2025-11-01,77.27,0.0,1,51.49,0.99,0
CUST_011209,meta_ads,true,2024-01-01,51.74,0.0999,1,29.26,0.99,1
CUST_011214,google_ads,true,2024-02-01,116.93,0.0,1,74.22,0.99,1
CUST_011222,meta_ads,true,2024-12-01,91.53,0.15,3,114.19,1.96,1
CUST_011238,creator_network,false,2025-10-01,111.28,0.2,1,47.35,0.99,0
CUST_011254,google_ads,true,2025-11-01,136.59,0.1,1,74.39,0.99,0
CUST_011260,meta_ads,true,2024-09-01,133.57,0.0,1,86.94,0.99,1
CUST_011266,creator_network,false,2025-11-01,58.85,0.0,1,39.18,0.99,0
CUST_011273,google_ads,true,2025-04-01,70.51,0.0,1,9.89,0.99,1
CUST_011277,creator_network,false,2024-09-01,70.03,0.0,1,45.18,0.99,1
CUST_011283,organic_search,false,2025-12-01,58.00,0.1,1,33.55,0.99,0
CUST_011320,organic_search,false,2025-12-01,107.61,0.0,1,72.16,0.99,0
CUST_011321,meta_ads,true,2025-05-01,81.61,0.2,1,38.58,0.99,1
CUST_011322,creator_network,false,2025-04-01,73.93,0.15,1,38.37,0.99,1
CUST_011335,meta_ads,true,2024-06-01,143.49,0.15,1,71.06,0.99,1
CUST_011339,organic_search,false,2025-10-01,93.38,0.0,1,59.46,0.99,0
CUST_011389,google_ads,true,2025-12-01,89.54,0.0,1,58.44,0.99,0
CUST_011398,creator_network,false,2025-06-01,84.73,0.2,1,-44.95,0.99,1
CUST_011415,meta_ads,true,2024-12-01,103.23,0.2,1,47.36,0.99,1
CUST_011422,meta_ads,true,2024-08-01,101.78,0.15,1,50.70,0.99,1
CUST_011423,google_ads,true,2025-11-01,115.56,0.0,1,72.84,0.99,0
CUST_011430,organic_search,false,2025-02-01,77.90,0.0,1,52.03,0.99,1
CUST_011432,meta_ads,true,2025-05-01,55.38,0.0,1,34.91,0.99,1
CUST_011433,meta_ads,true,2025-12-01,95.76,0.2,1,40.62,0.99,0
CUST_011457,google_ads,true,2025-01-01,79.95,0.0,2,142.48,1.10,1
CUST_011471,direct,false,2024-02-01,43.06,0.1001,1,22.92,0.99,1
CUST_011478,direct,false,2025-07-01,71.61,0.0,1,48.51,0.99,1
CUST_011479,google_ads,true,2024-10-01,111.83,0.0,1,-38.78,0.99,1
CUST_011487,meta_ads,true,2024-11-01,78.72,0.0,1,50.81,0.99,1
CUST_011518,creator_network,false,2024-05-01,110.96,0.0,2,119.44,0.96,1
CUST_011529,meta_ads,true,2025-04-01,105.14,0.0,1,70.55,0.99,1
CUST_011543,direct,false,2025-09-01,54.83,0.0,1,36.24,0.99,1
CUST_011544,google_ads,true,2025-02-01,124.94,0.0,1,84.49,0.99,1
CUST_011555,meta_ads,true,2025-05-01,99.81,0.15,1,47.28,0.99,1
CUST_011582,meta_ads,true,2024-08-01,95.42,0.2,1,42.43,0.99,1
CUST_011606,creator_network,false,2025-08-01,60.66,0.1001,1,32.99,0.99,1
CUST_011609,meta_ads,true,2024-02-01,102.14,0.2,1,-56.57,0.99,1
CUST_011616,meta_ads,true,2025-08-01,108.73,0.0,1,70.67,0.99,1
CUST_011639,creator_network,false,2025-02-01,92.68,0.1,1,52.71,0.99,1
CUST_011641,google_ads,true,2025-12-01,146.44,0.0,1,95.98,0.99,0
CUST_011652,meta_ads,true,2025-04-01,95.95,0.0,2,88.25,0.97,1
CUST_011656,meta_ads,true,2025-05-01,113.09,0.25,1,48.15,0.99,1
CUST_011659,direct,false,2024-11-01,93.42,0.0,1,62.08,0.99,1
CUST_011676,direct,false,2024-07-01,110.22,0.0,1,69.04,0.99,1
CUST_011679,organic_search,false,2025-03-01,119.22,0.0,2,116.79,0.24,1
CUST_011700,direct,false,2024-03-01,106.76,0.0,1,66.79,0.99,1
CUST_011716,google_ads,true,2024-12-01,87.39,0.0,2,76.04,0.17,1
CUST_011717,google_ads,true,2024-03-01,126.57,0.0,1,81.39,0.99,1
CUST_011725,google_ads,true,2025-04-01,126.19,0.0,1,84.86,0.99,1
CUST_011743,google_ads,true,2024-10-01,122.05,0.0,1,76.67,0.99,1
CUST_011758,meta_ads,true,2025-09-01,124.07,0.0,1,76.98,0.99,1
CUST_011761,google_ads,true,2025-07-01,79.80,0.15,1,39.49,0.99,1
CUST_011764,google_ads,true,2024-08-01,95.28,0.0,1,64.45,0.99,1
CUST_011796,creator_network,false,2025-10-01,83.66,0.2,1,36.82,0.99,0
CUST_011845,creator_network,false,2025-12-01,56.10,0.0,1,37.23,0.99,0
CUST_011848,meta_ads,true,2025-09-01,88.51,0.1,1,48.64,0.99,1
CUST_011850,google_ads,true,2025-12-01,80.87,0.0,1,50.30,0.99,0
CUST_011855,meta_ads,true,2025-04-01,109.78,0.0,1,68.59,0.99,1
CUST_011865,google_ads,true,2025-08-01,109.12,0.0,1,72.73,0.99,1
CUST_011869,meta_ads,true,2025-05-01,90.85,0.0,3,222.85,5.89,0
CUST_011919,direct,false,2024-08-01,88.12,0.15,2,122.20,0.76,1
CUST_011924,creator_network,false,2025-12-01,80.32,0.2,1,34.30,0.99,0
CUST_011939,meta_ads,true,2024-04-01,70.82,0.0,1,46.97,0.99,1
CUST_011960,creator_network,false,2025-11-01,58.31,0.2,1,26.44,0.99,0
CUST_012037,google_ads,true,2024-08-01,84.70,0.0,1,53.29,0.99,1
CUST_012039,meta_ads,true,2025-04-01,78.75,0.0,1,-29.21,0.99,1
CUST_012055,google_ads,true,2025-08-01,138.89,0.0,1,86.77,0.99,1
CUST_012065,organic_search,false,2025-11-01,89.53,0.0,1,57.44,0.99,0
CUST_012105,organic_search,false,2024-10-01,121.94,0.0,1,78.91,0.99,1
CUST_012109,google_ads,true,2025-01-01,98.22,0.0,1,65.42,0.99,1
CUST_012111,google_ads,true,2024-04-01,106.28,0.0,2,155.62,2.13,1
CUST_012113,google_ads,true,2024-09-01,101.66,0.0,1,67.66,0.99,1
CUST_012144,google_ads,true,2024-06-01,123.11,0.0,2,46.98,1.61,1
CUST_012145,meta_ads,true,2025-02-01,68.61,0.0,1,44.48,0.99,1
CUST_012165,google_ads,true,2024-11-01,120.18,0.0,3,88.17,2.45,1
CUST_012182,direct,false,2025-10-01,111.95,0.0,1,76.11,0.99,0
CUST_012193,meta_ads,true,2025-11-01,85.93,0.15,1,-45.40,0.99,0
CUST_012197,creator_network,false,2025-09-01,91.82,0.0,1,60.22,0.99,1
CUST_012208,creator_network,false,2025-04-01,117.53,0.1,1,7.42,0.99,1
CUST_012209,google_ads,true,2024-11-01,102.90,0.0,1,66.53,0.99,1
CUST_012210,creator_network,false,2024-08-01,78.71,0.2,1,33.78,0.99,1
CUST_012217,google_ads,true,2025-02-01,105.12,0.0,1,71.05,0.99,1
CUST_012225,direct,false,2025-08-01,105.36,0.0,1,71.24,0.99,1
CUST_012257,meta_ads,true,2024-10-01,59.82,0.0,1,38.78,0.99,1
CUST_012266,organic_search,false,2024-11-01,116.30,0.1,1,67.29,0.99,1
CUST_012279,creator_network,false,2025-06-01,61.25,0.0,2,96.00,0.86,1
CUST_012281,google_ads,true,2025-02-01,129.30,0.0,1,83.29,0.99,1
CUST_012319,google_ads,true,2024-01-01,70.29,0.0,1,47.60,0.99,1
CUST_012334,creator_network,false,2025-12-01,69.74,0.15,1,33.83,0.99,0
CUST_012374,meta_ads,true,2024-09-01,78.40,0.2,1,-44.63,0.99,1
CUST_012375,meta_ads,true,2025-11-01,94.15,0.0,1,28.25,0.99,0
CUST_012390,google_ads,true,2024-08-01,102.91,0.0,2,126.37,3.34,1
CUST_012402,creator_network,false,2025-03-01,122.06,0.15,1,59.18,0.99,1
CUST_012417,google_ads,true,2024-04-01,106.72,0.0,1,68.65,0.99,1
CUST_012422,google_ads,true,2025-01-01,93.30,0.0,1,-32.94,0.99,1
CUST_012434,google_ads,true,2025-04-01,159.95,0.0,2,156.09,2.16,1
CUST_012435,meta_ads,true,2024-08-01,67.08,0.0,1,43.64,0.99,1
CUST_012486,organic_search,false,2024-07-01,110.00,0.0,1,3.11,0.99,1
CUST_012492,meta_ads,true,2024-07-01,102.38,0.0,1,64.25,0.99,1
CUST_000026,google_ads,true,2025-08-01,134.47,0.0,1,87.32,0.99,1
CUST_000027,meta_ads,true,2024-07-01,109.44,0.15,1,54.94,0.99,1
CUST_000028,meta_ads,true,2025-03-01,38.54,0.0,1,24.91,0.99,1
CUST_000036,google_ads,true,2025-09-01,48.64,0.0999,1,26.34,0.99,1
CUST_000042,google_ads,true,2025-02-01,77.90,0.0,1,52.26,0.99,1
CUST_000089,direct,false,2025-10-01,62.57,0.0,1,38.99,0.99,0
CUST_000091,organic_search,false,2024-04-01,67.89,0.0,1,43.68,0.99,1
CUST_000097,creator_network,false,2025-03-01,66.59,0.0,1,44.17,0.99,1
CUST_000130,creator_network,false,2025-03-01,52.58,0.0,1,33.14,0.99,1
CUST_000170,meta_ads,true,2025-04-01,57.49,0.0,1,37.47,0.99,1
CUST_000173,google_ads,true,2025-03-01,107.38,0.0,1,67.29,0.99,1
CUST_000203,creator_network,false,2024-06-01,68.20,0.0,1,43.63,0.99,1
CUST_000238,google_ads,true,2024-01-01,70.88,0.0,1,44.20,0.99,1
CUST_000248,creator_network,false,2025-12-01,67.86,0.0,1,13.51,0.99,0
CUST_000249,meta_ads,true,2025-12-01,93.66,0.0,1,58.70,0.99,0
CUST_000267,google_ads,true,2025-07-01,64.07,0.0,1,42.66,0.99,1
CUST_000295,google_ads,true,2024-05-01,99.42,0.0,1,65.62,0.99,1
CUST_000300,google_ads,true,2024-03-01,101.84,0.2,1,43.44,0.99,1
CUST_000307,meta_ads,true,2025-03-01,94.86,0.0,1,61.34,0.99,1
CUST_000338,google_ads,true,2025-07-01,71.39,0.0,1,46.20,0.99,1
CUST_000356,meta_ads,true,2025-05-01,25.00,0.1,1,13.17,0.99,1
CUST_000386,meta_ads,true,2025-09-01,95.86,0.0,1,61.60,0.99,1
CUST_000394,direct,false,2025-08-01,147.86,0.0,1,96.33,0.99,1
CUST_000408,organic_search,false,2024-01-01,157.24,0.0,1,101.83,0.99,1
CUST_000458,organic_search,false,2025-02-01,81.50,0.0,1,-27.00,0.99,1
CUST_000466,meta_ads,true,2024-11-01,82.14,0.1,1,-34.73,0.99,1
CUST_000493,meta_ads,true,2024-09-01,100.62,0.0,1,66.43,0.99,1
CUST_000503,direct,false,2024-10-01,49.75,0.0,1,33.18,0.99,1
CUST_000504,meta_ads,true,2025-09-01,99.31,0.0,1,62.80,0.99,1
CUST_000521,google_ads,true,2025-04-01,106.21,0.2,2,121.11,0.23,1
CUST_000528,meta_ads,true,2024-09-01,99.75,0.0,1,63.43,0.99,1
CUST_000561,creator_network,false,2025-07-01,71.24,0.0,1,47.30,0.99,1
CUST_000564,direct,false,2024-01-01,84.33,0.0,3,66.81,3.20,1
CUST_000592,meta_ads,true,2025-05-01,42.45,0.0,1,27.25,0.99,1
CUST_000600,google_ads,true,2024-02-01,133.51,0.0,1,86.72,0.99,1
CUST_000616,google_ads,true,2025-11-01,81.40,0.0,1,53.95,0.99,0
CUST_000619,direct,false,2025-09-01,54.05,0.0,1,34.76,0.99,1
CUST_000629,creator_network,false,2024-02-01,102.02,0.0,1,66.89,0.99,1
CUST_000652,meta_ads,true,2025-03-01,98.13,0.1,1,54.12,0.99,1
CUST_000654,meta_ads,true,2025-08-01,51.83,0.0,1,32.92,0.99,1
CUST_000659,organic_search,false,2025-06-01,106.78,0.0,2,116.24,2.09,1
CUST_000685,google_ads,true,2025-11-01,136.42,0.0,1,92.37,0.99,0
CUST_000712,meta_ads,true,2025-04-01,81.40,0.0,1,54.46,0.99,1
CUST_000724,organic_search,false,2025-08-01,137.16,0.0,1,86.37,0.99,1
CUST_000725,google_ads,true,2025-04-01,126.80,0.0,1,30.13,0.99,1
CUST_000764,creator_network,false,2025-08-01,94.58,0.2499,1,39.31,0.99,1
CUST_000785,google_ads,true,2024-06-01,126.34,0.2,1,53.61,0.99,1
CUST_000814,google_ads,true,2025-11-01,112.07,0.0,2,39.27,0.59,0
CUST_000816,meta_ads,true,2025-03-01,90.24,0.1,1,47.16,0.99,1
CUST_000825,creator_network,false,2025-03-01,57.76,0.1001,2,17.71,1.41,1
CUST_000836,creator_network,false,2024-12-01,99.61,0.1,1,54.93,0.99,1
CUST_000840,meta_ads,true,2025-05-01,77.86,0.1001,1,44.91,0.99,1
CUST_000843,meta_ads,true,2024-06-01,99.40,0.15,1,-49.19,0.99,1
CUST_000862,google_ads,true,2025-01-01,87.41,0.25,2,-8.06,2.46,1
CUST_000874,google_ads,true,2024-12-01,99.54,0.0,1,0.86,0.99,1
CUST_000876,google_ads,true,2024-05-01,162.88,0.0,1,-54.93,0.99,1
CUST_000914,meta_ads,true,2024-12-01,117.01,0.0,1,77.39,0.99,1
CUST_000923,organic_search,false,2025-11-01,134.59,0.1,1,72.26,0.99,0
CUST_000936,direct,false,2024-09-01,107.64,0.0,1,71.50,0.99,1
CUST_000938,creator_network,false,2025-11-01,76.69,0.0,1,51.79,0.99,0
CUST_000941,meta_ads,true,2024-09-01,118.70,0.1,1,68.45,0.99,1
CUST_000947,google_ads,true,2024-05-01,129.25,0.0,1,87.34,0.99,1
CUST_000957,meta_ads,true,2025-03-01,79.25,0.1001,1,45.51,0.99,1
CUST_000961,direct,false,2024-03-01,67.82,0.0,1,43.61,0.99,1
CUST_000975,google_ads,true,2024-02-01,116.62,0.0,1,73.36,0.99,1
CUST_000996,meta_ads,true,2024-04-01,98.84,0.15,1,50.99,0.99,1
CUST_001004,meta_ads,true,2025-07-01,97.00,0.15,1,47.39,0.99,1
CUST_001012,direct,false,2025-12-01,82.36,0.1,1,-5.05,0.99,0
CUST_001014,creator_network,false,2024-02-01,76.82,0.1999,1,35.23,0.99,1
CUST_001042,organic_search,false,2025-09-01,50.04,0.0,1,33.05,0.99,1
CUST_001052,google_ads,true,2025-03-01,100.13,0.0,2,107.97,0.53,1
CUST_001059,meta_ads,true,2025-02-01,107.90,0.15,1,52.61,0.99,1
CUST_001085,meta_ads,true,2025-11-01,67.60,0.15,1,35.40,0.99,0
CUST_001114,meta_ads,true,2025-03-01,91.40,0.15,1,46.47,0.99,1
CUST_001121,google_ads,true,2025-10-01,25.00,0.0,1,17.00,0.99,0
CUST_001149,google_ads,true,2025-10-01,80.85,0.0,1,-27.80,0.99,0
CUST_001178,organic_search,false,2024-04-01,112.10,0.0,1,75.83,0.99,1
CUST_001193,creator_network,false,2024-11-01,87.32,0.2,1,-6.06,0.99,1
CUST_001223,meta_ads,true,2025-01-01,107.85,0.0,1,68.37,0.99,1
CUST_001244,creator_network,false,2025-10-01,87.55,0.0,1,54.45,0.99,0
CUST_001251,meta_ads,true,2025-09-01,97.24,0.0,1,63.24,0.99,1
CUST_001273,creator_network,false,2025-08-01,69.09,0.1499,1,32.52,0.99,1
CUST_001287,creator_network,false,2024-03-01,70.70,0.0,1,45.71,0.99,1
CUST_001317,meta_ads,true,2025-03-01,78.81,0.0,1,51.27,0.99,1
CUST_001318,google_ads,true,2025-07-01,81.28,0.0,3,196.14,2.50,0
CUST_001334,direct,false,2025-12-01,114.37,0.0,1,77.32,0.99,0
CUST_001382,google_ads,true,2024-12-01,99.36,0.15,1,50.91,0.99,1
CUST_001439,google_ads,true,2024-07-01,103.59,0.15,1,51.78,0.99,1
CUST_001449,google_ads,true,2025-11-01,92.66,0.2,1,42.78,0.99,0
CUST_001476,meta_ads,true,2025-06-01,96.54,0.0,1,63.25,0.99,1
CUST_001482,organic_search,false,2024-04-01,53.26,0.0,1,34.53,0.99,1
CUST_001496,google_ads,true,2025-06-01,91.79,0.0,1,57.24,0.99,1
CUST_001529,meta_ads,true,2025-09-01,59.52,0.0,1,39.21,0.99,1
CUST_001541,meta_ads,true,2025-07-01,67.48,0.1,1,38.83,0.99,1
CUST_001549,organic_search,false,2024-02-01,90.22,0.0,1,-30.62,0.99,1
CUST_001561,creator_network,false,2024-11-01,68.80,0.1,2,101.07,0.96,1
CUST_001570,meta_ads,true,2025-01-01,95.53,0.15,1,48.41,0.99,1
CUST_001585,meta_ads,true,2025-12-01,88.44,0.1,1,47.61,0.99,0
CUST_001626,creator_network,false,2025-06-01,85.45,0.15,1,43.95,0.99,1
CUST_001633,google_ads,true,2025-06-01,170.00,0.0,2,135.37,1.04,1
CUST_001713,meta_ads,true,2025-08-01,74.61,0.0,1,47.30,0.99,1
CUST_001723,google_ads,true,2024-10-01,126.63,0.0,1,81.25,0.99,1
CUST_001774,meta_ads,true,2025-12-01,59.58,0.1,1,33.56,0.99,0
CUST_001797,organic_search,false,2025-07-01,104.31,0.0,1,70.24,0.99,1
CUST_001820,meta_ads,true,2024-12-01,94.38,0.1,1,51.87,0.99,1
CUST_001833,meta_ads,true,2025-04-01,117.72,0.0,1,-39.02,0.99,1
CUST_001838,direct,false,2024-10-01,61.12,0.15,1,29.14,0.99,1
CUST_001849,meta_ads,true,2025-10-01,91.35,0.0,1,57.97,0.99,0
CUST_001851,meta_ads,true,2024-09-01,91.47,0.0,1,61.90,0.99,1
CUST_001880,meta_ads,true,2025-04-01,91.76,0.1,1,49.15,0.99,1
CUST_001898,meta_ads,true,2024-06-01,82.69,0.0,1,55.38,0.99,1
CUST_001907,meta_ads,true,2025-12-01,100.19,0.15,1,49.10,0.99,0
CUST_001914,meta_ads,true,2024-11-01,123.52,0.1,1,70.11,0.99,1
CUST_001927,creator_network,false,2025-04-01,73.28,0.2001,1,-39.12,0.99,1
CUST_001935,organic_search,false,2025-06-01,102.98,0.0,3,198.49,1.29,1
CUST_001948,google_ads,true,2024-05-01,122.17,0.0,1,79.94,0.99,1
CUST_001954,direct,false,2025-07-01,84.46,0.0,1,-30.72,0.99,1
CUST_001959,creator_network,false,2025-05-01,79.14,0.0999,1,-6.11,0.99,1
CUST_001989,meta_ads,true,2025-01-01,66.96,0.0,1,43.84,0.99,1
CUST_001996,google_ads,true,2025-06-01,108.96,0.2,1,46.94,0.99,1
CUST_002008,meta_ads,true,2025-08-01,76.31,0.0,1,50.91,0.99,1
CUST_002012,creator_network,false,2024-03-01,73.90,0.1,1,42.31,0.99,1
CUST_002022,direct,false,2025-04-01,124.11,0.15,2,133.10,1.18,1
CUST_002032,direct,false,2025-04-01,138.24,0.0,1,86.51,0.99,1
CUST_002071,meta_ads,true,2025-08-01,88.01,0.0,1,57.82,0.99,1
CUST_002076,meta_ads,true,2025-10-01,83.61,0.0,1,-28.20,0.99,0
CUST_002087,direct,false,2024-04-01,97.30,0.0,1,65.69,0.99,1
CUST_002111,google_ads,true,2024-05-01,123.08,0.0,1,82.72,0.99,1
CUST_002114,creator_network,false,2025-11-01,63.19,0.15,1,31.39,0.99,0
CUST_002150,google_ads,true,2025-09-01,60.11,0.0,1,39.64,0.99,1
CUST_002155,google_ads,true,2024-04-01,97.15,0.0,1,-34.12,0.99,1
CUST_002163,meta_ads,true,2024-11-01,101.72,0.15,1,50.68,0.99,1
CUST_002173,meta_ads,true,2024-06-01,122.71,0.2,2,-22.03,0.32,1
CUST_002217,direct,false,2025-09-01,125.12,0.0,1,83.05,0.99,1
CUST_002229,direct,false,2024-09-01,54.10,0.0,1,-20.52,0.99,1
CUST_002240,meta_ads,true,2024-08-01,104.23,0.0,1,64.65,0.99,1
CUST_002248,google_ads,true,2025-09-01,114.88,0.0,2,164.31,0.54,1
CUST_002255,google_ads,true,2025-10-01,92.15,0.0,1,61.29,0.99,0
CUST_002271,organic_search,false,2024-04-01,128.72,0.0,2,23.81,2.23,1
CUST_002321,meta_ads,true,2025-11-01,100.22,0.0,1,67.16,0.99,0
CUST_002338,creator_network,false,2024-11-01,88.48,0.1,1,50.60,0.99,1
CUST_002349,google_ads,true,2025-04-01,124.19,0.0,1,82.57,0.99,1
CUST_002351,organic_search,false,2025-05-01,64.06,0.0,1,42.78,0.99,1
CUST_002375,creator_network,false,2025-06-01,37.03,0.1499,1,18.48,0.99,1
CUST_002376,google_ads,true,2024-09-01,107.79,0.0,1,12.62,0.99,1
CUST_002379,creator_network,false,2025-01-01,72.91,0.1,2,96.68,0.49,1
CUST_002384,google_ads,true,2025-01-01,87.38,0.0,3,48.28,1.80,1
CUST_002396,meta_ads,true,2024-11-01,84.81,0.0,1,52.79,0.99,1
CUST_002400,google_ads,true,2025-05-01,101.82,0.0,1,67.76,0.99,1
CUST_002405,creator_network,false,2025-06-01,83.52,0.2,1,35.31,0.99,1
CUST_002441,google_ads,true,2025-04-01,89.46,0.0,1,57.36,0.99,1
CUST_002489,creator_network,false,2025-04-01,68.04,0.0999,1,38.40,0.99,1
CUST_002523,meta_ads,true,2024-09-01,103.00,0.0,1,69.41,0.99,1
CUST_002524,creator_network,false,2024-11-01,35.02,0.0,1,22.10,0.99,1
CUST_002528,creator_network,false,2025-12-01,82.02,0.15,1,41.65,0.99,0
CUST_002531,google_ads,true,2025-06-01,122.62,0.0,3,198.39,3.51,0
CUST_002568,google_ads,true,2024-09-01,126.61,0.25,1,51.30,0.99,1
CUST_002571,direct,false,2024-12-01,85.63,0.0,2,133.00,0.92,1
CUST_002596,google_ads,true,2025-08-01,136.07,0.2,1,59.37,0.99,1
CUST_002604,google_ads,true,2024-10-01,111.53,0.0,1,73.02,0.99,1
CUST_002617,creator_network,false,2024-11-01,96.25,0.0,1,60.83,0.99,1
CUST_002619,meta_ads,true,2025-10-01,112.27,0.0,2,140.44,0.83,0
CUST_002620,google_ads,true,2024-10-01,121.53,0.0,1,-44.45,0.99,1
CUST_002627,google_ads,true,2024-03-01,78.44,0.0999,1,42.92,0.99,1
CUST_002630,meta_ads,true,2024-12-01,69.80,0.0,1,46.98,0.99,1
CUST_002647,creator_network,false,2025-12-01,99.11,0.0,1,63.67,0.99,0
CUST_002659,meta_ads,true,2024-07-01,95.23,0.1,1,51.16,0.99,1
CUST_002669,google_ads,true,2025-07-01,94.80,0.1,1,51.96,0.99,1
CUST_002679,google_ads,true,2024-04-01,146.15,0.15,1,75.18,0.99,1
CUST_002680,meta_ads,true,2025-03-01,85.41,0.2,2,86.31,1.72,1
CUST_002689,meta_ads,true,2025-02-01,130.91,0.1,1,75.41,0.99,1
CUST_002712,google_ads,true,2025-03-01,65.22,0.0,1,42.17,0.99,1
CUST_002715,google_ads,true,2024-01-01,108.81,0.0,1,69.12,0.99,1
CUST_002755,google_ads,true,2025-11-01,141.39,0.15,1,74.21,0.99,0
CUST_002771,meta_ads,true,2024-03-01,103.62,0.0,1,66.60,0.99,1
CUST_002790,direct,false,2025-12-01,39.09,0.0,1,25.85,0.99,0
CUST_002806,meta_ads,true,2025-12-01,77.75,0.15,1,39.79,0.99,0
CUST_002808,direct,false,2024-06-01,114.67,0.1,1,62.96,0.99,1
CUST_002933,google_ads,true,2024-03-01,118.90,0.1,1,-56.68,0.99,1
CUST_002968,google_ads,true,2025-04-01,98.41,0.15,1,51.98,0.99,1
CUST_003005,creator_network,false,2025-04-01,65.01,0.1,1,37.55,0.99,1
CUST_003045,creator_network,false,2025-07-01,90.15,0.15,1,43.52,0.99,1
CUST_003048,meta_ads,true,2024-11-01,107.93,0.0,4,204.50,3.57,1
CUST_003084,google_ads,true,2025-04-01,86.26,0.0,2,135.91,0.12,1
CUST_003097,meta_ads,true,2025-12-01,98.58,0.1,1,-46.15,0.99,0
CUST_003112,creator_network,false,2024-08-01,114.40,0.15,1,53.97,0.99,1
CUST_003119,direct,false,2024-08-01,128.14,0.0,1,83.50,0.99,1
CUST_003192,creator_network,false,2025-11-01,76.92,0.0,1,-26.34,0.99,0
CUST_003237,meta_ads,true,2024-07-01,100.10,0.1,1,56.70,0.99,1
CUST_003244,creator_network,false,2025-07-01,91.58,0.0,1,60.25,0.99,1
CUST_003255,organic_search,false,2024-10-01,104.15,0.0,1,65.44,0.99,1
CUST_003262,meta_ads,true,2025-03-01,65.42,0.1,2,88.84,1.30,1
CUST_003283,meta_ads,true,2025-10-01,71.72,0.0,1,11.39,0.99,0
CUST_003311,meta_ads,true,2025-07-01,89.10,0.0,1,58.99,0.99,1
CUST_003336,google_ads,true,2025-08-01,161.38,0.0,2,29.06,0.32,1
CUST_003347,creator_network,false,2024-09-01,68.22,0.0,1,44.11,0.99,1
CUST_003361,meta_ads,true,2025-09-01,82.83,0.1,1,44.18,0.99,1
CUST_003368,direct,false,2024-09-01,95.76,0.0,1,60.88,0.99,1
CUST_003373,creator_network,false,2024-09-01,87.34,0.2,1,-46.87,0.99,1
CUST_003382,google_ads,true,2025-01-01,88.71,0.15,1,42.18,0.99,1
CUST_003383,meta_ads,true,2024-02-01,75.05,0.15,1,38.19,0.99,1
CUST_003405,meta_ads,true,2025-08-01,94.51,0.1,1,54.39,0.99,1
CUST_003434,meta_ads,true,2025-01-01,78.14,0.0,1,49.88,0.99,1
CUST_003473,direct,false,2025-05-01,107.62,0.0,1,71.42,0.99,1
CUST_003481,creator_network,false,2024-05-01,67.35,0.0,1,43.07,0.99,1
CUST_003493,direct,false,2025-10-01,69.97,0.1501,1,36.69,0.99,0
CUST_003505,direct,false,2025-11-01,124.01,0.0,1,-41.76,0.99,0
CUST_003507,google_ads,true,2025-12-01,96.83,0.0,1,65.47,0.99,0
CUST_003512,meta_ads,true,2024-03-01,93.91,0.1,1,54.45,0.99,1
CUST_003526,google_ads,true,2024-05-01,64.39,0.0,1,40.69,0.99,1
CUST_003541,meta_ads,true,2024-07-01,95.98,0.0,1,62.04,0.99,1
CUST_003559,google_ads,true,2024-03-01,129.07,0.0,1,85.85,0.99,1
CUST_003563,meta_ads,true,2024-02-01,96.29,0.0,1,62.77,0.99,1
CUST_003583,meta_ads,true,2024-11-01,106.47,0.1,1,59.52,0.99,1
CUST_003584,direct,false,2025-10-01,84.05,0.0,1,56.36,0.99,0
CUST_003644,direct,false,2025-02-01,81.64,0.0,1,-27.21,0.99,1
CUST_003654,meta_ads,true,2024-06-01,140.80,0.15,1,70.32,0.99,1
CUST_003695,direct,false,2024-11-01,113.13,0.0,1,76.62,0.99,1
CUST_003704,direct,false,2025-10-01,55.91,0.1501,1,28.91,0.99,0
CUST_003711,direct,false,2024-01-01,79.71,0.0,1,52.86,0.99,1
CUST_003717,meta_ads,true,2024-10-01,133.96,0.0,1,89.73,0.99,1
CUST_003746,google_ads,true,2024-07-01,82.30,0.0,2,-16.25,1.28,1
CUST_003765,meta_ads,true,2025-02-01,68.07,0.1,1,35.42,0.99,1
CUST_003766,creator_network,false,2024-09-01,104.21,0.25,1,-60.98,0.99,1
CUST_003823,direct,false,2025-09-01,119.16,0.0,1,79.97,0.99,1
CUST_003844,creator_network,false,2024-12-01,77.82,0.0,1,49.98,0.99,1
CUST_003872,creator_network,false,2024-06-01,97.21,0.15,1,47.82,0.99,1
CUST_003879,google_ads,true,2025-04-01,130.93,0.1,1,68.68,0.99,1
CUST_003909,google_ads,true,2025-04-01,120.45,0.25,1,-70.73,0.99,1
CUST_003931,meta_ads,true,2025-11-01,74.20,0.1,1,-34.56,0.99,0
CUST_003932,creator_network,false,2024-06-01,90.15,0.0,2,52.15,1.34,1
CUST_003933,organic_search,false,2025-05-01,93.89,0.0,1,63.27,0.99,1
CUST_003942,meta_ads,true,2025-11-01,127.22,0.15,2,67.96,0.78,0
CUST_003943,meta_ads,true,2024-03-01,88.98,0.0,2,116.85,2.00,1
CUST_003978,meta_ads,true,2025-03-01,74.14,0.0,1,50.37,0.99,1
CUST_003986,google_ads,true,2025-11-01,104.25,0.15,1,53.97,0.99,0
CUST_004002,creator_network,false,2025-09-01,114.65,0.15,1,-57.75,0.99,1
CUST_004034,meta_ads,true,2025-12-01,64.50,0.0,1,41.94,0.99,0
CUST_004079,meta_ads,true,2025-08-01,73.45,0.0,1,48.20,0.99,1
CUST_004086,organic_search,false,2024-03-01,145.95,0.2,1,62.51,0.99,1
CUST_004093,creator_network,false,2025-02-01,77.90,0.1499,1,39.12,0.99,1
CUST_004103,creator_network,false,2025-03-01,67.36,0.1001,1,35.77,0.99,1
CUST_004111,meta_ads,true,2025-04-01,39.75,0.2,1,16.83,0.99,1
CUST_004114,meta_ads,true,2024-03-01,77.76,0.1499,1,39.48,0.99,1
CUST_004117,meta_ads,true,2025-11-01,90.80,0.0,1,57.56,0.99,0
CUST_004138,meta_ads,true,2024-10-01,96.74,0.15,1,-50.61,0.99,1
CUST_004150,meta_ads,true,2025-08-01,66.28,0.0,1,43.28,0.99,1
CUST_004157,google_ads,true,2025-03-01,72.23,0.1,1,-31.91,0.99,1
CUST_004159,meta_ads,true,2025-12-01,81.25,0.2,1,38.94,0.99,0
CUST_004194,meta_ads,true,2025-07-01,105.65,0.0,1,67.29,0.99,1
CUST_004240,google_ads,true,2024-10-01,113.16,0.0,1,72.77,0.99,1
CUST_004247,organic_search,false,2024-08-01,87.99,0.0,1,58.50,0.99,1
CUST_004272,organic_search,false,2025-12-01,67.13,0.0,1,44.23,0.99,0
CUST_004279,google_ads,true,2024-05-01,75.29,0.1,1,41.25,0.99,1
CUST_004288,google_ads,true,2025-04-01,111.22,0.1,1,60.04,0.99,1
CUST_004291,google_ads,true,2025-03-01,68.59,0.15,1,32.77,0.99,1
CUST_004359,organic_search,false,2025-04-01,76.56,0.0,1,50.72,0.99,1
CUST_004381,google_ads,true,2024-03-01,100.91,0.1,1,-45.01,0.99,1
CUST_004409,organic_search,false,2024-12-01,99.44,0.0,1,61.84,0.99,1
CUST_004417,google_ads,true,2024-12-01,90.25,0.0,1,16.10,0.99,1
CUST_004425,google_ads,true,2024-10-01,106.50,0.1,1,3.47,0.99,1
CUST_004456,google_ads,true,2024-03-01,151.34,0.0,1,97.87,0.99,1
CUST_004478,organic_search,false,2024-11-01,129.41,0.0,1,-46.68,0.99,1
CUST_004479,meta_ads,true,2025-04-01,62.76,0.2,1,28.25,0.99,1
CUST_004486,meta_ads,true,2025-08-01,61.54,0.0,1,41.00,0.99,1
CUST_004492,google_ads,true,2025-07-01,114.91,0.15,1,58.36,0.99,1
CUST_004493,google_ads,true,2025-04-01,117.86,0.0,1,78.01,0.99,1
CUST_004512,creator_network,false,2025-02-01,95.19,0.1,2,114.80,2.16,1
CUST_004523,google_ads,true,2025-10-01,148.29,0.0,1,96.37,0.99,0
CUST_004524,meta_ads,true,2025-04-01,117.97,0.0,1,74.92,0.99,1
CUST_004535,google_ads,true,2025-04-01,75.79,0.15,1,0.37,0.99,1
CUST_004554,meta_ads,true,2025-10-01,111.87,0.0,1,76.06,0.99,0
CUST_004555,google_ads,true,2025-01-01,113.54,0.2,2,99.57,1.11,1
CUST_004563,organic_search,false,2025-10-01,92.17,0.0,1,62.05,0.99,0
CUST_004573,google_ads,true,2024-08-01,137.94,0.0,1,89.35,0.99,1
CUST_004580,organic_search,false,2025-06-01,49.42,0.0,4,186.44,5.21,0
CUST_004613,google_ads,true,2025-02-01,74.94,0.0,3,179.96,1.84,1
CUST_004616,google_ads,true,2024-10-01,135.67,0.0,1,84.66,0.99,1
CUST_004632,meta_ads,true,2024-10-01,56.67,0.15,1,27.85,0.99,1
CUST_004635,direct,false,2024-05-01,99.27,0.0,1,62.57,0.99,1
CUST_004724,google_ads,true,2024-12-01,81.87,0.0,1,52.43,0.99,1
CUST_004827,google_ads,true,2025-06-01,85.72,0.0,3,222.83,1.48,1
CUST_004831,creator_network,false,2025-09-01,61.35,0.15,1,30.58,0.99,1
CUST_004857,meta_ads,true,2024-05-01,100.69,0.0,2,107.04,1.30,1
CUST_004858,meta_ads,true,2025-11-01,65.42,0.0,1,42.00,0.99,0
CUST_004873,meta_ads,true,2024-07-01,125.54,0.0,1,79.32,0.99,1
CUST_004894,creator_network,false,2024-08-01,76.45,0.2,1,36.56,0.99,1
CUST_004921,direct,false,2025-12-01,65.87,0.0,1,42.46,0.99,0
CUST_004929,direct,false,2025-08-01,87.72,0.0,1,12.39,0.99,1
CUST_004945,meta_ads,true,2025-09-01,102.36,0.1,1,57.60,0.99,1
CUST_004975,meta_ads,true,2024-08-01,115.91,0.1,2,116.96,3.70,1
CUST_004987,google_ads,true,2025-07-01,101.21,0.0,1,64.21,0.99,1
CUST_005039,direct,false,2025-07-01,57.36,0.0,1,-20.65,0.99,1
CUST_005054,creator_network,false,2024-03-01,73.24,0.0999,1,38.13,0.99,1
CUST_005079,meta_ads,true,2025-02-01,65.53,0.0,1,42.10,0.99,1
CUST_005090,google_ads,true,2024-04-01,95.31,0.0,1,62.96,0.99,1
CUST_005154,organic_search,false,2025-08-01,112.51,0.0,2,84.88,0.80,1
CUST_005185,google_ads,true,2025-08-01,117.31,0.15,1,60.76,0.99,1
CUST_005186,direct,false,2025-11-01,127.09,0.0,1,84.13,0.99,0
CUST_005191,meta_ads,true,2024-10-01,84.15,0.0,2,107.15,1.41,1
CUST_005197,meta_ads,true,2025-07-01,32.79,0.0,2,69.34,1.34,1
CUST_005200,organic_search,false,2024-09-01,93.90,0.0,2,123.81,0.64,1
CUST_005213,organic_search,false,2024-10-01,68.62,0.0,1,45.88,0.99,1
CUST_005225,creator_network,false,2024-12-01,71.15,0.2,1,32.08,0.99,1
CUST_005231,google_ads,true,2025-06-01,110.00,0.0,1,70.58,0.99,1
CUST_005243,creator_network,false,2025-02-01,74.15,0.0,3,124.62,2.52,1
CUST_005252,meta_ads,true,2025-12-01,92.19,0.2,1,40.90,0.99,0
CUST_005271,creator_network,false,2024-07-01,70.44,0.2,1,30.87,0.99,1
CUST_005317,google_ads,true,2024-09-01,109.38,0.0,2,153.54,1.99,1
CUST_005318,google_ads,true,2025-12-01,92.23,0.0,1,58.13,0.99,0
CUST_005319,organic_search,false,2024-05-01,118.66,0.0,3,231.35,2.39,1
CUST_005331,meta_ads,true,2024-08-01,104.73,0.1,1,23.48,0.99,1
CUST_005333,meta_ads,true,2024-03-01,85.42,0.0,3,166.32,6.75,1
CUST_005344,meta_ads,true,2024-06-01,49.06,0.0,1,-18.16,0.99,1
CUST_005346,meta_ads,true,2025-03-01,108.71,0.0,1,70.45,0.99,1
CUST_005350,organic_search,false,2025-07-01,64.01,0.25,1,24.61,0.99,1
CUST_005355,meta_ads,true,2025-03-01,31.46,0.0,1,21.35,0.99,1
CUST_005357,google_ads,true,2024-06-01,104.00,0.25,1,41.80,0.99,1
CUST_005363,meta_ads,true,2025-03-01,145.44,0.1,1,79.41,0.99,1
CUST_005379,google_ads,true,2025-09-01,161.92,0.0,1,-57.88,0.99,1
CUST_005383,google_ads,true,2024-08-01,91.75,0.1001,1,49.30,0.99,1
CUST_005384,creator_network,false,2024-01-01,92.17,0.1,1,49.15,0.99,1
CUST_005405,google_ads,true,2024-11-01,46.82,0.1,1,-21.50,0.99,1
CUST_005408,google_ads,true,2025-01-01,97.75,0.0,1,-33.81,0.99,1
CUST_005419,meta_ads,true,2025-02-01,84.16,0.0,1,53.33,0.99,1
CUST_005423,google_ads,true,2025-12-01,120.74,0.0,1,79.07,0.99,0
CUST_005444,google_ads,true,2025-12-01,58.65,0.0,1,39.09,0.99,0
CUST_005458,direct,false,2024-12-01,74.37,0.0,1,49.61,0.99,1
CUST_005484,meta_ads,true,2025-07-01,109.18,0.2,3,89.27,2.45,0
CUST_005489,creator_network,false,2025-05-01,97.10,0.0,1,62.43,0.99,1
CUST_005490,meta_ads,true,2025-11-01,86.38,0.0,1,56.31,0.99,0
CUST_005495,creator_network,false,2025-02-01,58.57,0.1001,1,33.82,0.99,1
CUST_005505,organic_search,false,2024-10-01,82.60,0.0,1,53.68,0.99,1
CUST_005548,meta_ads,true,2024-02-01,53.04,0.0999,1,30.16,0.99,1
CUST_005562,organic_search,false,2025-12-01,110.57,0.0,1,74.01,0.99,0
CUST_005575,meta_ads,true,2025-06-01,94.94,0.0,1,-34.87,0.99,1
CUST_005577,google_ads,true,2025-06-01,138.85,0.0,1,91.37,0.99,1
CUST_005580,creator_network,false,2025-01-01,65.40,0.15,2,92.50,3.21,1
CUST_005614,google_ads,true,2024-08-01,168.76,0.0,1,112.90,0.99,1
CUST_005624,google_ads,true,2025-08-01,121.84,0.1,1,63.47,0.99,1
CUST_005632,google_ads,true,2025-04-01,153.01,0.0,1,-56.28,0.99,1
CUST_005671,creator_network,false,2025-10-01,65.01,0.0,1,-21.60,0.99,0
CUST_005687,meta_ads,true,2025-02-01,69.67,0.1,2,78.36,2.10,1
CUST_005708,creator_network,false,2024-04-01,66.08,0.1,1,37.56,0.99,1
CUST_005713,meta_ads,true,2025-01-01,65.89,0.0,1,44.01,0.99,1
CUST_005732,google_ads,true,2024-11-01,132.82,0.1,1,71.35,0.99,1
CUST_005741,google_ads,true,2025-10-01,135.48,0.0,1,89.32,0.99,1
CUST_005766,creator_network,false,2025-07-01,75.63,0.0,1,48.86,0.99,1
CUST_005787,meta_ads,true,2024-09-01,81.73,0.15,2,77.17,1.15,1
CUST_005788,direct,false,2025-09-01,103.25,0.0,2,36.54,0.81,0
CUST_005790,meta_ads,true,2024-07-01,108.70,0.0,1,70.06,0.99,1
CUST_005796,creator_network,false,2025-09-01,77.11,0.1,3,-7.15,3.39,0
CUST_005805,google_ads,true,2024-11-01,107.97,0.0,1,69.09,0.99,1
CUST_005813,google_ads,true,2025-09-01,102.18,0.1,1,-45.80,0.99,1
CUST_005847,creator_network,false,2024-07-01,86.42,0.0,1,58.74,0.99,1
CUST_005850,meta_ads,true,2025-02-01,81.68,0.2,1,36.24,0.99,1
CUST_005857,meta_ads,true,2024-05-01,130.66,0.15,2,132.17,3.17,1
CUST_005878,google_ads,true,2025-06-01,94.96,0.0,1,59.31,0.99,1
CUST_005906,meta_ads,true,2025-05-01,71.89,0.0,1,48.35,0.99,1
CUST_005920,direct,false,2025-04-01,93.15,0.0,1,-33.77,0.99,1
CUST_005922,meta_ads,true,2025-12-01,97.69,0.0,1,60.68,0.99,0
CUST_005937,meta_ads,true,2025-06-01,85.48,0.0,1,55.80,0.99,1
CUST_005959,google_ads,true,2025-08-01,97.46,0.0,1,62.59,0.99,1
CUST_005965,meta_ads,true,2025-02-01,82.31,0.0,3,191.73,2.62,1
CUST_005974,google_ads,true,2025-10-01,114.94,0.2,1,50.35,0.99,0
CUST_005978,meta_ads,true,2024-05-01,106.89,0.1,1,58.08,0.99,1
CUST_006005,google_ads,true,2024-06-01,129.87,0.0,1,86.87,0.99,1
CUST_006006,creator_network,false,2025-12-01,59.15,0.1001,2,60.97,0.78,0
CUST_006012,google_ads,true,2025-09-01,53.67,0.1999,2,79.76,1.69,0
CUST_006014,organic_search,false,2025-02-01,121.23,0.0,1,77.58,0.99,1
CUST_006063,meta_ads,true,2025-02-01,45.97,0.0,1,29.13,0.99,1
CUST_006072,meta_ads,true,2024-10-01,76.44,0.1501,1,39.87,0.99,1
CUST_006109,direct,false,2024-07-01,110.87,0.0,1,69.31,0.99,1
CUST_006110,google_ads,true,2025-11-01,106.19,0.15,1,50.68,0.99,0
CUST_006129,direct,false,2024-05-01,115.58,0.0,1,74.85,0.99,1
CUST_006139,organic_search,false,2025-05-01,136.83,0.0,1,92.17,0.99,1
CUST_006159,google_ads,true,2024-05-01,67.30,0.0,1,45.27,0.99,1
CUST_006162,direct,false,2024-09-01,49.60,0.0,1,33.54,0.99,1
CUST_006174,organic_search,false,2025-09-01,91.85,0.0999,1,47.86,0.99,1
CUST_006206,google_ads,true,2025-12-01,52.07,0.1999,1,23.26,0.99,0
CUST_006226,meta_ads,true,2025-05-01,95.50,0.0,1,64.66,0.99,1
CUST_006236,organic_search,false,2025-10-01,114.98,0.0,1,71.46,0.99,0
CUST_006238,meta_ads,true,2025-06-01,118.38,0.0,1,79.50,0.99,1
CUST_006252,google_ads,true,2024-06-01,104.02,0.1,1,57.67,0.99,1
CUST_006266,creator_network,false,2025-02-01,72.67,0.1999,1,-37.87,0.99,1
CUST_006279,organic_search,false,2025-10-01,110.77,0.0,1,70.81,0.99,0
CUST_006317,meta_ads,true,2025-07-01,44.06,0.0,2,-13.67,1.92,1
CUST_006351,direct,false,2024-01-01,127.81,0.0,2,157.12,1.21,1
CUST_006368,creator_network,false,2024-06-01,109.03,0.15,1,55.97,0.99,1
CUST_006372,meta_ads,true,2024-10-01,77.86,0.2,1,33.36,0.99,1
CUST_006406,google_ads,true,2025-10-01,88.91,0.0,1,58.18,0.99,0
CUST_006414,google_ads,true,2024-12-01,112.94,0.0,1,70.13,0.99,1
CUST_006421,google_ads,true,2025-12-01,115.31,0.0,1,73.64,0.99,0
CUST_006439,meta_ads,true,2024-05-01,112.49,0.0,3,52.11,5.20,1
CUST_006444,direct,false,2024-02-01,98.04,0.0,1,63.33,0.99,1
CUST_006448,creator_network,false,2025-02-01,81.35,0.15,1,-5.68,0.99,1
CUST_006449,google_ads,true,2024-03-01,81.47,0.0,1,50.65,0.99,1
CUST_006451,direct,false,2025-10-01,66.27,0.0,1,41.60,0.99,0
CUST_006472,meta_ads,true,2025-09-01,87.22,0.2,1,-0.74,0.99,1
CUST_006484,meta_ads,true,2024-01-01,45.30,0.1499,1,22.35,0.99,1
CUST_006504,meta_ads,true,2024-01-01,84.61,0.0,1,57.28,0.99,1
CUST_006536,google_ads,true,2024-08-01,123.73,0.0,1,76.73,0.99,1
CUST_006546,meta_ads,true,2024-03-01,76.59,0.0,1,47.94,0.99,1
CUST_006553,direct,false,2025-04-01,117.55,0.0,1,76.25,0.99,1
CUST_006615,meta_ads,true,2024-04-01,133.32,0.15,2,123.86,1.25,1
CUST_006634,google_ads,true,2025-03-01,128.38,0.0,1,84.84,0.99,1
CUST_006641,direct,false,2025-08-01,121.94,0.0,1,79.12,0.99,1
CUST_006667,meta_ads,true,2024-10-01,102.87,0.0,1,67.63,0.99,1
CUST_006672,organic_search,false,2025-09-01,115.83,0.0,1,78.36,0.99,1
CUST_006683,organic_search,false,2025-10-01,86.32,0.1,1,47.07,0.99,0
CUST_006763,meta_ads,true,2024-06-01,66.72,0.0,1,-25.26,0.99,1
CUST_006775,google_ads,true,2025-01-01,119.21,0.15,1,58.84,0.99,1
CUST_006779,meta_ads,true,2025-12-01,60.83,0.0,1,40.36,0.99,0
CUST_006798,google_ads,true,2024-10-01,56.61,0.0,1,37.69,0.99,1
CUST_006823,google_ads,true,2025-12-01,105.64,0.15,1,52.75,0.99,0
CUST_006827,meta_ads,true,2024-07-01,57.49,0.2,2,57.89,0.72,1
CUST_006828,google_ads,true,2024-07-01,111.55,0.0,1,71.08,0.99,1
CUST_006866,meta_ads,true,2024-10-01,96.91,0.2,1,3.66,0.99,1
CUST_006910,meta_ads,true,2025-02-01,90.58,0.1,1,52.40,0.99,1
CUST_006943,meta_ads,true,2025-06-01,43.18,0.2001,1,19.98,0.99,1
CUST_006944,meta_ads,true,2024-02-01,71.75,0.1001,2,104.58,1.74,1
CUST_006988,meta_ads,true,2025-02-01,117.65,0.0,1,74.79,0.99,1
CUST_006993,organic_search,false,2024-08-01,114.33,0.0,1,-37.44,0.99,1
CUST_007014,google_ads,true,2024-07-01,66.66,0.0,1,-21.35,0.99,1
CUST_007016,creator_network,false,2025-10-01,76.27,0.15,1,37.18,0.99,0
CUST_007020,creator_network,false,2025-08-01,76.50,0.0,2,92.85,2.73,0
CUST_007021,organic_search,false,2025-03-01,101.02,0.0,2,145.74,1.00,1
CUST_007036,google_ads,true,2025-09-01,113.60,0.0,1,72.24,0.99,1
CUST_007042,google_ads,true,2024-12-01,103.91,0.0,1,69.65,0.99,1
CUST_007057,creator_network,false,2025-09-01,84.09,0.0,1,54.40,0.99,1
CUST_007064,meta_ads,true,2025-08-01,100.55,0.0,1,64.83,0.99,1
CUST_007086,creator_network,false,2024-01-01,99.56,0.1,1,55.07,0.99,1
CUST_007089,google_ads,true,2024-10-01,119.94,0.0,1,76.18,0.99,1
CUST_007111,meta_ads,true,2025-07-01,111.16,0.2,2,105.87,1.42,1
CUST_007131,google_ads,true,2024-09-01,151.88,0.0,2,200.94,0.54,1
CUST_007132,meta_ads,true,2025-01-01,57.14,0.0999,1,30.96,0.99,1
CUST_007143,google_ads,true,2025-08-01,98.05,0.0999,2,137.85,1.18,1
CUST_007147,meta_ads,true,2025-08-01,94.74,0.1,1,52.45,0.99,1
CUST_007162,meta_ads,true,2024-12-01,77.65,0.15,1,37.31,0.99,1
CUST_007170,organic_search,false,2024-08-01,67.68,0.0,1,44.88,0.99,1
CUST_007212,meta_ads,true,2024-06-01,101.13,0.0,1,63.97,0.99,1
CUST_007213,google_ads,true,2024-09-01,110.54,0.0,1,71.18,0.99,1
CUST_007216,meta_ads,true,2025-05-01,47.94,0.0999,1,26.33,0.99,1
CUST_007244,google_ads,true,2025-03-01,117.37,0.15,1,56.20,0.99,1
CUST_007253,meta_ads,true,2024-09-01,78.37,0.0,1,50.36,0.99,1
CUST_007254,google_ads,true,2025-11-01,129.22,0.1,1,72.09,0.99,0
CUST_007256,google_ads,true,2025-04-01,108.92,0.0,1,68.45,0.99,1
CUST_007271,organic_search,false,2024-10-01,83.46,0.0,3,181.43,2.78,1
CUST_007274,direct,false,2024-01-01,81.12,0.0,1,52.09,0.99,1
CUST_007294,meta_ads,true,2025-02-01,88.98,0.0,2,78.84,0.66,1
CUST_007308,meta_ads,true,2024-09-01,65.08,0.2001,1,30.13,0.99,1
CUST_007317,creator_network,false,2024-02-01,97.57,0.25,1,39.16,0.99,1
CUST_007320,organic_search,false,2025-12-01,105.98,0.0,1,72.01,0.99,0
CUST_007321,google_ads,true,2024-08-01,97.63,0.0,1,65.12,0.99,1
CUST_007345,creator_network,false,2025-03-01,81.77,0.0,2,9.05,2.74,1
CUST_007347,meta_ads,true,2025-01-01,73.36,0.0,1,47.61,0.99,1
CUST_007349,meta_ads,true,2025-07-01,75.31,0.1,1,41.28,0.99,1
CUST_007352,meta_ads,true,2024-02-01,109.39,0.0,1,74.02,0.99,1
CUST_007365,creator_network,false,2025-02-01,87.76,0.2,1,40.35,0.99,1
CUST_007396,creator_network,false,2024-03-01,51.92,0.0,1,32.43,0.99,1
CUST_007406,google_ads,true,2024-07-01,137.34,0.0,1,86.75,0.99,1
CUST_007427,direct,false,2024-04-01,114.53,0.0,2,147.20,0.85,1
CUST_007431,meta_ads,true,2024-09-01,90.04,0.0,1,56.76,0.99,1
CUST_007450,google_ads,true,2024-04-01,115.77,0.15,1,56.90,0.99,1
CUST_007460,google_ads,true,2024-08-01,57.81,0.25,1,21.84,0.99,1
CUST_007483,organic_search,false,2025-01-01,120.34,0.0,2,163.93,2.02,1
CUST_007491,google_ads,true,2024-04-01,143.95,0.15,1,69.62,0.99,1
CUST_007493,meta_ads,true,2024-10-01,74.28,0.0,1,47.14,0.99,1
CUST_007554,google_ads,true,2025-02-01,95.33,0.0,2,119.55,1.16,1
CUST_007592,creator_network,false,2025-09-01,86.95,0.0,1,-32.63,0.99,1
CUST_007602,meta_ads,true,2024-06-01,75.64,0.1501,2,97.28,5.34,1
CUST_007642,meta_ads,true,2024-10-01,82.71,0.0,1,53.40,0.99,1
CUST_007659,meta_ads,true,2025-02-01,68.45,0.0,1,46.14,0.99,1
CUST_007675,google_ads,true,2025-03-01,72.75,0.0,1,-26.49,0.99,1
CUST_007701,meta_ads,true,2025-12-01,96.28,0.1,1,54.46,0.99,0
CUST_007713,meta_ads,true,2024-08-01,116.00,0.0,3,203.38,2.03,1
CUST_007741,meta_ads,true,2025-05-01,100.27,0.2,1,44.50,0.99,1
CUST_007754,meta_ads,true,2025-01-01,91.51,0.0,1,60.87,0.99,1
CUST_007783,google_ads,true,2025-10-01,104.63,0.15,1,55.02,0.99,0
CUST_007797,creator_network,false,2025-11-01,91.40,0.0,1,58.69,0.99,0
CUST_007841,direct,false,2025-04-01,73.43,0.0,1,46.13,0.99,1
CUST_007863,meta_ads,true,2024-01-01,122.83,0.0,1,80.36,0.99,1
CUST_007866,creator_network,false,2025-12-01,116.73,0.0,1,73.10,0.99,0
CUST_007889,direct,false,2024-10-01,107.45,0.0,1,71.91,0.99,1
CUST_007894,organic_search,false,2025-01-01,89.13,0.0,2,109.01,0.48,1
CUST_007901,creator_network,false,2025-04-01,66.34,0.2,2,61.52,1.66,1
CUST_007932,google_ads,true,2025-08-01,202.92,0.0,1,130.83,0.99,1
CUST_007935,google_ads,true,2024-08-01,117.01,0.0,1,76.29,0.99,1
CUST_007938,organic_search,false,2025-04-01,123.52,0.0,1,76.86,0.99,1
CUST_007951,organic_search,false,2025-12-01,108.91,0.0,1,72.01,0.99,0
CUST_007996,direct,false,2024-09-01,106.97,0.0,1,68.44,0.99,1
CUST_008000,meta_ads,true,2024-04-01,126.47,0.2,1,53.51,0.99,1
CUST_008008,meta_ads,true,2024-08-01,99.54,0.0,1,67.46,0.99,1
CUST_008014,creator_network,false,2024-07-01,83.43,0.1499,1,44.11,0.99,1
CUST_008031,meta_ads,true,2024-11-01,95.14,0.0,1,59.80,0.99,1
CUST_008035,google_ads,true,2025-09-01,139.26,0.0,2,139.18,1.65,0
CUST_008058,creator_network,false,2024-08-01,68.02,0.1,1,38.98,0.99,1
CUST_008115,google_ads,true,2024-12-01,121.59,0.0,1,75.48,0.99,1
CUST_008132,creator_network,false,2025-05-01,92.53,0.0,1,58.79,0.99,1
CUST_008134,google_ads,true,2024-11-01,164.99,0.0,1,109.97,0.99,1
CUST_008137,direct,false,2024-12-01,76.16,0.0,1,51.65,0.99,1
CUST_008142,meta_ads,true,2025-07-01,55.44,0.1501,2,73.42,3.23,0
CUST_008143,meta_ads,true,2025-06-01,77.44,0.0,1,51.58,0.99,1
CUST_008186,google_ads,true,2024-05-01,124.68,0.0,1,84.04,0.99,1
CUST_008198,creator_network,false,2024-09-01,61.25,0.0,1,40.94,0.99,1
CUST_008199,direct,false,2025-04-01,84.54,0.0,1,57.08,0.99,1
CUST_008203,google_ads,true,2025-11-01,192.38,0.0,2,201.20,0.76,0
CUST_008207,creator_network,false,2024-05-01,75.87,0.0,1,50.71,0.99,1
CUST_008219,organic_search,false,2024-09-01,100.81,0.0,2,138.16,0.93,1
CUST_008225,meta_ads,true,2024-11-01,131.50,0.0,2,138.59,2.82,1
CUST_008229,direct,false,2025-04-01,70.07,0.0,1,47.63,0.99,1
CUST_008239,meta_ads,true,2025-05-01,65.78,0.15,1,31.31,0.99,1
CUST_008244,direct,false,2024-12-01,94.12,0.0,1,60.74,0.99,1
CUST_008269,google_ads,true,2025-05-01,90.43,0.1,1,-38.24,0.99,1
CUST_008327,direct,false,2024-05-01,113.61,0.0,1,72.57,0.99,1
CUST_008335,meta_ads,true,2025-08-01,100.44,0.2,1,43.29,0.99,1
CUST_008348,meta_ads,true,2024-02-01,82.78,0.0,1,-31.34,0.99,1
CUST_008363,google_ads,true,2024-08-01,111.96,0.0,1,76.03,0.99,1
CUST_008369,organic_search,false,2025-05-01,89.48,0.15,1,42.49,0.99,1
CUST_008382,google_ads,true,2024-06-01,101.43,0.15,2,133.15,1.49,1
CUST_008387,direct,false,2025-12-01,112.01,0.0,1,70.89,0.99,0
CUST_008389,organic_search,false,2025-04-01,86.45,0.1001,1,46.42,0.99,1
CUST_008419,google_ads,true,2025-08-01,106.92,0.2,1,45.58,0.99,1
CUST_008432,google_ads,true,2025-04-01,82.71,0.0,1,52.98,0.99,1
CUST_008486,meta_ads,true,2025-08-01,106.09,0.15,2,19.86,0.78,1
CUST_008488,google_ads,true,2025-03-01,104.30,0.0,1,67.65,0.99,1
CUST_008494,meta_ads,true,2025-11-01,78.46,0.0,2,77.68,1.10,0
CUST_008495,google_ads,true,2024-06-01,139.62,0.0,1,86.67,0.99,1
CUST_008497,organic_search,false,2025-12-01,86.12,0.0,1,58.34,0.99,0
CUST_008518,creator_network,false,2025-11-01,84.30,0.0,1,52.59,0.99,0
CUST_008565,google_ads,true,2025-02-01,95.60,0.0,2,115.48,0.86,1
CUST_008577,meta_ads,true,2025-06-01,88.12,0.0,1,55.53,0.99,1
CUST_008609,meta_ads,true,2025-05-01,103.43,0.0,3,104.89,4.37,1
CUST_008611,organic_search,false,2024-12-01,58.72,0.0,1,36.41,0.99,1
CUST_008628,creator_network,false,2025-10-01,87.49,0.15,2,31.46,1.32,0
CUST_008634,google_ads,true,2024-12-01,90.15,0.15,2,-81.03,1.42,1
CUST_008650,meta_ads,true,2024-07-01,38.63,0.0999,2,-16.21,3.01,1
CUST_008653,creator_network,false,2024-08-01,69.21,0.0,1,46.47,0.99,1
CUST_008668,meta_ads,true,2024-06-01,66.93,0.0,1,44.47,0.99,1
CUST_008687,google_ads,true,2024-10-01,108.03,0.1,3,44.81,4.00,1
CUST_008692,meta_ads,true,2025-06-01,128.61,0.15,1,63.28,0.99,1
CUST_008724,creator_network,false,2024-12-01,96.63,0.1,1,53.54,0.99,1
CUST_008744,meta_ads,true,2024-02-01,102.70,0.0,1,64.72,0.99,1
CUST_008759,google_ads,true,2024-07-01,146.30,0.0,1,-50.56,0.99,1
CUST_008760,direct,false,2025-02-01,112.28,0.0,2,136.69,1.14,1
CUST_008768,creator_network,false,2024-05-01,71.43,0.25,2,-2.82,0.78,1
CUST_008779,meta_ads,true,2025-08-01,63.81,0.2,1,30.61,0.99,1
CUST_008794,meta_ads,true,2025-07-01,80.43,0.1,1,44.87,0.99,1
CUST_008844,google_ads,true,2025-10-01,109.76,0.0,1,68.78,0.99,0
CUST_008845,meta_ads,true,2024-01-01,109.18,0.0,1,68.74,0.99,1
CUST_008851,meta_ads,true,2025-11-01,58.35,0.1001,1,30.41,0.99,0
CUST_008854,meta_ads,true,2025-06-01,81.44,0.1,1,-11.46,0.99,1
CUST_008863,meta_ads,true,2025-10-01,101.90,0.0,1,63.41,0.99,0
CUST_008880,direct,false,2024-07-01,88.21,0.0,1,59.46,0.99,1
CUST_008881,meta_ads,true,2025-04-01,48.36,0.1499,1,23.51,0.99,1
CUST_008919,meta_ads,true,2025-01-01,91.42,0.2,1,40.93,0.99,1
CUST_008923,google_ads,true,2025-05-01,94.75,0.0,1,63.05,0.99,1
CUST_008934,meta_ads,true,2025-06-01,63.03,0.1,1,35.18,0.99,1
CUST_008937,google_ads,true,2024-03-01,117.78,0.0,1,79.03,0.99,1
CUST_008938,organic_search,false,2025-11-01,102.73,0.0,1,65.63,0.99,0
CUST_008947,organic_search,false,2025-08-01,116.04,0.0,1,77.68,0.99,1
CUST_008951,organic_search,false,2024-09-01,120.41,0.0,1,77.61,0.99,1
CUST_008959,creator_network,false,2025-05-01,60.74,0.0999,2,71.86,0.27,1
CUST_008960,creator_network,false,2025-10-01,90.15,0.2,1,42.62,0.99,0
CUST_008987,google_ads,true,2024-11-01,114.08,0.0,1,71.83,0.99,1
CUST_009027,google_ads,true,2025-04-01,104.24,0.15,1,53.29,0.99,1
CUST_009036,organic_search,false,2025-07-01,55.43,0.2001,1,24.68,0.99,1
CUST_009116,meta_ads,true,2025-02-01,92.73,0.0,1,6.90,0.99,1
CUST_009125,google_ads,true,2024-12-01,101.64,0.15,3,188.47,2.70,1
CUST_009127,organic_search,false,2024-12-01,79.41,0.0,1,51.17,0.99,1
CUST_009134,meta_ads,true,2024-09-01,118.77,0.1,1,63.02,0.99,1
CUST_009142,google_ads,true,2024-07-01,94.10,0.0,1,63.90,0.99,1
CUST_009151,meta_ads,true,2025-03-01,91.11,0.2,1,41.53,0.99,1
CUST_009160,creator_network,false,2024-12-01,97.94,0.1,1,53.04,0.99,1
CUST_009179,creator_network,false,2025-04-01,56.68,0.0,1,35.44,0.99,1
CUST_009184,meta_ads,true,2025-06-01,68.17,0.0,1,45.57,0.99,1
CUST_009185,meta_ads,true,2025-07-01,82.76,0.0,1,52.72,0.99,1
CUST_009197,google_ads,true,2025-07-01,86.25,0.0,1,55.48,0.99,1
CUST_009200,organic_search,false,2025-04-01,112.57,0.15,1,54.94,0.99,1
CUST_009205,creator_network,false,2025-11-01,59.55,0.1001,1,3.91,0.99,0
CUST_009236,google_ads,true,2024-11-01,119.92,0.0,1,-42.57,0.99,1
CUST_009269,google_ads,true,2024-05-01,124.97,0.0,2,89.26,1.22,1
CUST_009289,creator_network,false,2024-12-01,80.40,0.0,1,52.55,0.99,1
CUST_009315,google_ads,true,2025-04-01,100.26,0.0,1,67.17,0.99,1
CUST_009316,google_ads,true,2024-04-01,156.18,0.15,1,75.77,0.99,1
CUST_009339,google_ads,true,2024-10-01,112.32,0.0,2,75.83,1.42,1
CUST_009425,creator_network,false,2025-12-01,33.17,0.1501,1,15.77,0.99,0
CUST_009445,creator_network,false,2025-02-01,64.46,0.1001,2,27.90,3.41,1
CUST_009472,google_ads,true,2025-06-01,74.73,0.1,1,40.91,0.99,1
CUST_009539,google_ads,true,2024-02-01,105.21,0.0,1,68.68,0.99,1
CUST_009570,meta_ads,true,2025-09-01,98.10,0.1499,1,50.78,0.99,1
CUST_009593,google_ads,true,2025-07-01,126.28,0.1,1,66.84,0.99,1
CUST_009598,google_ads,true,2024-11-01,92.57,0.0,1,61.96,0.99,1
CUST_009601,meta_ads,true,2024-01-01,82.68,0.0,1,55.11,0.99,1
CUST_009616,direct,false,2025-10-01,74.94,0.0,1,48.62,0.99,1
CUST_009633,google_ads,true,2024-04-01,92.41,0.1,1,53.04,0.99,1
CUST_009691,meta_ads,true,2025-12-01,53.84,0.1501,1,26.52,0.99,0
CUST_009699,google_ads,true,2025-03-01,106.16,0.15,1,54.28,0.99,1
CUST_009710,google_ads,true,2025-04-01,79.62,0.0,1,52.84,0.99,1
CUST_009725,meta_ads,true,2024-05-01,84.17,0.0,1,55.40,0.99,1
CUST_009745,creator_network,false,2024-09-01,99.99,0.0,1,66.87,0.99,1
CUST_009746,meta_ads,true,2025-06-01,119.82,0.25,4,187.51,2.90,1
CUST_009749,organic_search,false,2024-02-01,71.12,0.0,1,46.68,0.99,1
CUST_009751,direct,false,2024-11-01,78.64,0.0,2,86.23,2.38,1
CUST_009755,meta_ads,true,2024-07-01,90.34,0.2,1,-48.03,0.99,1
CUST_009762,google_ads,true,2024-05-01,105.92,0.1,1,59.76,0.99,1
CUST_009791,meta_ads,true,2024-08-01,79.13,0.1,2,16.68,0.38,1
CUST_009801,meta_ads,true,2025-08-01,84.96,0.1,1,44.87,0.99,1
CUST_009852,organic_search,false,2025-12-01,100.76,0.0,1,65.66,0.99,0
CUST_009854,organic_search,false,2025-04-01,89.94,0.0,1,57.55,0.99,1
CUST_009862,creator_network,false,2025-03-01,88.92,0.2,1,37.61,0.99,1
CUST_009876,organic_search,false,2024-03-01,122.12,0.0,1,75.92,0.99,1
CUST_009901,meta_ads,true,2024-01-01,68.63,0.1499,1,33.06,0.99,1
CUST_009910,google_ads,true,2024-02-01,123.73,0.0,1,83.40,0.99,1
CUST_009932,google_ads,true,2024-04-01,76.70,0.0,1,51.06,0.99,1
CUST_009939,meta_ads,true,2025-10-01,93.57,0.0,1,62.23,0.99,0
CUST_009945,organic_search,false,2024-09-01,88.81,0.0,1,55.61,0.99,1
CUST_009959,creator_network,false,2025-06-01,73.58,0.15,1,38.52,0.99,1
CUST_009996,creator_network,false,2025-10-01,42.27,0.0,1,28.71,0.99,0
CUST_010010,meta_ads,true,2025-08-01,95.05,0.0,1,62.08,0.99,1
CUST_010014,organic_search,false,2024-10-01,114.09,0.0,1,71.57,0.99,1
CUST_010072,direct,false,2025-09-01,144.73,0.0,1,96.58,0.99,1
CUST_010077,meta_ads,true,2024-07-01,80.02,0.0,1,52.53,0.99,1
CUST_010081,google_ads,true,2025-04-01,74.09,0.2,1,-40.68,0.99,1
CUST_010127,google_ads,true,2025-02-01,107.71,0.0,1,69.31,0.99,1
CUST_010144,meta_ads,true,2024-12-01,63.16,0.1001,1,32.94,0.99,1
CUST_010146,meta_ads,true,2025-08-01,107.75,0.0,1,67.99,0.99,1
CUST_010150,google_ads,true,2024-12-01,96.22,0.0,1,-31.72,0.99,1
CUST_010158,meta_ads,true,2024-08-01,69.61,0.0,1,47.18,0.99,1
CUST_010179,creator_network,false,2025-05-01,99.23,0.2,1,-7.16,0.99,1
CUST_010198,direct,false,2025-08-01,92.46,0.2,1,41.45,0.99,1
CUST_010215,meta_ads,true,2025-11-01,142.21,0.0,1,94.39,0.99,0
CUST_010219,meta_ads,true,2025-03-01,80.37,0.0,1,53.75,0.99,1
CUST_010297,google_ads,true,2025-10-01,96.31,0.0,1,63.32,0.99,0
CUST_010320,organic_search,false,2024-06-01,73.00,0.0,1,-24.29,0.99,1
CUST_010322,creator_network,false,2024-08-01,88.96,0.15,2,86.08,1.99,1
CUST_010330,creator_network,false,2025-10-01,97.27,0.15,1,51.34,0.99,0
CUST_010438,creator_network,false,2025-02-01,119.04,0.1,1,63.04,0.99,1
CUST_010478,meta_ads,true,2024-02-01,127.30,0.0,1,84.00,0.99,1
CUST_010481,creator_network,false,2024-08-01,45.43,0.2001,1,19.38,0.99,1
CUST_010484,meta_ads,true,2024-08-01,79.61,0.0,1,49.58,0.99,1
CUST_010503,meta_ads,true,2025-07-01,73.22,0.15,1,38.30,0.99,1
CUST_010519,meta_ads,true,2025-07-01,48.65,0.0,1,31.18,0.99,1
CUST_010542,meta_ads,true,2025-05-01,63.79,0.0,2,42.23,0.78,1
CUST_010553,google_ads,true,2025-04-01,68.27,0.0,1,45.91,0.99,1
CUST_010569,organic_search,false,2025-11-01,94.94,0.15,1,47.72,0.99,0
CUST_010582,creator_network,false,2025-12-01,110.89,0.15,1,56.17,0.99,0
CUST_010585,google_ads,true,2025-03-01,132.45,0.0,1,83.21,0.99,1
CUST_010592,meta_ads,true,2025-05-01,81.97,0.0,2,54.03,1.06,1
CUST_010618,google_ads,true,2025-10-01,107.02,0.0,1,8.34,0.99,0
CUST_010622,meta_ads,true,2024-09-01,79.97,0.0,2,84.40,0.69,1
CUST_010638,organic_search,false,2025-08-01,37.18,0.1001,1,20.67,0.99,1
CUST_010640,organic_search,false,2024-09-01,85.13,0.0,1,52.83,0.99,1
CUST_010653,google_ads,true,2025-10-01,110.21,0.0,1,-41.23,0.99,0
CUST_010660,meta_ads,true,2025-04-01,96.58,0.0,1,63.80,0.99,1
CUST_010667,google_ads,true,2024-01-01,90.42,0.0,1,59.95,0.99,1
CUST_010675,organic_search,false,2024-01-01,118.25,0.0,1,73.83,0.99,1
CUST_010678,meta_ads,true,2025-05-01,58.47,0.0,1,38.86,0.99,1
CUST_010691,creator_network,false,2025-07-01,67.02,0.15,1,-32.73,0.99,1
CUST_010694,meta_ads,true,2024-07-01,104.43,0.2,1,46.12,0.99,1
CUST_010700,meta_ads,true,2024-11-01,90.46,0.1,2,-8.59,2.03,1
CUST_010716,meta_ads,true,2024-02-01,85.52,0.0,1,57.01,0.99,1
CUST_010734,meta_ads,true,2025-05-01,82.66,0.1,1,47.50,0.99,1
CUST_010739,google_ads,true,2024-07-01,155.63,0.1,1,84.07,0.99,1
CUST_010756,organic_search,false,2025-06-01,101.29,0.0,2,68.82,1.34,1
CUST_010827,organic_search,false,2024-01-01,87.87,0.0,1,57.27,0.99,1
CUST_010835,direct,false,2025-02-01,90.33,0.0,1,58.81,0.99,1
CUST_010846,meta_ads,true,2025-10-01,55.17,0.0,2,74.67,1.60,0
CUST_010853,google_ads,true,2025-05-01,120.26,0.0,2,122.19,1.61,1
CUST_010863,meta_ads,true,2024-04-01,73.93,0.1,1,42.01,0.99,1
CUST_010864,direct,false,2025-02-01,93.38,0.0,1,62.91,0.99,1
CUST_010878,creator_network,false,2025-03-01,78.50,0.0,1,51.05,0.99,1
CUST_010896,meta_ads,true,2024-05-01,102.67,0.1,2,-16.28,0.40,1
CUST_010917,organic_search,false,2024-04-01,88.39,0.0,1,54.90,0.99,1
CUST_010921,google_ads,true,2025-07-01,105.26,0.0,1,67.78,0.99,1
CUST_010932,google_ads,true,2024-11-01,134.68,0.0,1,31.80,0.99,1
CUST_010962,meta_ads,true,2025-03-01,98.27,0.0,1,64.68,0.99,1
CUST_010971,google_ads,true,2024-12-01,99.73,0.0,1,-35.11,0.99,1
CUST_010974,google_ads,true,2025-06-01,82.76,0.1,1,47.57,0.99,1
CUST_010981,meta_ads,true,2025-07-01,78.63,0.0,1,48.86,0.99,1
CUST_010991,creator_network,false,2025-06-01,76.11,0.0,1,49.62,0.99,1
CUST_010997,creator_network,false,2025-11-01,49.05,0.0999,2,70.18,0.98,0
CUST_011004,creator_network,false,2024-10-01,62.11,0.1501,2,58.29,1.89,1
CUST_011046,google_ads,true,2025-07-01,96.89,0.0,3,41.99,0.91,1
CUST_011074,google_ads,true,2024-02-01,123.15,0.0,1,79.22,0.99,1
CUST_011076,organic_search,false,2025-03-01,108.75,0.15,1,55.65,0.99,1
CUST_011077,meta_ads,true,2024-12-01,60.61,0.0,1,38.15,0.99,1
CUST_011083,creator_network,false,2024-12-01,87.97,0.0,1,-31.27,0.99,1
CUST_011093,meta_ads,true,2024-02-01,72.33,0.2001,2,86.61,1.06,1
CUST_011133,google_ads,true,2024-10-01,167.58,0.0,1,105.52,0.99,1
CUST_011134,google_ads,true,2025-06-01,78.11,0.0,1,51.15,0.99,1
CUST_011136,meta_ads,true,2024-06-01,99.50,0.2,1,41.95,0.99,1
CUST_011157,meta_ads,true,2025-11-01,100.53,0.0,1,68.09,0.99,0
CUST_011165,google_ads,true,2024-10-01,94.36,0.0,1,62.69,0.99,1
CUST_011194,direct,false,2025-05-01,70.80,0.0,1,-22.88,0.99,1
CUST_011213,google_ads,true,2025-06-01,87.36,0.0,1,56.18,0.99,1
CUST_011231,organic_search,false,2025-09-01,97.97,0.0,1,64.00,0.99,1
CUST_011234,creator_network,false,2025-05-01,68.53,0.0,2,80.17,1.59,1
CUST_011268,google_ads,true,2024-07-01,88.97,0.0,1,55.17,0.99,1
CUST_011270,meta_ads,true,2024-09-01,69.35,0.0,1,46.64,0.99,1
CUST_011294,creator_network,false,2025-07-01,77.85,0.0999,1,41.18,0.99,1
CUST_011306,creator_network,false,2024-02-01,72.95,0.1001,1,38.57,0.99,1
CUST_011313,google_ads,true,2025-02-01,101.94,0.0,1,66.91,0.99,1
CUST_011334,meta_ads,true,2025-07-01,108.44,0.1,1,59.16,0.99,1
CUST_011337,meta_ads,true,2024-10-01,124.77,0.15,1,22.43,0.99,1
CUST_011351,google_ads,true,2024-12-01,116.06,0.1,1,65.93,0.99,1
CUST_011383,google_ads,true,2025-05-01,117.03,0.0,1,76.52,0.99,1
CUST_011402,direct,false,2025-01-01,90.45,0.0,2,84.69,1.48,1
CUST_011427,meta_ads,true,2024-04-01,79.01,0.0,2,103.60,5.99,1
CUST_011443,meta_ads,true,2024-07-01,62.84,0.1501,1,31.53,0.99,1
CUST_011444,meta_ads,true,2025-01-01,92.43,0.0,1,62.67,0.99,1
CUST_011448,creator_network,false,2024-12-01,60.39,0.1,1,32.95,0.99,1
CUST_011499,meta_ads,true,2024-09-01,99.29,0.15,1,48.14,0.99,1
CUST_011503,meta_ads,true,2025-06-01,82.25,0.15,1,42.62,0.99,1
CUST_011520,meta_ads,true,2025-10-01,121.46,0.0,1,81.22,0.99,0
CUST_011530,direct,false,2025-06-01,109.97,0.0,4,236.31,2.16,1
CUST_011536,creator_network,false,2025-10-01,85.81,0.0,1,56.03,0.99,0
CUST_011565,meta_ads,true,2025-09-01,55.50,0.0,2,111.72,2.98,0
CUST_011574,meta_ads,true,2024-09-01,88.30,0.0,1,60.01,0.99,1
CUST_011595,creator_network,false,2025-10-01,80.48,0.1,1,42.84,0.99,0
CUST_011661,direct,false,2025-10-01,93.57,0.0,1,59.32,0.99,0
CUST_011674,google_ads,true,2025-11-01,85.37,0.0,1,55.14,0.99,0
CUST_011703,direct,false,2024-04-01,96.49,0.0,1,62.84,0.99,1
CUST_011719,organic_search,false,2024-08-01,94.70,0.0,4,201.66,7.62,1
CUST_011738,meta_ads,true,2025-06-01,112.38,0.1,1,62.16,0.99,1
CUST_011752,direct,false,2025-10-01,74.34,0.0,1,47.94,0.99,0
CUST_011757,creator_network,false,2025-09-01,85.49,0.15,1,42.54,0.99,1
CUST_011836,creator_network,false,2024-04-01,76.71,0.15,1,36.99,0.99,1
CUST_011843,creator_network,false,2025-10-01,91.93,0.0,1,-30.27,0.99,0
CUST_011844,google_ads,true,2025-06-01,108.97,0.0,2,169.33,0.65,1
CUST_011857,creator_network,false,2025-03-01,94.42,0.0,1,60.93,0.99,1
CUST_011878,meta_ads,true,2025-01-01,109.81,0.0,1,73.12,0.99,1
CUST_011915,creator_network,false,2025-11-01,70.94,0.0999,2,74.90,1.44,0
CUST_011959,meta_ads,true,2025-03-01,91.19,0.0,2,94.09,1.12,1
CUST_011971,meta_ads,true,2024-04-01,116.03,0.0,1,75.25,0.99,1
CUST_011982,meta_ads,true,2024-01-01,89.08,0.2,1,-51.01,0.99,1
CUST_012030,direct,false,2024-10-01,97.15,0.0,1,60.81,0.99,1
CUST_012049,direct,false,2025-09-01,125.58,0.0,2,136.84,0.27,1
CUST_012064,creator_network,false,2025-06-01,91.33,0.15,1,45.28,0.99,1
CUST_012069,direct,false,2025-10-01,65.36,0.2,1,29.95,0.99,0
CUST_012087,meta_ads,true,2025-05-01,62.38,0.0,1,39.70,0.99,1
CUST_012091,google_ads,true,2024-09-01,141.60,0.0,1,89.91,0.99,1
CUST_012096,creator_network,false,2024-06-01,74.45,0.0,1,47.11,0.99,1
CUST_012099,google_ads,true,2025-08-01,114.97,0.0,1,73.27,0.99,1
CUST_012103,google_ads,true,2025-12-01,84.31,0.0,1,53.00,0.99,0
CUST_012129,direct,false,2025-06-01,81.36,0.0,2,107.35,2.73,1
CUST_012169,meta_ads,true,2025-04-01,47.89,0.0,1,-17.35,0.99,1
CUST_012205,creator_network,false,2024-03-01,87.10,0.1,1,48.17,0.99,1
CUST_012211,google_ads,true,2025-05-01,77.59,0.0,1,51.07,0.99,1
CUST_012220,meta_ads,true,2024-10-01,83.14,0.0,1,54.69,0.99,1
CUST_012224,google_ads,true,2025-02-01,82.38,0.0,1,54.85,0.99,1
CUST_012263,meta_ads,true,2025-08-01,77.01,0.1,2,96.67,0.65,1
CUST_012264,google_ads,true,2024-04-01,74.22,0.0,1,50.04,0.99,1
CUST_012277,creator_network,false,2025-08-01,70.51,0.15,1,34.09,0.99,1
CUST_012282,google_ads,true,2025-12-01,121.08,0.0,1,79.54,0.99,0
CUST_012291,meta_ads,true,2025-01-01,75.41,0.0,1,48.96,0.99,1
CUST_012308,meta_ads,true,2025-12-01,79.23,0.1499,1,39.17,0.99,0
CUST_012313,meta_ads,true,2024-11-01,71.00,0.0,1,47.17,0.99,1
CUST_012316,organic_search,false,2024-07-01,96.04,0.15,3,155.20,2.62,1
CUST_012324,meta_ads,true,2025-04-01,86.79,0.0,1,55.66,0.99,1
CUST_012354,google_ads,true,2024-10-01,130.74,0.0,1,81.84,0.99,1
CUST_012367,google_ads,true,2025-09-01,106.71,0.0,1,69.50,0.99,1
CUST_012368,direct,false,2024-11-01,65.92,0.0,2,34.47,0.50,1
CUST_012400,meta_ads,true,2024-08-01,118.78,0.15,2,103.13,0.62,1
CUST_012405,organic_search,false,2025-12-01,102.47,0.15,1,51.51,0.99,0
CUST_012416,google_ads,true,2024-04-01,91.07,0.0,1,60.38,0.99,1
CUST_012438,organic_search,false,2024-10-01,92.50,0.0,1,59.05,0.99,1
CUST_012446,direct,false,2024-01-01,119.06,0.0,3,77.02,1.00,1
CUST_012483,creator_network,false,2024-07-01,67.71,0.0,1,43.24,0.99,1
CUST_000008,direct,false,2025-10-01,125.13,0.0,1,-43.81,0.99,0
CUST_000011,meta_ads,true,2024-01-01,43.36,0.0,1,26.98,0.99,1
CUST_000016,google_ads,true,2024-06-01,97.68,0.0,1,65.93,0.99,1
CUST_000038,creator_network,false,2024-04-01,84.52,0.15,1,43.69,0.99,1
CUST_000041,meta_ads,true,2024-04-01,93.04,0.1,1,48.65,0.99,1
CUST_000044,meta_ads,true,2025-11-01,77.35,0.1001,1,40.63,0.99,0
CUST_000048,creator_network,false,2025-03-01,96.81,0.0,1,65.69,0.99,1
CUST_000081,organic_search,false,2025-10-01,138.17,0.0,1,90.03,0.99,0
CUST_000090,creator_network,false,2025-02-01,64.92,0.15,1,-2.39,0.99,1
CUST_000093,google_ads,true,2025-08-01,116.66,0.2,1,53.74,0.99,1
CUST_000095,meta_ads,true,2025-08-01,84.35,0.0,1,52.87,0.99,1
CUST_000109,organic_search,false,2024-08-01,119.60,0.0,1,-43.12,0.99,1
CUST_000119,meta_ads,true,2025-10-01,107.37,0.0,1,71.29,0.99,0
CUST_000138,organic_search,false,2025-07-01,86.19,0.0,1,57.46,0.99,1
CUST_000139,google_ads,true,2024-11-01,125.40,0.15,1,63.77,0.99,1
CUST_000147,meta_ads,true,2025-05-01,87.10,0.0,1,25.46,0.99,1
CUST_000163,creator_network,false,2025-05-01,67.37,0.1501,1,32.66,0.99,1
CUST_000178,creator_network,false,2024-12-01,56.16,0.1001,1,29.78,0.99,1
CUST_000180,meta_ads,true,2024-05-01,78.95,0.15,1,41.62,0.99,1
CUST_000183,google_ads,true,2025-11-01,94.62,0.15,1,45.34,0.99,0
CUST_000212,meta_ads,true,2025-07-01,123.49,0.0,1,79.71,0.99,1
CUST_000221,google_ads,true,2025-06-01,89.66,0.0,2,122.85,1.46,1
CUST_000226,direct,false,2024-08-01,78.41,0.0,2,96.81,1.47,1
CUST_000263,google_ads,true,2024-05-01,110.71,0.0,1,68.97,0.99,1
CUST_000274,meta_ads,true,2025-11-01,60.99,0.0,1,40.00,0.99,0
CUST_000283,meta_ads,true,2024-11-01,57.45,0.0,1,38.30,0.99,1
CUST_000298,google_ads,true,2024-07-01,107.16,0.0,1,72.40,0.99,1
CUST_000328,meta_ads,true,2025-05-01,111.55,0.0,1,69.90,0.99,1
CUST_000351,meta_ads,true,2025-02-01,69.74,0.0,1,46.02,0.99,1
CUST_000378,creator_network,false,2024-01-01,81.65,0.1001,1,42.83,0.99,1
CUST_000426,meta_ads,true,2025-03-01,104.98,0.0,1,67.50,0.99,1
CUST_000437,google_ads,true,2024-03-01,64.11,0.0,1,41.19,0.99,1
CUST_000439,meta_ads,true,2025-07-01,78.74,0.2,1,33.33,0.99,1
CUST_000474,meta_ads,true,2025-10-01,70.44,0.0999,1,39.76,0.99,1
CUST_000482,google_ads,true,2025-07-01,137.73,0.0,1,33.49,0.99,1
CUST_000492,google_ads,true,2025-05-01,135.38,0.0,4,299.49,2.97,1
CUST_000509,meta_ads,true,2025-12-01,114.65,0.15,1,57.14,0.99,0
CUST_000540,organic_search,false,2024-05-01,118.68,0.0,1,76.67,0.99,1
CUST_000553,direct,false,2025-04-01,65.62,0.0,1,41.89,0.99,1
CUST_000557,meta_ads,true,2024-05-01,89.79,0.1,1,50.11,0.99,1
CUST_000562,meta_ads,true,2024-07-01,94.01,0.0,2,110.20,1.58,1
CUST_000582,meta_ads,true,2025-12-01,93.86,0.0,1,-31.51,0.99,0
CUST_000597,meta_ads,true,2025-06-01,74.98,0.2001,1,35.00,0.99,1
CUST_000606,google_ads,true,2025-01-01,146.37,0.0,1,-51.96,0.99,1
CUST_000612,google_ads,true,2025-09-01,80.92,0.0,1,54.05,0.99,1
CUST_000653,meta_ads,true,2025-04-01,122.28,0.0,2,130.03,2.65,1
CUST_000677,creator_network,false,2024-04-01,75.41,0.15,2,81.39,1.22,1
CUST_000689,direct,false,2025-08-01,132.27,0.0,1,-46.84,0.99,1
CUST_000711,creator_network,false,2025-08-01,46.39,0.0,2,68.24,2.03,0
CUST_000736,direct,false,2025-10-01,91.73,0.0,1,62.17,0.99,0
CUST_000748,meta_ads,true,2025-03-01,54.43,0.1499,1,-6.74,0.99,1
CUST_000757,meta_ads,true,2025-05-01,100.76,0.1,1,-45.72,0.99,1
CUST_000775,creator_network,false,2025-09-01,48.92,0.15,1,25.32,0.99,1
CUST_000794,meta_ads,true,2025-05-01,94.65,0.15,1,49.39,0.99,1
CUST_000811,meta_ads,true,2025-12-01,84.90,0.0,1,54.11,0.99,0
CUST_000842,meta_ads,true,2025-06-01,126.89,0.0,1,79.55,0.99,1
CUST_000870,google_ads,true,2025-12-01,93.00,0.0,1,62.26,0.99,0
CUST_000879,google_ads,true,2024-01-01,98.94,0.0,1,6.03,0.99,1
CUST_000908,organic_search,false,2024-11-01,112.13,0.1,2,64.67,2.36,1
CUST_000932,direct,false,2025-09-01,126.69,0.15,2,123.53,0.34,0
CUST_000964,creator_network,false,2024-12-01,83.95,0.2,1,35.39,0.99,1
CUST_000982,meta_ads,true,2025-08-01,78.35,0.0,1,51.84,0.99,1
CUST_000987,google_ads,true,2025-06-01,126.85,0.0,1,-46.30,0.99,1
CUST_000989,meta_ads,true,2024-08-01,85.08,0.0,1,26.36,0.99,1
CUST_000992,meta_ads,true,2025-07-01,117.61,0.1,1,64.72,0.99,1
CUST_001016,google_ads,true,2025-11-01,113.31,0.0,1,76.83,0.99,0
CUST_001049,organic_search,false,2025-10-01,34.71,0.0,1,22.01,0.99,0
CUST_001065,google_ads,true,2024-12-01,123.33,0.0,1,82.12,0.99,1
CUST_001091,meta_ads,true,2025-11-01,51.08,0.15,1,24.36,0.99,0
CUST_001101,meta_ads,true,2024-02-01,47.25,0.1001,1,25.03,0.99,1
CUST_001142,google_ads,true,2024-11-01,89.79,0.0,1,58.70,0.99,1
CUST_001144,google_ads,true,2025-04-01,84.75,0.0,1,53.63,0.99,1
CUST_001165,google_ads,true,2024-06-01,126.36,0.0,2,134.37,2.47,1
CUST_001199,meta_ads,true,2025-08-01,75.44,0.0,1,49.00,0.99,1
CUST_001215,meta_ads,true,2025-07-01,102.78,0.0,1,68.95,0.99,1
CUST_001222,creator_network,false,2024-05-01,74.69,0.0,2,93.28,0.31,1
CUST_001234,creator_network,false,2024-02-01,69.10,0.2,1,31.97,0.99,1
CUST_001237,organic_search,false,2025-10-01,141.99,0.0,1,93.38,0.99,0
CUST_001241,meta_ads,true,2025-10-01,64.20,0.0,1,42.88,0.99,0
CUST_001245,meta_ads,true,2025-08-01,99.18,0.0,1,66.12,0.99,1
CUST_001282,meta_ads,true,2025-07-01,100.57,0.0,1,62.68,0.99,1
CUST_001289,creator_network,false,2024-02-01,72.72,0.1999,1,-39.80,0.99,1
CUST_001315,google_ads,true,2025-01-01,128.65,0.0,1,82.20,0.99,1
CUST_001319,creator_network,false,2024-03-01,95.15,0.0,3,148.78,2.12,1
CUST_001328,meta_ads,true,2025-08-01,101.40,0.0,1,63.02,0.99,1
CUST_001344,meta_ads,true,2025-07-01,88.49,0.25,1,-22.91,0.99,1
CUST_001353,direct,false,2025-01-01,77.41,0.0,3,146.54,2.35,1
CUST_001377,google_ads,true,2025-01-01,70.86,0.1001,1,37.03,0.99,1
CUST_001428,meta_ads,true,2025-12-01,55.62,0.1999,1,-29.89,0.99,0
CUST_001472,google_ads,true,2025-07-01,97.08,0.0,1,62.07,0.99,1
CUST_001477,google_ads,true,2025-09-01,100.83,0.1,1,56.14,0.99,1
CUST_001510,direct,false,2025-08-01,142.86,0.0,2,160.93,1.79,0
CUST_001513,meta_ads,true,2025-12-01,99.12,0.15,1,46.75,0.99,0
CUST_001533,organic_search,false,2025-07-01,127.54,0.0,1,83.43,0.99,1
CUST_001534,meta_ads,true,2024-09-01,87.44,0.0,1,57.70,0.99,1
CUST_001546,meta_ads,true,2025-02-01,89.07,0.1,1,46.44,0.99,1
CUST_001577,google_ads,true,2024-01-01,120.09,0.0,1,30.82,0.99,1
CUST_001595,creator_network,false,2025-07-01,51.45,0.0,1,34.15,0.99,1
CUST_001616,meta_ads,true,2025-06-01,139.03,0.0,1,92.74,0.99,1
CUST_001645,google_ads,true,2024-03-01,137.81,0.0,2,156.84,1.13,1
CUST_001676,organic_search,false,2024-10-01,74.10,0.0,1,13.33,0.99,1
CUST_001685,google_ads,true,2024-05-01,106.36,0.0,1,66.46,0.99,1
CUST_001722,direct,false,2024-04-01,145.52,0.0,1,90.58,0.99,1
CUST_001732,creator_network,false,2025-05-01,79.27,0.1,3,49.60,1.58,1
CUST_001736,direct,false,2025-10-01,70.87,0.0,1,45.33,0.99,1
CUST_001787,meta_ads,true,2025-05-01,129.93,0.0,2,102.91,2.64,1
CUST_001789,creator_network,false,2024-03-01,85.47,0.1,1,-36.82,0.99,1
CUST_001799,google_ads,true,2024-03-01,160.16,0.0,2,85.18,0.70,1
CUST_001809,meta_ads,true,2024-06-01,105.01,0.0,1,-38.72,0.99,1
CUST_001831,meta_ads,true,2025-12-01,77.37,0.1,1,2.32,0.99,0
CUST_001837,google_ads,true,2024-05-01,94.08,0.1,1,54.19,0.99,1
CUST_001866,google_ads,true,2025-11-01,88.28,0.0,2,114.26,1.03,0
CUST_001901,meta_ads,true,2025-04-01,63.09,0.1499,1,31.79,0.99,1
CUST_001942,google_ads,true,2024-10-01,126.94,0.1,1,71.46,0.99,1
CUST_001994,meta_ads,true,2024-05-01,54.54,0.0,1,36.04,0.99,1
CUST_002001,creator_network,false,2024-08-01,109.55,0.15,1,52.40,0.99,1
CUST_002013,meta_ads,true,2025-11-01,79.74,0.0,1,51.11,0.99,0
CUST_002040,meta_ads,true,2024-08-01,75.08,0.0,1,47.17,0.99,1
CUST_002066,meta_ads,true,2025-08-01,108.84,0.15,1,54.78,0.99,1
CUST_002117,meta_ads,true,2025-01-01,90.16,0.0,1,58.81,0.99,1
CUST_002124,organic_search,false,2024-12-01,124.20,0.15,1,63.90,0.99,1
CUST_002135,google_ads,true,2025-07-01,145.15,0.0,1,92.53,0.99,1
CUST_002157,creator_network,false,2024-05-01,99.76,0.2,1,44.49,0.99,1
CUST_002188,creator_network,false,2025-08-01,93.71,0.1,1,-41.53,0.99,1
CUST_002246,google_ads,true,2025-03-01,91.28,0.0,2,34.49,0.57,1
CUST_002257,google_ads,true,2025-03-01,95.28,0.0,1,61.09,0.99,1
CUST_002266,meta_ads,true,2025-05-01,81.29,0.0,1,54.57,0.99,1
CUST_002275,organic_search,false,2025-12-01,92.07,0.0,1,59.47,0.99,0
CUST_002278,meta_ads,true,2025-02-01,105.47,0.15,1,49.85,0.99,1
CUST_002305,meta_ads,true,2025-11-01,120.76,0.15,1,63.96,0.99,0
CUST_002307,meta_ads,true,2024-03-01,88.60,0.0,2,94.58,4.84,1
CUST_002310,direct,false,2024-11-01,123.48,0.1,1,70.60,0.99,1
CUST_002322,meta_ads,true,2025-07-01,83.40,0.0,1,51.93,0.99,1
CUST_002330,organic_search,false,2024-02-01,103.40,0.0,2,147.35,1.26,1
CUST_002367,creator_network,false,2024-04-01,123.00,0.1,2,100.98,0.77,1
CUST_002370,google_ads,true,2025-07-01,131.05,0.0,1,87.88,0.99,1
CUST_002408,google_ads,true,2024-07-01,109.27,0.0,1,68.94,0.99,1
CUST_002436,direct,false,2024-12-01,74.24,0.0,2,103.88,1.10,1
CUST_002455,google_ads,true,2025-04-01,131.27,0.0,1,82.58,0.99,1
CUST_002459,google_ads,true,2025-02-01,73.01,0.0,1,46.74,0.99,1
CUST_002480,creator_network,false,2025-09-01,59.53,0.0999,1,34.19,0.99,1
CUST_002482,meta_ads,true,2025-10-01,75.62,0.0,1,51.21,0.99,0
CUST_002494,google_ads,true,2024-12-01,138.56,0.0,1,88.98,0.99,1
CUST_002505,meta_ads,true,2024-07-01,105.90,0.0,1,-35.36,0.99,1
CUST_002510,meta_ads,true,2025-11-01,75.58,0.0,1,-25.53,0.99,0
CUST_002525,meta_ads,true,2025-09-01,109.26,0.1,1,60.04,0.99,1
CUST_002526,organic_search,false,2024-09-01,135.37,0.0,2,146.06,0.27,1
CUST_002532,direct,false,2025-09-01,119.82,0.0,1,79.79,0.99,1
CUST_002541,google_ads,true,2025-06-01,118.08,0.1,1,63.42,0.99,1
CUST_002549,meta_ads,true,2024-12-01,84.45,0.0999,1,48.59,0.99,1
CUST_002556,creator_network,false,2025-12-01,63.15,0.1001,1,36.36,0.99,0
CUST_002587,organic_search,false,2024-03-01,110.83,0.0,1,69.35,0.99,1
CUST_002609,google_ads,true,2025-07-01,112.51,0.0,1,72.28,0.99,1
CUST_002610,meta_ads,true,2024-03-01,80.32,0.0,1,51.05,0.99,1
CUST_002613,organic_search,false,2024-08-01,116.01,0.0,1,78.85,0.99,1
CUST_002621,google_ads,true,2025-08-01,151.60,0.15,1,76.35,0.99,1
CUST_002644,google_ads,true,2025-06-01,99.87,0.1,1,52.06,0.99,1
CUST_002675,direct,false,2025-10-01,96.30,0.0,1,64.22,0.99,0
CUST_002682,meta_ads,true,2025-09-01,97.02,0.0,1,62.98,0.99,1
CUST_002686,creator_network,false,2024-01-01,94.03,0.1,1,51.38,0.99,1
CUST_002698,organic_search,false,2024-10-01,120.09,0.0,2,119.54,0.31,1
CUST_002705,google_ads,true,2025-08-01,125.22,0.25,1,46.50,0.99,1
CUST_002718,meta_ads,true,2025-12-01,67.58,0.0,1,44.60,0.99,0
CUST_002722,direct,false,2025-08-01,39.66,0.0,1,25.82,0.99,1
CUST_002726,meta_ads,true,2024-10-01,66.68,0.0,1,42.44,0.99,1
CUST_002733,organic_search,false,2024-02-01,134.69,0.0,2,146.16,1.29,1
CUST_002734,google_ads,true,2025-12-01,82.36,0.0,1,54.96,0.99,0
CUST_002786,creator_network,false,2024-08-01,116.28,0.1,1,64.31,0.99,1
CUST_002787,creator_network,false,2025-12-01,91.52,0.1,1,49.95,0.99,0
CUST_002809,organic_search,false,2025-02-01,139.04,0.0,1,88.80,0.99,1
CUST_002825,meta_ads,true,2024-10-01,114.41,0.0,2,136.23,3.13,1
CUST_002846,organic_search,false,2024-11-01,103.25,0.1,1,55.70,0.99,1
CUST_002861,organic_search,false,2025-10-01,78.88,0.0,1,9.14,0.99,0
CUST_002869,meta_ads,true,2024-09-01,57.94,0.0,1,36.36,0.99,1
CUST_002880,meta_ads,true,2024-06-01,69.88,0.0,2,18.06,0.84,1
CUST_002903,organic_search,false,2024-01-01,59.17,0.0,1,40.06,0.99,1
CUST_002905,direct,false,2025-03-01,122.97,0.0,1,26.50,0.99,1
CUST_002911,creator_network,false,2024-08-01,88.27,0.15,1,44.32,0.99,1
CUST_002970,organic_search,false,2025-02-01,102.87,0.0,1,64.07,0.99,1
CUST_002974,meta_ads,true,2025-07-01,78.30,0.1499,2,92.34,3.77,0
CUST_002999,meta_ads,true,2024-09-01,51.93,0.2001,1,-27.04,0.99,1
CUST_003014,creator_network,false,2024-11-01,74.56,0.1001,1,39.46,0.99,1
CUST_003017,meta_ads,true,2025-07-01,113.35,0.0,1,70.41,0.99,1
CUST_003024,organic_search,false,2024-10-01,86.19,0.0,1,55.56,0.99,1
CUST_003058,organic_search,false,2024-03-01,79.00,0.0,2,85.59,2.25,1
CUST_003064,meta_ads,true,2025-05-01,112.64,0.0,2,45.44,1.58,1
CUST_003104,organic_search,false,2025-01-01,87.83,0.0,1,56.25,0.99,1
CUST_003120,google_ads,true,2024-07-01,92.50,0.0,1,58.50,0.99,1
CUST_003124,creator_network,false,2025-01-01,91.54,0.15,1,48.04,0.99,1
CUST_003125,google_ads,true,2025-07-01,81.95,0.2,1,38.19,0.99,1
CUST_003128,organic_search,false,2024-03-01,103.22,0.0,1,69.99,0.99,1
CUST_003131,google_ads,true,2025-09-01,102.85,0.1,1,54.01,0.99,1
CUST_003140,creator_network,false,2024-03-01,88.75,0.15,1,43.01,0.99,1
CUST_003152,meta_ads,true,2024-08-01,58.39,0.2,1,-33.54,0.99,1
CUST_003153,creator_network,false,2025-07-01,81.04,0.15,1,-38.44,0.99,1
CUST_003158,direct,false,2024-03-01,72.14,0.0,1,47.89,0.99,1
CUST_003161,meta_ads,true,2025-01-01,88.63,0.2,1,42.26,0.99,1
CUST_003163,google_ads,true,2024-09-01,79.41,0.0,1,53.72,0.99,1
CUST_003205,meta_ads,true,2025-06-01,87.97,0.1,2,115.40,1.93,1
CUST_003216,organic_search,false,2024-04-01,65.72,0.15,3,106.28,2.38,1
CUST_003238,creator_network,false,2025-12-01,86.39,0.15,1,43.40,0.99,0
CUST_003249,meta_ads,true,2025-10-01,104.61,0.1,1,10.87,0.99,1
CUST_003254,google_ads,true,2024-04-01,46.83,0.0,1,30.21,0.99,1
CUST_003317,creator_network,false,2025-02-01,39.64,0.25,1,15.29,0.99,1
CUST_003318,direct,false,2024-01-01,122.81,0.15,1,62.52,0.99,1
CUST_003319,meta_ads,true,2025-09-01,123.56,0.1,1,67.68,0.99,1
CUST_003351,meta_ads,true,2024-07-01,114.28,0.15,1,55.18,0.99,1
CUST_003366,meta_ads,true,2025-05-01,74.65,0.0,1,46.55,0.99,1
CUST_003385,creator_network,false,2024-02-01,66.98,0.15,1,35.33,0.99,1
CUST_003391,meta_ads,true,2024-10-01,82.26,0.0,1,54.62,0.99,1
CUST_003400,meta_ads,true,2025-04-01,63.33,0.1,2,94.02,1.64,1
CUST_003419,organic_search,false,2024-08-01,110.51,0.0,2,131.40,1.38,1
CUST_003439,meta_ads,true,2025-11-01,65.39,0.0,1,-23.99,0.99,0
CUST_003455,meta_ads,true,2025-11-01,75.35,0.0,1,48.79,0.99,0
CUST_003457,creator_network,false,2025-02-01,110.51,0.0,1,71.36,0.99,1
CUST_003459,google_ads,true,2025-07-01,86.21,0.0,1,56.29,0.99,1
CUST_003462,creator_network,false,2024-05-01,68.33,0.15,1,34.92,0.99,1
CUST_003511,meta_ads,true,2024-10-01,63.43,0.1499,1,31.84,0.99,1
CUST_003519,direct,false,2024-03-01,124.79,0.0,1,79.83,0.99,1
CUST_003534,google_ads,true,2024-09-01,103.19,0.0,1,68.23,0.99,1
CUST_003535,creator_network,false,2024-08-01,57.81,0.0,2,-8.79,1.34,1
CUST_003557,meta_ads,true,2024-09-01,93.30,0.1501,1,46.06,0.99,1
CUST_003575,organic_search,false,2025-10-01,107.52,0.0,1,72.77,0.99,0
CUST_003586,organic_search,false,2024-10-01,81.26,0.0,1,51.60,0.99,1
CUST_003594,google_ads,true,2025-04-01,107.29,0.1,2,137.87,0.87,1
CUST_003603,google_ads,true,2024-06-01,121.88,0.15,2,134.55,0.94,1
CUST_003608,creator_network,false,2024-09-01,81.46,0.0,1,53.56,0.99,1
CUST_003617,direct,false,2025-04-01,75.07,0.0,1,48.25,0.99,1
CUST_003643,organic_search,false,2025-02-01,89.43,0.0,1,56.08,0.99,1
CUST_003645,google_ads,true,2025-08-01,113.00,0.1,3,169.42,3.24,0
CUST_003646,meta_ads,true,2024-05-01,94.29,0.0,1,60.79,0.99,1
CUST_003659,meta_ads,true,2025-05-01,78.55,0.15,1,38.39,0.99,1
CUST_003681,organic_search,false,2025-08-01,99.82,0.0,1,67.24,0.99,1
CUST_003688,organic_search,false,2024-12-01,63.41,0.1,1,35.57,0.99,1
CUST_003716,google_ads,true,2024-10-01,104.81,0.0,1,67.54,0.99,1
CUST_003719,direct,false,2025-01-01,84.36,0.0,1,55.61,0.99,1
CUST_003739,google_ads,true,2025-08-01,121.27,0.0,1,80.85,0.99,1
CUST_003763,direct,false,2025-03-01,99.25,0.0,1,65.77,0.99,1
CUST_003768,google_ads,true,2025-01-01,124.91,0.0,1,81.61,0.99,1
CUST_003776,meta_ads,true,2025-11-01,55.48,0.0,1,37.56,0.99,0
CUST_003800,creator_network,false,2025-04-01,73.69,0.1,1,38.66,0.99,1
CUST_003805,google_ads,true,2024-08-01,126.77,0.0,1,81.74,0.99,1
CUST_003816,google_ads,true,2025-04-01,77.26,0.0,1,48.52,0.99,1
CUST_003846,google_ads,true,2025-06-01,131.25,0.0,1,86.51,0.99,1
CUST_003860,organic_search,false,2025-09-01,109.27,0.0,1,27.69,0.99,1
CUST_003866,google_ads,true,2024-11-01,61.22,0.0,1,38.63,0.99,1
CUST_003867,creator_network,false,2024-12-01,80.63,0.1499,1,-39.44,0.99,1
CUST_003869,google_ads,true,2025-06-01,167.31,0.0,1,108.45,0.99,1
CUST_003873,google_ads,true,2024-06-01,118.13,0.15,1,60.83,0.99,1
CUST_003891,meta_ads,true,2025-08-01,77.64,0.0999,1,43.83,0.99,1
CUST_003900,direct,false,2025-10-01,99.66,0.2,1,44.84,0.99,0
CUST_003912,creator_network,false,2024-09-01,86.82,0.15,1,3.71,0.99,1
CUST_003939,creator_network,false,2024-06-01,92.62,0.0,1,58.22,0.99,1
CUST_003953,meta_ads,true,2025-12-01,93.53,0.0,1,-34.06,0.99,0
CUST_003991,meta_ads,true,2024-03-01,73.37,0.0,1,49.45,0.99,1
CUST_003999,meta_ads,true,2025-03-01,88.79,0.1,1,50.36,0.99,1
CUST_004004,google_ads,true,2024-05-01,75.10,0.0,1,49.73,0.99,1
CUST_004040,organic_search,false,2025-04-01,137.18,0.0,1,91.97,0.99,1
CUST_004046,google_ads,true,2025-01-01,125.93,0.15,1,63.46,0.99,1
CUST_004061,meta_ads,true,2024-09-01,133.21,0.1,1,71.96,0.99,1
CUST_004072,meta_ads,true,2025-06-01,119.32,0.0,1,74.80,0.99,1
CUST_004076,direct,false,2025-04-01,94.44,0.0,1,60.93,0.99,1
CUST_004082,google_ads,true,2024-08-01,94.47,0.15,1,45.21,0.99,1
CUST_004105,meta_ads,true,2024-09-01,71.56,0.2,1,31.83,0.99,1
CUST_004124,organic_search,false,2025-11-01,104.42,0.0,1,65.75,0.99,0
CUST_004136,google_ads,true,2024-01-01,86.53,0.1,1,49.18,0.99,1
CUST_004148,meta_ads,true,2024-12-01,116.24,0.15,1,59.22,0.99,1
CUST_004153,google_ads,true,2025-07-01,105.91,0.0,1,71.09,0.99,1
CUST_004163,organic_search,false,2025-03-01,120.46,0.0,1,79.62,0.99,1
CUST_004180,google_ads,true,2024-10-01,113.58,0.2,1,-29.30,0.99,1
CUST_004197,creator_network,false,2024-01-01,87.42,0.15,1,43.67,0.99,1
CUST_004198,google_ads,true,2024-09-01,104.86,0.0,1,65.02,0.99,1
CUST_004213,google_ads,true,2025-03-01,128.42,0.0,1,84.28,0.99,1
CUST_004227,meta_ads,true,2024-11-01,63.64,0.1501,1,32.25,0.99,1
CUST_004230,google_ads,true,2024-06-01,115.63,0.0,1,77.37,0.99,1
CUST_004233,meta_ads,true,2024-11-01,91.52,0.0,2,133.53,1.08,1
CUST_004243,creator_network,false,2025-08-01,94.03,0.15,1,45.57,0.99,1
CUST_004248,meta_ads,true,2024-04-01,80.53,0.0,1,51.26,0.99,1
CUST_004252,google_ads,true,2024-03-01,102.79,0.0,1,64.44,0.99,1
CUST_004278,organic_search,false,2024-10-01,113.02,0.0,1,-41.29,0.99,1
CUST_004293,direct,false,2025-04-01,127.02,0.0,2,23.70,0.94,1
CUST_004296,meta_ads,true,2024-09-01,89.84,0.2,1,38.27,0.99,1
CUST_004307,google_ads,true,2025-02-01,144.36,0.0,1,94.11,0.99,1
CUST_004329,meta_ads,true,2024-03-01,90.71,0.0,1,-30.70,0.99,1
CUST_004345,google_ads,true,2025-04-01,92.20,0.0,1,61.14,0.99,1
CUST_004351,organic_search,false,2025-08-01,72.78,0.0,2,93.19,1.02,1
CUST_004364,google_ads,true,2025-03-01,117.95,0.1,1,63.86,0.99,1
CUST_004371,creator_network,false,2024-07-01,75.46,0.0,1,47.43,0.99,1
CUST_004380,meta_ads,true,2025-02-01,96.39,0.0,1,61.85,0.99,1
CUST_004406,direct,false,2025-06-01,167.85,0.0,1,107.50,0.99,1
CUST_004415,meta_ads,true,2024-12-01,106.30,0.0,1,-39.16,0.99,1
CUST_004443,meta_ads,true,2024-07-01,106.30,0.0,1,66.43,0.99,1
CUST_004445,meta_ads,true,2024-12-01,120.85,0.15,1,63.75,0.99,1
CUST_004448,direct,false,2025-09-01,86.56,0.0,1,56.24,0.99,1
CUST_004464,creator_network,false,2024-05-01,83.84,0.15,1,39.52,0.99,1
CUST_004487,meta_ads,true,2024-01-01,87.50,0.0,3,177.97,2.97,1
CUST_004511,direct,false,2024-06-01,107.47,0.0,1,69.42,0.99,1
CUST_004545,meta_ads,true,2024-12-01,85.36,0.0,1,53.45,0.99,1
CUST_004610,organic_search,false,2024-11-01,109.65,0.0,1,-36.32,0.99,1
CUST_004615,creator_network,false,2024-08-01,49.93,0.2499,1,20.79,0.99,1
CUST_004631,creator_network,false,2024-04-01,62.58,0.2001,1,28.25,0.99,1
CUST_004647,creator_network,false,2025-06-01,73.59,0.1,1,38.47,0.99,1
CUST_004667,creator_network,false,2024-04-01,85.23,0.1,1,-37.50,0.99,1
CUST_004678,meta_ads,true,2025-12-01,52.67,0.1001,1,29.74,0.99,0
CUST_004685,meta_ads,true,2025-08-01,115.19,0.15,2,105.75,2.03,0
CUST_004696,google_ads,true,2025-10-01,101.92,0.15,1,50.19,0.99,0
CUST_004709,creator_network,false,2025-09-01,77.53,0.2001,1,-40.60,0.99,1
CUST_004722,google_ads,true,2024-02-01,133.70,0.1,1,-61.22,0.99,1
CUST_004738,google_ads,true,2024-11-01,115.46,0.25,2,87.59,2.26,1
CUST_004741,meta_ads,true,2025-07-01,93.06,0.0,2,93.46,0.57,1
CUST_004774,meta_ads,true,2025-09-01,66.80,0.0,1,45.36,0.99,1
CUST_004789,creator_network,false,2025-02-01,44.27,0.0,1,28.87,0.99,1
CUST_004814,google_ads,true,2025-03-01,108.67,0.0,1,71.23,0.99,1
CUST_004819,organic_search,false,2025-10-01,77.47,0.0,1,50.18,0.99,0
CUST_004820,google_ads,true,2024-07-01,121.13,0.2,1,52.17,0.99,1
CUST_004830,meta_ads,true,2025-02-01,93.00,0.2,2,84.95,1.41,1
CUST_004838,meta_ads,true,2024-12-01,77.50,0.0,1,49.69,0.99,1
CUST_004850,meta_ads,true,2024-04-01,91.13,0.15,1,46.16,0.99,1
CUST_004861,google_ads,true,2025-05-01,96.77,0.0,1,63.50,0.99,1
CUST_004864,meta_ads,true,2024-10-01,90.57,0.1,1,47.29,0.99,1
CUST_004869,creator_network,false,2025-04-01,56.43,0.1499,1,28.77,0.99,1
CUST_004877,meta_ads,true,2025-05-01,85.61,0.0,1,53.21,0.99,1
CUST_004879,direct,false,2024-11-01,40.19,0.0,2,75.83,0.60,1
CUST_004881,creator_network,false,2024-07-01,97.94,0.0,1,31.88,0.99,1
CUST_004884,google_ads,true,2024-06-01,106.69,0.15,2,76.06,0.79,1
CUST_004991,direct,false,2025-12-01,99.64,0.0,1,63.37,0.99,0
CUST_004997,google_ads,true,2024-04-01,92.42,0.0,2,142.17,0.63,1
CUST_005024,organic_search,false,2025-07-01,84.48,0.0,1,-28.43,0.99,1
CUST_005055,direct,false,2025-01-01,98.64,0.0,1,62.20,0.99,1
CUST_005062,google_ads,true,2025-11-01,90.94,0.15,3,62.91,1.54,0
CUST_005100,creator_network,false,2024-02-01,76.99,0.1,1,42.85,0.99,1
CUST_005102,creator_network,false,2025-04-01,72.77,0.0,1,46.16,0.99,1
CUST_005114,meta_ads,true,2025-07-01,37.96,0.0,1,25.16,0.99,1
CUST_005141,meta_ads,true,2025-04-01,90.98,0.1,2,97.27,1.70,1
CUST_005166,meta_ads,true,2025-12-01,55.72,0.15,1,27.13,0.99,0
CUST_005177,creator_network,false,2025-10-01,98.29,0.0,1,66.28,0.99,0
CUST_005195,meta_ads,true,2024-07-01,105.99,0.0,1,70.69,0.99,1
CUST_005215,meta_ads,true,2024-12-01,97.29,0.0,1,63.64,0.99,1
CUST_005260,meta_ads,true,2025-10-01,90.64,0.0,1,58.36,0.99,0
CUST_005268,creator_network,false,2025-02-01,67.02,0.2501,2,18.94,5.76,1
CUST_005270,organic_search,false,2024-10-01,136.48,0.0,3,184.03,2.66,1
CUST_005279,meta_ads,true,2025-11-01,97.90,0.1,1,53.79,0.99,0
CUST_005314,meta_ads,true,2025-12-01,48.59,0.2,1,-26.20,0.99,0
CUST_005315,google_ads,true,2025-03-01,103.60,0.0,3,199.61,6.66,0
CUST_005323,creator_network,false,2024-12-01,71.81,0.0,1,-26.53,0.99,1
CUST_005338,google_ads,true,2025-04-01,117.89,0.0,3,207.34,2.41,1
CUST_005341,organic_search,false,2025-09-01,61.79,0.0,1,41.38,0.99,1
CUST_005374,meta_ads,true,2025-08-01,88.57,0.2,1,38.39,0.99,1
CUST_005399,google_ads,true,2024-12-01,83.22,0.15,1,42.78,0.99,1
CUST_005400,google_ads,true,2025-10-01,59.88,0.2001,3,91.95,2.22,0
CUST_005414,direct,false,2024-02-01,71.11,0.1,1,38.41,0.99,1
CUST_005420,organic_search,false,2024-10-01,125.70,0.15,1,60.20,0.99,1
CUST_005479,google_ads,true,2025-08-01,105.06,0.1,2,163.44,0.55,1
CUST_005497,creator_network,false,2025-04-01,84.03,0.2,2,28.19,1.43,1
CUST_005499,creator_network,false,2025-04-01,60.49,0.1,1,32.50,0.99,1
CUST_005512,direct,false,2025-11-01,101.95,0.0,2,121.89,0.40,0
CUST_005518,organic_search,false,2025-08-01,80.11,0.0,1,50.93,0.99,1
CUST_005528,creator_network,false,2024-03-01,65.84,0.0999,1,35.25,0.99,1
CUST_005537,google_ads,true,2024-05-01,112.18,0.0,1,-36.29,0.99,1
CUST_005542,organic_search,false,2025-06-01,57.21,0.0,1,38.88,0.99,1
CUST_005546,creator_network,false,2024-03-01,79.48,0.1,1,-36.66,0.99,1
CUST_005555,meta_ads,true,2025-09-01,95.42,0.1,1,54.81,0.99,1
CUST_005595,google_ads,true,2024-11-01,99.05,0.0,1,63.11,0.99,1
CUST_005602,google_ads,true,2024-10-01,81.23,0.1,1,45.16,0.99,1
CUST_005608,meta_ads,true,2025-10-01,94.69,0.0,1,59.04,0.99,0
CUST_005631,google_ads,true,2025-08-01,84.07,0.0,2,123.39,3.24,0
CUST_005729,creator_network,false,2024-06-01,100.70,0.1,1,57.44,0.99,1
CUST_005735,meta_ads,true,2025-06-01,63.96,0.0,1,41.86,0.99,1
CUST_005744,meta_ads,true,2025-12-01,87.78,0.0,1,57.66,0.99,0
CUST_005747,meta_ads,true,2025-06-01,49.73,0.0,1,31.79,0.99,1
CUST_005750,meta_ads,true,2025-06-01,112.43,0.0,1,18.95,0.99,1
CUST_005756,meta_ads,true,2024-12-01,53.25,0.2,1,23.29,0.99,1
CUST_005770,google_ads,true,2025-11-01,95.03,0.0,1,63.20,0.99,0
CUST_005773,google_ads,true,2024-08-01,107.66,0.1,1,57.78,0.99,1
CUST_005779,meta_ads,true,2025-09-01,92.18,0.15,1,48.31,0.99,1
CUST_005782,meta_ads,true,2024-12-01,78.08,0.0,1,49.36,0.99,1
CUST_005786,google_ads,true,2025-11-01,82.11,0.0,2,109.47,0.81,0
CUST_005815,direct,false,2024-03-01,92.35,0.1001,2,123.38,1.11,1
CUST_005826,meta_ads,true,2024-11-01,90.73,0.0,2,141.91,0.61,1
CUST_005869,meta_ads,true,2025-09-01,47.47,0.0,1,32.10,0.99,1
CUST_005879,creator_network,false,2025-01-01,50.79,0.1,1,27.13,0.99,1
CUST_005941,google_ads,true,2024-12-01,105.06,0.15,1,49.61,0.99,1
CUST_005964,meta_ads,true,2025-08-01,88.91,0.15,1,-2.23,0.99,1
CUST_005989,creator_network,false,2025-06-01,65.93,0.2001,1,28.33,0.99,1
CUST_006034,meta_ads,true,2024-08-01,103.37,0.0,1,64.54,0.99,1
CUST_006045,meta_ads,true,2025-07-01,153.11,0.0,1,95.41,0.99,1
CUST_006058,google_ads,true,2025-02-01,85.27,0.1,1,49.37,0.99,1
CUST_006086,meta_ads,true,2025-01-01,78.71,0.0,1,50.56,0.99,1
CUST_006098,meta_ads,true,2025-10-01,95.21,0.0,1,62.28,0.99,0
CUST_006099,creator_network,false,2024-07-01,60.57,0.1501,2,73.01,1.77,1
CUST_006114,google_ads,true,2025-03-01,142.53,0.0,1,89.13,0.99,1
CUST_006120,meta_ads,true,2025-06-01,40.84,0.2,1,-22.48,0.99,1
CUST_006150,creator_network,false,2025-12-01,68.89,0.2,1,32.36,0.99,0
CUST_006181,meta_ads,true,2025-04-01,73.95,0.0,1,49.50,0.99,1
CUST_006213,direct,false,2024-12-01,47.84,0.0,1,29.99,0.99,1
CUST_006260,creator_network,false,2024-07-01,99.41,0.2,1,44.84,0.99,1
CUST_006267,google_ads,true,2025-12-01,90.02,0.2,1,43.15,0.99,0
CUST_006290,google_ads,true,2025-01-01,70.13,0.0,1,47.41,0.99,1
CUST_006306,organic_search,false,2025-01-01,47.32,0.0,1,29.95,0.99,1
CUST_006309,meta_ads,true,2025-03-01,85.02,0.0,1,55.68,0.99,1
CUST_006311,google_ads,true,2024-11-01,105.95,0.2,1,48.44,0.99,1
CUST_006321,direct,false,2025-05-01,67.47,0.0,1,43.82,0.99,1
CUST_006344,google_ads,true,2025-09-01,124.63,0.1,1,70.53,0.99,1
CUST_006354,google_ads,true,2025-04-01,131.37,0.0,1,87.02,0.99,1
CUST_006373,creator_network,false,2025-11-01,97.86,0.2,1,-6.76,0.99,0
CUST_006386,creator_network,false,2025-05-01,100.52,0.0,1,64.15,0.99,1
CUST_006388,creator_network,false,2025-08-01,88.35,0.0,2,54.43,1.11,1
CUST_006389,direct,false,2024-09-01,96.88,0.0,1,60.33,0.99,1
CUST_006429,meta_ads,true,2024-09-01,68.86,0.15,1,36.28,0.99,1
CUST_006433,google_ads,true,2025-10-01,84.37,0.0,1,56.50,0.99,0
CUST_006474,creator_network,false,2025-12-01,65.10,0.2,1,28.30,0.99,0
CUST_006488,meta_ads,true,2024-12-01,84.47,0.1,1,47.53,0.99,1
CUST_006494,google_ads,true,2024-07-01,89.52,0.1,2,11.69,2.02,1
CUST_006516,meta_ads,true,2024-08-01,88.72,0.0,1,55.81,0.99,1
CUST_006520,meta_ads,true,2024-05-01,114.46,0.0,1,77.83,0.99,1
CUST_006580,organic_search,false,2025-04-01,106.69,0.0,2,150.36,0.31,1
CUST_006581,google_ads,true,2025-10-01,43.88,0.0,1,29.84,0.99,0
CUST_006585,direct,false,2025-06-01,109.15,0.0,1,-35.02,0.99,1
CUST_006605,google_ads,true,2025-03-01,91.46,0.0,1,61.98,0.99,1
CUST_006614,google_ads,true,2024-02-01,66.19,0.0,1,-24.18,0.99,1
CUST_006639,organic_search,false,2024-03-01,86.67,0.0,1,54.87,0.99,1
CUST_006645,meta_ads,true,2024-09-01,85.59,0.15,1,44.58,0.99,1
CUST_006711,meta_ads,true,2024-04-01,113.79,0.0,1,73.85,0.99,1
CUST_006725,meta_ads,true,2025-04-01,77.95,0.0,1,48.37,0.99,1
CUST_006735,creator_network,false,2024-06-01,70.47,0.1999,1,33.04,0.99,1
CUST_006738,meta_ads,true,2024-01-01,107.90,0.0,1,71.31,0.99,1
CUST_006751,organic_search,false,2024-09-01,81.37,0.1501,1,-40.91,0.99,1
CUST_006753,meta_ads,true,2024-10-01,100.04,0.15,2,25.46,2.59,1
CUST_006761,google_ads,true,2024-09-01,90.15,0.0,1,60.29,0.99,1
CUST_006770,creator_network,false,2024-10-01,64.87,0.15,3,83.15,2.93,1
CUST_006818,direct,false,2025-11-01,91.65,0.0,1,60.55,0.99,0
CUST_006857,creator_network,false,2025-05-01,55.80,0.15,1,29.37,0.99,1
CUST_006877,creator_network,false,2024-07-01,68.48,0.1,2,70.92,1.39,1
CUST_006902,google_ads,true,2024-07-01,155.43,0.0,1,99.82,0.99,1
CUST_006916,google_ads,true,2024-06-01,70.24,0.0,1,43.79,0.99,1
CUST_006960,meta_ads,true,2025-12-01,106.36,0.1,1,57.08,0.99,0
CUST_006980,organic_search,false,2024-02-01,53.73,0.0,1,36.35,0.99,1
CUST_006983,google_ads,true,2025-11-01,112.51,0.0,1,70.93,0.99,0
CUST_006986,meta_ads,true,2024-10-01,93.35,0.0,1,61.06,0.99,1
CUST_007006,meta_ads,true,2024-11-01,76.89,0.15,1,39.69,0.99,1
CUST_007011,google_ads,true,2024-08-01,117.70,0.0,1,79.10,0.99,1
CUST_007015,creator_network,false,2025-02-01,72.28,0.0,1,46.51,0.99,1
CUST_007043,meta_ads,true,2025-06-01,56.59,0.0,1,37.43,0.99,1
CUST_007063,meta_ads,true,2025-06-01,72.55,0.0,1,47.21,0.99,1
CUST_007076,meta_ads,true,2024-06-01,82.99,0.0,1,56.04,0.99,1
CUST_007093,meta_ads,true,2025-06-01,85.85,0.0999,1,44.69,0.99,1
CUST_007099,creator_network,false,2024-08-01,78.39,0.0,1,-25.66,0.99,1
CUST_007105,direct,false,2024-08-01,77.60,0.0,1,49.15,0.99,1
CUST_007126,meta_ads,true,2025-02-01,104.81,0.0,2,114.11,1.88,1
CUST_007179,meta_ads,true,2024-07-01,49.05,0.0,1,30.77,0.99,1
CUST_007192,meta_ads,true,2025-02-01,30.27,0.0,1,1.76,0.99,1
CUST_007196,meta_ads,true,2025-03-01,65.79,0.0,1,44.48,0.99,1
CUST_007224,google_ads,true,2024-10-01,82.71,0.0,1,53.89,0.99,1
CUST_007237,google_ads,true,2025-05-01,112.03,0.0,1,74.32,0.99,1
CUST_007248,creator_network,false,2025-10-01,80.49,0.1,1,44.57,0.99,0
CUST_007267,google_ads,true,2024-07-01,97.29,0.0,1,63.53,0.99,1
CUST_007278,google_ads,true,2024-04-01,91.54,0.15,1,44.85,0.99,1
CUST_007315,google_ads,true,2024-03-01,115.61,0.0,1,78.07,0.99,1
CUST_007336,meta_ads,true,2024-08-01,65.41,0.1,1,37.59,0.99,1
CUST_007375,meta_ads,true,2024-04-01,100.08,0.0,3,132.17,2.85,1
CUST_007393,creator_network,false,2025-09-01,72.53,0.15,1,35.01,0.99,1
CUST_007418,meta_ads,true,2024-06-01,76.38,0.0,1,51.31,0.99,1
CUST_007443,direct,false,2024-05-01,102.10,0.0,1,65.79,0.99,1
CUST_007462,meta_ads,true,2024-11-01,111.66,0.0,2,126.32,0.39,1
CUST_007470,creator_network,false,2024-10-01,73.67,0.15,1,37.66,0.99,1
CUST_007476,organic_search,false,2025-02-01,107.01,0.15,1,52.36,0.99,1
CUST_007484,meta_ads,true,2025-02-01,114.89,0.0,1,77.93,0.99,1
CUST_007496,organic_search,false,2024-03-01,123.58,0.2,2,127.52,4.04,1
CUST_007498,meta_ads,true,2025-10-01,86.04,0.0,1,55.65,0.99,1
CUST_007510,meta_ads,true,2025-11-01,84.74,0.1,1,-37.46,0.99,0
CUST_007511,google_ads,true,2025-09-01,86.80,0.0,1,57.11,0.99,1
CUST_007513,meta_ads,true,2024-01-01,99.41,0.0,1,64.36,0.99,1
CUST_007514,meta_ads,true,2024-04-01,101.49,0.0,1,64.07,0.99,1
CUST_007519,google_ads,true,2025-08-01,62.23,0.0,2,117.36,0.86,1
CUST_007528,meta_ads,true,2025-03-01,104.95,0.0,1,-38.20,0.99,1
CUST_007530,meta_ads,true,2024-08-01,81.29,0.0,1,54.65,0.99,1
CUST_007541,meta_ads,true,2024-07-01,115.70,0.0,1,75.96,0.99,1
CUST_007551,meta_ads,true,2025-11-01,70.04,0.0,1,46.78,0.99,0
CUST_007570,google_ads,true,2024-02-01,94.21,0.0,1,63.80,0.99,1
CUST_007604,meta_ads,true,2025-11-01,97.14,0.0,1,65.27,0.99,0
CUST_007621,creator_network,false,2025-10-01,57.98,0.0,1,38.35,0.99,0
CUST_007623,direct,false,2024-06-01,89.79,0.0,1,56.45,0.99,1
CUST_007627,creator_network,false,2025-10-01,48.04,0.0,1,30.21,0.99,0
CUST_007666,meta_ads,true,2024-09-01,59.26,0.0,1,38.11,0.99,1
CUST_007672,meta_ads,true,2025-04-01,112.22,0.1,1,60.52,0.99,1
CUST_007684,direct,false,2025-02-01,85.31,0.0,1,55.03,0.99,1
CUST_007696,organic_search,false,2025-06-01,102.03,0.0,1,-33.38,0.99,1
CUST_007707,creator_network,false,2025-04-01,46.59,0.0,1,30.49,0.99,1
CUST_007748,meta_ads,true,2025-08-01,114.78,0.1,1,64.60,0.99,1
CUST_007750,google_ads,true,2025-06-01,129.90,0.0,1,82.75,0.99,1
CUST_007771,google_ads,true,2025-02-01,116.39,0.0,1,75.33,0.99,1
CUST_007782,organic_search,false,2024-02-01,75.33,0.0,1,49.25,0.99,1
CUST_007788,meta_ads,true,2025-11-01,70.74,0.0,1,46.07,0.99,0
CUST_007874,google_ads,true,2025-10-01,120.65,0.1,2,141.44,1.21,0
CUST_007906,google_ads,true,2025-12-01,90.91,0.0,1,-29.96,0.99,0
CUST_007919,organic_search,false,2024-04-01,77.90,0.2,1,33.92,0.99,1
CUST_007929,meta_ads,true,2025-08-01,75.07,0.1,1,41.90,0.99,1
CUST_007957,meta_ads,true,2025-06-01,79.96,0.0,1,51.18,0.99,1
CUST_007962,meta_ads,true,2024-10-01,77.73,0.0,1,51.23,0.99,1
CUST_007973,meta_ads,true,2024-06-01,61.03,0.0,1,40.01,0.99,1
CUST_007991,direct,false,2025-06-01,111.24,0.0,2,152.56,1.26,1
CUST_008018,organic_search,false,2025-05-01,95.75,0.0,1,60.02,0.99,1
CUST_008039,meta_ads,true,2024-11-01,127.51,0.0,1,81.48,0.99,1
CUST_008045,google_ads,true,2025-01-01,69.40,0.0,1,-22.85,0.99,1
CUST_008060,meta_ads,true,2025-04-01,112.38,0.15,1,56.94,0.99,1
CUST_008061,meta_ads,true,2025-05-01,77.59,0.0,1,51.18,0.99,1
CUST_008069,meta_ads,true,2025-01-01,97.24,0.0,1,65.98,0.99,1
CUST_008080,creator_network,false,2025-02-01,104.37,0.15,1,52.70,0.99,1
CUST_008092,organic_search,false,2025-01-01,102.62,0.1,3,63.81,1.26,1
CUST_008105,google_ads,true,2025-09-01,127.06,0.0,1,80.41,0.99,1
CUST_008123,google_ads,true,2024-04-01,111.29,0.15,1,54.80,0.99,1
CUST_008145,meta_ads,true,2025-12-01,83.74,0.0,1,53.92,0.99,0
CUST_008154,meta_ads,true,2025-11-01,71.15,0.1001,1,38.84,0.99,0
CUST_008187,google_ads,true,2024-08-01,118.29,0.0,1,78.11,0.99,1
CUST_008194,direct,false,2024-07-01,66.51,0.0,1,41.94,0.99,1
CUST_008200,google_ads,true,2024-03-01,95.02,0.0,1,62.82,0.99,1
CUST_008233,google_ads,true,2025-09-01,85.70,0.0,1,55.19,0.99,1
CUST_008251,organic_search,false,2025-11-01,73.66,0.0,1,46.33,0.99,0
CUST_008261,meta_ads,true,2024-03-01,87.25,0.2,1,-5.17,0.99,1
CUST_008265,meta_ads,true,2025-09-01,108.83,0.15,1,57.67,0.99,1
CUST_008273,google_ads,true,2024-03-01,135.70,0.2,1,64.03,0.99,1
CUST_008277,meta_ads,true,2025-03-01,68.13,0.0,1,44.64,0.99,1
CUST_008290,organic_search,false,2025-03-01,77.05,0.0,1,50.17,0.99,1
CUST_008321,direct,false,2024-05-01,106.45,0.0,1,70.90,0.99,1
CUST_008367,organic_search,false,2025-01-01,78.44,0.0,1,50.64,0.99,1
CUST_008392,creator_network,false,2024-03-01,84.40,0.0,1,52.35,0.99,1
CUST_008398,meta_ads,true,2025-01-01,101.58,0.1,1,54.97,0.99,1
CUST_008425,direct,false,2024-05-01,127.57,0.0,1,80.08,0.99,1
CUST_008435,meta_ads,true,2025-12-01,107.18,0.25,1,-63.31,0.99,0
CUST_008465,direct,false,2025-12-01,126.93,0.0,1,79.20,0.99,0
CUST_008507,direct,false,2024-01-01,86.24,0.0,1,53.51,0.99,1
CUST_008509,meta_ads,true,2025-11-01,87.84,0.0,1,57.27,0.99,0
CUST_008515,meta_ads,true,2024-10-01,81.33,0.15,1,39.85,0.99,1
CUST_008547,google_ads,true,2025-09-01,115.89,0.0,1,76.99,0.99,1
CUST_008549,direct,false,2024-12-01,108.87,0.0,2,130.25,0.56,1
CUST_008552,meta_ads,true,2024-04-01,53.81,0.25,1,22.94,0.99,1
CUST_008554,google_ads,true,2024-12-01,125.62,0.0,1,78.15,0.99,1
CUST_008561,google_ads,true,2024-06-01,76.92,0.0,1,51.57,0.99,1
CUST_008579,meta_ads,true,2024-11-01,75.97,0.1501,1,-36.85,0.99,1
CUST_008582,creator_network,false,2025-08-01,63.17,0.0,1,41.84,0.99,1
CUST_008602,meta_ads,true,2025-07-01,113.72,0.0,2,123.08,1.20,1
CUST_008614,meta_ads,true,2024-04-01,68.70,0.0,1,45.39,0.99,1
CUST_008642,meta_ads,true,2025-01-01,126.62,0.15,1,60.62,0.99,1
CUST_008683,meta_ads,true,2024-06-01,98.18,0.15,1,48.27,0.99,1
CUST_008689,meta_ads,true,2024-07-01,96.03,0.15,1,-46.58,0.99,1
CUST_008709,meta_ads,true,2024-03-01,117.48,0.15,2,122.78,0.83,1
CUST_008719,organic_search,false,2025-10-01,114.28,0.0,1,77.38,0.99,0
CUST_008747,direct,false,2024-05-01,126.22,0.0,1,82.27,0.99,1
CUST_008754,google_ads,true,2024-06-01,135.38,0.1,1,72.87,0.99,1
CUST_008765,google_ads,true,2024-06-01,98.40,0.15,1,49.27,0.99,1
CUST_008782,creator_network,false,2025-10-01,68.63,0.2001,2,82.14,1.88,0
CUST_008786,organic_search,false,2025-02-01,88.39,0.0,1,57.23,0.99,1
CUST_008809,direct,false,2024-02-01,124.67,0.0,1,78.70,0.99,1
CUST_008810,organic_search,false,2024-04-01,83.41,0.0,4,214.17,4.51,1
CUST_008818,meta_ads,true,2024-11-01,101.39,0.0,2,135.74,0.51,1
CUST_008841,meta_ads,true,2025-04-01,103.22,0.15,1,53.40,0.99,1
CUST_008891,creator_network,false,2024-09-01,66.27,0.15,1,31.94,0.99,1
CUST_008933,google_ads,true,2024-06-01,99.41,0.0,1,65.82,0.99,1
CUST_008957,meta_ads,true,2025-06-01,100.88,0.1,2,128.31,0.64,1
CUST_008978,meta_ads,true,2025-07-01,86.30,0.0,1,-30.44,0.99,1
CUST_009009,creator_network,false,2025-02-01,92.09,0.15,1,46.43,0.99,1
CUST_009022,direct,false,2025-10-01,95.49,0.0,1,60.26,0.99,0
CUST_009037,google_ads,true,2024-04-01,139.57,0.0,1,89.48,0.99,1
CUST_009062,meta_ads,true,2025-10-01,69.59,0.1,1,39.79,0.99,0
CUST_009067,google_ads,true,2024-08-01,120.97,0.15,1,57.43,0.99,1
CUST_009105,meta_ads,true,2024-05-01,73.88,0.0,1,46.50,0.99,1
CUST_009123,organic_search,false,2025-06-01,59.12,0.0,1,38.90,0.99,1
CUST_009143,meta_ads,true,2025-12-01,106.95,0.0,1,66.51,0.99,0
CUST_009146,direct,false,2024-12-01,75.26,0.0,1,48.51,0.99,1
CUST_009158,meta_ads,true,2025-05-01,106.74,0.0,1,69.37,0.99,1
CUST_009175,meta_ads,true,2024-09-01,82.11,0.0,1,51.10,0.99,1
CUST_009210,organic_search,false,2025-04-01,143.57,0.0,1,94.48,0.99,1
CUST_009214,meta_ads,true,2024-12-01,99.60,0.1,1,52.98,0.99,1
CUST_009219,google_ads,true,2025-10-01,141.86,0.0,1,92.05,0.99,0
CUST_009227,google_ads,true,2024-12-01,94.60,0.0,1,60.48,0.99,1
CUST_009252,google_ads,true,2025-05-01,100.84,0.0,1,65.75,0.99,1
CUST_009256,meta_ads,true,2024-10-01,101.25,0.0,1,66.22,0.99,1
CUST_009299,creator_network,false,2025-11-01,72.29,0.15,1,36.88,0.99,0
CUST_009302,google_ads,true,2025-02-01,43.72,0.0,1,27.53,0.99,1
CUST_009305,meta_ads,true,2025-08-01,59.19,0.0,1,38.43,0.99,1
CUST_009332,meta_ads,true,2025-08-01,115.19,0.0,1,75.49,0.99,1
CUST_009335,creator_network,false,2024-12-01,74.96,0.1499,1,38.21,0.99,1
CUST_009336,direct,false,2024-07-01,63.92,0.0,1,40.89,0.99,1
CUST_009338,google_ads,true,2025-12-01,114.10,0.0,1,72.48,0.99,0
CUST_009359,google_ads,true,2025-10-01,109.66,0.0,3,69.19,2.56,0
CUST_009366,direct,false,2025-02-01,99.81,0.0,1,67.81,0.99,1
CUST_009390,meta_ads,true,2025-03-01,89.12,0.1,1,50.24,0.99,1
CUST_009440,organic_search,false,2025-07-01,97.97,0.0,1,60.97,0.99,1
CUST_009470,creator_network,false,2024-11-01,93.78,0.0,1,3.77,0.99,1
CUST_009482,google_ads,true,2024-09-01,89.61,0.0,2,56.14,0.78,1
CUST_009483,google_ads,true,2025-05-01,85.09,0.0,1,53.77,0.99,1
CUST_009485,meta_ads,true,2025-11-01,99.25,0.0,1,65.23,0.99,0
CUST_009486,direct,false,2025-05-01,87.01,0.0,1,54.31,0.99,1
CUST_009508,organic_search,false,2025-05-01,81.40,0.0,1,50.47,0.99,1
CUST_009510,creator_network,false,2024-06-01,69.34,0.2501,1,29.39,0.99,1
CUST_009512,creator_network,false,2025-03-01,85.64,0.1,1,45.21,0.99,1
CUST_009520,meta_ads,true,2024-12-01,78.13,0.1,1,43.78,0.99,1
CUST_009522,google_ads,true,2025-05-01,74.31,0.0,1,46.08,0.99,1
CUST_009531,meta_ads,true,2024-03-01,107.86,0.0,1,-35.49,0.99,1
CUST_009549,organic_search,false,2025-02-01,135.20,0.0,1,83.84,0.99,1
CUST_009554,organic_search,false,2025-05-01,73.34,0.0,2,87.17,0.75,1
CUST_009587,google_ads,true,2024-06-01,98.89,0.0,1,67.23,0.99,1
CUST_009588,organic_search,false,2024-12-01,87.24,0.0,1,57.94,0.99,1
CUST_009599,creator_network,false,2024-08-01,68.05,0.25,1,-40.75,0.99,1
CUST_009605,meta_ads,true,2025-06-01,51.02,0.1999,1,-29.02,0.99,1
CUST_009618,meta_ads,true,2025-11-01,57.08,0.0,1,35.95,0.99,0
CUST_009620,organic_search,false,2024-06-01,79.56,0.0,2,99.33,2.66,1
CUST_009636,meta_ads,true,2024-07-01,74.79,0.1,1,13.17,0.99,1
CUST_009686,meta_ads,true,2025-01-01,76.98,0.0,2,100.62,0.79,1
CUST_009694,meta_ads,true,2025-10-01,74.22,0.0,1,48.82,0.99,0
CUST_009734,organic_search,false,2025-08-01,107.28,0.0,1,71.32,0.99,1
CUST_009741,organic_search,false,2024-01-01,104.18,0.0,2,131.78,1.13,1
CUST_009752,meta_ads,true,2024-04-01,71.45,0.2,2,79.74,1.34,1
CUST_009766,google_ads,true,2024-07-01,106.60,0.15,1,51.30,0.99,1
CUST_009810,google_ads,true,2025-03-01,145.27,0.0,1,94.60,0.99,1
CUST_009818,google_ads,true,2025-01-01,91.48,0.1,1,48.79,0.99,1
CUST_009849,meta_ads,true,2025-04-01,55.23,0.0,1,35.22,0.99,1
CUST_009850,creator_network,false,2025-02-01,52.65,0.0,1,-19.71,0.99,1
CUST_009875,organic_search,false,2025-05-01,109.95,0.0,3,98.58,2.06,1
CUST_009923,google_ads,true,2025-05-01,138.12,0.0,1,90.06,0.99,1
CUST_009925,meta_ads,true,2025-03-01,111.27,0.0,1,72.48,0.99,1
CUST_009964,meta_ads,true,2025-03-01,86.90,0.0,1,56.53,0.99,1
CUST_009970,google_ads,true,2024-05-01,108.40,0.0,3,193.67,2.39,1
CUST_009980,meta_ads,true,2025-05-01,132.75,0.2,1,-22.62,0.99,1
CUST_009989,creator_network,false,2024-02-01,96.14,0.15,1,46.25,0.99,1
CUST_010028,creator_network,false,2025-11-01,88.07,0.1,1,50.18,0.99,0
CUST_010035,google_ads,true,2025-06-01,125.43,0.0,1,83.31,0.99,1
CUST_010046,organic_search,false,2025-05-01,70.30,0.2,1,-40.16,0.99,1
CUST_010073,google_ads,true,2025-05-01,63.44,0.0,1,40.90,0.99,1
CUST_010078,creator_network,false,2025-01-01,84.27,0.15,1,44.31,0.99,1
CUST_010080,google_ads,true,2025-12-01,98.24,0.0,1,61.72,0.99,0
CUST_010094,meta_ads,true,2025-10-01,88.43,0.0,1,56.58,0.99,0
CUST_010109,google_ads,true,2024-10-01,87.67,0.0,1,54.58,0.99,1
CUST_010117,organic_search,false,2024-04-01,97.70,0.0,1,62.21,0.99,1
CUST_010131,organic_search,false,2025-12-01,82.79,0.0,1,56.04,0.99,0
CUST_010139,meta_ads,true,2025-04-01,96.22,0.15,1,45.39,0.99,1
CUST_010142,google_ads,true,2025-02-01,123.79,0.0,1,-40.14,0.99,1
CUST_010164,creator_network,false,2024-12-01,89.04,0.1,1,51.46,0.99,1
CUST_010168,organic_search,false,2024-11-01,132.87,0.15,1,63.04,0.99,1
CUST_010201,meta_ads,true,2025-03-01,70.16,0.0,2,81.56,0.71,1
CUST_010207,google_ads,true,2025-08-01,101.13,0.0,1,63.45,0.99,1
CUST_010228,meta_ads,true,2025-09-01,75.86,0.15,1,38.34,0.99,1
CUST_010242,meta_ads,true,2024-07-01,88.69,0.1,1,46.46,0.99,1
CUST_010257,creator_network,false,2025-04-01,91.42,0.2,2,106.72,1.93,1
CUST_010258,direct,false,2025-02-01,87.91,0.0,1,-31.51,0.99,1
CUST_010266,google_ads,true,2024-02-01,88.63,0.0,1,59.77,0.99,1
CUST_010273,organic_search,false,2025-12-01,112.11,0.0,1,72.81,0.99,0
CUST_010277,google_ads,true,2025-05-01,108.17,0.0,2,123.16,0.45,1
CUST_010279,creator_network,false,2024-11-01,60.26,0.1001,1,31.46,0.99,1
CUST_010304,creator_network,false,2025-12-01,35.47,0.1001,1,-15.87,0.99,0
CUST_010319,google_ads,true,2025-07-01,127.99,0.0,1,84.79,0.99,1
CUST_010332,google_ads,true,2025-04-01,119.36,0.15,1,57.63,0.99,1
CUST_010348,meta_ads,true,2025-11-01,83.87,0.15,1,43.99,0.99,0
CUST_010383,google_ads,true,2024-08-01,116.85,0.0,1,74.11,0.99,1
CUST_010389,creator_network,false,2025-10-01,85.77,0.1501,2,75.99,0.50,0
CUST_010410,meta_ads,true,2024-05-01,83.29,0.0,1,-30.80,0.99,1
CUST_010414,google_ads,true,2024-09-01,126.88,0.0,2,148.41,1.84,1
CUST_010437,meta_ads,true,2024-09-01,70.72,0.0,1,44.57,0.99,1
CUST_010454,meta_ads,true,2025-11-01,67.37,0.0,1,45.45,0.99,0
CUST_010469,meta_ads,true,2025-09-01,97.95,0.0,1,63.65,0.99,1
CUST_010501,google_ads,true,2024-02-01,90.79,0.0,1,60.44,0.99,1
CUST_010516,meta_ads,true,2025-02-01,50.85,0.15,2,83.75,1.40,1
CUST_010528,creator_network,false,2024-03-01,104.58,0.1,1,56.24,0.99,1
CUST_010536,creator_network,false,2025-01-01,63.67,0.1999,1,28.39,0.99,1
CUST_010546,meta_ads,true,2024-12-01,81.05,0.0,3,73.00,4.32,1
CUST_010550,direct,false,2024-06-01,104.60,0.1,1,59.52,0.99,1
CUST_010556,meta_ads,true,2025-03-01,60.27,0.0,1,39.31,0.99,1
CUST_010557,organic_search,false,2024-04-01,72.86,0.15,1,38.15,0.99,1
CUST_010558,google_ads,true,2025-10-01,77.24,0.2,1,36.34,0.99,0
CUST_010566,meta_ads,true,2025-07-01,98.19,0.15,1,46.20,0.99,1
CUST_010568,meta_ads,true,2025-01-01,122.04,0.2,1,52.44,0.99,1
CUST_010604,meta_ads,true,2025-11-01,64.89,0.1,2,78.28,0.83,0
CUST_010613,organic_search,false,2024-05-01,69.47,0.0,1,45.57,0.99,1
CUST_010643,google_ads,true,2025-02-01,81.37,0.0,1,51.53,0.99,1
CUST_010672,meta_ads,true,2024-07-01,100.17,0.1,1,53.42,0.99,1
CUST_010677,creator_network,false,2025-10-01,61.42,0.0,1,41.37,0.99,0
CUST_010698,creator_network,false,2025-02-01,53.48,0.15,1,26.76,0.99,1
CUST_010712,meta_ads,true,2024-09-01,76.50,0.2,2,-14.95,4.81,1
CUST_010713,google_ads,true,2025-11-01,115.94,0.0,1,73.07,0.99,0
CUST_010736,meta_ads,true,2024-07-01,83.63,0.25,1,35.61,0.99,1
CUST_010743,google_ads,true,2024-08-01,102.28,0.0,3,221.42,4.87,1
CUST_010752,meta_ads,true,2025-05-01,85.77,0.1501,2,94.70,1.06,1
CUST_010768,meta_ads,true,2024-11-01,75.70,0.0,1,50.23,0.99,1
CUST_010769,google_ads,true,2025-02-01,125.76,0.0,1,84.47,0.99,1
CUST_010783,direct,false,2025-11-01,99.54,0.0,1,64.91,0.99,0
CUST_010787,meta_ads,true,2024-07-01,59.65,0.0,1,39.93,0.99,1
CUST_010804,direct,false,2025-11-01,99.47,0.0,1,64.05,0.99,0
CUST_010818,creator_network,false,2025-07-01,68.71,0.2,1,29.95,0.99,1
CUST_010829,google_ads,true,2025-10-01,100.46,0.15,1,47.96,0.99,1
CUST_010851,meta_ads,true,2025-02-01,120.86,0.1,1,62.87,0.99,1
CUST_010874,creator_network,false,2024-09-01,70.54,0.15,1,36.53,0.99,1
CUST_010900,meta_ads,true,2024-10-01,89.15,0.0,1,58.79,0.99,1
CUST_010902,google_ads,true,2025-04-01,80.40,0.15,1,39.04,0.99,1
CUST_010903,google_ads,true,2025-09-01,122.18,0.0,1,77.66,0.99,1
CUST_010957,creator_network,false,2024-12-01,98.62,0.1,2,-7.19,2.24,1
CUST_010963,meta_ads,true,2025-02-01,47.56,0.0,1,30.44,0.99,1
CUST_011017,google_ads,true,2025-06-01,61.17,0.0,1,41.55,0.99,1
CUST_011025,meta_ads,true,2025-01-01,94.09,0.0,1,58.94,0.99,1
CUST_011038,direct,false,2024-08-01,94.58,0.0,1,59.50,0.99,1
CUST_011056,creator_network,false,2024-11-01,63.24,0.2,1,29.07,0.99,1
CUST_011072,google_ads,true,2025-11-01,113.22,0.0,2,148.74,0.93,0
CUST_011073,direct,false,2024-11-01,124.94,0.0,1,83.05,0.99,1
CUST_011088,direct,false,2025-04-01,93.99,0.15,2,46.72,1.03,1
CUST_011094,meta_ads,true,2024-10-01,108.00,0.0,1,73.25,0.99,1
CUST_011100,meta_ads,true,2025-12-01,121.35,0.0,1,80.66,0.99,0
CUST_011115,google_ads,true,2025-04-01,75.48,0.1,2,134.65,0.84,1
CUST_011145,direct,false,2024-01-01,116.51,0.0,1,72.34,0.99,1
CUST_011152,meta_ads,true,2025-05-01,121.19,0.1,1,-57.75,0.99,1
CUST_011159,creator_network,false,2025-06-01,49.63,0.0,1,32.43,0.99,1
CUST_011167,google_ads,true,2024-03-01,59.35,0.0,1,-21.39,0.99,1
CUST_011170,creator_network,false,2024-03-01,50.06,0.2,1,23.92,0.99,1
CUST_011191,meta_ads,true,2025-05-01,53.68,0.1,1,28.48,0.99,1
CUST_011195,creator_network,false,2024-05-01,58.57,0.1001,4,76.04,1.58,1
CUST_011219,meta_ads,true,2025-01-01,92.56,0.1,1,48.44,0.99,1
CUST_011220,meta_ads,true,2025-01-01,55.94,0.2,1,24.66,0.99,1
CUST_011245,meta_ads,true,2024-06-01,86.69,0.0,1,56.59,0.99,1
CUST_011282,meta_ads,true,2024-08-01,99.97,0.0,3,180.92,3.19,1
CUST_011305,meta_ads,true,2024-01-01,102.36,0.0,1,66.88,0.99,1
CUST_011308,meta_ads,true,2024-05-01,75.67,0.0,1,49.14,0.99,1
CUST_011332,meta_ads,true,2024-05-01,80.77,0.1501,3,108.31,4.50,1
CUST_011372,organic_search,false,2024-08-01,130.19,0.0,1,81.15,0.99,1
CUST_011390,meta_ads,true,2024-12-01,67.08,0.2001,1,-38.34,0.99,1
CUST_011407,google_ads,true,2024-07-01,97.32,0.0,1,62.59,0.99,1
CUST_011408,google_ads,true,2025-04-01,115.91,0.0,1,76.54,0.99,1
CUST_011417,google_ads,true,2025-11-01,91.91,0.2,1,39.50,0.99,0
CUST_011436,meta_ads,true,2025-03-01,116.26,0.0,1,78.41,0.99,1
CUST_011442,direct,false,2025-03-01,114.21,0.0,1,74.53,0.99,1
CUST_011447,google_ads,true,2025-11-01,161.51,0.0,1,-2.54,0.99,0
CUST_011489,meta_ads,true,2025-08-01,136.36,0.15,1,68.45,0.99,1
CUST_011500,google_ads,true,2025-12-01,69.36,0.2,1,32.62,0.99,0
CUST_011519,meta_ads,true,2025-07-01,96.56,0.15,1,50.03,0.99,1
CUST_011527,direct,false,2024-04-01,71.62,0.0,1,46.09,0.99,1
CUST_011553,google_ads,true,2025-09-01,98.79,0.0,1,61.73,0.99,1
CUST_011559,creator_network,false,2024-04-01,42.90,0.2,1,20.28,0.99,1
CUST_011581,organic_search,false,2024-04-01,45.29,0.2,1,20.94,0.99,1
CUST_011596,creator_network,false,2025-09-01,53.91,0.1,1,11.11,0.99,1
CUST_011619,direct,false,2025-11-01,75.07,0.0,1,47.05,0.99,0
CUST_011628,meta_ads,true,2025-02-01,58.61,0.25,2,67.15,1.21,1
CUST_011662,direct,false,2025-12-01,133.37,0.2,1,59.44,0.99,0
CUST_011668,creator_network,false,2025-09-01,75.04,0.1501,1,-39.41,0.99,1
CUST_011671,google_ads,true,2024-10-01,97.06,0.0,1,64.06,0.99,1
CUST_011677,google_ads,true,2024-10-01,110.61,0.0,1,73.00,0.99,1
CUST_011686,direct,false,2025-01-01,112.45,0.0,1,1.14,0.99,1
CUST_011689,organic_search,false,2024-10-01,93.52,0.0,1,62.97,0.99,1
CUST_011696,google_ads,true,2024-10-01,85.03,0.1499,1,43.79,0.99,1
CUST_011707,meta_ads,true,2025-12-01,76.98,0.1,1,44.52,0.99,0
CUST_011708,google_ads,true,2025-12-01,55.42,0.0,1,37.01,0.99,0
CUST_011711,google_ads,true,2025-10-01,121.36,0.0,1,82.36,0.99,0
CUST_011713,creator_network,false,2025-06-01,88.61,0.0,1,-33.47,0.99,1
CUST_011734,meta_ads,true,2025-02-01,83.34,0.15,2,95.27,1.29,1
CUST_011740,google_ads,true,2024-09-01,65.20,0.0,1,41.62,0.99,1
CUST_011766,google_ads,true,2025-05-01,95.55,0.15,1,48.79,0.99,1
CUST_011790,google_ads,true,2025-05-01,133.61,0.0,2,129.96,1.15,1
CUST_011800,organic_search,false,2024-12-01,136.69,0.0,1,91.59,0.99,1
CUST_011801,direct,false,2024-06-01,59.54,0.0,2,42.09,0.35,1
CUST_011819,meta_ads,true,2025-08-01,65.72,0.0,1,42.06,0.99,1
CUST_011823,meta_ads,true,2025-01-01,112.81,0.0,1,70.36,0.99,1
CUST_011849,creator_network,false,2024-10-01,73.73,0.2001,1,32.02,0.99,1
CUST_011874,creator_network,false,2025-05-01,94.67,0.15,1,44.85,0.99,1
CUST_011880,creator_network,false,2025-10-01,113.09,0.15,1,57.85,0.99,0
CUST_011904,organic_search,false,2024-12-01,95.12,0.0,1,62.10,0.99,1
CUST_011916,meta_ads,true,2025-12-01,117.41,0.1,1,-50.93,0.99,0
CUST_011933,meta_ads,true,2024-03-01,86.27,0.0,3,151.36,1.72,1
CUST_011934,google_ads,true,2024-06-01,102.88,0.0,1,65.13,0.99,1
CUST_011948,meta_ads,true,2024-09-01,73.27,0.15,1,35.74,0.99,1
CUST_011957,google_ads,true,2025-06-01,125.62,0.0,2,178.35,1.08,1
CUST_011980,google_ads,true,2024-09-01,121.85,0.25,1,49.06,0.99,1
CUST_011981,organic_search,false,2024-05-01,128.00,0.0,1,82.28,0.99,1
CUST_011983,meta_ads,true,2025-03-01,83.41,0.0,1,52.78,0.99,1
CUST_012004,organic_search,false,2025-08-01,95.75,0.0,1,63.55,0.99,1
CUST_012006,meta_ads,true,2025-11-01,95.39,0.1,1,53.08,0.99,0
CUST_012033,google_ads,true,2025-08-01,99.62,0.0,1,64.36,0.99,1
CUST_012083,google_ads,true,2024-02-01,146.95,0.0,1,95.06,0.99,1
CUST_012116,google_ads,true,2024-03-01,114.73,0.0,1,73.65,0.99,1
CUST_012132,direct,false,2024-09-01,95.95,0.0,1,62.22,0.99,1
CUST_012142,meta_ads,true,2025-12-01,46.04,0.0,1,31.01,0.99,0
CUST_012147,creator_network,false,2024-01-01,79.04,0.0,1,50.04,0.99,1
CUST_012171,meta_ads,true,2024-11-01,84.27,0.0,2,97.30,0.40,1
CUST_012196,meta_ads,true,2025-01-01,78.92,0.0,1,52.39,0.99,1
CUST_012216,meta_ads,true,2025-01-01,101.02,0.0,1,64.22,0.99,1
CUST_012221,google_ads,true,2024-03-01,132.42,0.0,1,85.13,0.99,1
CUST_012258,meta_ads,true,2025-04-01,121.16,0.15,2,99.67,1.11,1
CUST_012267,meta_ads,true,2024-02-01,58.00,0.0,1,37.57,0.99,1
CUST_012273,google_ads,true,2025-11-01,106.71,0.1,1,58.24,0.99,0
CUST_012311,meta_ads,true,2025-05-01,79.55,0.0,1,2.70,0.99,1
CUST_012326,meta_ads,true,2025-09-01,140.28,0.1,1,-21.05,0.99,1
CUST_012327,google_ads,true,2025-08-01,44.54,0.15,1,-22.27,0.99,1
CUST_012336,meta_ads,true,2024-04-01,67.65,0.0,1,-23.67,0.99,1
CUST_012343,organic_search,false,2024-11-01,100.53,0.0,2,103.76,1.32,1
CUST_012346,meta_ads,true,2025-09-01,54.38,0.2001,1,-29.38,0.99,1
CUST_012361,meta_ads,true,2025-08-01,80.34,0.0,1,53.25,0.99,1
CUST_012363,google_ads,true,2025-05-01,102.41,0.1,2,102.29,1.18,1
CUST_012364,creator_network,false,2024-02-01,37.89,0.1499,2,54.11,1.76,1
CUST_012365,meta_ads,true,2025-05-01,85.61,0.0,1,55.46,0.99,1
CUST_012370,direct,false,2025-10-01,117.11,0.0,1,74.31,0.99,0
CUST_012371,creator_network,false,2024-02-01,90.29,0.1,1,50.39,0.99,1
CUST_012384,meta_ads,true,2025-02-01,92.43,0.0,1,59.86,0.99,1
CUST_012388,meta_ads,true,2025-01-01,109.08,0.0,1,69.35,0.99,1
CUST_012392,creator_network,false,2025-11-01,70.39,0.2,1,-38.86,0.99,0
CUST_012415,creator_network,false,2024-05-01,89.93,0.1,1,51.13,0.99,1
CUST_012427,meta_ads,true,2025-01-01,92.99,0.15,1,44.83,0.99,1
CUST_012468,meta_ads,true,2024-05-01,52.45,0.0,1,35.30,0.99,1
CUST_000024,google_ads,true,2024-11-01,98.43,0.0,1,66.50,0.99,1
CUST_000032,creator_network,false,2024-06-01,99.64,0.15,1,50.18,0.99,1
CUST_000057,creator_network,false,2024-03-01,85.73,0.2,1,38.72,0.99,1
CUST_000069,google_ads,true,2024-03-01,102.10,0.0,1,68.07,0.99,1
CUST_000076,meta_ads,true,2025-07-01,93.56,0.0,1,59.81,0.99,1
CUST_000078,google_ads,true,2024-03-01,100.02,0.1,1,54.90,0.99,1
CUST_000083,creator_network,false,2024-10-01,91.31,0.2,1,-52.53,0.99,1
CUST_000087,meta_ads,true,2025-07-01,42.84,0.0999,1,24.24,0.99,1
CUST_000114,meta_ads,true,2025-09-01,89.95,0.1001,2,105.48,0.81,0
CUST_000118,meta_ads,true,2024-06-01,79.05,0.15,1,41.14,0.99,1
CUST_000122,organic_search,false,2025-11-01,100.86,0.0,1,62.67,0.99,0
CUST_000129,google_ads,true,2024-01-01,62.11,0.0,1,39.46,0.99,1
CUST_000142,creator_network,false,2024-08-01,78.90,0.2,1,36.57,0.99,1
CUST_000192,creator_network,false,2025-11-01,105.58,0.1,1,57.36,0.99,0
CUST_000208,creator_network,false,2025-06-01,56.03,0.0999,1,30.70,0.99,1
CUST_000215,meta_ads,true,2025-07-01,115.57,0.1,1,61.69,0.99,1
CUST_000316,meta_ads,true,2025-07-01,57.59,0.2,1,25.58,0.99,1
CUST_000354,google_ads,true,2024-06-01,102.32,0.1,1,56.84,0.99,1
CUST_000372,organic_search,false,2024-01-01,95.88,0.0,1,62.42,0.99,1
CUST_000379,google_ads,true,2025-09-01,55.18,0.0,3,161.76,2.04,0
CUST_000409,creator_network,false,2025-11-01,102.54,0.2,1,47.17,0.99,0
CUST_000410,organic_search,false,2024-04-01,106.08,0.0,1,70.92,0.99,1
CUST_000423,google_ads,true,2024-04-01,128.27,0.0,2,128.63,0.11,1
CUST_000427,google_ads,true,2025-01-01,98.33,0.0,1,63.67,0.99,1
CUST_000430,organic_search,false,2024-04-01,146.76,0.0,1,93.59,0.99,1
CUST_000438,meta_ads,true,2025-09-01,109.04,0.0,1,71.47,0.99,1
CUST_000469,google_ads,true,2024-07-01,136.72,0.15,1,65.56,0.99,1
CUST_000472,direct,false,2025-12-01,107.76,0.0,1,70.93,0.99,0
CUST_000495,google_ads,true,2025-01-01,90.82,0.1,1,51.63,0.99,1
CUST_000501,direct,false,2025-07-01,138.24,0.15,1,67.77,0.99,1
CUST_000548,google_ads,true,2025-06-01,110.74,0.0,1,-40.96,0.99,1
CUST_000580,direct,false,2024-08-01,80.81,0.2,1,35.51,0.99,1
CUST_000599,meta_ads,true,2024-07-01,82.77,0.0,1,51.83,0.99,1
CUST_000610,meta_ads,true,2025-06-01,101.09,0.0,1,65.45,0.99,1
CUST_000613,meta_ads,true,2025-05-01,96.49,0.1,2,5.63,1.27,1
CUST_000631,creator_network,false,2025-07-01,80.90,0.2,1,35.70,0.99,1
CUST_000638,meta_ads,true,2024-08-01,72.34,0.0999,1,40.75,0.99,1
CUST_000674,organic_search,false,2025-03-01,80.41,0.0,1,54.50,0.99,1
CUST_000684,meta_ads,true,2025-06-01,94.99,0.0,2,54.70,1.01,1
CUST_000704,organic_search,false,2024-05-01,150.00,0.0,1,101.71,0.99,1
CUST_000708,organic_search,false,2025-09-01,114.52,0.0,1,71.08,0.99,1
CUST_000719,organic_search,false,2024-05-01,79.15,0.1001,2,48.81,1.58,1
CUST_000740,direct,false,2024-11-01,115.49,0.0,1,75.29,0.99,1
CUST_000741,meta_ads,true,2025-01-01,70.18,0.1,1,39.51,0.99,1
CUST_000755,meta_ads,true,2024-05-01,96.42,0.1,1,51.98,0.99,1
CUST_000781,creator_network,false,2025-07-01,85.75,0.1001,1,48.31,0.99,1
CUST_000821,creator_network,false,2025-09-01,58.72,0.0,1,36.79,0.99,1
CUST_000830,direct,false,2025-01-01,83.01,0.0,3,195.97,1.38,1
CUST_000839,google_ads,true,2025-04-01,85.23,0.0,1,53.09,0.99,1
CUST_000881,meta_ads,true,2024-08-01,76.32,0.1,1,42.35,0.99,1
CUST_000883,creator_network,false,2024-01-01,78.13,0.15,1,36.99,0.99,1
CUST_000885,google_ads,true,2025-09-01,73.28,0.0,1,46.87,0.99,1
CUST_000891,meta_ads,true,2025-07-01,86.99,0.0,1,19.87,0.99,1
CUST_000893,meta_ads,true,2025-09-01,91.90,0.0,3,169.84,0.86,0
CUST_000894,organic_search,false,2024-12-01,105.47,0.0,1,67.49,0.99,1
CUST_000900,meta_ads,true,2024-03-01,110.79,0.1,2,91.52,1.16,1
CUST_000917,meta_ads,true,2024-09-01,77.68,0.0,1,-26.05,0.99,1
CUST_000949,organic_search,false,2025-10-01,99.53,0.0,1,63.96,0.99,0
CUST_000955,google_ads,true,2024-12-01,104.90,0.25,1,39.57,0.99,1
CUST_001021,google_ads,true,2025-07-01,115.82,0.0,1,75.99,0.99,1
CUST_001031,organic_search,false,2024-02-01,80.43,0.2,1,37.01,0.99,1
CUST_001055,organic_search,false,2025-12-01,102.14,0.15,1,50.90,0.99,0
CUST_001076,creator_network,false,2025-01-01,83.94,0.2,1,-13.89,0.99,1
CUST_001117,meta_ads,true,2024-04-01,135.20,0.0,2,161.91,1.17,1
CUST_001119,meta_ads,true,2024-09-01,85.68,0.0,1,55.48,0.99,1
CUST_001131,meta_ads,true,2025-07-01,67.22,0.0,1,41.69,0.99,1
CUST_001132,meta_ads,true,2025-02-01,102.27,0.25,2,117.74,0.24,1
CUST_001139,google_ads,true,2025-02-01,122.49,0.0,1,78.60,0.99,1
CUST_001163,google_ads,true,2024-10-01,102.28,0.1,1,58.13,0.99,1
CUST_001170,organic_search,false,2024-09-01,67.53,0.0,1,43.85,0.99,1
CUST_001189,meta_ads,true,2024-09-01,101.68,0.1,1,16.52,0.99,1
CUST_001221,google_ads,true,2025-12-01,87.60,0.0,1,56.72,0.99,0
CUST_001227,direct,false,2024-12-01,109.31,0.0,2,27.74,2.02,1
CUST_001235,creator_network,false,2025-06-01,76.50,0.0,1,49.68,0.99,1
CUST_001249,creator_network,false,2025-11-01,73.23,0.1499,1,38.00,0.99,0
CUST_001256,google_ads,true,2025-01-01,51.98,0.0,1,34.42,0.99,1
CUST_001262,google_ads,true,2025-09-01,136.12,0.1,1,73.87,0.99,1
CUST_001297,direct,false,2024-06-01,90.07,0.2,1,38.64,0.99,1
CUST_001332,meta_ads,true,2025-07-01,87.02,0.1,2,4.71,2.20,1
CUST_001338,organic_search,false,2025-06-01,97.00,0.0,1,64.73,0.99,1
CUST_001349,google_ads,true,2025-12-01,123.28,0.15,1,64.94,0.99,0
CUST_001350,meta_ads,true,2024-02-01,83.47,0.0,1,54.77,0.99,1
CUST_001354,meta_ads,true,2025-07-01,82.27,0.0,1,55.81,0.99,1
CUST_001420,google_ads,true,2025-11-01,91.05,0.0,1,59.41,0.99,0
CUST_001424,meta_ads,true,2024-05-01,78.87,0.1999,1,36.24,0.99,1
CUST_001431,meta_ads,true,2025-01-01,113.65,0.0,1,72.97,0.99,1
CUST_001437,creator_network,false,2024-10-01,86.11,0.15,1,40.90,0.99,1
CUST_001452,creator_network,false,2025-05-01,87.86,0.1,1,49.74,0.99,1
CUST_001469,creator_network,false,2025-10-01,76.52,0.1,1,40.85,0.99,0
CUST_001483,meta_ads,true,2025-03-01,121.66,0.0,1,80.41,0.99,1
CUST_001526,meta_ads,true,2024-08-01,59.62,0.1999,1,27.59,0.99,1
CUST_001532,organic_search,false,2025-05-01,103.02,0.15,1,51.96,0.99,1
CUST_001545,meta_ads,true,2025-12-01,91.67,0.2,1,43.56,0.99,0
CUST_001555,meta_ads,true,2024-08-01,79.43,0.1499,1,41.31,0.99,1
CUST_001586,google_ads,true,2024-05-01,91.63,0.0,1,57.36,0.99,1
CUST_001601,creator_network,false,2024-07-01,36.65,0.0,1,23.99,0.99,1
CUST_001654,meta_ads,true,2024-11-01,117.13,0.0,2,112.97,0.42,1
CUST_001657,organic_search,false,2025-04-01,52.09,0.0,1,32.79,0.99,1
CUST_001670,meta_ads,true,2025-09-01,88.31,0.1,2,28.64,2.35,0
CUST_001675,direct,false,2025-09-01,120.54,0.0,1,81.43,0.99,1
CUST_001680,meta_ads,true,2025-07-01,116.35,0.0,1,-39.00,0.99,1
CUST_001688,direct,false,2025-02-01,85.37,0.1501,1,43.94,0.99,1
CUST_001711,meta_ads,true,2024-05-01,84.30,0.0,1,55.66,0.99,1
CUST_001733,meta_ads,true,2025-03-01,113.43,0.0,2,127.22,0.65,1
CUST_001758,direct,false,2025-02-01,77.33,0.0,1,10.15,0.99,1
CUST_001763,google_ads,true,2024-04-01,81.96,0.15,1,40.69,0.99,1
CUST_001776,meta_ads,true,2024-10-01,108.45,0.0,1,68.18,0.99,1
CUST_001793,meta_ads,true,2025-03-01,68.32,0.0,1,42.92,0.99,1
CUST_001802,google_ads,true,2025-07-01,137.10,0.15,2,115.81,2.30,1
CUST_001841,meta_ads,true,2024-11-01,76.23,0.25,1,32.67,0.99,1
CUST_001843,meta_ads,true,2025-01-01,63.98,0.0,1,42.42,0.99,1
CUST_001867,direct,false,2024-02-01,100.79,0.0,1,63.57,0.99,1
CUST_001871,organic_search,false,2025-09-01,89.56,0.1,2,97.40,2.50,0
CUST_001886,organic_search,false,2025-01-01,61.31,0.25,2,68.68,0.54,1
CUST_001889,meta_ads,true,2025-07-01,80.39,0.25,2,71.24,0.72,1
CUST_001923,creator_network,false,2025-05-01,84.58,0.0,2,88.92,2.12,1
CUST_001980,meta_ads,true,2025-10-01,93.44,0.0,2,116.04,0.32,0
CUST_001983,meta_ads,true,2025-01-01,120.04,0.0,2,112.87,0.71,1
CUST_002019,direct,false,2024-01-01,83.50,0.0,1,-31.02,0.99,1
CUST_002031,google_ads,true,2024-07-01,128.70,0.0,1,80.25,0.99,1
CUST_002034,google_ads,true,2025-12-01,103.39,0.0,1,65.28,0.99,0
CUST_002045,google_ads,true,2025-10-01,55.38,0.0,1,36.72,0.99,0
CUST_002080,meta_ads,true,2025-08-01,42.62,0.0,1,28.14,0.99,1
CUST_002091,creator_network,false,2025-08-01,95.92,0.1,1,-43.55,0.99,1
CUST_002110,creator_network,false,2025-12-01,86.73,0.1,1,47.77,0.99,0
CUST_002113,creator_network,false,2024-06-01,59.40,0.1,1,33.58,0.99,1
CUST_002119,creator_network,false,2024-03-01,57.54,0.15,1,29.74,0.99,1
CUST_002137,meta_ads,true,2024-03-01,95.48,0.0,1,62.51,0.99,1
CUST_002151,meta_ads,true,2024-10-01,80.53,0.1,2,105.21,0.34,1
CUST_002167,meta_ads,true,2025-05-01,38.83,0.0,1,25.77,0.99,1
CUST_002211,google_ads,true,2025-08-01,94.33,0.0,1,61.63,0.99,1
CUST_002224,meta_ads,true,2024-08-01,81.40,0.0,1,53.99,0.99,1
CUST_002226,organic_search,false,2025-02-01,100.26,0.0,1,67.71,0.99,1
CUST_002230,direct,false,2024-09-01,79.33,0.15,1,37.93,0.99,1
CUST_002256,creator_network,false,2025-04-01,80.03,0.1,3,73.55,1.87,1
CUST_002289,meta_ads,true,2025-02-01,77.82,0.15,1,39.93,0.99,1
CUST_002300,creator_network,false,2024-10-01,62.26,0.1001,1,35.48,0.99,1
CUST_002312,google_ads,true,2025-10-01,133.89,0.0,1,89.46,0.99,0
CUST_002314,meta_ads,true,2025-07-01,101.91,0.0,1,64.40,0.99,1
CUST_002331,google_ads,true,2024-08-01,69.07,0.15,1,34.44,0.99,1
CUST_002365,creator_network,false,2025-04-01,87.11,0.1,2,0.15,1.69,1
CUST_002377,meta_ads,true,2024-10-01,94.09,0.2,1,43.48,0.99,1
CUST_002378,direct,false,2025-08-01,71.64,0.0,1,44.47,0.99,1
CUST_002403,meta_ads,true,2024-12-01,32.00,0.2,2,64.13,1.67,1
CUST_002411,meta_ads,true,2025-06-01,115.76,0.0,1,76.08,0.99,1
CUST_002423,direct,false,2025-08-01,47.03,0.0,1,30.56,0.99,1
CUST_002461,google_ads,true,2025-12-01,120.23,0.0,1,79.30,0.99,0
CUST_002466,creator_network,false,2024-07-01,107.38,0.0,2,94.86,1.40,1
CUST_002546,google_ads,true,2025-02-01,118.96,0.0,1,-41.72,0.99,1
CUST_002578,meta_ads,true,2025-05-01,110.47,0.2,1,48.02,0.99,1
CUST_002615,meta_ads,true,2024-10-01,99.39,0.0,1,65.03,0.99,1
CUST_002632,direct,false,2025-07-01,59.80,0.0,1,39.28,0.99,1
CUST_002637,meta_ads,true,2025-12-01,66.60,0.0,1,45.19,0.99,0
CUST_002642,direct,false,2024-04-01,133.22,0.15,1,66.22,0.99,1
CUST_002661,google_ads,true,2025-02-01,107.65,0.0,1,70.41,0.99,1
CUST_002702,google_ads,true,2025-12-01,110.94,0.2,1,47.69,0.99,0
CUST_002731,meta_ads,true,2025-08-01,62.29,0.1499,2,73.48,1.52,0
CUST_002752,google_ads,true,2025-06-01,127.30,0.0,1,82.04,0.99,1
CUST_002768,google_ads,true,2024-08-01,78.43,0.0,1,50.05,0.99,1
CUST_002778,creator_network,false,2024-06-01,74.47,0.25,1,-46.07,0.99,1
CUST_002822,creator_network,false,2024-08-01,85.41,0.1,1,46.98,0.99,1
CUST_002824,organic_search,false,2024-07-01,60.87,0.0,1,39.50,0.99,1
CUST_002856,creator_network,false,2025-02-01,98.86,0.15,1,-49.31,0.99,1
CUST_002862,meta_ads,true,2024-09-01,85.89,0.0,1,54.22,0.99,1
CUST_002865,organic_search,false,2025-01-01,88.67,0.0,1,55.30,0.99,1
CUST_002870,google_ads,true,2024-11-01,139.13,0.0,2,155.86,1.50,1
CUST_002877,organic_search,false,2025-02-01,81.96,0.0,1,54.99,0.99,1
CUST_002886,creator_network,false,2025-11-01,90.48,0.1,1,50.57,0.99,0
CUST_002899,google_ads,true,2025-01-01,49.66,0.2,1,22.31,0.99,1
CUST_002946,meta_ads,true,2024-04-01,77.24,0.0,1,50.75,0.99,1
CUST_002988,meta_ads,true,2025-02-01,94.26,0.0,1,58.49,0.99,1
CUST_002993,google_ads,true,2025-04-01,141.56,0.0,1,96.00,0.99,1
CUST_003002,creator_network,false,2025-09-01,70.22,0.0,1,44.84,0.99,1
CUST_003020,google_ads,true,2025-08-01,137.18,0.0,1,-47.87,0.99,1
CUST_003023,meta_ads,true,2025-06-01,110.66,0.0,1,74.53,0.99,1
CUST_003035,meta_ads,true,2024-09-01,101.35,0.0,1,68.13,0.99,1
CUST_003110,google_ads,true,2025-05-01,108.13,0.15,1,56.69,0.99,1
CUST_003138,meta_ads,true,2025-07-01,75.01,0.0,1,50.61,0.99,1
CUST_003144,meta_ads,true,2025-03-01,67.38,0.0,1,-25.40,0.99,1
CUST_003173,meta_ads,true,2024-06-01,82.83,0.0,1,55.35,0.99,1
CUST_003203,google_ads,true,2024-07-01,93.68,0.0,1,63.39,0.99,1
CUST_003211,meta_ads,true,2024-06-01,63.41,0.0,3,130.56,1.25,1
CUST_003234,meta_ads,true,2024-02-01,110.96,0.0,1,75.43,0.99,1
CUST_003264,meta_ads,true,2024-01-01,43.25,0.0,1,28.31,0.99,1
CUST_003280,direct,false,2025-09-01,52.28,0.15,1,26.35,0.99,1
CUST_003304,google_ads,true,2024-10-01,83.51,0.15,1,43.25,0.99,1
CUST_003328,google_ads,true,2025-03-01,140.47,0.15,1,73.16,0.99,1
CUST_003360,google_ads,true,2025-06-01,107.46,0.25,1,-62.54,0.99,1
CUST_003380,meta_ads,true,2025-07-01,134.82,0.1,1,74.26,0.99,1
CUST_003402,meta_ads,true,2024-04-01,133.33,0.0,2,15.48,0.83,1
CUST_003415,organic_search,false,2025-08-01,57.31,0.0,1,36.68,0.99,1
CUST_003416,google_ads,true,2025-04-01,104.51,0.1,1,15.54,0.99,1
CUST_003432,meta_ads,true,2025-12-01,79.49,0.0,1,-29.38,0.99,0
CUST_003436,meta_ads,true,2024-12-01,77.98,0.0,2,17.03,2.46,1
CUST_003476,organic_search,false,2025-09-01,82.28,0.0,2,131.55,1.14,0
CUST_003478,organic_search,false,2025-03-01,102.38,0.1,2,120.96,1.70,1
CUST_003501,meta_ads,true,2024-09-01,98.54,0.0,1,-34.57,0.99,1
CUST_003509,google_ads,true,2025-10-01,101.12,0.0,1,62.88,0.99,0
CUST_003518,creator_network,false,2024-12-01,82.35,0.1001,1,43.79,0.99,1
CUST_003533,organic_search,false,2024-10-01,113.67,0.1,1,-52.26,0.99,1
CUST_003542,organic_search,false,2025-09-01,73.42,0.15,1,38.37,0.99,1
CUST_003558,direct,false,2025-02-01,132.75,0.0,1,90.13,0.99,1
CUST_003573,direct,false,2025-09-01,82.65,0.0999,2,96.80,0.62,0
CUST_003577,meta_ads,true,2024-07-01,101.01,0.15,1,49.75,0.99,1
CUST_003597,google_ads,true,2024-08-01,121.68,0.2,1,55.08,0.99,1
CUST_003616,organic_search,false,2024-03-01,118.38,0.2,1,55.61,0.99,1
CUST_003660,meta_ads,true,2025-11-01,90.01,0.0,1,59.04,0.99,0
CUST_003668,direct,false,2024-06-01,117.58,0.0,1,79.62,0.99,1
CUST_003671,meta_ads,true,2024-08-01,127.95,0.0,1,-43.61,0.99,1
CUST_003676,meta_ads,true,2024-09-01,71.33,0.1,1,39.32,0.99,1
CUST_003694,google_ads,true,2024-08-01,95.99,0.0,1,63.46,0.99,1
CUST_003720,organic_search,false,2024-08-01,85.08,0.0,1,54.04,0.99,1
CUST_003725,meta_ads,true,2024-11-01,76.56,0.1499,1,38.13,0.99,1
CUST_003730,organic_search,false,2025-04-01,107.80,0.0,2,150.97,0.61,1
CUST_003735,creator_network,false,2024-08-01,109.61,0.0,1,73.49,0.99,1
CUST_003771,google_ads,true,2025-03-01,133.66,0.0,1,83.06,0.99,1
CUST_003774,google_ads,true,2025-07-01,115.34,0.0,2,48.36,1.63,1
CUST_003832,google_ads,true,2025-09-01,74.50,0.0,1,16.69,0.99,1
CUST_003848,meta_ads,true,2025-04-01,86.04,0.1,1,48.74,0.99,1
CUST_003855,google_ads,true,2025-06-01,58.66,0.0,1,38.35,0.99,1
CUST_003862,meta_ads,true,2025-05-01,67.56,0.0,1,41.96,0.99,1
CUST_003874,google_ads,true,2025-09-01,113.56,0.0,1,72.92,0.99,1
CUST_003880,direct,false,2024-08-01,70.65,0.0,1,46.38,0.99,1
CUST_003887,meta_ads,true,2025-11-01,77.64,0.0,1,49.24,0.99,0
CUST_003889,meta_ads,true,2025-05-01,49.17,0.0,1,31.22,0.99,1
CUST_003895,google_ads,true,2025-07-01,59.41,0.1,1,33.54,0.99,1
CUST_003899,meta_ads,true,2025-03-01,100.28,0.0,1,66.59,0.99,1
CUST_003911,meta_ads,true,2024-02-01,135.41,0.0,1,91.33,0.99,1
CUST_003945,meta_ads,true,2024-04-01,80.76,0.0,1,50.87,0.99,1
CUST_003948,organic_search,false,2025-05-01,127.98,0.0,3,196.97,1.17,1
CUST_003998,meta_ads,true,2024-12-01,76.28,0.0,1,51.11,0.99,1
CUST_004037,google_ads,true,2025-12-01,97.21,0.2,1,43.82,0.99,0
CUST_004058,google_ads,true,2024-02-01,129.79,0.0,1,85.70,0.99,1
CUST_004065,organic_search,false,2025-10-01,65.95,0.0,1,44.06,0.99,0
CUST_004100,creator_network,false,2024-01-01,49.22,0.1499,1,-25.50,0.99,1
CUST_004106,google_ads,true,2025-06-01,153.97,0.0,1,99.43,0.99,1
CUST_004108,direct,false,2024-02-01,131.44,0.0,1,81.77,0.99,1
CUST_004109,meta_ads,true,2025-10-01,127.10,0.15,1,60.63,0.99,0
CUST_004120,direct,false,2025-07-01,127.93,0.1,1,69.59,0.99,1
CUST_004125,google_ads,true,2025-09-01,111.51,0.0,1,69.22,0.99,1
CUST_004130,meta_ads,true,2024-01-01,80.51,0.1,1,45.17,0.99,1
CUST_004143,organic_search,false,2024-04-01,86.66,0.0,1,8.82,0.99,1
CUST_004160,meta_ads,true,2025-04-01,71.74,0.0999,2,81.27,0.81,1
CUST_004196,creator_network,false,2024-06-01,67.82,0.0,2,83.02,1.11,1
CUST_004253,meta_ads,true,2024-10-01,105.53,0.15,1,51.93,0.99,1
CUST_004284,google_ads,true,2024-02-01,111.79,0.0,1,73.33,0.99,1
CUST_004317,meta_ads,true,2025-07-01,82.56,0.0,1,53.40,0.99,1
CUST_004322,google_ads,true,2025-11-01,104.72,0.0,1,68.28,0.99,0
CUST_004327,google_ads,true,2024-01-01,132.73,0.25,2,123.41,0.13,1
CUST_004335,creator_network,false,2024-12-01,69.12,0.1999,1,30.46,0.99,1
CUST_004343,organic_search,false,2025-09-01,59.06,0.0,1,38.02,0.99,1
CUST_004352,meta_ads,true,2025-05-01,64.82,0.15,2,90.84,0.26,1
CUST_004396,creator_network,false,2025-10-01,58.65,0.2,3,101.92,2.73,0
CUST_004405,creator_network,false,2025-12-01,108.19,0.1,1,57.95,0.99,0
CUST_004421,creator_network,false,2024-04-01,66.88,0.0,1,42.54,0.99,1
CUST_004434,meta_ads,true,2025-11-01,90.45,0.2,1,41.24,0.99,0
CUST_004437,meta_ads,true,2024-11-01,95.13,0.15,1,45.94,0.99,1
CUST_004438,meta_ads,true,2025-08-01,68.20,0.1,1,37.34,0.99,1
CUST_004481,creator_network,false,2024-06-01,66.76,0.0,2,84.90,1.19,1
CUST_004521,meta_ads,true,2025-10-01,72.81,0.0,1,47.84,0.99,0
CUST_004522,meta_ads,true,2025-04-01,61.49,0.1,2,95.15,0.74,1
CUST_004527,organic_search,false,2025-08-01,116.55,0.15,1,56.71,0.99,1
CUST_004528,organic_search,false,2025-11-01,66.82,0.0,1,44.13,0.99,0
CUST_004533,meta_ads,true,2024-08-01,107.94,0.0,1,70.93,0.99,1
CUST_004537,meta_ads,true,2025-01-01,77.62,0.1,1,44.19,0.99,1
CUST_004568,direct,false,2024-07-01,117.83,0.0,4,259.39,4.26,1
CUST_004571,meta_ads,true,2025-02-01,73.55,0.2,1,2.58,0.99,1
CUST_004575,google_ads,true,2025-08-01,137.23,0.0,1,90.00,0.99,1
CUST_004583,meta_ads,true,2025-08-01,80.65,0.0,1,51.31,0.99,1
CUST_004599,meta_ads,true,2024-12-01,60.95,0.0,1,41.30,0.99,1
CUST_004625,google_ads,true,2025-11-01,88.73,0.0,1,58.46,0.99,0
CUST_004658,google_ads,true,2025-03-01,134.41,0.0,1,-46.43,0.99,1
CUST_004668,direct,false,2025-09-01,75.54,0.0,2,101.76,3.08,0
CUST_004704,google_ads,true,2025-04-01,120.84,0.0,2,112.07,0.69,1
CUST_004721,meta_ads,true,2024-11-01,117.97,0.15,2,128.87,1.20,1
CUST_004759,organic_search,false,2025-01-01,97.34,0.0,1,25.10,0.99,1
CUST_004764,google_ads,true,2024-08-01,87.48,0.15,1,12.46,0.99,1
CUST_004770,google_ads,true,2024-11-01,43.92,0.1999,2,73.64,1.37,1
CUST_004776,google_ads,true,2025-09-01,117.12,0.0,1,79.28,0.99,1
CUST_004784,creator_network,false,2024-09-01,60.48,0.2001,1,-32.91,0.99,1
CUST_004809,meta_ads,true,2024-08-01,81.66,0.0,1,54.51,0.99,1
CUST_004828,meta_ads,true,2024-06-01,78.15,0.0,1,49.37,0.99,1
CUST_004829,creator_network,false,2024-10-01,84.45,0.15,1,40.05,0.99,1
CUST_004832,google_ads,true,2025-07-01,106.51,0.0,1,67.64,0.99,1
CUST_004833,meta_ads,true,2025-06-01,113.53,0.0,1,71.81,0.99,1
CUST_004845,google_ads,true,2024-06-01,31.78,0.0,1,21.58,0.99,1
CUST_004866,direct,false,2025-05-01,109.50,0.0,1,70.52,0.99,1
CUST_004908,google_ads,true,2024-07-01,84.13,0.0,1,55.53,0.99,1
CUST_004912,meta_ads,true,2025-04-01,76.87,0.0,1,48.78,0.99,1
CUST_004917,google_ads,true,2024-10-01,129.27,0.1,1,18.32,0.99,1
CUST_004918,google_ads,true,2024-11-01,97.36,0.0,1,64.81,0.99,1
CUST_004942,creator_network,false,2025-01-01,75.52,0.0,1,48.02,0.99,1
CUST_004944,meta_ads,true,2024-11-01,73.49,0.15,1,35.60,0.99,1
CUST_004958,google_ads,true,2025-05-01,148.53,0.0,1,93.02,0.99,1
CUST_004979,creator_network,false,2024-01-01,75.32,0.1,1,41.99,0.99,1
CUST_005002,meta_ads,true,2025-02-01,42.89,0.0,1,27.16,0.99,1
CUST_005009,meta_ads,true,2024-06-01,83.59,0.15,1,42.45,0.99,1
CUST_005011,meta_ads,true,2024-06-01,90.32,0.15,1,47.38,0.99,1
CUST_005012,google_ads,true,2025-07-01,95.91,0.15,1,46.45,0.99,1
CUST_005026,google_ads,true,2025-03-01,94.41,0.0,2,98.32,2.53,1
CUST_005029,organic_search,false,2025-07-01,152.83,0.0,1,100.50,0.99,1
CUST_005038,organic_search,false,2025-12-01,121.74,0.0,1,81.83,0.99,0
CUST_005042,creator_network,false,2025-04-01,66.16,0.2,1,29.02,0.99,1
CUST_005067,creator_network,false,2025-02-01,77.71,0.2,1,33.12,0.99,1
CUST_005070,creator_network,false,2024-01-01,44.22,0.1999,1,18.74,0.99,1
CUST_005092,creator_network,false,2024-02-01,102.63,0.0,1,66.72,0.99,1
CUST_005131,creator_network,false,2025-04-01,55.91,0.2,1,26.02,0.99,1
CUST_005148,creator_network,false,2025-11-01,76.53,0.1,1,-33.55,0.99,0
CUST_005183,creator_network,false,2024-05-01,97.13,0.1,1,51.34,0.99,1
CUST_005190,creator_network,false,2024-09-01,76.54,0.2,3,152.10,3.74,1
CUST_005203,google_ads,true,2025-05-01,76.95,0.0,2,97.92,0.86,1
CUST_005237,creator_network,false,2025-07-01,115.15,0.15,1,-17.19,0.99,1
CUST_005245,meta_ads,true,2025-07-01,92.62,0.15,1,44.00,0.99,1
CUST_005249,meta_ads,true,2025-01-01,106.84,0.15,1,53.82,0.99,1
CUST_005290,meta_ads,true,2025-07-01,71.47,0.15,2,87.11,0.13,1
CUST_005292,google_ads,true,2024-06-01,98.83,0.0,1,66.14,0.99,1
CUST_005343,direct,false,2024-04-01,63.64,0.0,1,42.62,0.99,1
CUST_005378,meta_ads,true,2024-11-01,89.94,0.0,1,60.43,0.99,1
CUST_005389,creator_network,false,2025-04-01,90.54,0.1,1,49.62,0.99,1
CUST_005425,meta_ads,true,2025-01-01,88.62,0.0,2,118.09,0.21,1
CUST_005429,google_ads,true,2025-06-01,97.99,0.1,1,55.53,0.99,1
CUST_005432,google_ads,true,2024-03-01,134.41,0.0,1,85.54,0.99,1
CUST_005449,google_ads,true,2025-03-01,102.63,0.0,1,63.79,0.99,1
CUST_005456,creator_network,false,2024-07-01,119.59,0.1,1,69.21,0.99,1
CUST_005463,google_ads,true,2024-03-01,44.11,0.1,3,180.52,5.01,1
CUST_005511,creator_network,false,2024-05-01,82.26,0.0,1,54.58,0.99,1
CUST_005517,google_ads,true,2025-09-01,133.83,0.0,1,89.04,0.99,1
CUST_005540,creator_network,false,2025-02-01,103.09,0.1,1,57.68,0.99,1
CUST_005545,organic_search,false,2025-05-01,97.21,0.0,1,61.27,0.99,1
CUST_005547,organic_search,false,2024-04-01,69.55,0.0,2,80.48,0.71,1
CUST_005571,organic_search,false,2025-12-01,67.51,0.0,1,45.59,0.99,0
CUST_005572,direct,false,2024-03-01,110.80,0.0,1,72.23,0.99,1
CUST_005576,organic_search,false,2024-05-01,62.72,0.0,1,41.65,0.99,1
CUST_005605,meta_ads,true,2024-02-01,79.33,0.0,1,49.94,0.99,1
CUST_005611,google_ads,true,2024-03-01,128.02,0.1,1,70.51,0.99,1
CUST_005655,meta_ads,true,2024-05-01,77.14,0.0,1,-25.43,0.99,1
CUST_005685,meta_ads,true,2024-05-01,82.18,0.1,1,46.18,0.99,1
CUST_005688,creator_network,false,2025-11-01,71.91,0.1,1,40.19,0.99,0
CUST_005692,creator_network,false,2024-06-01,86.63,0.1,2,86.06,0.17,1
CUST_005696,google_ads,true,2024-10-01,110.16,0.0,1,10.81,0.99,1
CUST_005709,google_ads,true,2025-06-01,89.68,0.0,1,-30.15,0.99,1
CUST_005717,google_ads,true,2024-06-01,133.46,0.0,2,172.83,0.14,1
CUST_005723,organic_search,false,2025-09-01,96.91,0.0,1,64.61,0.99,1
CUST_005725,meta_ads,true,2024-05-01,108.70,0.0,1,71.24,0.99,1
CUST_005765,google_ads,true,2025-10-01,96.24,0.0,1,64.17,0.99,0
CUST_005846,organic_search,false,2024-08-01,118.17,0.1,1,67.87,0.99,1
CUST_005853,creator_network,false,2025-10-01,51.88,0.25,2,74.59,1.76,0
CUST_005889,creator_network,false,2025-09-01,93.88,0.2,1,43.22,0.99,1
CUST_005908,organic_search,false,2025-08-01,89.84,0.0,1,58.29,0.99,1
CUST_005916,organic_search,false,2024-03-01,101.11,0.2,1,45.91,0.99,1
CUST_005925,meta_ads,true,2024-08-01,61.88,0.1,1,35.01,0.99,1
CUST_005926,google_ads,true,2025-07-01,77.79,0.0,1,-27.20,0.99,1
CUST_005943,direct,false,2024-01-01,86.19,0.0,1,55.06,0.99,1
CUST_005979,google_ads,true,2025-03-01,136.10,0.0,1,90.91,0.99,1
CUST_006009,meta_ads,true,2025-05-01,88.19,0.0,2,76.61,0.45,1
CUST_006016,meta_ads,true,2025-08-01,92.17,0.15,1,46.86,0.99,1
CUST_006044,google_ads,true,2024-06-01,89.66,0.0,1,60.65,0.99,1
CUST_006079,meta_ads,true,2025-04-01,56.53,0.0999,1,29.85,0.99,1
CUST_006106,google_ads,true,2024-06-01,113.21,0.0,1,72.30,0.99,1
CUST_006130,creator_network,false,2024-09-01,42.77,0.1999,1,18.37,0.99,1
CUST_006153,direct,false,2024-02-01,93.01,0.0,2,24.37,0.24,1
CUST_006158,creator_network,false,2025-07-01,45.96,0.1499,1,22.53,0.99,1
CUST_006173,google_ads,true,2024-02-01,118.80,0.0,1,79.79,0.99,1
CUST_006198,meta_ads,true,2025-10-01,102.91,0.0,1,28.32,0.99,0
CUST_006200,creator_network,false,2024-03-01,90.77,0.15,1,45.65,0.99,1
CUST_006248,meta_ads,true,2025-09-01,56.79,0.0,1,38.61,0.99,1
CUST_006258,meta_ads,true,2025-06-01,111.72,0.1,1,59.14,0.99,1
CUST_006263,google_ads,true,2024-05-01,90.98,0.0,1,59.86,0.99,1
CUST_006271,google_ads,true,2024-11-01,99.66,0.0,1,64.53,0.99,1
CUST_006280,organic_search,false,2024-07-01,100.65,0.2,1,45.09,0.99,1
CUST_006325,creator_network,false,2024-03-01,78.67,0.15,1,-39.21,0.99,1
CUST_006343,organic_search,false,2025-06-01,128.61,0.0,1,85.12,0.99,1
CUST_006352,meta_ads,true,2025-03-01,106.13,0.0,1,69.81,0.99,1
CUST_006387,meta_ads,true,2025-04-01,98.31,0.0,1,62.17,0.99,1
CUST_006426,meta_ads,true,2024-06-01,65.05,0.0,1,44.20,0.99,1
CUST_006435,meta_ads,true,2025-08-01,122.43,0.1,1,67.64,0.99,1
CUST_006441,creator_network,false,2024-09-01,54.04,0.0999,1,28.23,0.99,1
CUST_006465,google_ads,true,2025-09-01,108.43,0.1,1,58.06,0.99,1
CUST_006470,google_ads,true,2025-08-01,134.32,0.0,1,85.40,0.99,1
CUST_006471,google_ads,true,2025-06-01,151.51,0.1,1,85.27,0.99,1
CUST_006503,meta_ads,true,2025-02-01,78.86,0.0,1,51.62,0.99,1
CUST_006533,direct,false,2025-11-01,98.74,0.0,1,66.67,0.99,0
CUST_006534,meta_ads,true,2024-01-01,112.04,0.15,1,54.72,0.99,1
CUST_006537,creator_network,false,2025-06-01,104.34,0.1,1,56.52,0.99,1
CUST_006538,google_ads,true,2025-10-01,97.30,0.0,3,-14.37,2.22,0
CUST_006541,creator_network,false,2024-06-01,81.77,0.2,3,-9.31,2.19,1
CUST_006560,organic_search,false,2025-12-01,116.62,0.0,1,78.64,0.99,0
CUST_006575,google_ads,true,2024-03-01,99.21,0.0,2,141.52,2.00,1
CUST_006577,direct,false,2025-11-01,73.58,0.0,1,23.66,0.99,0
CUST_006597,creator_network,false,2024-04-01,76.33,0.1,1,42.21,0.99,1
CUST_006602,meta_ads,true,2025-04-01,66.00,0.0,2,86.13,0.52,1
CUST_006621,meta_ads,true,2024-04-01,62.65,0.2,1,29.92,0.99,1
CUST_006632,google_ads,true,2024-05-01,89.30,0.1,2,6.62,4.54,1
CUST_006647,meta_ads,true,2025-11-01,68.01,0.0,1,43.53,0.99,0
CUST_006650,direct,false,2025-10-01,95.63,0.2,1,12.16,0.99,1
CUST_006653,meta_ads,true,2024-10-01,110.31,0.0,1,74.56,0.99,1
CUST_006675,meta_ads,true,2024-05-01,112.20,0.0,1,69.83,0.99,1
CUST_006685,organic_search,false,2025-07-01,109.52,0.0,3,105.82,2.75,0
CUST_006708,direct,false,2025-03-01,136.89,0.0,2,67.90,1.61,1
CUST_006732,meta_ads,true,2024-07-01,102.90,0.0,1,69.67,0.99,1
CUST_006768,creator_network,false,2024-08-01,74.43,0.0,1,-25.31,0.99,1
CUST_006792,direct,false,2024-10-01,49.39,0.15,1,25.02,0.99,1
CUST_006796,meta_ads,true,2024-09-01,136.39,0.0,1,91.47,0.99,1
CUST_006800,organic_search,false,2025-03-01,62.47,0.0,1,40.42,0.99,1
CUST_006808,meta_ads,true,2025-01-01,57.90,0.0,3,82.98,2.73,1
CUST_006817,meta_ads,true,2024-08-01,94.65,0.0,1,-34.42,0.99,1
CUST_006820,direct,false,2025-07-01,65.32,0.0,1,40.64,0.99,1
CUST_006843,organic_search,false,2024-04-01,92.33,0.0,1,57.63,0.99,1
CUST_006853,meta_ads,true,2025-11-01,87.97,0.1,1,48.62,0.99,0
CUST_006895,direct,false,2025-02-01,123.85,0.0,1,77.80,0.99,1
CUST_006919,meta_ads,true,2025-05-01,76.38,0.0,1,50.77,0.99,1
CUST_006923,organic_search,false,2024-07-01,58.82,0.0,1,37.39,0.99,1
CUST_006925,google_ads,true,2025-05-01,81.79,0.0,1,53.47,0.99,1
CUST_006931,direct,false,2024-10-01,131.40,0.0,2,149.60,3.12,1
CUST_006937,google_ads,true,2024-10-01,99.23,0.0,2,31.99,0.60,1
CUST_006949,meta_ads,true,2025-10-01,67.70,0.1499,1,33.97,0.99,0
CUST_006956,meta_ads,true,2024-11-01,68.51,0.0,1,45.84,0.99,1
CUST_006962,creator_network,false,2024-12-01,89.42,0.1,1,49.57,0.99,1
CUST_007027,google_ads,true,2024-02-01,68.20,0.0,1,44.39,0.99,1
CUST_007055,direct,false,2025-02-01,151.51,0.0,1,99.36,0.99,1
CUST_007062,meta_ads,true,2025-03-01,67.63,0.1499,1,35.48,0.99,1
CUST_007078,meta_ads,true,2025-05-01,79.07,0.15,1,40.99,0.99,1
CUST_007084,google_ads,true,2025-02-01,84.12,0.1,1,46.81,0.99,1
CUST_007125,meta_ads,true,2024-12-01,73.53,0.0,1,-24.15,0.99,1
CUST_007195,creator_network,false,2025-09-01,92.84,0.1,1,53.49,0.99,1
CUST_007209,meta_ads,true,2024-12-01,74.71,0.2,1,34.46,0.99,1
CUST_007245,organic_search,false,2024-09-01,89.66,0.0,1,57.27,0.99,1
CUST_007265,meta_ads,true,2025-09-01,117.99,0.1,1,11.79,0.99,1
CUST_007279,meta_ads,true,2025-08-01,105.62,0.0,1,67.29,0.99,1
CUST_007286,google_ads,true,2025-02-01,120.00,0.0,1,79.35,0.99,1
CUST_007288,meta_ads,true,2024-09-01,60.72,0.1,1,-27.48,0.99,1
CUST_007293,google_ads,true,2024-04-01,118.33,0.0,1,78.23,0.99,1
CUST_007342,google_ads,true,2024-12-01,163.40,0.0,1,101.41,0.99,1
CUST_007398,google_ads,true,2025-11-01,104.83,0.0,1,68.40,0.99,0
CUST_007407,meta_ads,true,2025-06-01,99.91,0.0,1,62.17,0.99,1
CUST_007411,google_ads,true,2025-01-01,118.63,0.15,1,56.16,0.99,1
CUST_007415,meta_ads,true,2025-02-01,99.48,0.0,1,64.13,0.99,1
CUST_007422,meta_ads,true,2025-06-01,122.34,0.0,3,148.47,3.75,1
CUST_007432,creator_network,false,2025-01-01,76.94,0.15,1,39.06,0.99,1
CUST_007437,creator_network,false,2024-07-01,107.95,0.1,1,60.26,0.99,1
CUST_007458,organic_search,false,2024-12-01,77.81,0.0,1,49.48,0.99,1
CUST_007466,meta_ads,true,2024-12-01,75.56,0.0,2,114.50,0.74,1
CUST_007473,google_ads,true,2025-10-01,85.27,0.0,2,107.80,1.03,0
CUST_007475,creator_network,false,2024-12-01,81.80,0.0,1,51.37,0.99,1
CUST_007495,organic_search,false,2025-10-01,113.03,0.0,1,73.49,0.99,0
CUST_007502,meta_ads,true,2025-09-01,48.60,0.0,1,30.21,0.99,1
CUST_007523,meta_ads,true,2025-04-01,92.42,0.0,1,58.88,0.99,1
CUST_007531,creator_network,false,2024-03-01,72.02,0.15,2,81.77,2.41,1
CUST_007547,meta_ads,true,2025-08-01,67.21,0.15,2,98.02,2.41,0
CUST_007579,creator_network,false,2025-11-01,99.65,0.0,1,-37.74,0.99,0
CUST_007581,creator_network,false,2025-06-01,87.46,0.15,1,42.79,0.99,1
CUST_007594,google_ads,true,2025-11-01,103.28,0.0,1,67.86,0.99,0
CUST_007600,meta_ads,true,2024-09-01,64.85,0.0,1,41.86,0.99,1
CUST_007640,meta_ads,true,2024-01-01,49.87,0.1001,1,28.66,0.99,1
CUST_007641,organic_search,false,2025-01-01,91.48,0.0,1,56.86,0.99,1
CUST_007646,google_ads,true,2025-06-01,102.37,0.0,1,68.64,0.99,1
CUST_007647,direct,false,2025-03-01,112.75,0.0,1,72.84,0.99,1
CUST_007661,google_ads,true,2024-02-01,118.98,0.15,1,59.32,0.99,1
CUST_007668,organic_search,false,2025-07-01,71.27,0.0,1,48.41,0.99,1
CUST_007674,meta_ads,true,2025-03-01,108.60,0.0,1,71.21,0.99,1
CUST_007689,creator_network,false,2024-10-01,89.04,0.2,1,38.20,0.99,1
CUST_007716,meta_ads,true,2025-12-01,88.12,0.0,1,58.22,0.99,0
CUST_007727,meta_ads,true,2024-04-01,94.43,0.15,1,49.77,0.99,1
CUST_007742,creator_network,false,2024-06-01,69.42,0.1,1,39.84,0.99,1
CUST_007755,google_ads,true,2024-08-01,71.35,0.2,1,33.62,0.99,1
CUST_007765,meta_ads,true,2025-06-01,25.16,0.0,1,16.77,0.99,1
CUST_007792,organic_search,false,2024-07-01,48.63,0.0,1,32.04,0.99,1
CUST_007810,organic_search,false,2024-01-01,93.05,0.0,1,61.41,0.99,1
CUST_007850,google_ads,true,2024-01-01,71.53,0.0,1,46.96,0.99,1
CUST_007870,meta_ads,true,2024-01-01,83.60,0.0,1,52.97,0.99,1
CUST_007903,direct,false,2024-09-01,116.34,0.0,2,118.34,1.45,1
CUST_007908,google_ads,true,2025-09-01,129.39,0.0,3,139.10,1.21,0
CUST_007920,meta_ads,true,2024-12-01,68.69,0.1,1,37.01,0.99,1
CUST_007924,google_ads,true,2024-03-01,114.16,0.0,1,74.41,0.99,1
CUST_007928,meta_ads,true,2025-10-01,47.95,0.1001,2,33.59,1.57,0
CUST_007930,meta_ads,true,2024-06-01,113.54,0.0,1,76.55,0.99,1
CUST_007946,creator_network,false,2024-05-01,77.05,0.0,1,50.44,0.99,1
CUST_007963,meta_ads,true,2024-05-01,116.17,0.0,1,73.24,0.99,1
CUST_007986,meta_ads,true,2025-08-01,72.93,0.15,1,36.81,0.99,1
CUST_008007,google_ads,true,2025-08-01,96.67,0.0,1,61.71,0.99,1
CUST_008027,direct,false,2025-09-01,131.36,0.0,1,84.96,0.99,1
CUST_008038,meta_ads,true,2025-10-01,66.24,0.1501,1,-11.31,0.99,0
CUST_008051,google_ads,true,2024-05-01,110.87,0.1,1,63.55,0.99,1
CUST_008056,creator_network,false,2024-12-01,68.94,0.0999,1,38.20,0.99,1
CUST_008063,google_ads,true,2025-12-01,125.53,0.0,1,-45.70,0.99,0
CUST_008084,meta_ads,true,2024-04-01,127.47,0.1,2,135.86,1.27,1
CUST_008102,meta_ads,true,2025-12-01,93.82,0.0,1,61.65,0.99,0
CUST_008133,organic_search,false,2025-12-01,133.15,0.0,1,87.42,0.99,0
CUST_008208,google_ads,true,2024-02-01,125.36,0.0,2,162.78,0.50,1
CUST_008216,creator_network,false,2025-02-01,108.24,0.1,1,60.39,0.99,1
CUST_008253,meta_ads,true,2024-01-01,86.93,0.1,1,45.62,0.99,1
CUST_008268,organic_search,false,2024-11-01,113.60,0.0,4,172.37,4.81,1
CUST_008274,meta_ads,true,2025-04-01,25.00,0.15,1,13.17,0.99,1
CUST_008292,creator_network,false,2025-07-01,70.34,0.0,1,45.38,0.99,1
CUST_008337,meta_ads,true,2025-11-01,58.43,0.0,1,37.41,0.99,0
CUST_008343,meta_ads,true,2024-06-01,73.77,0.1501,1,37.10,0.99,1
CUST_008347,organic_search,false,2025-09-01,73.82,0.0,2,32.03,2.62,0
CUST_008355,organic_search,false,2024-07-01,92.18,0.0,1,-30.32,0.99,1
CUST_008380,meta_ads,true,2025-01-01,65.23,0.0,1,40.60,0.99,1
CUST_008400,google_ads,true,2025-12-01,115.42,0.0,1,78.32,0.99,0
CUST_008412,direct,false,2025-12-01,37.27,0.0,1,25.26,0.99,0
CUST_008417,creator_network,false,2025-08-01,86.06,0.15,1,42.09,0.99,1
CUST_008458,direct,false,2024-12-01,104.84,0.0,1,66.59,0.99,1
CUST_008459,meta_ads,true,2025-12-01,106.23,0.15,1,55.11,0.99,0
CUST_008460,meta_ads,true,2024-10-01,63.36,0.0,2,106.66,0.57,1
CUST_008508,meta_ads,true,2025-04-01,52.29,0.0,1,34.22,0.99,1
CUST_008529,meta_ads,true,2025-06-01,62.69,0.0,1,41.47,0.99,1
CUST_008542,google_ads,true,2025-06-01,117.60,0.0,1,76.72,0.99,1
CUST_008546,creator_network,false,2025-03-01,77.35,0.15,1,38.69,0.99,1
CUST_008558,google_ads,true,2025-04-01,102.01,0.0,1,66.34,0.99,1
CUST_008560,meta_ads,true,2025-09-01,109.24,0.15,1,56.49,0.99,1
CUST_008568,meta_ads,true,2025-11-01,105.02,0.2,1,45.13,0.99,0
CUST_008590,creator_network,false,2025-06-01,90.03,0.15,1,-46.83,0.99,1
CUST_008596,meta_ads,true,2025-03-01,84.22,0.0,1,55.66,0.99,1
CUST_008600,google_ads,true,2025-06-01,158.34,0.0,1,103.65,0.99,1
CUST_008604,google_ads,true,2024-05-01,97.86,0.0,1,65.81,0.99,1
CUST_008643,meta_ads,true,2024-09-01,88.53,0.15,2,99.63,0.83,1
CUST_008685,meta_ads,true,2024-10-01,75.50,0.0,1,49.80,0.99,1
CUST_008695,organic_search,false,2025-03-01,104.58,0.0,1,67.68,0.99,1
CUST_008710,meta_ads,true,2025-07-01,73.28,0.0,2,88.39,1.39,1
CUST_008716,meta_ads,true,2025-10-01,127.52,0.0,2,127.00,1.82,0
CUST_008723,organic_search,false,2024-07-01,76.77,0.0,1,51.70,0.99,1
CUST_008733,creator_network,false,2024-08-01,81.38,0.0,1,54.04,0.99,1
CUST_008753,meta_ads,true,2024-08-01,72.55,0.1001,1,-32.43,0.99,1
CUST_008756,meta_ads,true,2025-10-01,65.70,0.2,1,28.71,0.99,0
CUST_008803,organic_search,false,2025-02-01,83.44,0.0,1,56.62,0.99,1
CUST_008807,meta_ads,true,2024-12-01,77.19,0.0,1,51.03,0.99,1
CUST_008812,organic_search,false,2024-12-01,64.19,0.0,1,42.30,0.99,1
CUST_008821,meta_ads,true,2024-03-01,126.99,0.0,1,79.89,0.99,1
CUST_008834,creator_network,false,2025-03-01,72.71,0.1,1,-31.72,0.99,1
CUST_008835,google_ads,true,2025-11-01,86.82,0.0,1,55.87,0.99,0
CUST_008843,google_ads,true,2024-08-01,85.88,0.0,1,55.64,0.99,1
CUST_008847,organic_search,false,2025-11-01,95.48,0.0,1,62.92,0.99,0
CUST_008859,meta_ads,true,2025-04-01,77.86,0.0,1,50.86,0.99,1
CUST_008878,creator_network,false,2024-10-01,101.71,0.2,1,43.82,0.99,1
CUST_008879,google_ads,true,2024-11-01,79.34,0.0,1,52.43,0.99,1
CUST_008884,google_ads,true,2024-10-01,138.39,0.0,1,89.96,0.99,1
CUST_008894,organic_search,false,2025-02-01,47.53,0.0,1,31.89,0.99,1
CUST_008910,meta_ads,true,2025-12-01,65.89,0.1499,1,-30.99,0.99,0
CUST_008916,meta_ads,true,2025-02-01,64.53,0.0,1,41.09,0.99,1
CUST_008931,direct,false,2024-12-01,57.35,0.0,1,38.29,0.99,1
CUST_008945,google_ads,true,2024-10-01,132.56,0.0,1,89.93,0.99,1
CUST_008964,google_ads,true,2024-01-01,108.50,0.0,2,128.80,0.55,1
CUST_008986,direct,false,2025-07-01,158.49,0.0,1,100.07,0.99,1
CUST_009000,organic_search,false,2025-11-01,64.08,0.0,1,43.40,0.99,0
CUST_009040,organic_search,false,2024-07-01,61.95,0.0,1,38.83,0.99,1
CUST_009079,google_ads,true,2025-07-01,107.93,0.15,1,53.11,0.99,1
CUST_009087,google_ads,true,2024-12-01,113.05,0.0,1,71.25,0.99,1
CUST_009110,google_ads,true,2025-07-01,119.71,0.0,1,77.01,0.99,1
CUST_009195,meta_ads,true,2025-09-01,75.01,0.1,3,89.46,1.02,0
CUST_009199,meta_ads,true,2025-06-01,128.92,0.0,1,17.88,0.99,1
CUST_009229,creator_network,false,2024-12-01,89.72,0.0,1,60.86,0.99,1
CUST_009246,direct,false,2025-11-01,95.82,0.0,1,60.65,0.99,0
CUST_009273,creator_network,false,2025-06-01,69.37,0.1999,1,29.22,0.99,1
CUST_009284,direct,false,2024-03-01,122.77,0.1,1,66.65,0.99,1
CUST_009291,creator_network,false,2025-03-01,62.15,0.1001,2,15.47,0.59,1
CUST_009297,meta_ads,true,2025-10-01,122.67,0.0,2,114.92,0.34,0
CUST_009352,meta_ads,true,2024-11-01,101.02,0.0,1,67.23,0.99,1
CUST_009362,google_ads,true,2025-09-01,74.33,0.0,1,46.11,0.99,1
CUST_009422,organic_search,false,2025-03-01,120.91,0.0,1,79.17,0.99,1
CUST_009439,creator_network,false,2024-01-01,71.86,0.15,1,38.04,0.99,1
CUST_009450,creator_network,false,2024-10-01,73.37,0.1,1,38.38,0.99,1
CUST_009479,direct,false,2024-09-01,52.97,0.0,1,35.94,0.99,1
CUST_009488,google_ads,true,2024-06-01,62.93,0.0,1,39.47,0.99,1
CUST_009507,google_ads,true,2024-03-01,112.44,0.0,1,76.32,0.99,1
CUST_009534,direct,false,2025-10-01,90.42,0.0,1,60.61,0.99,0
CUST_009558,direct,false,2025-02-01,83.38,0.0,1,52.05,0.99,1
CUST_009567,creator_network,false,2025-05-01,85.96,0.0,1,57.75,0.99,1
CUST_009645,direct,false,2024-11-01,44.45,0.0,1,30.20,0.99,1
CUST_009650,google_ads,true,2024-07-01,104.51,0.15,2,88.29,3.08,1
CUST_009656,google_ads,true,2025-04-01,129.62,0.0,1,83.73,0.99,1
CUST_009664,google_ads,true,2024-02-01,92.66,0.15,1,46.46,0.99,1
CUST_009665,meta_ads,true,2024-10-01,64.50,0.0,1,41.99,0.99,1
CUST_009666,direct,false,2025-08-01,81.81,0.0,1,-29.38,0.99,1
CUST_009670,google_ads,true,2025-08-01,130.92,0.0,1,-46.14,0.99,1
CUST_009675,creator_network,false,2024-12-01,88.35,0.0,1,-29.19,0.99,1
CUST_009684,creator_network,false,2025-09-01,86.84,0.1,1,47.80,0.99,1
CUST_009688,google_ads,true,2024-09-01,135.78,0.0,1,88.79,0.99,1
CUST_009693,meta_ads,true,2024-12-01,102.15,0.15,1,51.72,0.99,1
CUST_009720,direct,false,2025-07-01,71.75,0.0,3,198.82,3.64,0
CUST_009788,creator_network,false,2024-07-01,107.81,0.0,2,102.82,1.42,1
CUST_009792,organic_search,false,2025-03-01,76.02,0.0,1,48.63,0.99,1
CUST_009823,meta_ads,true,2025-06-01,97.97,0.1,1,54.36,0.99,1
CUST_009846,meta_ads,true,2024-12-01,75.43,0.0,1,49.25,0.99,1
CUST_009864,creator_network,false,2025-09-01,96.41,0.0,1,63.83,0.99,1
CUST_009867,google_ads,true,2025-01-01,97.65,0.0,1,62.17,0.99,1
CUST_009883,meta_ads,true,2024-11-01,106.37,0.0,1,-34.74,0.99,1
CUST_009886,meta_ads,true,2025-06-01,103.65,0.0,2,139.60,2.81,1
CUST_009899,direct,false,2025-09-01,82.65,0.0,1,55.73,0.99,1
CUST_009900,google_ads,true,2024-02-01,115.07,0.1,1,65.98,0.99,1
CUST_009918,google_ads,true,2024-07-01,84.63,0.0,1,55.48,0.99,1
CUST_009928,google_ads,true,2025-12-01,116.90,0.0,2,157.29,0.64,0
CUST_009940,organic_search,false,2025-08-01,67.59,0.0,1,45.45,0.99,1
CUST_009943,meta_ads,true,2024-01-01,82.09,0.15,1,39.25,0.99,1
CUST_009952,google_ads,true,2025-06-01,118.76,0.1,1,1.43,0.99,1
CUST_009965,direct,false,2025-02-01,73.44,0.0,1,47.98,0.99,1
CUST_009979,creator_network,false,2025-12-01,91.29,0.1,1,48.64,0.99,0
CUST_009985,creator_network,false,2025-10-01,87.22,0.15,1,43.75,0.99,0
CUST_009990,organic_search,false,2025-09-01,79.84,0.0,1,49.67,0.99,1
CUST_010000,meta_ads,true,2024-07-01,91.01,0.15,1,47.32,0.99,1
CUST_010007,creator_network,false,2024-02-01,64.19,0.2,1,-9.50,0.99,1
CUST_010075,meta_ads,true,2025-12-01,90.18,0.0,1,57.12,0.99,0
CUST_010083,meta_ads,true,2025-06-01,87.70,0.0,1,56.97,0.99,1
CUST_010115,google_ads,true,2024-04-01,137.87,0.0,1,88.16,0.99,1
CUST_010120,meta_ads,true,2025-08-01,70.58,0.0,2,104.13,0.75,1
CUST_010128,meta_ads,true,2025-10-01,107.91,0.0,1,73.13,0.99,0
CUST_010156,meta_ads,true,2024-12-01,46.82,0.0,1,31.48,0.99,1
CUST_010166,meta_ads,true,2024-05-01,77.25,0.0,1,49.73,0.99,1
CUST_010184,meta_ads,true,2024-11-01,109.69,0.2,1,50.50,0.99,1
CUST_010203,creator_network,false,2024-10-01,98.94,0.2,1,42.04,0.99,1
CUST_010250,meta_ads,true,2024-01-01,114.15,0.0,1,77.07,0.99,1
CUST_010278,google_ads,true,2025-09-01,127.99,0.0,1,82.15,0.99,1
CUST_010289,creator_network,false,2025-05-01,92.65,0.0999,1,-39.09,0.99,1
CUST_010290,direct,false,2024-05-01,120.89,0.0,1,78.45,0.99,1
CUST_010291,creator_network,false,2025-03-01,78.32,0.1999,1,33.72,0.99,1
CUST_010301,meta_ads,true,2025-11-01,79.17,0.1501,1,41.76,0.99,0
CUST_010305,organic_search,false,2024-08-01,124.31,0.0,1,77.88,0.99,1
CUST_010321,meta_ads,true,2025-04-01,82.09,0.0,1,54.31,0.99,1
CUST_010384,organic_search,false,2025-10-01,52.78,0.0,1,35.11,0.99,0
CUST_010391,creator_network,false,2025-10-01,58.46,0.1001,2,106.61,0.37,0
CUST_010394,meta_ads,true,2025-03-01,79.79,0.1,1,44.80,0.99,1
CUST_010404,direct,false,2024-07-01,100.33,0.1,1,52.61,0.99,1
CUST_010406,organic_search,false,2024-05-01,135.98,0.0,1,90.32,0.99,1
CUST_010427,meta_ads,true,2024-10-01,105.98,0.0,1,67.59,0.99,1
CUST_010441,meta_ads,true,2025-07-01,101.07,0.15,3,72.98,4.51,0
CUST_010577,google_ads,true,2025-12-01,130.95,0.0,1,85.19,0.99,0
CUST_010606,creator_network,false,2024-07-01,61.82,0.0,2,61.39,3.40,1
CUST_010625,meta_ads,true,2025-12-01,113.49,0.15,1,-57.50,0.99,0
CUST_010634,meta_ads,true,2024-11-01,42.73,0.15,1,-5.21,0.99,1
CUST_010645,organic_search,false,2024-07-01,110.32,0.0,2,155.57,1.07,1
CUST_010646,google_ads,true,2024-03-01,91.39,0.1,1,51.87,0.99,1
CUST_010682,google_ads,true,2025-12-01,153.62,0.0,1,27.06,0.99,0
CUST_010709,google_ads,true,2025-06-01,163.61,0.15,3,208.89,4.49,0
CUST_010735,organic_search,false,2024-11-01,106.78,0.1,1,60.81,0.99,1
CUST_010744,direct,false,2025-03-01,126.38,0.0,1,84.89,0.99,1
CUST_010765,creator_network,false,2025-09-01,89.04,0.1,1,-5.49,0.99,1
CUST_010771,google_ads,true,2025-02-01,93.13,0.0,1,60.30,0.99,1
CUST_010773,google_ads,true,2025-01-01,113.93,0.0,2,136.44,2.81,1
CUST_010776,meta_ads,true,2024-01-01,87.72,0.0,1,59.02,0.99,1
CUST_010778,creator_network,false,2025-08-01,94.51,0.1,1,-40.82,0.99,1
CUST_010789,direct,false,2025-07-01,75.87,0.0,1,49.86,0.99,1
CUST_010791,organic_search,false,2025-08-01,138.56,0.1,1,79.51,0.99,1
CUST_010825,meta_ads,true,2025-07-01,83.13,0.2,1,-43.51,0.99,1
CUST_010836,direct,false,2025-12-01,129.38,0.0,1,83.97,0.99,0
CUST_010855,meta_ads,true,2024-09-01,100.41,0.0,1,66.28,0.99,1
CUST_010872,direct,false,2025-05-01,70.74,0.2,1,-39.22,0.99,1
CUST_010895,creator_network,false,2025-05-01,71.14,0.0999,1,38.64,0.99,1
CUST_010914,organic_search,false,2025-10-01,128.40,0.0,1,84.79,0.99,0
CUST_010944,organic_search,false,2024-10-01,68.20,0.0,1,43.55,0.99,1
CUST_010956,meta_ads,true,2025-10-01,101.30,0.0,1,-36.84,0.99,0
CUST_010987,google_ads,true,2024-02-01,110.30,0.0,1,72.32,0.99,1
CUST_010988,meta_ads,true,2024-02-01,86.58,0.15,1,43.94,0.99,1
CUST_011013,google_ads,true,2025-12-01,125.34,0.1,1,71.45,0.99,0
CUST_011023,direct,false,2025-11-01,121.73,0.0,1,-45.67,0.99,0
CUST_011028,google_ads,true,2025-02-01,89.18,0.0,1,58.33,0.99,1
CUST_011052,meta_ads,true,2024-05-01,47.69,0.0,1,31.37,0.99,1
CUST_011062,organic_search,false,2024-03-01,139.69,0.0,1,87.14,0.99,1
CUST_011086,meta_ads,true,2024-12-01,102.58,0.15,1,53.29,0.99,1
CUST_011092,creator_network,false,2025-09-01,77.46,0.15,1,39.57,0.99,1
CUST_011109,creator_network,false,2024-09-01,78.69,0.1,1,43.62,0.99,1
CUST_011110,google_ads,true,2025-06-01,100.55,0.0,1,63.90,0.99,1
CUST_011141,meta_ads,true,2025-08-01,69.38,0.0,1,46.83,0.99,1
CUST_011151,organic_search,false,2024-01-01,67.87,0.1,1,38.79,0.99,1
CUST_011174,direct,false,2025-07-01,121.89,0.0,1,79.81,0.99,1
CUST_011182,direct,false,2025-11-01,108.49,0.0,1,68.46,0.99,0
CUST_011187,meta_ads,true,2024-03-01,92.77,0.2,1,42.02,0.99,1
CUST_011201,organic_search,false,2024-08-01,55.60,0.0,1,37.38,0.99,1
CUST_011211,google_ads,true,2024-05-01,87.27,0.0,1,54.25,0.99,1
CUST_011215,creator_network,false,2025-09-01,68.70,0.2,1,31.22,0.99,1
CUST_011217,creator_network,false,2025-01-01,100.56,0.0,1,66.05,0.99,1
CUST_011246,meta_ads,true,2025-08-01,69.53,0.1,1,39.51,0.99,1
CUST_011252,meta_ads,true,2025-07-01,77.06,0.0,3,169.64,3.00,0
CUST_011288,google_ads,true,2024-11-01,106.52,0.2,1,45.49,0.99,1
CUST_011301,meta_ads,true,2025-01-01,107.21,0.0,1,66.91,0.99,1
CUST_011326,organic_search,false,2024-10-01,62.96,0.0,1,39.17,0.99,1
CUST_011363,google_ads,true,2025-08-01,92.48,0.1,1,50.80,0.99,1
CUST_011365,creator_network,false,2024-08-01,69.25,0.15,1,35.22,0.99,1
CUST_011366,meta_ads,true,2025-07-01,71.08,0.0,2,109.36,1.60,1
CUST_011431,meta_ads,true,2024-07-01,88.80,0.0,1,56.58,0.99,1
CUST_011435,meta_ads,true,2025-09-01,93.90,0.0,1,61.84,0.99,1
CUST_011507,google_ads,true,2025-10-01,115.13,0.1,2,131.63,0.95,0
CUST_011542,meta_ads,true,2024-04-01,87.47,0.0,1,55.58,0.99,1
CUST_011569,direct,false,2024-04-01,115.86,0.0,1,77.84,0.99,1
CUST_011585,direct,false,2025-05-01,117.33,0.0,4,319.06,3.07,1
CUST_011586,meta_ads,true,2025-06-01,97.66,0.0,1,66.18,0.99,1
CUST_011591,meta_ads,true,2025-02-01,80.44,0.25,2,77.87,0.63,1
CUST_011605,meta_ads,true,2024-11-01,129.47,0.15,1,-4.56,0.99,1
CUST_011608,google_ads,true,2024-06-01,117.05,0.0,1,76.69,0.99,1
CUST_011610,google_ads,true,2024-12-01,78.37,0.0,1,50.21,0.99,1
CUST_011648,meta_ads,true,2024-12-01,108.89,0.1,1,-1.50,0.99,1
CUST_011684,meta_ads,true,2024-09-01,112.72,0.0,1,73.91,0.99,1
CUST_011729,meta_ads,true,2024-05-01,70.86,0.0,1,43.95,0.99,1
CUST_011739,direct,false,2025-07-01,53.21,0.0,1,35.22,0.99,1
CUST_011745,google_ads,true,2025-09-01,133.29,0.0,1,86.07,0.99,1
CUST_011769,meta_ads,true,2024-01-01,106.14,0.15,1,54.47,0.99,1
CUST_011817,google_ads,true,2025-04-01,105.75,0.0,1,70.04,0.99,1
CUST_011859,google_ads,true,2025-09-01,125.96,0.15,1,64.38,0.99,1
CUST_011891,organic_search,false,2025-06-01,92.22,0.0,1,61.09,0.99,1
CUST_011892,creator_network,false,2024-02-01,81.57,0.1,1,46.31,0.99,1
CUST_011918,google_ads,true,2025-12-01,82.67,0.0,1,51.98,0.99,0
CUST_011920,meta_ads,true,2025-10-01,61.56,0.1499,1,-30.87,0.99,0
CUST_011922,organic_search,false,2024-08-01,97.11,0.1,1,52.94,0.99,1
CUST_011928,organic_search,false,2024-01-01,60.31,0.0,1,39.15,0.99,1
CUST_011930,meta_ads,true,2024-08-01,108.26,0.0,1,21.37,0.99,1
CUST_011965,google_ads,true,2025-03-01,103.47,0.0,1,67.18,0.99,1
CUST_011966,creator_network,false,2025-01-01,66.08,0.1,1,36.53,0.99,1
CUST_012015,google_ads,true,2024-07-01,94.09,0.0,1,63.69,0.99,1
CUST_012017,google_ads,true,2024-03-01,161.94,0.0,1,102.78,0.99,1
CUST_012018,direct,false,2025-09-01,141.76,0.0,1,92.38,0.99,1
CUST_012028,meta_ads,true,2025-04-01,98.85,0.0,1,66.12,0.99,1
CUST_012047,google_ads,true,2024-12-01,59.32,0.0,2,100.36,1.79,1
CUST_012062,organic_search,false,2025-09-01,91.74,0.0,1,57.96,0.99,1
CUST_012063,meta_ads,true,2025-04-01,100.00,0.0,1,65.93,0.99,1
CUST_012094,creator_network,false,2025-10-01,86.67,0.2,1,37.95,0.99,0
CUST_012095,meta_ads,true,2025-05-01,80.66,0.0,1,54.31,0.99,1
CUST_012101,google_ads,true,2024-12-01,108.67,0.15,1,53.69,0.99,1
CUST_012108,google_ads,true,2024-09-01,97.78,0.0,1,63.26,0.99,1
CUST_012110,direct,false,2024-06-01,87.35,0.0,1,57.50,0.99,1
CUST_012123,meta_ads,true,2025-04-01,81.74,0.1,1,-36.50,0.99,1
CUST_012130,meta_ads,true,2025-01-01,92.42,0.0,1,58.38,0.99,1
CUST_012133,google_ads,true,2024-09-01,143.08,0.0,1,94.62,0.99,1
CUST_012140,organic_search,false,2025-10-01,107.54,0.25,1,44.16,0.99,0
CUST_012155,google_ads,true,2025-04-01,108.45,0.0,1,68.73,0.99,1
CUST_012164,direct,false,2024-08-01,123.15,0.0,1,82.46,0.99,1
CUST_012262,meta_ads,true,2024-12-01,104.46,0.2,1,-56.67,0.99,1
CUST_012294,google_ads,true,2025-02-01,82.32,0.0,1,13.94,0.99,1
CUST_012300,organic_search,false,2024-12-01,71.30,0.0,1,-24.17,0.99,1
CUST_012329,direct,false,2025-11-01,107.07,0.0,1,71.04,0.99,0
CUST_012338,creator_network,false,2025-02-01,101.36,0.0,1,64.98,0.99,1
CUST_012358,meta_ads,true,2025-08-01,69.31,0.1501,1,36.15,0.99,1
CUST_012378,meta_ads,true,2025-07-01,82.28,0.0,1,54.59,0.99,1
CUST_012404,meta_ads,true,2024-09-01,124.05,0.2,1,52.65,0.99,1
CUST_012423,meta_ads,true,2024-05-01,99.77,0.2,1,45.34,0.99,1
CUST_012433,meta_ads,true,2025-10-01,111.12,0.1,2,96.61,0.86,0
CUST_012439,meta_ads,true,2024-06-01,82.42,0.0,1,-29.85,0.99,1
CUST_012455,google_ads,true,2024-09-01,72.70,0.0,1,48.63,0.99,1
CUST_012457,creator_network,false,2024-07-01,91.24,0.1,1,48.28,0.99,1
CUST_012467,meta_ads,true,2024-07-01,58.11,0.0,1,-20.67,0.99,1
CUST_012470,meta_ads,true,2025-05-01,98.47,0.2,1,46.95,0.99,1
CUST_012495,meta_ads,true,2024-03-01,84.49,0.1,2,95.42,2.39,1
CUST_012497,creator_network,false,2025-06-01,59.37,0.0,1,37.24,0.99,1
CUST_000006,direct,false,2024-05-01,125.63,0.0,1,83.48,0.99,1
CUST_000018,direct,false,2025-03-01,122.16,0.0,1,82.69,0.99,1
CUST_000025,meta_ads,true,2025-01-01,92.67,0.1,1,48.77,0.99,1
CUST_000029,google_ads,true,2025-04-01,126.40,0.2,1,-70.44,0.99,1
CUST_000074,meta_ads,true,2025-09-01,131.43,0.0,1,85.26,0.99,1
CUST_000085,meta_ads,true,2024-10-01,79.99,0.15,1,38.17,0.99,1
CUST_000100,google_ads,true,2024-04-01,132.99,0.0,1,83.57,0.99,1
CUST_000123,direct,false,2024-10-01,62.17,0.0,1,41.43,0.99,1
CUST_000136,meta_ads,true,2024-10-01,32.14,0.0,1,20.78,0.99,1
CUST_000148,meta_ads,true,2025-02-01,127.90,0.0,1,80.90,0.99,1
CUST_000160,creator_network,false,2025-07-01,45.69,0.1499,1,21.69,0.99,1
CUST_000177,meta_ads,true,2025-06-01,95.76,0.0,1,60.55,0.99,1
CUST_000204,creator_network,false,2025-11-01,80.23,0.1499,1,39.75,0.99,0
CUST_000242,google_ads,true,2025-12-01,86.15,0.15,2,97.65,0.66,0
CUST_000245,organic_search,false,2024-01-01,94.28,0.0,3,75.52,1.39,1
CUST_000261,meta_ads,true,2025-05-01,76.66,0.0,4,229.07,2.26,1
CUST_000305,organic_search,false,2025-07-01,79.62,0.1999,1,33.89,0.99,1
CUST_000311,meta_ads,true,2025-01-01,60.25,0.0,1,38.87,0.99,1
CUST_000319,google_ads,true,2024-05-01,71.57,0.0,1,47.70,0.99,1
CUST_000323,meta_ads,true,2025-06-01,93.28,0.0,1,59.06,0.99,1
CUST_000341,organic_search,false,2025-02-01,63.72,0.0,1,40.79,0.99,1
CUST_000365,google_ads,true,2025-11-01,114.87,0.15,1,57.36,0.99,0
CUST_000406,google_ads,true,2025-11-01,94.30,0.2501,1,38.11,0.99,0
CUST_000407,google_ads,true,2024-12-01,109.18,0.15,1,53.95,0.99,1
CUST_000432,organic_search,false,2025-08-01,77.02,0.0,1,50.60,0.99,1
CUST_000442,creator_network,false,2025-12-01,43.22,0.1,1,23.97,0.99,0
CUST_000453,google_ads,true,2025-01-01,101.07,0.0,1,66.12,0.99,1
CUST_000467,google_ads,true,2024-09-01,78.30,0.0,2,105.05,1.47,1
CUST_000481,meta_ads,true,2025-05-01,94.68,0.0,1,64.20,0.99,1
CUST_000491,organic_search,false,2025-01-01,74.00,0.0,1,46.92,0.99,1
CUST_000510,meta_ads,true,2025-07-01,64.19,0.0,1,40.70,0.99,1
CUST_000513,creator_network,false,2025-11-01,54.27,0.15,1,26.12,0.99,0
CUST_000523,direct,false,2025-12-01,81.33,0.2,1,36.84,0.99,0
CUST_000611,meta_ads,true,2024-02-01,34.49,0.0,1,23.05,0.99,1
CUST_000622,meta_ads,true,2024-07-01,92.07,0.0,1,19.27,0.99,1
CUST_000624,google_ads,true,2025-02-01,112.27,0.0,1,75.36,0.99,1
CUST_000646,creator_network,false,2025-10-01,73.34,0.15,1,34.57,0.99,0
CUST_000670,creator_network,false,2024-09-01,107.24,0.0,1,71.86,0.99,1
CUST_000678,google_ads,true,2024-12-01,85.07,0.0,1,55.66,0.99,1
CUST_000679,meta_ads,true,2025-12-01,49.03,0.0,1,30.41,0.99,0
CUST_000693,meta_ads,true,2025-03-01,91.05,0.0,1,14.28,0.99,1
CUST_000694,google_ads,true,2024-08-01,47.51,0.0,1,30.61,0.99,1
CUST_000696,organic_search,false,2025-05-01,118.87,0.0,1,73.93,0.99,1
CUST_000762,meta_ads,true,2024-10-01,110.03,0.0,1,71.07,0.99,1
CUST_000813,meta_ads,true,2024-05-01,79.43,0.1499,1,41.64,0.99,1
CUST_000831,meta_ads,true,2024-07-01,98.04,0.0,1,-37.15,0.99,1
CUST_000865,meta_ads,true,2024-12-01,86.56,0.0,2,127.47,1.03,1
CUST_000898,google_ads,true,2025-11-01,78.06,0.1001,1,42.04,0.99,0
CUST_000903,meta_ads,true,2024-06-01,44.39,0.15,1,22.16,0.99,1
CUST_000910,organic_search,false,2024-11-01,62.28,0.1,1,33.84,0.99,1
CUST_000916,google_ads,true,2025-01-01,116.08,0.2,1,49.02,0.99,1
CUST_000935,google_ads,true,2024-06-01,85.22,0.0,3,190.94,5.59,1
CUST_000951,creator_network,false,2025-05-01,96.14,0.1,1,53.38,0.99,1
CUST_000959,direct,false,2024-06-01,95.41,0.0,1,-2.71,0.99,1
CUST_000966,google_ads,true,2024-11-01,120.32,0.0,1,75.52,0.99,1
CUST_000991,organic_search,false,2025-09-01,137.46,0.0,1,93.15,0.99,1
CUST_000999,meta_ads,true,2025-12-01,91.40,0.0,1,59.75,0.99,0
CUST_001041,google_ads,true,2025-03-01,111.79,0.15,1,55.59,0.99,1
CUST_001050,meta_ads,true,2024-01-01,100.35,0.0,1,64.75,0.99,1
CUST_001061,meta_ads,true,2025-10-01,85.11,0.15,1,42.36,0.99,0
CUST_001062,meta_ads,true,2025-12-01,85.60,0.15,1,44.57,0.99,0
CUST_001083,meta_ads,true,2024-12-01,118.45,0.2,1,54.17,0.99,1
CUST_001086,meta_ads,true,2025-02-01,110.04,0.15,1,54.54,0.99,1
CUST_001090,meta_ads,true,2024-08-01,105.62,0.0,1,69.94,0.99,1
CUST_001095,google_ads,true,2024-08-01,146.10,0.0,2,175.41,1.88,1
CUST_001104,google_ads,true,2025-11-01,112.44,0.0,1,74.29,0.99,0
CUST_001110,google_ads,true,2024-05-01,114.64,0.1,1,65.33,0.99,1
CUST_001129,organic_search,false,2024-11-01,80.25,0.0,1,51.82,0.99,1
CUST_001134,creator_network,false,2024-07-01,60.50,0.1499,2,33.51,0.97,1
CUST_001146,google_ads,true,2025-10-01,80.86,0.0,2,105.70,1.70,0
CUST_001147,creator_network,false,2025-09-01,122.02,0.15,2,24.29,0.91,0
CUST_001164,creator_network,false,2025-08-01,71.91,0.15,1,35.36,0.99,1
CUST_001197,direct,false,2025-12-01,76.67,0.0,1,50.87,0.99,0
CUST_001243,creator_network,false,2025-08-01,51.72,0.1999,1,22.70,0.99,1
CUST_001264,direct,false,2025-01-01,95.37,0.15,1,45.51,0.99,1
CUST_001268,google_ads,true,2025-02-01,115.70,0.0,1,74.86,0.99,1
CUST_001293,google_ads,true,2025-04-01,73.83,0.1499,1,36.39,0.99,1
CUST_001305,creator_network,false,2025-07-01,118.79,0.15,1,62.76,0.99,1
CUST_001311,organic_search,false,2024-03-01,74.86,0.0,1,47.58,0.99,1
CUST_001361,meta_ads,true,2025-11-01,118.50,0.0,1,77.72,0.99,0
CUST_001367,creator_network,false,2025-07-01,51.64,0.1501,1,27.32,0.99,1
CUST_001373,google_ads,true,2025-10-01,94.95,0.0,1,60.12,0.99,0
CUST_001378,meta_ads,true,2025-03-01,91.86,0.0,1,59.08,0.99,1
CUST_001399,direct,false,2025-05-01,94.49,0.0,1,59.59,0.99,1
CUST_001421,meta_ads,true,2024-10-01,77.13,0.0,1,52.20,0.99,1
CUST_001425,google_ads,true,2025-12-01,135.32,0.1,1,-8.24,0.99,0
CUST_001450,organic_search,false,2025-06-01,105.45,0.1,1,56.55,0.99,1
CUST_001456,creator_network,false,2025-11-01,70.27,0.15,1,34.53,0.99,0
CUST_001481,meta_ads,true,2025-09-01,110.47,0.0,2,29.01,0.87,0
CUST_001490,meta_ads,true,2025-01-01,77.13,0.0,2,128.53,1.86,1
CUST_001495,organic_search,false,2025-05-01,116.38,0.0,1,75.40,0.99,1
CUST_001511,organic_search,false,2025-09-01,77.76,0.0,1,52.23,0.99,1
CUST_001554,google_ads,true,2025-10-01,86.32,0.2,1,39.31,0.99,0
CUST_001563,google_ads,true,2025-08-01,118.48,0.2,2,111.20,0.73,1
CUST_001564,google_ads,true,2024-09-01,97.00,0.0,1,65.35,0.99,1
CUST_001566,organic_search,false,2025-01-01,100.35,0.0,1,64.32,0.99,1
CUST_001588,meta_ads,true,2024-12-01,68.53,0.15,1,35.13,0.99,1
CUST_001619,direct,false,2025-04-01,98.87,0.0,1,62.76,0.99,1
CUST_001631,meta_ads,true,2025-08-01,150.59,0.1,1,79.31,0.99,1
CUST_001634,google_ads,true,2025-09-01,118.83,0.0,1,77.24,0.99,1
CUST_001635,creator_network,false,2025-11-01,93.94,0.2,1,41.80,0.99,0
CUST_001639,creator_network,false,2025-12-01,45.39,0.15,1,23.96,0.99,0
CUST_001643,google_ads,true,2025-03-01,102.50,0.2,1,48.24,0.99,1
CUST_001652,organic_search,false,2024-10-01,84.60,0.0,1,53.07,0.99,1
CUST_001665,google_ads,true,2025-12-01,85.64,0.0,1,54.00,0.99,0
CUST_001684,meta_ads,true,2025-09-01,60.86,0.0,1,38.30,0.99,1
CUST_001686,google_ads,true,2025-10-01,52.05,0.0,2,89.17,1.19,0
CUST_001699,creator_network,false,2025-12-01,86.79,0.0,1,55.76,0.99,0
CUST_001724,google_ads,true,2024-04-01,114.65,0.0,2,76.81,0.21,1
CUST_001760,meta_ads,true,2025-03-01,82.91,0.0,1,51.82,0.99,1
CUST_001768,meta_ads,true,2025-02-01,73.41,0.0,1,47.23,0.99,1
CUST_001816,creator_network,false,2025-12-01,76.97,0.1501,1,38.99,0.99,0
CUST_001834,meta_ads,true,2025-08-01,132.43,0.1,1,75.17,0.99,1
CUST_001854,meta_ads,true,2025-10-01,83.01,0.25,1,-50.37,0.99,0
CUST_001862,creator_network,false,2025-06-01,80.06,0.15,2,48.83,0.60,1
CUST_001863,creator_network,false,2024-06-01,45.39,0.1,1,23.63,0.99,1
CUST_001864,organic_search,false,2025-03-01,46.30,0.0,2,96.37,0.88,1
CUST_001894,google_ads,true,2024-07-01,108.14,0.0,1,68.93,0.99,1
CUST_001918,google_ads,true,2025-04-01,113.91,0.0,1,74.62,0.99,1
CUST_001939,creator_network,false,2025-02-01,66.95,0.15,1,32.94,0.99,1
CUST_001943,meta_ads,true,2025-08-01,93.17,0.0,1,58.34,0.99,1
CUST_001977,organic_search,false,2024-08-01,99.70,0.1,1,57.48,0.99,1
CUST_001990,meta_ads,true,2025-07-01,67.48,0.0,1,-24.47,0.99,1
CUST_002003,meta_ads,true,2025-11-01,107.47,0.15,1,-55.51,0.99,0
CUST_002025,google_ads,true,2024-12-01,92.31,0.1,1,49.49,0.99,1
CUST_002027,google_ads,true,2025-07-01,120.38,0.2,1,-62.73,0.99,1
CUST_002043,meta_ads,true,2025-03-01,93.06,0.1,2,88.58,1.33,1
CUST_002046,meta_ads,true,2025-07-01,57.29,0.1499,1,29.87,0.99,1
CUST_002052,meta_ads,true,2025-02-01,120.82,0.0,1,79.56,0.99,1
CUST_002067,direct,false,2024-07-01,87.02,0.0,1,58.84,0.99,1
CUST_002093,organic_search,false,2024-07-01,100.23,0.0,1,66.03,0.99,1
CUST_002094,google_ads,true,2025-03-01,81.16,0.15,1,38.51,0.99,1
CUST_002136,meta_ads,true,2025-10-01,117.75,0.0,1,76.71,0.99,0
CUST_002142,creator_network,false,2025-03-01,66.76,0.1499,1,34.65,0.99,1
CUST_002153,meta_ads,true,2025-07-01,98.91,0.0,1,66.82,0.99,1
CUST_002171,google_ads,true,2025-06-01,116.64,0.0,1,73.55,0.99,1
CUST_002208,google_ads,true,2025-10-01,69.28,0.0,1,45.00,0.99,0
CUST_002235,google_ads,true,2025-06-01,118.28,0.0,1,73.94,0.99,1
CUST_002237,meta_ads,true,2025-10-01,79.44,0.1501,1,39.35,0.99,0
CUST_002239,organic_search,false,2024-03-01,68.56,0.0,1,42.81,0.99,1
CUST_002254,google_ads,true,2025-09-01,91.24,0.0,1,57.42,0.99,1
CUST_002348,direct,false,2024-11-01,72.78,0.0,1,47.97,0.99,1
CUST_002350,google_ads,true,2024-01-01,139.89,0.0,1,90.17,0.99,1
CUST_002363,meta_ads,true,2024-09-01,108.13,0.0,2,125.89,1.13,1
CUST_002383,google_ads,true,2025-11-01,102.83,0.0,1,69.86,0.99,0
CUST_002453,creator_network,false,2025-04-01,100.79,0.1,1,53.97,0.99,1
CUST_002476,google_ads,true,2025-10-01,79.68,0.0,1,52.20,0.99,0
CUST_002487,creator_network,false,2025-02-01,62.45,0.0,2,84.01,2.06,1
CUST_002497,meta_ads,true,2025-04-01,88.74,0.2,1,37.50,0.99,1
CUST_002503,google_ads,true,2025-04-01,137.46,0.0,1,87.23,0.99,1
CUST_002509,google_ads,true,2025-10-01,63.38,0.0,3,126.80,2.37,0
CUST_002515,organic_search,false,2025-05-01,100.12,0.0,1,65.99,0.99,1
CUST_002583,google_ads,true,2025-02-01,105.71,0.0,1,68.06,0.99,1
CUST_002591,meta_ads,true,2025-09-01,99.19,0.0,1,-37.32,0.99,1
CUST_002654,meta_ads,true,2024-02-01,120.95,0.15,1,1.84,0.99,1
CUST_002657,meta_ads,true,2025-09-01,123.83,0.0,1,79.23,0.99,1
CUST_002676,creator_network,false,2024-09-01,75.73,0.0,1,-28.34,0.99,1
CUST_002685,meta_ads,true,2024-10-01,93.14,0.1,2,100.30,1.06,1
CUST_002721,organic_search,false,2025-11-01,81.45,0.0,1,54.32,0.99,0
CUST_002723,direct,false,2025-08-01,95.65,0.0,2,92.83,0.29,1
CUST_002724,direct,false,2025-01-01,148.67,0.15,2,-6.89,5.98,1
CUST_002729,organic_search,false,2024-08-01,77.88,0.0,1,49.78,0.99,1
CUST_002785,google_ads,true,2025-10-01,98.08,0.1,1,51.06,0.99,0
CUST_002793,creator_network,false,2025-04-01,57.87,0.1999,1,26.59,0.99,1
CUST_002816,organic_search,false,2025-08-01,109.86,0.0,1,70.93,0.99,1
CUST_002860,meta_ads,true,2024-06-01,143.51,0.1,1,78.33,0.99,1
CUST_002868,google_ads,true,2025-08-01,107.66,0.0,2,171.18,1.06,1
CUST_002874,google_ads,true,2024-12-01,111.65,0.0,2,134.79,1.76,1
CUST_002875,meta_ads,true,2025-08-01,61.55,0.15,1,-30.76,0.99,1
CUST_002891,meta_ads,true,2024-10-01,58.00,0.1,1,31.23,0.99,1
CUST_002918,google_ads,true,2025-10-01,108.98,0.0,1,73.83,0.99,0
CUST_002976,meta_ads,true,2024-01-01,79.08,0.0,2,93.21,0.66,1
CUST_002979,direct,false,2025-07-01,96.37,0.0,3,188.51,2.24,1
CUST_002983,google_ads,true,2025-07-01,122.60,0.0,1,79.49,0.99,1
CUST_003000,organic_search,false,2025-10-01,85.48,0.0,1,53.13,0.99,1
CUST_003003,meta_ads,true,2024-08-01,91.29,0.0,1,59.59,0.99,1
CUST_003018,meta_ads,true,2024-12-01,72.81,0.15,2,39.92,0.58,1
CUST_003030,google_ads,true,2025-05-01,159.38,0.0,1,102.58,0.99,1
CUST_003052,meta_ads,true,2025-02-01,51.38,0.1,1,27.08,0.99,1
CUST_003057,organic_search,false,2025-05-01,98.55,0.0,1,66.33,0.99,1
CUST_003061,google_ads,true,2024-09-01,113.75,0.25,1,-71.38,0.99,1
CUST_003069,meta_ads,true,2024-08-01,71.56,0.0,1,45.74,0.99,1
CUST_003098,organic_search,false,2024-04-01,80.26,0.0,1,52.37,0.99,1
CUST_003101,meta_ads,true,2024-04-01,94.06,0.15,1,48.08,0.99,1
CUST_003102,direct,false,2025-08-01,130.00,0.0,1,86.77,0.99,1
CUST_003117,google_ads,true,2025-07-01,116.59,0.0,1,77.06,0.99,1
CUST_003165,creator_network,false,2024-02-01,73.15,0.0,1,49.41,0.99,1
CUST_003181,organic_search,false,2024-04-01,50.83,0.0,2,112.89,1.10,1
CUST_003187,direct,false,2024-11-01,93.77,0.0,1,61.27,0.99,1
CUST_003212,direct,false,2025-06-01,126.00,0.0,1,78.66,0.99,1
CUST_003269,google_ads,true,2025-05-01,113.53,0.1,1,15.44,0.99,1
CUST_003271,meta_ads,true,2024-08-01,101.74,0.0,2,131.63,1.85,1
CUST_003286,google_ads,true,2024-03-01,114.45,0.0,1,73.09,0.99,1
CUST_003289,meta_ads,true,2025-11-01,81.19,0.2,1,38.58,0.99,0
CUST_003290,direct,false,2024-07-01,89.47,0.0,2,15.45,0.23,1
CUST_003295,meta_ads,true,2025-12-01,101.02,0.0,1,62.85,0.99,0
CUST_003327,meta_ads,true,2025-09-01,98.91,0.0,1,63.15,0.99,1
CUST_003357,organic_search,false,2025-07-01,84.85,0.0,1,53.53,0.99,1
CUST_003363,google_ads,true,2025-07-01,79.07,0.0,1,52.93,0.99,1
CUST_003388,meta_ads,true,2025-04-01,91.80,0.1,2,90.47,0.84,1
CUST_003408,meta_ads,true,2025-12-01,125.41,0.0,1,-41.78,0.99,0
CUST_003409,meta_ads,true,2024-08-01,69.82,0.0,1,43.80,0.99,1
CUST_003443,google_ads,true,2024-07-01,81.33,0.0,1,52.45,0.99,1
CUST_003446,google_ads,true,2025-06-01,116.99,0.0,1,75.47,0.99,1
CUST_003468,google_ads,true,2025-06-01,101.58,0.0,1,64.53,0.99,1
CUST_003479,meta_ads,true,2025-02-01,62.40,0.0,1,41.57,0.99,1
CUST_003482,organic_search,false,2025-04-01,85.08,0.15,1,40.81,0.99,1
CUST_003487,direct,false,2024-11-01,107.61,0.0,1,71.96,0.99,1
CUST_003490,google_ads,true,2025-01-01,119.71,0.0,1,76.62,0.99,1
CUST_003516,google_ads,true,2025-11-01,139.62,0.2,1,66.97,0.99,0
CUST_003520,direct,false,2024-07-01,111.85,0.0,1,70.76,0.99,1
CUST_003521,google_ads,true,2024-08-01,99.37,0.0,1,63.74,0.99,1
CUST_003529,meta_ads,true,2025-12-01,61.16,0.0,1,38.29,0.99,0
CUST_003544,organic_search,false,2024-11-01,85.92,0.0,1,20.04,0.99,1
CUST_003549,google_ads,true,2024-10-01,110.21,0.0,2,155.58,1.14,1
CUST_003555,organic_search,false,2024-05-01,76.79,0.0,1,50.97,0.99,1
CUST_003574,organic_search,false,2025-12-01,99.53,0.0,1,64.62,0.99,0
CUST_003596,direct,false,2025-06-01,78.81,0.0,1,53.41,0.99,1
CUST_003609,meta_ads,true,2025-11-01,111.74,0.0,1,-37.92,0.99,0
CUST_003623,meta_ads,true,2024-07-01,97.97,0.0,1,63.33,0.99,1
CUST_003631,creator_network,false,2025-08-01,96.24,0.1,1,54.91,0.99,1
CUST_003638,google_ads,true,2024-02-01,110.31,0.0,1,68.49,0.99,1
CUST_003647,creator_network,false,2025-02-01,85.52,0.0,1,55.43,0.99,1
CUST_003699,google_ads,true,2025-11-01,109.84,0.0,1,-5.43,0.99,0
CUST_003748,creator_network,false,2024-12-01,77.23,0.1499,1,40.54,0.99,1
CUST_003754,meta_ads,true,2025-06-01,75.71,0.1,2,66.38,0.40,1
CUST_003762,creator_network,false,2025-07-01,73.98,0.1,1,39.23,0.99,1
CUST_003794,organic_search,false,2025-07-01,95.77,0.2,1,43.88,0.99,1
CUST_003803,google_ads,true,2025-09-01,136.74,0.0,2,132.96,0.46,0
CUST_003820,google_ads,true,2025-02-01,135.83,0.1,1,75.58,0.99,1
CUST_003830,direct,false,2024-07-01,99.59,0.0,1,66.65,0.99,1
CUST_003836,direct,false,2024-10-01,152.62,0.0,2,114.92,1.09,1
CUST_003841,meta_ads,true,2025-03-01,108.46,0.0,1,68.76,0.99,1
CUST_003854,direct,false,2025-11-01,125.60,0.2,1,59.32,0.99,0
CUST_003871,google_ads,true,2024-12-01,121.04,0.0,1,77.82,0.99,1
CUST_003883,google_ads,true,2025-12-01,116.64,0.0,1,75.38,0.99,0
CUST_003913,creator_network,false,2024-01-01,68.96,0.1499,1,34.18,0.99,1
CUST_003946,direct,false,2024-01-01,85.67,0.0,1,57.27,0.99,1
CUST_003949,organic_search,false,2024-06-01,76.56,0.0,1,49.30,0.99,1
CUST_003957,creator_network,false,2025-11-01,83.06,0.1,1,44.36,0.99,0
CUST_003958,creator_network,false,2024-12-01,50.14,0.0999,1,28.64,0.99,1
CUST_003961,meta_ads,true,2025-04-01,48.65,0.1501,1,23.41,0.99,1
CUST_003972,google_ads,true,2025-03-01,141.99,0.15,1,-67.74,0.99,1
CUST_003997,meta_ads,true,2024-10-01,123.03,0.0,1,76.58,0.99,1
CUST_004021,meta_ads,true,2024-12-01,68.64,0.0999,1,36.90,0.99,1
CUST_004029,meta_ads,true,2025-07-01,51.27,0.1001,1,28.11,0.99,1
CUST_004043,creator_network,false,2025-02-01,94.56,0.15,1,49.24,0.99,1
CUST_004080,google_ads,true,2024-07-01,67.53,0.0,1,42.69,0.99,1
CUST_004085,meta_ads,true,2024-07-01,97.81,0.0,1,64.29,0.99,1
CUST_004095,creator_network,false,2024-10-01,97.21,0.15,1,48.97,0.99,1
CUST_004099,google_ads,true,2024-08-01,105.65,0.0,1,67.93,0.99,1
CUST_004116,meta_ads,true,2024-11-01,73.85,0.0999,1,42.56,0.99,1
CUST_004127,google_ads,true,2025-06-01,109.00,0.0,2,89.47,0.59,1
CUST_004139,meta_ads,true,2025-06-01,107.97,0.25,1,-17.72,0.99,1
CUST_004171,google_ads,true,2024-06-01,47.36,0.0,1,30.79,0.99,1
CUST_004176,google_ads,true,2025-12-01,100.29,0.15,1,52.18,0.99,0
CUST_004184,organic_search,false,2024-10-01,81.07,0.0,1,54.64,0.99,1
CUST_004229,creator_network,false,2025-02-01,70.56,0.0,2,49.15,1.43,1
CUST_004237,google_ads,true,2024-02-01,130.56,0.0,3,196.91,2.13,1
CUST_004265,organic_search,false,2025-06-01,91.19,0.0,1,58.74,0.99,1
CUST_004285,google_ads,true,2025-04-01,118.35,0.0,1,77.16,0.99,1
CUST_004305,organic_search,false,2025-09-01,70.13,0.0,1,7.12,0.99,1
CUST_004325,google_ads,true,2025-09-01,106.37,0.0,1,67.32,0.99,1
CUST_004348,creator_network,false,2025-04-01,80.43,0.1,2,97.97,2.10,1
CUST_004357,creator_network,false,2024-07-01,74.19,0.1,1,38.71,0.99,1
CUST_004372,organic_search,false,2024-12-01,95.76,0.0,1,59.67,0.99,1
CUST_004392,google_ads,true,2025-03-01,111.01,0.0,1,70.99,0.99,1
CUST_004393,meta_ads,true,2025-06-01,69.02,0.0,1,43.74,0.99,1
CUST_004395,creator_network,false,2025-12-01,110.66,0.15,1,56.65,0.99,0
CUST_004410,meta_ads,true,2025-04-01,108.59,0.0,1,70.61,0.99,1
CUST_004460,organic_search,false,2025-03-01,82.12,0.0,3,154.15,1.64,1
CUST_004500,meta_ads,true,2024-12-01,78.64,0.2,1,36.87,0.99,1
CUST_004503,organic_search,false,2024-09-01,91.95,0.0,2,121.64,2.43,1
CUST_004506,organic_search,false,2024-09-01,48.88,0.0,1,33.14,0.99,1
CUST_004515,meta_ads,true,2025-03-01,102.08,0.0,3,82.80,2.69,1
CUST_004536,organic_search,false,2025-04-01,74.87,0.0,3,158.65,1.18,1
CUST_004564,meta_ads,true,2024-02-01,80.53,0.0,1,27.15,0.99,1
CUST_004600,meta_ads,true,2024-09-01,90.17,0.1,1,50.75,0.99,1
CUST_004626,google_ads,true,2025-06-01,87.37,0.2,1,37.91,0.99,1
CUST_004645,organic_search,false,2025-07-01,82.97,0.2,1,39.10,0.99,1
CUST_004679,creator_network,false,2025-06-01,90.86,0.15,2,73.66,1.36,1
CUST_004702,creator_network,false,2024-03-01,75.68,0.15,1,36.93,0.99,1
CUST_004703,google_ads,true,2025-06-01,95.57,0.0,1,62.19,0.99,1
CUST_004705,meta_ads,true,2024-12-01,78.67,0.1999,1,34.44,0.99,1
CUST_004712,meta_ads,true,2025-01-01,96.30,0.0,1,63.67,0.99,1
CUST_004746,google_ads,true,2024-02-01,63.53,0.0,1,-22.00,0.99,1
CUST_004750,direct,false,2025-09-01,77.31,0.1,2,117.44,0.15,1
CUST_004765,organic_search,false,2025-03-01,131.70,0.0,1,87.00,0.99,1
CUST_004769,meta_ads,true,2025-07-01,62.44,0.0,1,41.61,0.99,1
CUST_004781,meta_ads,true,2024-03-01,94.68,0.1,1,54.47,0.99,1
CUST_004782,meta_ads,true,2024-06-01,87.04,0.0,1,58.49,0.99,1
CUST_004783,google_ads,true,2025-04-01,67.22,0.0,1,41.68,0.99,1
CUST_004786,google_ads,true,2024-11-01,107.00,0.2,1,48.26,0.99,1
CUST_004792,organic_search,false,2025-12-01,128.85,0.0,1,79.92,0.99,0
CUST_004798,organic_search,false,2025-08-01,83.64,0.0,1,56.47,0.99,1
CUST_004817,google_ads,true,2025-11-01,131.70,0.0,1,-43.39,0.99,0
CUST_004899,meta_ads,true,2024-03-01,77.61,0.1,1,41.29,0.99,1
CUST_004931,direct,false,2025-01-01,108.54,0.1,1,58.48,0.99,1
CUST_004947,meta_ads,true,2025-05-01,96.08,0.0,1,62.68,0.99,1
CUST_004954,meta_ads,true,2025-06-01,83.50,0.0,1,55.65,0.99,1
CUST_004965,google_ads,true,2025-02-01,95.42,0.0,1,63.58,0.99,1
CUST_004970,meta_ads,true,2025-01-01,51.63,0.0,1,32.12,0.99,1
CUST_004983,creator_network,false,2025-06-01,61.41,0.1,1,31.96,0.99,1
CUST_004989,organic_search,false,2025-07-01,93.63,0.0,1,58.62,0.99,1
CUST_004994,meta_ads,true,2025-06-01,90.37,0.0,1,61.19,0.99,1
CUST_005021,google_ads,true,2025-06-01,108.48,0.15,2,128.25,1.21,1
CUST_005037,meta_ads,true,2025-05-01,105.27,0.0,1,67.53,0.99,1
CUST_005043,google_ads,true,2024-07-01,64.89,0.0,1,41.80,0.99,1
CUST_005068,organic_search,false,2024-10-01,99.22,0.0,1,65.47,0.99,1
CUST_005083,meta_ads,true,2025-09-01,66.99,0.0,1,43.26,0.99,1
CUST_005084,creator_network,false,2024-08-01,74.45,0.15,1,35.81,0.99,1
CUST_005096,creator_network,false,2025-01-01,83.90,0.1,1,44.24,0.99,1
CUST_005152,meta_ads,true,2024-07-01,56.85,0.0,1,36.55,0.99,1
CUST_005168,google_ads,true,2024-05-01,138.97,0.1,2,118.53,0.88,1
CUST_005173,creator_network,false,2024-01-01,75.46,0.1001,2,101.78,1.04,1
CUST_005207,creator_network,false,2025-09-01,80.51,0.2,1,34.71,0.99,1
CUST_005222,meta_ads,true,2025-02-01,122.65,0.15,1,24.28,0.99,1
CUST_005236,google_ads,true,2024-01-01,96.71,0.0,3,51.19,4.54,1
CUST_005239,meta_ads,true,2024-02-01,58.61,0.0,1,38.38,0.99,1
CUST_005242,meta_ads,true,2024-12-01,83.13,0.0,1,52.86,0.99,1
CUST_005256,meta_ads,true,2025-02-01,110.27,0.0,1,70.05,0.99,1
CUST_005263,meta_ads,true,2025-04-01,109.22,0.1,1,61.54,0.99,1
CUST_005281,meta_ads,true,2025-12-01,113.40,0.0,1,75.34,0.99,0
CUST_005285,meta_ads,true,2025-01-01,105.55,0.1,1,-11.38,0.99,1
CUST_005392,creator_network,false,2025-04-01,103.03,0.1,1,56.92,0.99,1
CUST_005445,google_ads,true,2024-03-01,135.60,0.0,2,173.09,1.37,1
CUST_005482,meta_ads,true,2024-09-01,77.37,0.1,2,4.02,0.15,1
CUST_005485,creator_network,false,2025-07-01,90.86,0.1,1,47.32,0.99,1
CUST_005488,organic_search,false,2025-06-01,92.57,0.0,1,-30.00,0.99,1
CUST_005506,meta_ads,true,2024-06-01,108.47,0.15,1,51.55,0.99,1
CUST_005531,google_ads,true,2025-03-01,104.74,0.0,1,70.88,0.99,1
CUST_005543,google_ads,true,2025-10-01,98.40,0.0,1,-34.84,0.99,1
CUST_005560,google_ads,true,2025-05-01,97.67,0.0,1,28.26,0.99,1
CUST_005582,google_ads,true,2024-11-01,97.31,0.15,1,-4.64,0.99,1
CUST_005677,meta_ads,true,2025-04-01,103.78,0.0,1,66.42,0.99,1
CUST_005710,creator_network,false,2025-11-01,85.88,0.1,1,-37.86,0.99,0
CUST_005724,organic_search,false,2024-05-01,64.95,0.0,1,-22.53,0.99,1
CUST_005772,google_ads,true,2025-07-01,147.23,0.0,1,93.05,0.99,1
CUST_005776,creator_network,false,2024-11-01,62.20,0.0,1,39.51,0.99,1
CUST_005819,creator_network,false,2025-11-01,75.23,0.1,2,82.64,0.23,0
CUST_005844,creator_network,false,2024-01-01,62.96,0.1499,1,31.75,0.99,1
CUST_005855,meta_ads,true,2024-12-01,82.21,0.0,1,52.20,0.99,1
CUST_005930,meta_ads,true,2025-10-01,104.91,0.15,1,51.82,0.99,0
CUST_005931,direct,false,2024-03-01,88.30,0.0,1,57.01,0.99,1
CUST_005934,creator_network,false,2025-12-01,88.37,0.0,1,54.85,0.99,0
CUST_005968,meta_ads,true,2024-03-01,82.96,0.0,1,56.16,0.99,1
CUST_005983,organic_search,false,2025-12-01,122.20,0.0,1,76.56,0.99,0
CUST_005987,meta_ads,true,2025-04-01,87.15,0.1001,1,49.35,0.99,1
CUST_006021,meta_ads,true,2024-12-01,82.36,0.25,1,34.10,0.99,1
CUST_006026,organic_search,false,2024-08-01,83.71,0.0,1,-30.07,0.99,1
CUST_006028,meta_ads,true,2024-05-01,58.61,0.2,2,69.29,0.29,1
CUST_006047,google_ads,true,2024-04-01,167.42,0.0,1,111.11,0.99,1
CUST_006048,google_ads,true,2025-02-01,130.28,0.0,1,84.18,0.99,1
CUST_006051,organic_search,false,2025-03-01,94.45,0.0,1,63.75,0.99,1
CUST_006094,creator_network,false,2025-04-01,62.76,0.25,1,24.77,0.99,1
CUST_006131,organic_search,false,2024-11-01,57.04,0.1501,1,27.60,0.99,1
CUST_006136,google_ads,true,2024-04-01,67.01,0.0,1,44.87,0.99,1
CUST_006142,organic_search,false,2024-11-01,95.29,0.0,1,64.64,0.99,1
CUST_006154,creator_network,false,2024-03-01,60.56,0.2,1,28.07,0.99,1
CUST_006177,direct,false,2025-04-01,78.07,0.0,1,51.73,0.99,1
CUST_006178,direct,false,2024-06-01,53.52,0.0,2,43.45,0.55,1
CUST_006207,meta_ads,true,2024-08-01,95.73,0.0,1,63.16,0.99,1
CUST_006212,creator_network,false,2024-05-01,93.94,0.0,1,-3.12,0.99,1
CUST_006218,meta_ads,true,2024-11-01,98.45,0.0,3,169.86,1.80,1
CUST_006224,organic_search,false,2024-11-01,88.05,0.0,1,58.96,0.99,1
CUST_006228,meta_ads,true,2025-12-01,68.56,0.1001,1,39.60,0.99,0
CUST_006235,google_ads,true,2024-11-01,62.53,0.0,1,41.89,0.99,1
CUST_006297,creator_network,false,2024-11-01,95.86,0.0,1,63.36,0.99,1
CUST_006299,organic_search,false,2025-07-01,99.74,0.0,2,129.76,2.65,1
CUST_006312,direct,false,2025-03-01,121.36,0.0,1,80.03,0.99,1
CUST_006326,google_ads,true,2024-07-01,87.30,0.1501,2,111.03,0.66,1
CUST_006332,google_ads,true,2025-07-01,85.06,0.0,1,57.18,0.99,1
CUST_006349,direct,false,2025-04-01,87.92,0.1,1,49.00,0.99,1
CUST_006350,creator_network,false,2025-07-01,80.20,0.25,1,32.75,0.99,1
CUST_006358,direct,false,2025-01-01,81.42,0.0,1,55.21,0.99,1
CUST_006382,google_ads,true,2025-03-01,66.26,0.1001,1,36.54,0.99,1
CUST_006390,meta_ads,true,2025-04-01,106.96,0.0,1,71.03,0.99,1
CUST_006393,google_ads,true,2025-08-01,138.52,0.1,1,77.37,0.99,1
CUST_006410,meta_ads,true,2025-11-01,113.53,0.0,1,72.48,0.99,0
CUST_006437,creator_network,false,2025-04-01,50.07,0.0,1,31.10,0.99,1
CUST_006452,meta_ads,true,2025-12-01,143.60,0.0,1,91.17,0.99,0
CUST_006525,meta_ads,true,2024-03-01,123.18,0.2,1,51.83,0.99,1
CUST_006545,google_ads,true,2025-02-01,131.05,0.0,2,133.24,2.49,1
CUST_006583,meta_ads,true,2025-07-01,126.01,0.0,1,79.18,0.99,1
CUST_006584,organic_search,false,2024-03-01,75.93,0.0,1,49.94,0.99,1
CUST_006594,meta_ads,true,2025-10-01,122.00,0.2,1,-65.37,0.99,0
CUST_006600,creator_network,false,2025-04-01,53.38,0.1501,1,26.35,0.99,1
CUST_006609,direct,false,2025-11-01,100.96,0.0,1,18.27,0.99,0
CUST_006622,meta_ads,true,2024-12-01,84.28,0.0,1,52.51,0.99,1
CUST_006623,meta_ads,true,2025-02-01,91.53,0.15,1,46.51,0.99,1
CUST_006658,meta_ads,true,2024-10-01,81.32,0.0,1,-30.49,0.99,1
CUST_006665,organic_search,false,2025-11-01,105.44,0.0,1,66.05,0.99,0
CUST_006681,organic_search,false,2025-06-01,104.94,0.0,1,70.41,0.99,1
CUST_006724,direct,false,2025-01-01,137.54,0.0,2,164.33,2.24,1
CUST_006745,direct,false,2025-02-01,46.97,0.0,1,31.19,0.99,1
CUST_006762,direct,false,2024-06-01,70.58,0.0,1,47.26,0.99,1
CUST_006764,meta_ads,true,2024-09-01,83.67,0.1,1,45.37,0.99,1
CUST_006771,google_ads,true,2024-04-01,116.14,0.0,1,72.55,0.99,1
CUST_006839,google_ads,true,2024-06-01,104.12,0.25,1,42.63,0.99,1
CUST_006846,creator_network,false,2024-07-01,61.45,0.15,1,29.38,0.99,1
CUST_006849,creator_network,false,2025-05-01,105.30,0.0,1,66.57,0.99,1
CUST_006947,direct,false,2024-05-01,80.06,0.0,1,51.85,0.99,1
CUST_006951,google_ads,true,2025-08-01,129.32,0.0,1,81.42,0.99,1
CUST_006957,meta_ads,true,2025-03-01,112.53,0.0,1,33.31,0.99,1
CUST_006981,meta_ads,true,2024-07-01,84.62,0.2,1,40.00,0.99,1
CUST_006982,meta_ads,true,2025-03-01,54.64,0.0,1,34.17,0.99,1
CUST_007025,creator_network,false,2025-05-01,57.82,0.1499,1,27.90,0.99,1
CUST_007035,meta_ads,true,2025-01-01,59.22,0.1,1,31.45,0.99,1
CUST_007074,google_ads,true,2024-03-01,125.38,0.2,1,56.62,0.99,1
CUST_007142,organic_search,false,2024-05-01,98.81,0.1,2,93.03,2.24,1
CUST_007146,direct,false,2025-07-01,27.92,0.0,1,17.86,0.99,1
CUST_007166,google_ads,true,2024-02-01,75.63,0.0,1,49.36,0.99,1
CUST_007169,meta_ads,true,2024-08-01,65.29,0.1,1,37.28,0.99,1
CUST_007183,google_ads,true,2025-08-01,78.57,0.0,1,-25.67,0.99,1
CUST_007190,google_ads,true,2025-05-01,129.50,0.0,1,82.78,0.99,1
CUST_007199,meta_ads,true,2025-11-01,98.38,0.0,1,63.05,0.99,0
CUST_007219,organic_search,false,2025-11-01,136.45,0.1,1,74.64,0.99,0
CUST_007239,creator_network,false,2025-06-01,102.35,0.1,1,15.50,0.99,1
CUST_007247,organic_search,false,2025-06-01,94.13,0.0,1,61.32,0.99,1
CUST_007283,meta_ads,true,2024-05-01,81.85,0.0,1,52.10,0.99,1
CUST_007287,google_ads,true,2025-03-01,92.36,0.1,1,-39.79,0.99,1
CUST_007290,google_ads,true,2025-10-01,65.58,0.0,1,42.23,0.99,0
CUST_007291,meta_ads,true,2025-07-01,122.48,0.0,1,-46.16,0.99,1
CUST_007292,google_ads,true,2024-03-01,59.36,0.0,1,37.91,0.99,1
CUST_007299,organic_search,false,2024-11-01,128.43,0.0,1,83.74,0.99,1
CUST_007307,google_ads,true,2025-09-01,80.36,0.0,1,53.35,0.99,1
CUST_007310,google_ads,true,2024-02-01,95.01,0.0,1,59.63,0.99,1
CUST_007358,organic_search,false,2025-11-01,124.95,0.0,1,77.49,0.99,0
CUST_007368,google_ads,true,2025-04-01,67.30,0.0,1,42.34,0.99,1
CUST_007380,meta_ads,true,2024-03-01,80.46,0.0,1,54.09,0.99,1
CUST_007394,meta_ads,true,2025-03-01,47.66,0.2,2,-25.35,0.34,1
CUST_007397,meta_ads,true,2024-06-01,83.13,0.0,1,20.91,0.99,1
CUST_007400,meta_ads,true,2024-08-01,129.93,0.15,1,63.29,0.99,1
CUST_007417,meta_ads,true,2024-10-01,79.88,0.0,2,96.04,2.26,1
CUST_007444,organic_search,false,2025-06-01,74.87,0.0,2,78.65,2.35,1
CUST_007478,meta_ads,true,2024-01-01,70.12,0.1999,2,-15.86,0.20,1
CUST_007487,google_ads,true,2024-12-01,67.90,0.0,1,43.34,0.99,1
CUST_007527,meta_ads,true,2025-04-01,114.81,0.1,1,64.32,0.99,1
CUST_007550,organic_search,false,2025-07-01,162.65,0.0,2,152.83,1.81,1
CUST_007558,meta_ads,true,2025-03-01,117.68,0.25,1,45.34,0.99,1
CUST_007573,google_ads,true,2024-05-01,90.05,0.0,1,60.96,0.99,1
CUST_007587,meta_ads,true,2024-12-01,68.04,0.0,1,42.73,0.99,1
CUST_007607,organic_search,false,2024-06-01,87.69,0.0,1,55.52,0.99,1
CUST_007610,google_ads,true,2024-07-01,121.16,0.2,1,-66.67,0.99,1
CUST_007620,meta_ads,true,2025-01-01,90.17,0.2,1,-48.99,0.99,1
CUST_007626,meta_ads,true,2025-06-01,96.10,0.0,1,64.99,0.99,1
CUST_007660,meta_ads,true,2025-05-01,104.55,0.0,1,67.55,0.99,1
CUST_007665,meta_ads,true,2024-11-01,69.03,0.0,1,46.77,0.99,1
CUST_007685,google_ads,true,2024-04-01,110.84,0.0,3,209.58,6.82,1
CUST_007714,meta_ads,true,2025-01-01,54.74,0.0,1,34.93,0.99,1
CUST_007734,creator_network,false,2025-09-01,107.69,0.25,2,88.80,1.34,0
CUST_007739,organic_search,false,2025-06-01,51.42,0.0,1,32.44,0.99,1
CUST_007756,google_ads,true,2025-08-01,98.68,0.0,1,63.67,0.99,1
CUST_007764,direct,false,2025-07-01,99.25,0.0,1,64.95,0.99,1
CUST_007776,meta_ads,true,2024-01-01,88.17,0.0,1,56.82,0.99,1
CUST_007804,meta_ads,true,2024-10-01,56.25,0.0999,1,31.65,0.99,1
CUST_007808,meta_ads,true,2025-10-01,68.58,0.15,1,35.77,0.99,0
CUST_007809,google_ads,true,2024-08-01,177.53,0.1,1,99.46,0.99,1
CUST_007811,meta_ads,true,2024-07-01,110.42,0.0,1,72.90,0.99,1
CUST_007814,direct,false,2025-01-01,110.38,0.0,1,71.08,0.99,1
CUST_007818,creator_network,false,2025-11-01,78.67,0.15,1,41.56,0.99,0
CUST_007827,meta_ads,true,2025-11-01,70.95,0.0,1,46.07,0.99,0
CUST_007832,creator_network,false,2024-12-01,95.32,0.15,1,47.42,0.99,1
CUST_007839,google_ads,true,2024-12-01,115.50,0.0,1,75.48,0.99,1
CUST_007847,google_ads,true,2025-09-01,101.81,0.0,1,68.66,0.99,1
CUST_007852,meta_ads,true,2025-07-01,98.45,0.0,1,6.79,0.99,1
CUST_007854,google_ads,true,2024-09-01,133.51,0.0,2,156.28,0.38,1
CUST_007858,organic_search,false,2024-08-01,127.76,0.0,1,83.82,0.99,1
CUST_007861,direct,false,2024-02-01,79.80,0.0,1,53.50,0.99,1
CUST_007862,meta_ads,true,2024-07-01,73.56,0.0,1,48.83,0.99,1
CUST_007869,meta_ads,true,2024-11-01,77.09,0.0,1,48.25,0.99,1
CUST_007872,google_ads,true,2024-02-01,174.16,0.15,1,83.05,0.99,1
CUST_007883,meta_ads,true,2025-03-01,89.31,0.0,1,-28.99,0.99,1
CUST_007887,direct,false,2024-07-01,121.92,0.0,1,81.93,0.99,1
CUST_007899,organic_search,false,2024-08-01,73.76,0.2,1,33.02,0.99,1
CUST_007905,google_ads,true,2024-02-01,109.81,0.0,1,69.37,0.99,1
CUST_007931,organic_search,false,2025-09-01,96.30,0.0,1,63.39,0.99,1
CUST_007937,meta_ads,true,2025-03-01,69.38,0.1,1,-6.59,0.99,1
CUST_007947,meta_ads,true,2025-05-01,118.72,0.0,1,73.72,0.99,1
CUST_007958,google_ads,true,2025-09-01,121.58,0.0,1,77.83,0.99,1
CUST_007977,google_ads,true,2025-11-01,122.54,0.2,1,-66.64,0.99,0
CUST_007995,creator_network,false,2024-04-01,58.99,0.15,1,29.93,0.99,1
CUST_008004,google_ads,true,2025-11-01,105.90,0.0,1,70.27,0.99,0
CUST_008016,google_ads,true,2025-08-01,101.52,0.0,1,67.36,0.99,1
CUST_008026,meta_ads,true,2024-12-01,65.60,0.0,1,-22.34,0.99,1
CUST_008042,meta_ads,true,2024-09-01,56.90,0.1501,1,27.82,0.99,1
CUST_008055,google_ads,true,2025-09-01,96.73,0.1,2,123.53,0.61,1
CUST_008075,direct,false,2025-09-01,50.25,0.0,1,32.51,0.99,1
CUST_008079,google_ads,true,2024-11-01,101.73,0.0,1,65.91,0.99,1
CUST_008081,organic_search,false,2024-10-01,75.63,0.0,2,111.17,3.54,1
CUST_008090,google_ads,true,2025-10-01,84.91,0.15,1,43.62,0.99,0
CUST_008096,meta_ads,true,2025-11-01,92.64,0.0,1,61.34,0.99,0
CUST_008108,meta_ads,true,2025-02-01,92.36,0.0,1,58.86,0.99,1
CUST_008112,google_ads,true,2024-10-01,94.30,0.0,1,62.97,0.99,1
CUST_008119,google_ads,true,2024-06-01,115.39,0.1,1,65.28,0.99,1
CUST_008121,google_ads,true,2024-09-01,122.84,0.15,2,119.39,1.72,1
CUST_008161,creator_network,false,2025-12-01,81.00,0.15,1,41.73,0.99,0
CUST_008162,google_ads,true,2024-05-01,131.28,0.0,1,84.93,0.99,1
CUST_008173,google_ads,true,2025-02-01,102.57,0.0,1,68.90,0.99,1
CUST_008226,organic_search,false,2025-03-01,121.59,0.0,1,75.79,0.99,1
CUST_008227,creator_network,false,2024-11-01,86.33,0.0,1,58.06,0.99,1
CUST_008267,direct,false,2025-06-01,101.99,0.0,2,129.55,1.31,1
CUST_008270,meta_ads,true,2025-07-01,89.55,0.0,1,60.30,0.99,1
CUST_008282,meta_ads,true,2025-12-01,97.34,0.1,1,51.03,0.99,0
CUST_008291,meta_ads,true,2025-12-01,119.73,0.15,1,62.03,0.99,0
CUST_008326,meta_ads,true,2025-09-01,98.03,0.0,1,-32.45,0.99,1
CUST_008340,google_ads,true,2025-08-01,59.31,0.1501,3,150.83,3.91,0
CUST_008358,google_ads,true,2025-03-01,140.48,0.0,1,90.20,0.99,1
CUST_008370,google_ads,true,2024-04-01,105.95,0.0,1,70.52,0.99,1
CUST_008372,google_ads,true,2025-01-01,146.26,0.0,3,254.24,0.81,1
CUST_008386,meta_ads,true,2025-02-01,123.14,0.0,1,79.69,0.99,1
CUST_008413,creator_network,false,2024-11-01,77.41,0.0,2,-4.48,1.94,1
CUST_008415,google_ads,true,2024-05-01,150.28,0.0,1,15.55,0.99,1
CUST_008430,meta_ads,true,2024-05-01,69.22,0.0,1,45.07,0.99,1
CUST_008434,creator_network,false,2025-10-01,73.69,0.0,1,47.73,0.99,0
CUST_008436,meta_ads,true,2024-08-01,59.03,0.0,1,36.64,0.99,1
CUST_008444,creator_network,false,2024-12-01,81.17,0.0,1,51.20,0.99,1
CUST_008455,google_ads,true,2025-11-01,91.25,0.0,1,-30.40,0.99,0
CUST_008474,organic_search,false,2024-06-01,84.56,0.0,1,55.84,0.99,1
CUST_008479,meta_ads,true,2025-06-01,97.08,0.0,1,-34.88,0.99,1
CUST_008484,creator_network,false,2025-11-01,86.02,0.1,1,45.82,0.99,0
CUST_008526,organic_search,false,2024-01-01,88.34,0.0,1,56.74,0.99,1
CUST_008531,meta_ads,true,2025-11-01,106.78,0.2,1,50.00,0.99,0
CUST_008540,meta_ads,true,2025-10-01,98.53,0.0,1,63.33,0.99,0
CUST_008613,google_ads,true,2025-12-01,79.79,0.0,1,50.74,0.99,0
CUST_008623,google_ads,true,2025-02-01,72.92,0.15,1,36.90,0.99,1
CUST_008624,creator_network,false,2025-10-01,74.77,0.1,1,41.60,0.99,0
CUST_008626,organic_search,false,2025-05-01,99.54,0.0,1,64.53,0.99,1
CUST_008641,creator_network,false,2025-09-01,65.26,0.0,1,42.86,0.99,1
CUST_008664,meta_ads,true,2025-02-01,92.10,0.0,1,1.61,0.99,1
CUST_008672,google_ads,true,2024-05-01,92.65,0.0,1,61.50,0.99,1
CUST_008720,organic_search,false,2025-02-01,65.36,0.0,1,42.83,0.99,1
CUST_008722,creator_network,false,2025-08-01,92.28,0.0,1,57.34,0.99,1
CUST_008737,creator_network,false,2024-12-01,50.67,0.0,2,81.95,2.55,1
CUST_008766,creator_network,false,2025-09-01,103.73,0.0,1,68.83,0.99,1
CUST_008789,meta_ads,true,2024-03-01,95.16,0.15,1,49.78,0.99,1
CUST_008831,google_ads,true,2024-11-01,122.67,0.0,1,80.63,0.99,1
CUST_008848,direct,false,2025-06-01,89.36,0.0,1,56.79,0.99,1
CUST_008849,organic_search,false,2025-01-01,102.88,0.0,1,69.25,0.99,1
CUST_008887,organic_search,false,2025-07-01,93.90,0.0,1,60.95,0.99,1
CUST_008895,organic_search,false,2024-01-01,64.24,0.0,1,43.32,0.99,1
CUST_008901,google_ads,true,2024-11-01,93.68,0.0,3,213.87,2.81,1
CUST_008918,direct,false,2025-09-01,144.09,0.0,1,96.49,0.99,1
CUST_008928,meta_ads,true,2024-06-01,88.68,0.0,1,56.87,0.99,1
CUST_008935,meta_ads,true,2025-05-01,104.69,0.2,1,44.22,0.99,1
CUST_008973,google_ads,true,2024-09-01,98.48,0.25,1,37.10,0.99,1
CUST_008984,creator_network,false,2025-04-01,56.80,0.0,1,36.87,0.99,1
CUST_008985,organic_search,false,2024-01-01,77.90,0.0,1,50.00,0.99,1
CUST_009023,meta_ads,true,2025-02-01,92.12,0.0,2,93.80,3.00,1
CUST_009024,meta_ads,true,2024-10-01,96.17,0.15,1,49.58,0.99,1
CUST_009054,meta_ads,true,2024-10-01,87.58,0.1,1,46.28,0.99,1
CUST_009074,meta_ads,true,2025-03-01,127.17,0.0,2,158.61,2.01,1
CUST_009124,google_ads,true,2025-11-01,115.36,0.0,1,77.11,0.99,0
CUST_009139,organic_search,false,2025-02-01,114.92,0.0,1,75.62,0.99,1
CUST_009156,meta_ads,true,2024-05-01,92.26,0.15,1,45.63,0.99,1
CUST_009162,meta_ads,true,2025-05-01,92.80,0.1,2,100.46,1.16,1
CUST_009166,organic_search,false,2025-09-01,70.94,0.0,1,47.56,0.99,1
CUST_009168,creator_network,false,2024-06-01,56.58,0.2001,3,35.84,4.75,1
CUST_009188,direct,false,2024-01-01,110.56,0.0,1,72.60,0.99,1
CUST_009203,organic_search,false,2025-05-01,85.73,0.0,1,54.60,0.99,1
CUST_009223,meta_ads,true,2025-03-01,85.25,0.0,1,53.47,0.99,1
CUST_009248,google_ads,true,2025-01-01,105.33,0.1,1,59.65,0.99,1
CUST_009257,organic_search,false,2024-08-01,83.87,0.0,1,56.23,0.99,1
CUST_009264,meta_ads,true,2025-05-01,79.84,0.0,1,52.18,0.99,1
CUST_009271,meta_ads,true,2024-10-01,55.89,0.25,1,22.68,0.99,1
CUST_009278,google_ads,true,2025-03-01,108.71,0.15,1,57.04,0.99,1
CUST_009285,creator_network,false,2025-10-01,73.81,0.15,1,-14.71,0.99,0
CUST_009334,direct,false,2025-07-01,123.62,0.0,1,80.20,0.99,1
CUST_009344,meta_ads,true,2025-08-01,114.72,0.0,2,96.10,2.28,0
CUST_009349,meta_ads,true,2025-06-01,62.46,0.0,1,39.12,0.99,1
CUST_009364,direct,false,2024-07-01,100.40,0.0,2,124.63,0.53,1
CUST_009367,google_ads,true,2025-03-01,128.78,0.0,1,81.00,0.99,1
CUST_009403,organic_search,false,2025-04-01,82.21,0.0,1,51.89,0.99,1
CUST_009412,meta_ads,true,2025-06-01,68.26,0.0,2,90.83,5.24,0
CUST_009428,organic_search,false,2025-10-01,79.03,0.2001,1,-44.23,0.99,0
CUST_009442,organic_search,false,2024-04-01,113.98,0.0,1,-42.48,0.99,1
CUST_009447,direct,false,2025-12-01,126.40,0.0,1,-43.28,0.99,0
CUST_009449,google_ads,true,2024-10-01,89.91,0.0,1,56.66,0.99,1
CUST_009464,google_ads,true,2025-02-01,157.34,0.0,1,99.33,0.99,1
CUST_009465,organic_search,false,2025-09-01,81.97,0.0,1,55.12,0.99,1
CUST_009466,direct,false,2025-12-01,90.80,0.0,1,58.25,0.99,0
CUST_009468,creator_network,false,2025-11-01,79.01,0.1,1,44.30,0.99,0
CUST_009476,organic_search,false,2025-09-01,74.13,0.0,2,100.67,1.52,0
CUST_009493,google_ads,true,2024-11-01,105.17,0.0,1,68.35,0.99,1
CUST_009506,google_ads,true,2025-01-01,114.81,0.0,1,75.04,0.99,1
CUST_009517,creator_network,false,2025-02-01,59.07,0.0,1,38.31,0.99,1
CUST_009548,meta_ads,true,2024-02-01,81.72,0.0,1,54.51,0.99,1
CUST_009553,google_ads,true,2025-07-01,84.79,0.0,2,108.41,0.74,1
CUST_009561,google_ads,true,2025-09-01,119.08,0.0,1,80.27,0.99,1
CUST_009562,meta_ads,true,2024-03-01,70.52,0.0,1,46.86,0.99,1
CUST_009566,meta_ads,true,2024-10-01,132.86,0.0,1,82.80,0.99,1
CUST_009584,meta_ads,true,2024-05-01,87.10,0.0,1,58.28,0.99,1
CUST_009606,meta_ads,true,2025-08-01,130.53,0.0,1,82.76,0.99,1
CUST_009623,direct,false,2024-12-01,65.12,0.1,3,170.24,2.52,1
CUST_009627,meta_ads,true,2025-04-01,61.45,0.0,1,41.10,0.99,1
CUST_009632,meta_ads,true,2025-07-01,67.10,0.0,3,149.17,2.05,1
CUST_009657,creator_network,false,2025-11-01,100.23,0.25,1,42.24,0.99,0
CUST_009687,google_ads,true,2024-09-01,98.36,0.0,2,71.99,1.58,1
CUST_009695,meta_ads,true,2025-01-01,94.93,0.15,1,-46.42,0.99,1
CUST_009737,organic_search,false,2025-06-01,64.35,0.0,1,41.82,0.99,1
CUST_009758,google_ads,true,2025-12-01,104.02,0.0,1,66.22,0.99,0
CUST_009794,meta_ads,true,2024-09-01,65.14,0.0,2,99.26,1.20,1
CUST_009825,google_ads,true,2025-02-01,117.79,0.1,2,30.32,1.16,1
CUST_009839,organic_search,false,2025-07-01,134.98,0.0,1,89.91,0.99,1
CUST_009847,meta_ads,true,2025-10-01,86.96,0.2,1,38.13,0.99,0
CUST_009890,meta_ads,true,2024-09-01,106.80,0.2,1,45.69,0.99,1
CUST_009902,meta_ads,true,2024-11-01,120.49,0.0,1,78.44,0.99,1
CUST_009904,meta_ads,true,2025-04-01,95.34,0.0,1,61.38,0.99,1
CUST_009958,direct,false,2025-08-01,124.73,0.0,1,81.80,0.99,1
CUST_009969,meta_ads,true,2025-08-01,86.23,0.0,1,56.14,0.99,1
CUST_009976,meta_ads,true,2024-06-01,119.63,0.0,1,-40.58,0.99,1
CUST_009982,google_ads,true,2025-05-01,115.77,0.0,1,71.87,0.99,1
CUST_009984,meta_ads,true,2025-11-01,60.85,0.0,1,38.86,0.99,0
CUST_010016,organic_search,false,2024-01-01,100.06,0.1,1,57.73,0.99,1
CUST_010032,google_ads,true,2025-12-01,91.23,0.1,1,48.46,0.99,0
CUST_010034,google_ads,true,2025-11-01,133.50,0.0,1,90.41,0.99,0
CUST_010044,organic_search,false,2025-04-01,106.20,0.0,1,71.16,0.99,1
CUST_010047,direct,false,2024-08-01,79.48,0.0,1,50.00,0.99,1
CUST_010096,meta_ads,true,2024-12-01,75.71,0.1,1,0.71,0.99,1
CUST_010119,creator_network,false,2024-04-01,88.11,0.0,1,59.86,0.99,1
CUST_010129,creator_network,false,2025-05-01,99.85,0.0,2,108.88,1.26,1
CUST_010134,direct,false,2025-01-01,87.92,0.0,1,54.91,0.99,1
CUST_010216,meta_ads,true,2025-08-01,72.98,0.0,3,130.62,2.38,0
CUST_010221,google_ads,true,2025-06-01,109.65,0.0,1,-41.63,0.99,1
CUST_010267,meta_ads,true,2025-02-01,79.28,0.0,1,50.20,0.99,1
CUST_010271,google_ads,true,2024-12-01,73.59,0.0,2,98.06,0.52,1
CUST_010315,google_ads,true,2025-07-01,84.04,0.0,1,57.02,0.99,1
CUST_010318,meta_ads,true,2024-07-01,147.01,0.15,1,73.28,0.99,1
CUST_010323,google_ads,true,2025-12-01,146.55,0.0,1,94.36,0.99,0
CUST_010339,creator_network,false,2024-11-01,85.42,0.2,1,37.02,0.99,1
CUST_010363,meta_ads,true,2025-12-01,115.16,0.0,1,73.32,0.99,0
CUST_010366,google_ads,true,2024-11-01,105.88,0.0,1,66.43,0.99,1
CUST_010369,organic_search,false,2025-05-01,78.72,0.0,1,11.35,0.99,1
CUST_010377,meta_ads,true,2024-06-01,76.99,0.15,2,113.53,1.21,1
CUST_010380,direct,false,2025-08-01,65.28,0.0,1,43.18,0.99,1
CUST_010385,direct,false,2025-11-01,94.06,0.0,1,62.09,0.99,0
CUST_010411,google_ads,true,2025-09-01,114.76,0.0,1,76.27,0.99,1
CUST_010425,meta_ads,true,2025-08-01,63.27,0.0,1,15.95,0.99,1
CUST_010436,organic_search,false,2024-11-01,98.77,0.0,1,65.25,0.99,1
CUST_010443,meta_ads,true,2025-10-01,53.74,0.2501,1,21.20,0.99,0
CUST_010457,meta_ads,true,2024-08-01,48.56,0.0,1,32.06,0.99,1
CUST_010459,meta_ads,true,2024-01-01,138.72,0.15,1,65.92,0.99,1
CUST_010489,google_ads,true,2025-05-01,112.71,0.0,2,145.63,1.79,1
CUST_010493,meta_ads,true,2024-08-01,98.46,0.0,1,61.51,0.99,1
CUST_010510,direct,false,2024-09-01,72.18,0.0,1,-27.05,0.99,1
CUST_010527,creator_network,false,2025-04-01,99.14,0.1,1,53.61,0.99,1
CUST_010565,meta_ads,true,2024-02-01,90.10,0.1499,1,44.39,0.99,1
CUST_010586,meta_ads,true,2024-10-01,92.28,0.1,1,49.77,0.99,1
CUST_010587,meta_ads,true,2024-03-01,76.71,0.1,1,43.27,0.99,1
CUST_010601,creator_network,false,2024-07-01,101.24,0.0,1,66.10,0.99,1
CUST_010630,organic_search,false,2025-03-01,89.65,0.0,1,59.21,0.99,1
CUST_010632,meta_ads,true,2025-08-01,90.16,0.0,1,56.14,0.99,1
CUST_010655,creator_network,false,2024-12-01,77.66,0.1001,1,-33.08,0.99,1
CUST_010666,direct,false,2024-05-01,137.63,0.0,1,86.17,0.99,1
CUST_010683,meta_ads,true,2024-08-01,68.36,0.2,1,31.94,0.99,1
CUST_010695,google_ads,true,2025-10-01,109.25,0.0,1,72.07,0.99,0
CUST_010696,meta_ads,true,2025-09-01,116.76,0.0,1,74.95,0.99,1
CUST_010705,creator_network,false,2024-04-01,83.00,0.0,1,56.34,0.99,1
CUST_010781,meta_ads,true,2025-12-01,119.60,0.0,1,76.93,0.99,0
CUST_010815,meta_ads,true,2025-07-01,133.48,0.0,1,85.68,0.99,1
CUST_010822,google_ads,true,2024-02-01,98.55,0.15,1,-50.43,0.99,1
CUST_010832,creator_network,false,2024-04-01,96.23,0.0,1,64.59,0.99,1
CUST_010834,google_ads,true,2024-08-01,133.36,0.0,2,47.13,1.85,1
CUST_010918,direct,false,2025-02-01,127.68,0.0,1,82.98,0.99,1
CUST_010954,direct,false,2024-03-01,72.62,0.0,2,113.16,0.24,1
CUST_010968,meta_ads,true,2025-04-01,108.63,0.1,1,-46.00,0.99,1
CUST_010976,organic_search,false,2025-01-01,65.87,0.0,1,41.69,0.99,1
CUST_010983,google_ads,true,2025-10-01,136.01,0.0,1,89.04,0.99,0
CUST_010993,direct,false,2025-10-01,128.56,0.0,1,80.03,0.99,0
CUST_011002,direct,false,2024-05-01,88.83,0.0,2,124.84,4.57,1
CUST_011020,organic_search,false,2025-12-01,62.84,0.0,1,42.17,0.99,0
CUST_011022,organic_search,false,2024-02-01,64.83,0.0,1,43.66,0.99,1
CUST_011042,creator_network,false,2025-07-01,79.15,0.0,1,-28.87,0.99,1
CUST_011081,meta_ads,true,2025-12-01,96.04,0.0,2,106.81,0.73,0
CUST_011082,direct,false,2024-10-01,79.20,0.0,1,52.18,0.99,1
CUST_011084,google_ads,true,2025-05-01,133.93,0.25,2,122.18,1.33,1
CUST_011090,meta_ads,true,2025-06-01,131.69,0.15,1,67.07,0.99,1
CUST_011101,google_ads,true,2024-09-01,103.46,0.0,2,91.89,1.91,1
CUST_011103,meta_ads,true,2025-08-01,93.35,0.2,1,41.05,0.99,1
CUST_011111,meta_ads,true,2025-05-01,85.81,0.0,1,57.40,0.99,1
CUST_011143,meta_ads,true,2024-07-01,87.45,0.0,3,149.67,1.48,1
CUST_011163,creator_network,false,2025-09-01,108.68,0.0,1,67.59,0.99,1
CUST_011198,creator_network,false,2024-10-01,70.64,0.0,1,-24.15,0.99,1
CUST_011262,meta_ads,true,2024-10-01,97.97,0.0,1,61.72,0.99,1
CUST_011267,organic_search,false,2025-06-01,99.34,0.0,3,190.03,5.57,0
CUST_011291,meta_ads,true,2025-04-01,99.01,0.0,1,61.73,0.99,1
CUST_011318,meta_ads,true,2025-01-01,111.15,0.0,1,74.50,0.99,1
CUST_011323,organic_search,false,2024-08-01,68.61,0.0,1,42.77,0.99,1
CUST_011341,organic_search,false,2024-12-01,93.96,0.0,1,59.78,0.99,1
CUST_011375,creator_network,false,2025-11-01,87.18,0.15,1,45.80,0.99,0
CUST_011400,direct,false,2025-03-01,97.21,0.0,1,-36.59,0.99,1
CUST_011455,google_ads,true,2025-12-01,115.20,0.15,1,0.22,0.99,0
CUST_011459,creator_network,false,2025-11-01,88.96,0.2,1,38.93,0.99,0
CUST_011461,google_ads,true,2024-08-01,120.24,0.0,1,81.70,0.99,1
CUST_011467,meta_ads,true,2024-05-01,60.22,0.0,1,40.57,0.99,1
CUST_011480,organic_search,false,2025-09-01,101.90,0.0,1,67.33,0.99,1
CUST_011560,meta_ads,true,2025-10-01,76.86,0.15,1,39.71,0.99,0
CUST_011575,google_ads,true,2025-08-01,81.00,0.0,1,50.50,0.99,1
CUST_011576,meta_ads,true,2024-05-01,130.15,0.0,1,-47.23,0.99,1
CUST_011598,direct,false,2024-05-01,100.66,0.25,1,39.31,0.99,1
CUST_011635,meta_ads,true,2024-10-01,106.22,0.0,2,123.21,1.01,1
CUST_011643,google_ads,true,2025-01-01,90.89,0.0,1,59.51,0.99,1
CUST_011650,meta_ads,true,2025-09-01,43.39,0.0,1,27.58,0.99,1
CUST_011663,creator_network,false,2025-05-01,72.53,0.0,1,45.27,0.99,1
CUST_011672,google_ads,true,2024-05-01,171.54,0.2,2,133.53,2.73,1
CUST_011683,google_ads,true,2025-02-01,120.98,0.0,1,79.52,0.99,1
CUST_011695,direct,false,2024-08-01,96.47,0.0,1,61.72,0.99,1
CUST_011697,creator_network,false,2025-02-01,71.55,0.15,1,34.46,0.99,1
CUST_011731,meta_ads,true,2025-07-01,89.98,0.2,2,103.38,1.14,1
CUST_011788,google_ads,true,2025-04-01,131.62,0.0,1,47.14,0.99,1
CUST_011791,creator_network,false,2025-09-01,54.56,0.0,1,36.45,0.99,1
CUST_011804,meta_ads,true,2025-12-01,50.80,0.0,1,33.20,0.99,0
CUST_011816,meta_ads,true,2025-03-01,91.87,0.1,1,51.08,0.99,1
CUST_011821,google_ads,true,2025-11-01,111.32,0.0,1,73.28,0.99,0
CUST_011826,organic_search,false,2024-09-01,77.48,0.1,1,44.51,0.99,1
CUST_011872,meta_ads,true,2024-12-01,106.02,0.15,1,52.32,0.99,1
CUST_011876,creator_network,false,2025-11-01,74.97,0.1501,1,38.49,0.99,0
CUST_011884,google_ads,true,2024-01-01,107.18,0.1,1,56.25,0.99,1
CUST_011889,direct,false,2025-04-01,104.24,0.1,1,55.84,0.99,1
CUST_011896,meta_ads,true,2024-09-01,73.28,0.2001,1,-40.08,0.99,1
CUST_011899,meta_ads,true,2025-07-01,109.32,0.15,1,-51.80,0.99,1
CUST_011927,meta_ads,true,2024-01-01,128.36,0.0,2,131.21,2.00,1
CUST_011943,meta_ads,true,2024-08-01,59.88,0.0,1,40.01,0.99,1
CUST_011970,creator_network,false,2025-08-01,61.47,0.15,1,32.22,0.99,1
CUST_011973,organic_search,false,2024-12-01,96.19,0.0,1,61.12,0.99,1
CUST_011979,google_ads,true,2025-02-01,41.59,0.0,1,-13.72,0.99,1
CUST_011994,meta_ads,true,2024-02-01,88.34,0.0,1,56.52,0.99,1
CUST_011996,creator_network,false,2024-01-01,67.17,0.1501,1,34.93,0.99,1
CUST_011999,google_ads,true,2025-11-01,73.69,0.0,1,45.84,0.99,0
CUST_012002,organic_search,false,2024-03-01,84.45,0.0,1,2.47,0.99,1
CUST_012027,meta_ads,true,2025-08-01,72.99,0.0,1,46.47,0.99,1
CUST_012031,google_ads,true,2025-02-01,93.96,0.0,1,60.33,0.99,1
CUST_012051,meta_ads,true,2024-09-01,42.26,0.0,1,12.54,0.99,1
CUST_012070,meta_ads,true,2024-10-01,105.91,0.0,1,66.50,0.99,1
CUST_012074,google_ads,true,2025-12-01,118.16,0.0,1,76.94,0.99,0
CUST_012075,google_ads,true,2024-12-01,92.40,0.25,1,37.58,0.99,1
CUST_012100,meta_ads,true,2025-06-01,86.98,0.2,1,39.06,0.99,1
CUST_012120,google_ads,true,2025-08-01,79.93,0.0,1,53.77,0.99,1
CUST_012126,meta_ads,true,2025-11-01,80.46,0.0,1,53.51,0.99,0
CUST_012153,meta_ads,true,2024-05-01,71.06,0.0,1,46.85,0.99,1
CUST_012154,google_ads,true,2025-06-01,59.28,0.0,1,-20.67,0.99,1
CUST_012158,google_ads,true,2024-03-01,79.73,0.0,1,53.22,0.99,1
CUST_012167,google_ads,true,2025-10-01,126.16,0.0,1,82.79,0.99,0
CUST_012188,organic_search,false,2025-05-01,142.23,0.0,1,89.83,0.99,1
CUST_012226,meta_ads,true,2025-02-01,60.93,0.0,1,39.74,0.99,1
CUST_012293,creator_network,false,2025-12-01,90.77,0.15,1,47.80,0.99,0
CUST_012297,organic_search,false,2025-02-01,125.82,0.0,1,84.82,0.99,1
CUST_012328,meta_ads,true,2024-04-01,122.93,0.0,1,76.47,0.99,1
CUST_012350,meta_ads,true,2024-07-01,102.04,0.2,1,48.65,0.99,1
CUST_012389,direct,false,2025-12-01,60.77,0.0,1,38.95,0.99,0
CUST_012397,google_ads,true,2025-05-01,130.98,0.15,1,19.39,0.99,1
CUST_012414,meta_ads,true,2025-12-01,96.16,0.0,1,62.64,0.99,0
CUST_012421,direct,false,2025-12-01,108.17,0.0,1,7.37,0.99,0
CUST_012429,google_ads,true,2024-09-01,112.17,0.2,1,47.39,0.99,1
CUST_012442,meta_ads,true,2025-05-01,69.21,0.15,1,36.56,0.99,1
CUST_012454,meta_ads,true,2025-09-01,97.99,0.0,2,-4.92,1.66,0
CUST_012475,organic_search,false,2025-06-01,98.95,0.0,1,66.38,0.99,1
CUST_000012,direct,false,2025-12-01,119.08,0.0,1,77.12,0.99,0
CUST_000033,meta_ads,true,2024-03-01,70.51,0.1,1,40.32,0.99,1
CUST_000037,creator_network,false,2024-10-01,75.10,0.1499,1,39.24,0.99,1
CUST_000049,google_ads,true,2025-03-01,134.83,0.0,1,84.84,0.99,1
CUST_000050,organic_search,false,2024-06-01,124.09,0.0,1,-41.08,0.99,1
CUST_000127,meta_ads,true,2025-09-01,108.29,0.0,1,71.63,0.99,1
CUST_000135,creator_network,false,2025-11-01,64.91,0.1501,1,31.81,0.99,0
CUST_000172,meta_ads,true,2024-01-01,69.79,0.0,1,47.05,0.99,1
CUST_000174,meta_ads,true,2024-07-01,76.42,0.0,1,10.33,0.99,1
CUST_000217,meta_ads,true,2024-10-01,83.50,0.0,1,53.34,0.99,1
CUST_000224,organic_search,false,2024-11-01,71.92,0.1999,1,31.85,0.99,1
CUST_000231,meta_ads,true,2025-09-01,45.92,0.1999,1,19.76,0.99,1
CUST_000239,direct,false,2025-06-01,109.46,0.0,1,73.84,0.99,1
CUST_000247,meta_ads,true,2025-01-01,84.36,0.0,1,1.18,0.99,1
CUST_000259,meta_ads,true,2025-04-01,91.17,0.1,1,-40.30,0.99,1
CUST_000265,creator_network,false,2025-10-01,79.07,0.1,1,-1.16,0.99,0
CUST_000282,organic_search,false,2024-10-01,93.13,0.0,1,61.75,0.99,1
CUST_000293,creator_network,false,2025-09-01,100.53,0.0,1,65.08,0.99,1
CUST_000299,creator_network,false,2025-05-01,69.70,0.0,1,45.45,0.99,1
CUST_000302,meta_ads,true,2025-03-01,35.23,0.0999,2,73.29,0.34,1
CUST_000313,meta_ads,true,2024-01-01,94.56,0.0,1,59.55,0.99,1
CUST_000317,creator_network,false,2024-12-01,67.44,0.1501,1,32.91,0.99,1
CUST_000340,meta_ads,true,2024-04-01,95.67,0.0,1,63.98,0.99,1
CUST_000346,meta_ads,true,2025-05-01,99.74,0.0,1,66.10,0.99,1
CUST_000350,google_ads,true,2025-05-01,134.15,0.0,2,125.68,1.09,1
CUST_000363,google_ads,true,2025-01-01,93.00,0.1,1,52.53,0.99,1
CUST_000393,meta_ads,true,2024-11-01,63.46,0.2,1,27.96,0.99,1
CUST_000421,organic_search,false,2025-09-01,72.47,0.0,1,-27.02,0.99,1
CUST_000428,google_ads,true,2025-10-01,142.03,0.1,2,154.47,0.75,0
CUST_000436,creator_network,false,2025-07-01,75.10,0.0,1,49.74,0.99,1
CUST_000443,meta_ads,true,2024-11-01,111.37,0.0,1,73.63,0.99,1
CUST_000454,meta_ads,true,2025-11-01,75.31,0.0,1,49.91,0.99,0
CUST_000473,organic_search,false,2024-02-01,72.91,0.0,1,6.04,0.99,1
CUST_000480,creator_network,false,2025-03-01,97.60,0.0,1,62.88,0.99,1
CUST_000494,meta_ads,true,2024-06-01,95.30,0.0,1,-30.98,0.99,1
CUST_000517,organic_search,false,2024-11-01,57.36,0.0,1,37.99,0.99,1
CUST_000524,creator_network,false,2025-10-01,68.26,0.2,1,29.79,0.99,0
CUST_000534,meta_ads,true,2025-04-01,90.36,0.0,1,59.63,0.99,1
CUST_000546,google_ads,true,2024-11-01,111.56,0.0,1,74.73,0.99,1
CUST_000572,organic_search,false,2025-08-01,89.11,0.0,1,19.40,0.99,1
CUST_000596,direct,false,2025-02-01,96.51,0.0,1,62.22,0.99,1
CUST_000605,creator_network,false,2024-04-01,97.11,0.1,2,86.28,2.94,1
CUST_000628,google_ads,true,2025-08-01,103.19,0.0,1,65.37,0.99,1
CUST_000636,direct,false,2025-01-01,94.39,0.0,1,63.34,0.99,1
CUST_000644,meta_ads,true,2024-10-01,95.74,0.1,1,51.92,0.99,1
CUST_000655,meta_ads,true,2025-01-01,64.49,0.1,1,35.21,0.99,1
CUST_000661,google_ads,true,2024-11-01,127.23,0.1,1,72.97,0.99,1
CUST_000738,creator_network,false,2025-09-01,92.27,0.1,1,52.92,0.99,1
CUST_000777,google_ads,true,2024-08-01,111.51,0.2,1,48.10,0.99,1
CUST_000784,meta_ads,true,2024-11-01,130.84,0.2,1,60.67,0.99,1
CUST_000792,meta_ads,true,2025-04-01,79.40,0.1,1,-37.60,0.99,1
CUST_000795,meta_ads,true,2024-01-01,64.82,0.15,1,8.77,0.99,1
CUST_000812,google_ads,true,2025-09-01,44.15,0.0,2,109.70,1.54,0
CUST_000827,google_ads,true,2024-11-01,105.05,0.0,1,71.33,0.99,1
CUST_000828,meta_ads,true,2024-11-01,52.13,0.0,3,92.59,3.31,1
CUST_000832,meta_ads,true,2025-01-01,86.54,0.0,1,56.27,0.99,1
CUST_000855,meta_ads,true,2024-07-01,75.50,0.2,1,33.70,0.99,1
CUST_000868,organic_search,false,2024-06-01,124.31,0.0,1,83.54,0.99,1
CUST_000912,meta_ads,true,2024-09-01,125.19,0.2,1,-20.42,0.99,1
CUST_000925,organic_search,false,2025-01-01,92.24,0.0,2,121.17,0.72,1
CUST_000928,creator_network,false,2025-03-01,98.61,0.2,1,42.22,0.99,1
CUST_000937,meta_ads,true,2024-01-01,94.32,0.2,2,99.60,3.67,1
CUST_000944,creator_network,false,2025-09-01,81.10,0.2499,1,33.81,0.99,1
CUST_000945,meta_ads,true,2024-07-01,83.58,0.1,2,111.13,1.67,1
CUST_000953,organic_search,false,2024-06-01,59.57,0.0,1,-22.24,0.99,1
CUST_000976,meta_ads,true,2024-08-01,114.09,0.15,3,124.33,4.49,1
CUST_000993,meta_ads,true,2024-09-01,132.60,0.0,1,84.06,0.99,1
CUST_001001,meta_ads,true,2024-06-01,96.43,0.0,1,14.83,0.99,1
CUST_001007,google_ads,true,2025-07-01,130.17,0.0,1,83.95,0.99,1
CUST_001025,google_ads,true,2025-11-01,80.16,0.15,1,38.26,0.99,0
CUST_001036,meta_ads,true,2025-07-01,77.02,0.1999,1,33.80,0.99,1
CUST_001044,organic_search,false,2025-05-01,112.05,0.0,1,74.11,0.99,1
CUST_001046,creator_network,false,2025-05-01,71.08,0.15,1,-2.72,0.99,1
CUST_001057,meta_ads,true,2025-08-01,89.99,0.1,1,47.40,0.99,1
CUST_001067,meta_ads,true,2024-08-01,84.73,0.0,1,54.07,0.99,1
CUST_001071,meta_ads,true,2024-09-01,75.42,0.1999,2,25.66,1.28,1
CUST_001072,meta_ads,true,2024-08-01,46.52,0.25,1,19.54,0.99,1
CUST_001078,google_ads,true,2025-06-01,110.69,0.0,1,74.85,0.99,1
CUST_001103,google_ads,true,2025-10-01,117.97,0.2,1,53.87,0.99,0
CUST_001202,creator_network,false,2024-01-01,84.76,0.1,2,-90.50,0.48,1
CUST_001224,meta_ads,true,2025-11-01,89.56,0.0,1,60.72,0.99,0
CUST_001260,google_ads,true,2025-04-01,106.84,0.2,1,45.31,0.99,1
CUST_001288,meta_ads,true,2024-11-01,97.45,0.0,1,65.06,0.99,1
CUST_001290,creator_network,false,2024-03-01,73.62,0.1,1,40.60,0.99,1
CUST_001314,meta_ads,true,2025-09-01,83.35,0.2,1,36.55,0.99,1
CUST_001336,google_ads,true,2025-06-01,69.96,0.0,1,43.70,0.99,1
CUST_001351,meta_ads,true,2025-10-01,122.89,0.0,1,28.55,0.99,0
CUST_001352,google_ads,true,2025-04-01,97.25,0.0,1,61.58,0.99,1
CUST_001362,meta_ads,true,2024-07-01,104.12,0.0,1,66.48,0.99,1
CUST_001370,google_ads,true,2024-08-01,121.33,0.0,1,81.17,0.99,1
CUST_001387,creator_network,false,2025-08-01,71.58,0.1,1,40.59,0.99,1
CUST_001409,organic_search,false,2025-04-01,85.49,0.0,2,89.36,2.29,1
CUST_001413,google_ads,true,2024-09-01,120.35,0.0,1,-39.96,0.99,1
CUST_001418,creator_network,false,2024-04-01,93.67,0.25,2,92.40,2.19,1
CUST_001436,meta_ads,true,2024-02-01,71.30,0.2,1,32.66,0.99,1
CUST_001447,meta_ads,true,2025-07-01,78.73,0.0,2,110.83,0.22,1
CUST_001459,google_ads,true,2024-07-01,81.08,0.0,1,51.28,0.99,1
CUST_001464,meta_ads,true,2025-06-01,109.01,0.0,1,72.39,0.99,1
CUST_001527,creator_network,false,2024-09-01,38.61,0.0,1,8.79,0.99,1
CUST_001535,google_ads,true,2024-12-01,86.77,0.1,2,99.07,2.24,1
CUST_001539,google_ads,true,2024-06-01,132.05,0.0,1,84.72,0.99,1
CUST_001548,meta_ads,true,2025-03-01,119.89,0.0,1,77.71,0.99,1
CUST_001578,meta_ads,true,2025-05-01,110.58,0.1,1,3.63,0.99,1
CUST_001598,direct,false,2024-03-01,153.03,0.0,1,98.26,0.99,1
CUST_001599,creator_network,false,2024-03-01,70.09,0.0,1,43.68,0.99,1
CUST_001621,creator_network,false,2025-02-01,68.05,0.0999,2,45.07,2.42,1
CUST_001625,creator_network,false,2024-06-01,75.08,0.0,1,50.79,0.99,1
CUST_001636,meta_ads,true,2024-08-01,95.88,0.0,1,63.60,0.99,1
CUST_001638,meta_ads,true,2024-05-01,132.55,0.0,1,83.98,0.99,1
CUST_001646,google_ads,true,2025-08-01,108.49,0.0,2,167.66,1.59,1
CUST_001661,meta_ads,true,2025-05-01,30.18,0.1001,1,16.35,0.99,1
CUST_001663,creator_network,false,2025-11-01,101.07,0.1,1,12.18,0.99,0
CUST_001664,meta_ads,true,2025-02-01,88.93,0.0,1,-30.19,0.99,1
CUST_001678,google_ads,true,2024-12-01,119.59,0.0,1,76.21,0.99,1
CUST_001692,meta_ads,true,2025-02-01,98.77,0.0,1,-32.87,0.99,1
CUST_001697,meta_ads,true,2024-01-01,111.78,0.0,2,144.05,1.58,1
CUST_001720,google_ads,true,2024-08-01,108.84,0.0,1,69.64,0.99,1
CUST_001727,google_ads,true,2025-03-01,129.04,0.0,1,80.23,0.99,1
CUST_001783,creator_network,false,2025-01-01,94.18,0.2,1,-53.82,0.99,1
CUST_001791,creator_network,false,2024-05-01,92.54,0.2,1,42.20,0.99,1
CUST_001794,meta_ads,true,2025-06-01,93.70,0.0,2,122.47,1.36,1
CUST_001808,meta_ads,true,2024-06-01,86.25,0.0999,1,-41.06,0.99,1
CUST_001817,meta_ads,true,2024-09-01,59.50,0.0,1,38.81,0.99,1
CUST_001853,meta_ads,true,2025-10-01,62.21,0.0,1,39.68,0.99,0
CUST_001904,creator_network,false,2024-02-01,74.78,0.1,1,42.70,0.99,1
CUST_001911,google_ads,true,2024-10-01,90.96,0.15,1,43.62,0.99,1
CUST_001960,creator_network,false,2025-08-01,71.46,0.15,1,34.75,0.99,1
CUST_001972,direct,false,2025-09-01,109.31,0.0,1,73.27,0.99,1
CUST_001974,organic_search,false,2025-03-01,94.26,0.0,1,63.39,0.99,1
CUST_001979,meta_ads,true,2025-10-01,101.43,0.0,1,66.56,0.99,0
CUST_001985,meta_ads,true,2024-05-01,111.11,0.1,1,63.38,0.99,1
CUST_002015,google_ads,true,2025-03-01,122.88,0.0,1,76.87,0.99,1
CUST_002054,organic_search,false,2025-11-01,135.78,0.0,1,86.43,0.99,0
CUST_002060,meta_ads,true,2025-03-01,60.14,0.0999,3,91.63,1.21,1
CUST_002068,organic_search,false,2024-08-01,83.04,0.0,2,85.86,0.52,1
CUST_002070,google_ads,true,2024-10-01,103.52,0.0,1,67.53,0.99,1
CUST_002101,meta_ads,true,2025-11-01,90.62,0.2501,1,37.48,0.99,0
CUST_002103,meta_ads,true,2024-06-01,70.91,0.1,1,-30.96,0.99,1
CUST_002131,organic_search,false,2024-06-01,74.57,0.1501,2,94.29,0.92,1
CUST_002141,google_ads,true,2025-09-01,96.68,0.0,1,59.96,0.99,1
CUST_002149,organic_search,false,2025-02-01,96.25,0.0,1,-35.76,0.99,1
CUST_002159,meta_ads,true,2025-01-01,149.90,0.0,2,155.42,4.54,1
CUST_002181,google_ads,true,2024-10-01,100.93,0.0,1,64.02,0.99,1
CUST_002216,meta_ads,true,2024-10-01,86.20,0.0,1,56.23,0.99,1
CUST_002221,google_ads,true,2025-07-01,107.50,0.0,1,70.46,0.99,1
CUST_002231,direct,false,2025-08-01,128.36,0.0,1,86.70,0.99,1
CUST_002233,meta_ads,true,2025-11-01,100.97,0.0,1,66.48,0.99,0
CUST_002323,meta_ads,true,2025-05-01,68.24,0.0999,3,126.61,3.74,1
CUST_002360,organic_search,false,2024-05-01,77.46,0.0,1,50.70,0.99,1
CUST_002369,meta_ads,true,2024-11-01,63.60,0.1,2,100.33,1.34,1
CUST_002381,organic_search,false,2025-09-01,79.83,0.1,1,41.59,0.99,1
CUST_002401,meta_ads,true,2024-11-01,112.78,0.2,1,53.72,0.99,1
CUST_002409,meta_ads,true,2025-12-01,100.87,0.15,1,48.14,0.99,0
CUST_002420,google_ads,true,2024-12-01,102.08,0.0,1,68.49,0.99,1
CUST_002442,meta_ads,true,2025-03-01,121.45,0.0,1,80.17,0.99,1
CUST_002445,meta_ads,true,2025-01-01,106.30,0.1,1,57.89,0.99,1
CUST_002447,meta_ads,true,2024-08-01,81.30,0.0,1,-29.57,0.99,1
CUST_002450,meta_ads,true,2024-11-01,84.42,0.2499,1,35.24,0.99,1
CUST_002463,organic_search,false,2025-05-01,126.38,0.1,1,71.84,0.99,1
CUST_002501,google_ads,true,2025-09-01,85.01,0.0,1,53.25,0.99,1
CUST_002516,organic_search,false,2025-11-01,68.58,0.0,1,-22.59,0.99,0
CUST_002520,creator_network,false,2025-07-01,60.14,0.0,1,39.36,0.99,1
CUST_002521,meta_ads,true,2025-07-01,65.83,0.0,1,44.08,0.99,1
CUST_002553,meta_ads,true,2025-09-01,105.87,0.2,1,48.79,0.99,1
CUST_002554,organic_search,false,2025-12-01,73.81,0.0,1,47.76,0.99,0
CUST_002558,creator_network,false,2024-09-01,73.08,0.1,1,40.00,0.99,1
CUST_002562,meta_ads,true,2025-07-01,53.99,0.0,1,35.80,0.99,1
CUST_002575,direct,false,2024-07-01,105.16,0.0,1,70.24,0.99,1
CUST_002601,google_ads,true,2025-05-01,106.92,0.0,2,134.48,0.14,1
CUST_002607,meta_ads,true,2024-02-01,53.22,0.0,1,33.36,0.99,1
CUST_002624,google_ads,true,2025-11-01,114.56,0.0,1,76.15,0.99,0
CUST_002663,google_ads,true,2024-07-01,55.94,0.0,1,-3.48,0.99,1
CUST_002688,google_ads,true,2024-12-01,69.84,0.25,1,28.27,0.99,1
CUST_002730,organic_search,false,2025-02-01,70.35,0.15,1,34.35,0.99,1
CUST_002744,direct,false,2024-05-01,99.72,0.0,1,64.75,0.99,1
CUST_002757,creator_network,false,2025-02-01,82.75,0.1001,2,81.41,1.05,1
CUST_002758,meta_ads,true,2025-10-01,113.06,0.2,1,51.91,0.99,0
CUST_002769,meta_ads,true,2025-02-01,106.59,0.0,1,69.18,0.99,1
CUST_002777,google_ads,true,2024-02-01,82.70,0.0,1,55.47,0.99,1
CUST_002779,meta_ads,true,2025-01-01,58.72,0.15,2,82.51,2.89,1
CUST_002784,google_ads,true,2025-09-01,131.10,0.0,1,87.75,0.99,1
CUST_002800,google_ads,true,2024-06-01,158.95,0.0,1,104.64,0.99,1
CUST_002804,google_ads,true,2025-12-01,141.22,0.0,1,87.60,0.99,0
CUST_002807,google_ads,true,2025-08-01,146.74,0.0,1,94.37,0.99,1
CUST_002814,meta_ads,true,2024-06-01,96.70,0.1499,1,-49.29,0.99,1
CUST_002820,google_ads,true,2024-11-01,120.08,0.0,2,145.88,0.13,1
CUST_002823,meta_ads,true,2025-05-01,96.52,0.0,2,123.09,0.79,1
CUST_002827,google_ads,true,2025-07-01,118.98,0.0,1,79.43,0.99,1
CUST_002831,meta_ads,true,2025-02-01,74.61,0.15,1,-0.28,0.99,1
CUST_002847,google_ads,true,2025-08-01,43.39,0.0,2,7.94,3.00,0
CUST_002858,direct,false,2024-02-01,111.98,0.0,1,75.00,0.99,1
CUST_002879,organic_search,false,2025-04-01,57.52,0.0,2,-48.11,3.31,1
CUST_002892,organic_search,false,2025-07-01,75.89,0.1,1,40.59,0.99,1
CUST_002917,meta_ads,true,2025-08-01,88.79,0.0,1,56.05,0.99,1
CUST_002934,creator_network,false,2025-03-01,75.10,0.1,1,42.38,0.99,1
CUST_002966,google_ads,true,2025-07-01,143.09,0.0,1,94.86,0.99,1
CUST_002982,meta_ads,true,2024-08-01,63.10,0.0,1,39.69,0.99,1
CUST_002986,organic_search,false,2025-12-01,67.59,0.0,1,44.25,0.99,0
CUST_002995,google_ads,true,2024-05-01,100.36,0.0,1,66.04,0.99,1
CUST_002997,google_ads,true,2024-06-01,108.71,0.0,1,-38.52,0.99,1
CUST_003010,meta_ads,true,2024-02-01,77.14,0.0999,1,4.50,0.99,1
CUST_003012,creator_network,false,2024-09-01,79.90,0.0,1,50.41,0.99,1
CUST_003038,creator_network,false,2025-12-01,67.59,0.1,1,36.76,0.99,0
CUST_003062,meta_ads,true,2024-04-01,96.29,0.0,1,61.60,0.99,1
CUST_003113,meta_ads,true,2025-07-01,68.12,0.0,1,43.48,0.99,1
CUST_003115,organic_search,false,2024-07-01,118.99,0.1,1,-50.60,0.99,1
CUST_003127,google_ads,true,2025-06-01,73.55,0.0,2,101.52,0.30,1
CUST_003133,direct,false,2025-11-01,86.34,0.0,1,53.77,0.99,0
CUST_003145,meta_ads,true,2024-09-01,87.70,0.1501,1,42.94,0.99,1
CUST_003146,direct,false,2024-11-01,81.18,0.15,1,41.25,0.99,1
CUST_003175,organic_search,false,2024-03-01,109.12,0.0,1,68.34,0.99,1
CUST_003199,google_ads,true,2024-04-01,80.08,0.0,1,-26.53,0.99,1
CUST_003235,google_ads,true,2024-12-01,44.11,0.0,1,28.93,0.99,1
CUST_003236,meta_ads,true,2024-08-01,43.91,0.1501,1,20.91,0.99,1
CUST_003251,google_ads,true,2025-03-01,131.49,0.0,1,84.73,0.99,1
CUST_003253,meta_ads,true,2025-05-01,114.65,0.0,1,76.29,0.99,1
CUST_003274,organic_search,false,2025-03-01,94.66,0.0,1,61.25,0.99,1
CUST_003288,meta_ads,true,2025-09-01,92.35,0.15,1,47.34,0.99,1
CUST_003291,creator_network,false,2024-03-01,38.83,0.0,1,24.09,0.99,1
CUST_003298,organic_search,false,2024-03-01,114.72,0.15,1,57.38,0.99,1
CUST_003330,meta_ads,true,2025-06-01,100.24,0.15,2,5.88,0.70,1
CUST_003334,meta_ads,true,2024-07-01,92.99,0.0,1,62.79,0.99,1
CUST_003349,meta_ads,true,2024-10-01,88.63,0.0,1,-29.33,0.99,1
CUST_003352,creator_network,false,2025-01-01,89.08,0.15,1,42.13,0.99,1
CUST_003356,meta_ads,true,2024-03-01,94.58,0.1,1,51.88,0.99,1
CUST_003394,google_ads,true,2024-10-01,90.11,0.0,1,31.03,0.99,1
CUST_003420,creator_network,false,2024-01-01,54.62,0.0,1,35.48,0.99,1
CUST_003426,organic_search,false,2025-05-01,79.83,0.0,1,51.73,0.99,1
CUST_003447,meta_ads,true,2025-09-01,89.00,0.1,3,150.72,2.99,0
CUST_003448,creator_network,false,2025-07-01,86.95,0.15,1,42.93,0.99,1
CUST_003492,google_ads,true,2025-05-01,151.33,0.0,2,176.38,1.47,1
CUST_003494,google_ads,true,2025-10-01,120.17,0.0,1,-4.43,0.99,0
CUST_003510,meta_ads,true,2024-03-01,76.65,0.2,1,33.76,0.99,1
CUST_003523,meta_ads,true,2024-09-01,69.40,0.1,1,37.24,0.99,1
CUST_003566,creator_network,false,2025-07-01,59.14,0.0,1,38.77,0.99,1
CUST_003567,meta_ads,true,2025-04-01,76.28,0.15,1,36.71,0.99,1
CUST_003629,organic_search,false,2025-09-01,66.02,0.0,1,44.83,0.99,1
CUST_003650,organic_search,false,2025-12-01,101.46,0.0,1,66.99,0.99,0
CUST_003658,meta_ads,true,2025-03-01,55.70,0.0,1,37.86,0.99,1
CUST_003665,google_ads,true,2025-03-01,93.79,0.1,1,54.08,0.99,1
CUST_003687,meta_ads,true,2025-11-01,84.56,0.0,1,52.78,0.99,0
CUST_003701,creator_network,false,2025-05-01,79.94,0.0,1,50.38,0.99,1
CUST_003710,meta_ads,true,2025-12-01,79.37,0.0,1,52.87,0.99,0
CUST_003734,meta_ads,true,2025-02-01,108.98,0.1,1,59.25,0.99,1
CUST_003759,meta_ads,true,2025-01-01,110.84,0.0,1,73.46,0.99,1
CUST_003784,google_ads,true,2025-09-01,101.14,0.0,1,63.01,0.99,1
CUST_003882,google_ads,true,2025-07-01,124.77,0.0,1,82.11,0.99,1
CUST_003886,meta_ads,true,2025-11-01,98.83,0.0,1,63.79,0.99,0
CUST_003897,google_ads,true,2024-05-01,115.48,0.0,1,77.02,0.99,1
CUST_003916,google_ads,true,2024-12-01,120.65,0.0,1,37.29,0.99,1
CUST_003935,meta_ads,true,2024-10-01,73.34,0.0999,3,62.04,1.41,1
CUST_003936,creator_network,false,2025-03-01,60.00,0.15,1,29.09,0.99,1
CUST_003956,direct,false,2025-10-01,100.45,0.0,3,215.40,1.98,0
CUST_003959,meta_ads,true,2024-02-01,57.21,0.15,1,27.52,0.99,1
CUST_003960,creator_network,false,2024-02-01,76.73,0.15,1,37.90,0.99,1
CUST_003985,google_ads,true,2025-09-01,125.70,0.0,1,-43.65,0.99,1
CUST_003990,meta_ads,true,2025-10-01,120.08,0.0,1,78.46,0.99,0
CUST_004016,google_ads,true,2024-08-01,118.91,0.2,1,55.23,0.99,1
CUST_004023,organic_search,false,2025-06-01,66.22,0.0,1,43.44,0.99,1
CUST_004070,meta_ads,true,2025-10-01,106.31,0.15,1,53.14,0.99,0
CUST_004166,meta_ads,true,2024-12-01,149.28,0.0,2,159.44,0.31,1
CUST_004205,creator_network,false,2024-04-01,79.37,0.1501,1,38.88,0.99,1
CUST_004220,google_ads,true,2024-08-01,97.00,0.0,1,60.59,0.99,1
CUST_004234,google_ads,true,2025-11-01,97.28,0.1,1,51.87,0.99,0
CUST_004244,organic_search,false,2025-01-01,100.48,0.0,1,66.31,0.99,1
CUST_004286,google_ads,true,2025-04-01,117.69,0.0,1,74.17,0.99,1
CUST_004290,direct,false,2025-09-01,100.68,0.0,1,66.53,0.99,1
CUST_004313,organic_search,false,2024-05-01,107.62,0.0,1,70.85,0.99,1
CUST_004319,google_ads,true,2024-12-01,69.91,0.1501,1,8.70,0.99,1
CUST_004331,google_ads,true,2024-09-01,70.13,0.0,1,46.31,0.99,1
CUST_004333,google_ads,true,2025-01-01,130.96,0.0,1,83.54,0.99,1
CUST_004336,meta_ads,true,2024-02-01,99.44,0.1,1,-46.25,0.99,1
CUST_004361,google_ads,true,2024-03-01,93.57,0.0,1,60.84,0.99,1
CUST_004367,organic_search,false,2024-03-01,136.86,0.0,1,88.41,0.99,1
CUST_004374,organic_search,false,2024-12-01,65.76,0.0,1,41.72,0.99,1
CUST_004386,google_ads,true,2025-04-01,85.86,0.0,1,-29.60,0.99,1
CUST_004440,google_ads,true,2024-08-01,132.72,0.0,1,85.07,0.99,1
CUST_004468,meta_ads,true,2024-06-01,82.91,0.1,1,44.73,0.99,1
CUST_004516,direct,false,2024-12-01,136.36,0.0,1,28.71,0.99,1
CUST_004531,google_ads,true,2024-09-01,164.94,0.0,1,107.89,0.99,1
CUST_004577,meta_ads,true,2024-12-01,94.34,0.0,1,59.40,0.99,1
CUST_004591,meta_ads,true,2025-04-01,94.97,0.2,1,45.33,0.99,1
CUST_004608,organic_search,false,2024-06-01,91.02,0.0,3,106.34,0.62,1
CUST_004612,google_ads,true,2024-03-01,99.18,0.0,2,113.63,1.46,1
CUST_004640,creator_network,false,2025-09-01,78.51,0.1,2,87.34,2.15,0
CUST_004662,google_ads,true,2025-05-01,117.81,0.0,1,75.15,0.99,1
CUST_004666,direct,false,2025-07-01,94.45,0.0999,1,53.03,0.99,1
CUST_004707,google_ads,true,2025-08-01,142.06,0.0,1,95.88,0.99,1
CUST_004711,creator_network,false,2024-12-01,61.42,0.15,1,-29.32,0.99,1
CUST_004720,meta_ads,true,2025-11-01,76.32,0.1,1,43.35,0.99,0
CUST_004735,creator_network,false,2025-01-01,69.65,0.1001,1,39.66,0.99,1
CUST_004742,google_ads,true,2024-04-01,120.53,0.0,1,76.16,0.99,1
CUST_004788,meta_ads,true,2025-11-01,34.90,0.2,2,82.13,1.56,0
CUST_004790,google_ads,true,2024-10-01,127.37,0.0,3,236.11,0.76,1
CUST_004796,google_ads,true,2024-10-01,25.00,0.0,3,92.76,2.09,1
CUST_004836,direct,false,2024-03-01,95.98,0.0,1,62.82,0.99,1
CUST_004846,creator_network,false,2024-12-01,61.82,0.15,1,30.35,0.99,1
CUST_004853,creator_network,false,2025-08-01,83.59,0.1,1,45.28,0.99,1
CUST_004854,meta_ads,true,2024-11-01,45.80,0.0,2,92.14,1.15,1
CUST_004860,google_ads,true,2025-10-01,72.77,0.25,2,99.63,1.04,0
CUST_004862,meta_ads,true,2025-09-01,93.72,0.0,2,128.81,0.89,0
CUST_004889,creator_network,false,2024-01-01,62.29,0.1,2,77.61,1.10,1
CUST_004897,meta_ads,true,2024-05-01,71.24,0.0999,1,38.29,0.99,1
CUST_004911,meta_ads,true,2025-10-01,40.17,0.1501,1,21.18,0.99,1
CUST_004926,meta_ads,true,2024-08-01,64.89,0.0,1,43.62,0.99,1
CUST_004941,google_ads,true,2024-11-01,77.25,0.15,2,3.02,0.33,1
CUST_004949,meta_ads,true,2025-09-01,78.60,0.0,1,53.19,0.99,1
CUST_004960,google_ads,true,2025-08-01,114.13,0.15,1,57.13,0.99,1
CUST_004963,google_ads,true,2024-09-01,118.15,0.0,2,136.63,0.68,1
CUST_004966,google_ads,true,2024-07-01,75.26,0.15,1,36.15,0.99,1
CUST_004968,meta_ads,true,2025-07-01,92.52,0.2,1,-50.48,0.99,1
CUST_005006,creator_network,false,2024-03-01,65.63,0.0,1,43.42,0.99,1
CUST_005013,meta_ads,true,2025-03-01,75.74,0.2,1,34.70,0.99,1
CUST_005017,creator_network,false,2024-02-01,73.75,0.1001,1,39.02,0.99,1
CUST_005019,direct,false,2025-04-01,97.84,0.0,1,66.41,0.99,1
CUST_005027,creator_network,false,2024-08-01,100.52,0.25,1,42.60,0.99,1
CUST_005049,organic_search,false,2024-10-01,102.31,0.0,1,64.75,0.99,1
CUST_005063,google_ads,true,2025-02-01,82.29,0.0,1,53.05,0.99,1
CUST_005074,meta_ads,true,2024-03-01,99.22,0.0,1,64.95,0.99,1
CUST_005076,creator_network,false,2025-03-01,103.42,0.15,2,97.54,0.59,1
CUST_005078,meta_ads,true,2024-08-01,68.25,0.0,1,44.74,0.99,1
CUST_005080,creator_network,false,2025-01-01,64.01,0.0,1,42.28,0.99,1
CUST_005104,google_ads,true,2024-10-01,87.77,0.0,1,55.29,0.99,1
CUST_005117,google_ads,true,2025-01-01,120.21,0.0,1,81.31,0.99,1
CUST_005118,google_ads,true,2025-02-01,110.47,0.0,1,73.58,0.99,1
CUST_005124,direct,false,2025-02-01,80.58,0.0,2,19.80,0.20,1
CUST_005133,google_ads,true,2024-04-01,85.49,0.0,1,56.15,0.99,1
CUST_005134,google_ads,true,2024-01-01,99.49,0.1,1,52.64,0.99,1
CUST_005151,meta_ads,true,2024-10-01,67.55,0.2,2,75.99,0.94,1
CUST_005248,meta_ads,true,2025-10-01,121.73,0.15,1,-58.66,0.99,0
CUST_005259,meta_ads,true,2024-12-01,104.29,0.0,1,69.55,0.99,1
CUST_005267,meta_ads,true,2024-09-01,97.07,0.0,1,63.93,0.99,1
CUST_005289,meta_ads,true,2024-04-01,92.69,0.1,1,51.06,0.99,1
CUST_005300,creator_network,false,2024-01-01,78.84,0.0,1,49.47,0.99,1
CUST_005354,google_ads,true,2025-03-01,125.33,0.0,1,81.57,0.99,1
CUST_005356,direct,false,2024-12-01,106.10,0.25,1,44.15,0.99,1
CUST_005412,meta_ads,true,2024-09-01,98.68,0.1,1,51.86,0.99,1
CUST_005435,organic_search,false,2025-04-01,105.87,0.0,1,71.67,0.99,1
CUST_005443,google_ads,true,2024-05-01,120.20,0.25,1,45.49,0.99,1
CUST_005450,meta_ads,true,2024-05-01,62.67,0.15,1,3.21,0.99,1
CUST_005457,meta_ads,true,2024-11-01,92.93,0.0,1,62.97,0.99,1
CUST_005468,google_ads,true,2025-10-01,89.09,0.15,1,43.70,0.99,1
CUST_005481,google_ads,true,2025-09-01,74.48,0.0,1,47.44,0.99,1
CUST_005486,google_ads,true,2025-12-01,83.48,0.0,1,54.61,0.99,0
CUST_005491,meta_ads,true,2024-05-01,89.28,0.15,2,75.55,0.77,1
CUST_005494,google_ads,true,2024-09-01,116.10,0.0,1,75.77,0.99,1
CUST_005514,creator_network,false,2025-07-01,93.22,0.2499,2,-6.48,2.21,1
CUST_005523,creator_network,false,2025-06-01,112.25,0.1,1,61.33,0.99,1
CUST_005525,creator_network,false,2025-03-01,86.41,0.15,2,71.87,2.13,1
CUST_005563,organic_search,false,2024-08-01,105.04,0.0,1,71.25,0.99,1
CUST_005596,google_ads,true,2025-02-01,95.24,0.0,1,60.91,0.99,1
CUST_005615,meta_ads,true,2024-12-01,79.49,0.0,1,52.65,0.99,1
CUST_005620,organic_search,false,2024-07-01,39.62,0.0,1,26.38,0.99,1
CUST_005629,google_ads,true,2025-03-01,127.89,0.0,1,85.46,0.99,1
CUST_005636,creator_network,false,2024-02-01,73.64,0.1501,1,37.98,0.99,1
CUST_005649,google_ads,true,2025-05-01,96.40,0.0,1,-36.56,0.99,1
CUST_005660,creator_network,false,2025-05-01,67.33,0.15,1,34.78,0.99,1
CUST_005667,direct,false,2025-07-01,90.78,0.0,1,58.00,0.99,1
CUST_005669,meta_ads,true,2024-02-01,82.98,0.2499,1,31.87,0.99,1
CUST_005694,meta_ads,true,2025-04-01,90.51,0.15,1,43.34,0.99,1
CUST_005704,organic_search,false,2024-08-01,103.92,0.0,2,5.86,1.65,1
CUST_005716,meta_ads,true,2024-09-01,76.28,0.15,1,-12.64,0.99,1
CUST_005718,meta_ads,true,2024-10-01,109.38,0.0,1,68.34,0.99,1
CUST_005755,organic_search,false,2025-11-01,69.10,0.1499,1,35.27,0.99,0
CUST_005795,organic_search,false,2025-02-01,52.38,0.0,1,34.31,0.99,1
CUST_005822,creator_network,false,2025-01-01,92.38,0.1,2,76.52,0.82,1
CUST_005834,google_ads,true,2025-01-01,145.81,0.0,1,92.35,0.99,1
CUST_005835,google_ads,true,2025-09-01,136.33,0.0,1,84.53,0.99,1
CUST_005837,creator_network,false,2025-10-01,86.97,0.1,2,14.67,2.18,0
CUST_005882,meta_ads,true,2025-05-01,91.47,0.15,1,47.83,0.99,1
CUST_005887,google_ads,true,2025-04-01,91.47,0.1,2,108.19,0.29,1
CUST_005912,direct,false,2025-11-01,43.26,0.0,1,28.30,0.99,0
CUST_005917,meta_ads,true,2025-12-01,81.38,0.0,1,53.24,0.99,0
CUST_005947,meta_ads,true,2024-10-01,65.34,0.0,1,-21.88,0.99,1
CUST_005949,meta_ads,true,2025-06-01,88.16,0.0,1,55.66,0.99,1
CUST_005976,google_ads,true,2025-12-01,103.97,0.2,1,-57.55,0.99,0
CUST_005990,google_ads,true,2025-09-01,88.85,0.0,1,55.83,0.99,1
CUST_006018,google_ads,true,2025-03-01,76.49,0.0,1,48.96,0.99,1
CUST_006019,meta_ads,true,2025-03-01,114.31,0.15,1,55.92,0.99,1
CUST_006032,meta_ads,true,2024-11-01,82.06,0.15,1,-42.19,0.99,1
CUST_006035,creator_network,false,2025-05-01,66.00,0.1,1,34.50,0.99,1
CUST_006046,creator_network,false,2025-08-01,64.91,0.0,1,40.59,0.99,1
CUST_006064,meta_ads,true,2025-04-01,83.71,0.0,1,54.40,0.99,1
CUST_006068,creator_network,false,2024-10-01,86.04,0.2,1,37.03,0.99,1
CUST_006069,creator_network,false,2024-04-01,62.81,0.0,2,81.32,0.86,1
CUST_006070,google_ads,true,2024-08-01,104.73,0.1,1,58.31,0.99,1
CUST_006083,meta_ads,true,2024-11-01,94.05,0.15,2,93.82,0.66,1
CUST_006100,meta_ads,true,2025-10-01,105.12,0.0,1,70.41,0.99,0
CUST_006112,meta_ads,true,2024-11-01,100.66,0.1,1,58.26,0.99,1
CUST_006119,meta_ads,true,2024-09-01,50.41,0.0,1,33.69,0.99,1
CUST_006123,google_ads,true,2024-01-01,114.97,0.0,1,71.88,0.99,1
CUST_006125,direct,false,2025-09-01,113.10,0.0,1,71.07,0.99,1
CUST_006141,organic_search,false,2025-02-01,44.36,0.0,1,-14.44,0.99,1
CUST_006161,meta_ads,true,2024-05-01,70.68,0.0,1,45.98,0.99,1
CUST_006176,google_ads,true,2025-03-01,89.49,0.0,1,57.43,0.99,1
CUST_006197,organic_search,false,2024-08-01,92.13,0.0,1,57.70,0.99,1
CUST_006230,google_ads,true,2024-12-01,101.32,0.0,1,63.27,0.99,1
CUST_006256,meta_ads,true,2025-03-01,109.91,0.0,1,73.88,0.99,1
CUST_006265,organic_search,false,2025-10-01,99.82,0.0,2,144.57,0.82,0
CUST_006270,organic_search,false,2025-05-01,93.35,0.0,1,61.14,0.99,1
CUST_006282,meta_ads,true,2025-04-01,67.07,0.0,1,41.92,0.99,1
CUST_006314,meta_ads,true,2024-09-01,125.93,0.0,2,75.69,1.04,1
CUST_006316,meta_ads,true,2025-11-01,93.67,0.1,1,53.63,0.99,0
CUST_006341,direct,false,2024-08-01,75.62,0.0,1,47.22,0.99,1
CUST_006364,meta_ads,true,2025-02-01,108.08,0.0,1,68.61,0.99,1
CUST_006380,meta_ads,true,2025-10-01,87.55,0.0,1,58.33,0.99,0
CUST_006396,creator_network,false,2024-09-01,70.77,0.0,1,45.73,0.99,1
CUST_006409,google_ads,true,2025-03-01,72.23,0.1499,1,34.35,0.99,1
CUST_006438,organic_search,false,2024-04-01,78.05,0.0,1,50.68,0.99,1
CUST_006453,organic_search,false,2025-01-01,117.75,0.0,1,75.13,0.99,1
CUST_006456,organic_search,false,2024-06-01,84.83,0.0,3,126.15,2.25,1
CUST_006461,google_ads,true,2024-09-01,143.89,0.0,1,96.46,0.99,1
CUST_006463,google_ads,true,2025-12-01,141.59,0.1,1,73.75,0.99,0
CUST_006477,google_ads,true,2025-03-01,141.58,0.2,1,60.75,0.99,1
CUST_006486,creator_network,false,2025-02-01,93.54,0.0,1,61.24,0.99,1
CUST_006490,meta_ads,true,2025-07-01,99.96,0.1,1,52.00,0.99,1
CUST_006493,organic_search,false,2024-12-01,74.40,0.0,1,48.91,0.99,1
CUST_006496,meta_ads,true,2024-05-01,65.30,0.0,1,42.24,0.99,1
CUST_006501,google_ads,true,2024-07-01,92.12,0.0,2,61.18,1.92,1
CUST_006507,creator_network,false,2025-08-01,69.14,0.15,1,36.43,0.99,1
CUST_006517,meta_ads,true,2025-10-01,93.74,0.15,2,53.33,0.23,0
CUST_006522,organic_search,false,2024-07-01,101.24,0.0,2,34.22,4.82,1
CUST_006529,meta_ads,true,2024-11-01,94.64,0.0,1,59.63,0.99,1
CUST_006530,meta_ads,true,2025-10-01,83.55,0.2,1,35.94,0.99,0
CUST_006543,meta_ads,true,2025-12-01,93.52,0.0,1,61.84,0.99,0
CUST_006552,meta_ads,true,2025-03-01,71.32,0.0,1,47.88,0.99,1
CUST_006572,google_ads,true,2024-01-01,98.10,0.0,1,66.19,0.99,1
CUST_006573,meta_ads,true,2024-03-01,98.89,0.15,1,49.80,0.99,1
CUST_006574,google_ads,true,2025-10-01,89.94,0.0,1,56.37,0.99,0
CUST_006590,creator_network,false,2025-09-01,72.02,0.15,2,49.59,0.78,0
CUST_006592,creator_network,false,2024-10-01,78.70,0.1,1,43.66,0.99,1
CUST_006603,google_ads,true,2024-11-01,97.37,0.15,1,50.62,0.99,1
CUST_006649,meta_ads,true,2025-06-01,99.27,0.1,2,113.73,0.52,1
CUST_006677,google_ads,true,2025-05-01,122.89,0.2,1,56.79,0.99,1
CUST_006712,creator_network,false,2024-08-01,99.78,0.0,1,67.67,0.99,1
CUST_006810,google_ads,true,2024-10-01,111.83,0.0,1,69.90,0.99,1
CUST_006814,meta_ads,true,2025-09-01,126.10,0.2,1,-69.75,0.99,1
CUST_006815,google_ads,true,2025-02-01,69.80,0.0,1,45.21,0.99,1
CUST_006822,direct,false,2025-03-01,121.16,0.0,1,80.94,0.99,1
CUST_006835,creator_network,false,2025-11-01,69.06,0.0,1,44.65,0.99,0
CUST_006841,organic_search,false,2025-11-01,92.60,0.0,1,62.33,0.99,0
CUST_006859,meta_ads,true,2025-11-01,107.63,0.0,1,67.59,0.99,0
CUST_006868,meta_ads,true,2024-06-01,61.24,0.1501,1,30.02,0.99,1
CUST_006891,organic_search,false,2025-01-01,118.15,0.0,1,77.36,0.99,1
CUST_006899,meta_ads,true,2024-10-01,59.96,0.0,1,-21.28,0.99,1
CUST_006904,creator_network,false,2025-05-01,58.30,0.1499,1,29.36,0.99,1
CUST_006921,direct,false,2025-11-01,65.73,0.0,1,-23.01,0.99,0
CUST_006929,meta_ads,true,2025-07-01,89.45,0.0,1,56.23,0.99,1
CUST_006930,creator_network,false,2025-05-01,86.62,0.15,1,-41.70,0.99,1
CUST_006953,google_ads,true,2025-01-01,72.33,0.0,1,47.24,0.99,1
CUST_006959,meta_ads,true,2025-07-01,99.82,0.2,1,42.11,0.99,1
CUST_006995,google_ads,true,2025-11-01,51.66,0.0,1,32.12,0.99,0
CUST_006996,meta_ads,true,2025-04-01,70.93,0.0,1,44.89,0.99,1
CUST_007002,google_ads,true,2024-06-01,121.36,0.0,2,113.12,0.52,1
CUST_007073,organic_search,false,2025-05-01,72.33,0.0,1,46.80,0.99,1
CUST_007090,creator_network,false,2024-03-01,75.03,0.1,1,43.21,0.99,1
CUST_007091,creator_network,false,2024-04-01,57.29,0.2,1,27.17,0.99,1
CUST_007110,google_ads,true,2024-12-01,40.62,0.0,1,25.20,0.99,1
CUST_007127,meta_ads,true,2024-03-01,64.62,0.1,1,35.56,0.99,1
CUST_007136,google_ads,true,2025-07-01,129.72,0.0,1,86.33,0.99,1
CUST_007144,google_ads,true,2024-09-01,119.45,0.0,1,-38.95,0.99,1
CUST_007161,direct,false,2025-07-01,89.61,0.0,1,25.24,0.99,1
CUST_007165,google_ads,true,2025-07-01,94.91,0.0,1,62.52,0.99,1
CUST_007176,google_ads,true,2025-02-01,89.10,0.0,1,57.50,0.99,1
CUST_007177,creator_network,false,2025-12-01,84.59,0.0,1,54.08,0.99,0
CUST_007178,google_ads,true,2025-08-01,103.52,0.2,1,49.39,0.99,1
CUST_007194,google_ads,true,2024-06-01,138.29,0.1,1,-62.87,0.99,1
CUST_007197,google_ads,true,2024-05-01,174.73,0.2,1,81.05,0.99,1
CUST_007204,google_ads,true,2024-04-01,49.72,0.1,1,26.57,0.99,1
CUST_007208,google_ads,true,2024-12-01,105.51,0.15,1,50.54,0.99,1
CUST_007211,meta_ads,true,2025-01-01,55.55,0.1001,2,-22.99,3.39,1
CUST_007249,direct,false,2024-06-01,123.91,0.0,1,77.41,0.99,1
CUST_007262,direct,false,2024-06-01,105.24,0.0,1,68.50,0.99,1
CUST_007272,direct,false,2025-12-01,128.09,0.0,1,81.34,0.99,0
CUST_007340,organic_search,false,2025-03-01,71.84,0.0,1,47.65,0.99,1
CUST_007344,organic_search,false,2025-02-01,90.82,0.15,1,47.82,0.99,1
CUST_007361,creator_network,false,2025-07-01,85.10,0.0,1,55.77,0.99,1
CUST_007376,meta_ads,true,2024-03-01,94.41,0.1,1,53.32,0.99,1
CUST_007419,organic_search,false,2024-03-01,104.19,0.0,1,64.74,0.99,1
CUST_007457,creator_network,false,2025-05-01,121.07,0.0,2,128.57,1.58,1
CUST_007468,meta_ads,true,2025-06-01,116.46,0.0,1,73.98,0.99,1
CUST_007489,meta_ads,true,2025-05-01,112.57,0.0,1,75.48,0.99,1
CUST_007500,meta_ads,true,2025-06-01,96.89,0.2,1,-20.42,0.99,1
CUST_007540,meta_ads,true,2024-12-01,85.94,0.15,1,41.85,0.99,1
CUST_007548,meta_ads,true,2024-08-01,87.46,0.15,1,42.95,0.99,1
CUST_007556,direct,false,2025-01-01,102.86,0.0,1,67.19,0.99,1
CUST_007560,creator_network,false,2025-09-01,89.08,0.15,1,-45.71,0.99,1
CUST_007566,google_ads,true,2025-11-01,119.28,0.0,1,75.44,0.99,0
CUST_007574,creator_network,false,2025-08-01,74.95,0.1001,2,70.30,1.93,0
CUST_007599,direct,false,2025-12-01,110.47,0.0,1,73.94,0.99,0
CUST_007601,organic_search,false,2025-06-01,58.23,0.0,1,37.05,0.99,1
CUST_007615,google_ads,true,2024-08-01,113.02,0.0,1,70.26,0.99,1
CUST_007632,meta_ads,true,2025-05-01,91.11,0.15,1,47.05,0.99,1
CUST_007669,google_ads,true,2025-10-01,79.30,0.0,1,52.42,0.99,0
CUST_007683,organic_search,false,2025-05-01,102.15,0.1,1,56.88,0.99,1
CUST_007688,meta_ads,true,2024-10-01,103.92,0.0,1,65.37,0.99,1
CUST_007715,organic_search,false,2024-03-01,89.59,0.0,2,124.40,0.40,1
CUST_007752,google_ads,true,2025-06-01,121.10,0.1,1,64.27,0.99,1
CUST_007786,organic_search,false,2025-02-01,65.87,0.15,1,32.34,0.99,1
CUST_007798,google_ads,true,2024-06-01,76.53,0.0,1,-24.89,0.99,1
CUST_007825,meta_ads,true,2025-01-01,116.16,0.1,1,62.21,0.99,1
CUST_007851,meta_ads,true,2024-10-01,76.70,0.0,1,50.04,0.99,1
CUST_007873,creator_network,false,2025-11-01,78.31,0.0,2,10.45,0.55,0
CUST_007881,google_ads,true,2024-02-01,128.74,0.25,1,51.22,0.99,1
CUST_007885,google_ads,true,2024-04-01,135.66,0.2,3,133.81,3.35,1
CUST_007890,meta_ads,true,2024-12-01,109.46,0.2,1,46.99,0.99,1
CUST_007925,direct,false,2025-11-01,73.06,0.0,1,48.47,0.99,0
CUST_007926,google_ads,true,2024-08-01,140.76,0.0,1,-46.18,0.99,1
CUST_007942,meta_ads,true,2025-05-01,133.10,0.0,2,29.15,0.53,1
CUST_007948,meta_ads,true,2025-07-01,64.11,0.0,3,86.16,2.06,1
CUST_007953,creator_network,false,2025-05-01,75.17,0.1,1,40.29,0.99,1
CUST_007954,creator_network,false,2024-02-01,99.85,0.2,1,43.40,0.99,1
CUST_007974,meta_ads,true,2025-11-01,108.37,0.0,1,71.13,0.99,0
CUST_007978,google_ads,true,2025-08-01,112.20,0.0,1,72.81,0.99,1
CUST_007987,meta_ads,true,2025-08-01,82.19,0.15,1,41.93,0.99,1
CUST_008009,meta_ads,true,2025-07-01,106.61,0.25,2,94.20,1.49,1
CUST_008013,direct,false,2025-05-01,110.38,0.0,1,71.64,0.99,1
CUST_008028,direct,false,2024-08-01,90.38,0.0,1,58.75,0.99,1
CUST_008062,meta_ads,true,2024-08-01,130.59,0.0,2,143.13,1.43,1
CUST_008076,google_ads,true,2024-08-01,123.89,0.1,1,65.89,0.99,1
CUST_008088,meta_ads,true,2025-07-01,101.87,0.15,1,50.44,0.99,1
CUST_008107,meta_ads,true,2024-07-01,77.23,0.0,1,51.22,0.99,1
CUST_008122,organic_search,false,2025-05-01,57.69,0.0,2,85.24,1.33,1
CUST_008163,meta_ads,true,2024-12-01,96.55,0.0,1,61.91,0.99,1
CUST_008164,meta_ads,true,2025-02-01,67.99,0.2,1,29.62,0.99,1
CUST_008197,meta_ads,true,2025-06-01,74.91,0.0,1,46.51,0.99,1
CUST_008240,meta_ads,true,2024-05-01,103.30,0.1,1,55.14,0.99,1
CUST_008262,meta_ads,true,2024-06-01,110.03,0.0,1,70.20,0.99,1
CUST_008263,google_ads,true,2025-08-01,75.68,0.25,1,29.62,0.99,1
CUST_008264,creator_network,false,2024-01-01,72.45,0.2,2,82.08,1.60,1
CUST_008303,meta_ads,true,2025-07-01,112.06,0.0,1,73.53,0.99,1
CUST_008311,google_ads,true,2025-02-01,40.20,0.1,1,-6.77,0.99,1
CUST_008345,direct,false,2025-12-01,93.02,0.0,1,59.81,0.99,0
CUST_008346,direct,false,2025-08-01,49.52,0.1,1,26.77,0.99,1
CUST_008356,google_ads,true,2024-10-01,143.29,0.0,1,92.42,0.99,1
CUST_008399,meta_ads,true,2025-10-01,67.04,0.0999,1,35.54,0.99,0
CUST_008414,meta_ads,true,2025-01-01,99.41,0.0,1,62.78,0.99,1
CUST_008416,google_ads,true,2024-02-01,118.11,0.0,1,78.48,0.99,1
CUST_008433,google_ads,true,2024-03-01,124.09,0.0,1,78.33,0.99,1
CUST_008448,meta_ads,true,2025-10-01,57.99,0.0,1,38.60,0.99,0
CUST_008449,meta_ads,true,2024-04-01,112.19,0.1,1,59.32,0.99,1
CUST_008477,meta_ads,true,2024-03-01,42.25,0.0,1,-15.95,0.99,1
CUST_008532,organic_search,false,2024-01-01,140.09,0.2,1,61.74,0.99,1
CUST_008539,creator_network,false,2025-02-01,60.85,0.0,1,40.15,0.99,1
CUST_008556,google_ads,true,2025-06-01,81.40,0.15,1,-10.43,0.99,1
CUST_008584,direct,false,2024-07-01,106.60,0.1,1,56.72,0.99,1
CUST_008585,meta_ads,true,2025-01-01,91.43,0.25,1,37.59,0.99,1
CUST_008632,meta_ads,true,2024-07-01,95.32,0.1,1,54.23,0.99,1
CUST_008644,google_ads,true,2024-09-01,86.71,0.0,1,57.34,0.99,1
CUST_008658,creator_network,false,2024-07-01,44.40,0.15,1,23.09,0.99,1
CUST_008682,organic_search,false,2025-09-01,92.14,0.15,2,89.14,1.06,0
CUST_008698,creator_network,false,2025-04-01,93.95,0.1001,1,53.75,0.99,1
CUST_008717,creator_network,false,2025-03-01,89.99,0.1,2,119.22,2.42,1
CUST_008776,meta_ads,true,2024-05-01,115.43,0.15,1,-6.34,0.99,1
CUST_008784,organic_search,false,2025-06-01,111.29,0.1,2,123.45,1.33,1
CUST_008797,meta_ads,true,2024-05-01,73.80,0.0,1,46.09,0.99,1
CUST_008801,google_ads,true,2025-08-01,71.20,0.0,1,45.42,0.99,1
CUST_008804,creator_network,false,2025-12-01,54.23,0.0,1,34.83,0.99,0
CUST_008805,meta_ads,true,2025-06-01,78.17,0.1,1,41.34,0.99,1
CUST_008813,direct,false,2025-10-01,128.90,0.0,1,85.79,0.99,0
CUST_008827,direct,false,2025-06-01,83.25,0.0,1,52.05,0.99,1
CUST_008839,meta_ads,true,2025-11-01,122.40,0.1,2,108.56,0.79,0
CUST_008852,creator_network,false,2025-02-01,60.35,0.1001,2,55.97,1.03,1
CUST_008866,meta_ads,true,2025-07-01,70.87,0.1,1,39.20,0.99,1
CUST_008867,google_ads,true,2024-12-01,89.11,0.0,1,56.94,0.99,1
CUST_008873,meta_ads,true,2025-06-01,105.92,0.0,1,68.16,0.99,1
CUST_008885,google_ads,true,2025-09-01,96.47,0.0,1,60.08,0.99,1
CUST_008946,meta_ads,true,2025-10-01,77.29,0.0,3,98.00,0.95,0
CUST_008981,google_ads,true,2025-08-01,77.60,0.0,1,50.04,0.99,1
CUST_009004,meta_ads,true,2025-01-01,123.10,0.0,1,-6.86,0.99,1
CUST_009013,meta_ads,true,2024-03-01,112.30,0.0,1,75.23,0.99,1
CUST_009015,google_ads,true,2024-08-01,132.11,0.0,1,89.00,0.99,1
CUST_009030,creator_network,false,2025-01-01,53.50,0.0,2,-80.86,1.92,1
CUST_009039,google_ads,true,2025-07-01,69.98,0.0,2,-0.54,1.74,1
CUST_009046,organic_search,false,2024-02-01,66.89,0.0,1,42.38,0.99,1
CUST_009051,google_ads,true,2025-09-01,87.71,0.1,1,46.04,0.99,1
CUST_009052,meta_ads,true,2025-03-01,75.90,0.0,1,51.33,0.99,1
CUST_009064,meta_ads,true,2024-12-01,86.54,0.0,2,111.43,2.31,1
CUST_009075,direct,false,2024-11-01,81.49,0.0,1,53.74,0.99,1
CUST_009076,google_ads,true,2025-08-01,104.13,0.0,1,68.12,0.99,1
CUST_009092,meta_ads,true,2024-03-01,92.46,0.0,1,61.12,0.99,1
CUST_009093,google_ads,true,2025-02-01,82.01,0.0,1,53.85,0.99,1
CUST_009109,meta_ads,true,2024-07-01,70.73,0.0,1,47.82,0.99,1
CUST_009117,meta_ads,true,2025-05-01,99.39,0.1,2,96.80,2.21,1
CUST_009136,meta_ads,true,2025-04-01,68.02,0.0,1,44.46,0.99,1
CUST_009144,google_ads,true,2025-03-01,59.74,0.0,1,40.40,0.99,1
CUST_009148,meta_ads,true,2024-12-01,73.49,0.0,1,45.69,0.99,1
CUST_009171,google_ads,true,2024-09-01,109.99,0.0,1,71.59,0.99,1
CUST_009177,meta_ads,true,2024-08-01,103.60,0.0,1,-3.41,0.99,1
CUST_009192,creator_network,false,2024-01-01,96.93,0.1,1,54.98,0.99,1
CUST_009193,meta_ads,true,2025-11-01,70.50,0.1501,1,33.23,0.99,0
CUST_009212,google_ads,true,2025-11-01,145.37,0.2,1,68.67,0.99,0
CUST_009221,google_ads,true,2024-04-01,70.63,0.0,1,46.17,0.99,1
CUST_009231,organic_search,false,2025-02-01,75.82,0.0,2,103.83,2.10,1
CUST_009247,meta_ads,true,2025-02-01,85.82,0.1,1,45.99,0.99,1
CUST_009250,meta_ads,true,2024-10-01,105.26,0.1,1,56.57,0.99,1
CUST_009274,google_ads,true,2024-12-01,86.69,0.0,1,54.80,0.99,1
CUST_009288,google_ads,true,2025-09-01,150.06,0.0,1,96.48,0.99,1
CUST_009312,meta_ads,true,2024-11-01,134.09,0.0,1,-44.81,0.99,1
CUST_009331,meta_ads,true,2025-07-01,116.44,0.1,1,64.79,0.99,1
CUST_009340,google_ads,true,2025-01-01,110.80,0.2,1,47.01,0.99,1
CUST_009342,organic_search,false,2025-03-01,107.23,0.0,1,68.88,0.99,1
CUST_009353,google_ads,true,2025-10-01,81.38,0.1,1,43.06,0.99,0
CUST_009370,meta_ads,true,2025-04-01,125.71,0.2,1,60.23,0.99,1
CUST_009372,creator_network,false,2024-07-01,75.71,0.0,3,115.40,3.73,1
CUST_009373,google_ads,true,2024-02-01,71.31,0.0,1,47.15,0.99,1
CUST_009384,google_ads,true,2024-11-01,138.47,0.0,1,-51.60,0.99,1
CUST_009385,meta_ads,true,2025-03-01,95.74,0.0,1,62.36,0.99,1
CUST_009387,creator_network,false,2025-11-01,73.61,0.25,1,28.55,0.99,0
CUST_009395,creator_network,false,2024-11-01,87.95,0.15,1,45.77,0.99,1
CUST_009405,creator_network,false,2024-06-01,81.75,0.0,1,54.54,0.99,1
CUST_009419,creator_network,false,2025-03-01,69.86,0.0,1,45.67,0.99,1
CUST_009431,creator_network,false,2025-09-01,87.44,0.0,1,55.72,0.99,1
CUST_009457,organic_search,false,2024-11-01,86.15,0.0,1,54.44,0.99,1
CUST_009462,google_ads,true,2024-01-01,84.77,0.0,1,52.73,0.99,1
CUST_009463,meta_ads,true,2025-07-01,100.89,0.15,1,49.66,0.99,1
CUST_009475,google_ads,true,2025-11-01,77.32,0.1999,1,36.98,0.99,0
CUST_009490,creator_network,false,2024-11-01,103.48,0.1,1,56.39,0.99,1
CUST_009491,creator_network,false,2025-02-01,84.73,0.15,1,-43.25,0.99,1
CUST_009496,google_ads,true,2025-02-01,88.18,0.0,2,123.63,0.76,1
CUST_009511,direct,false,2025-03-01,112.76,0.0,1,74.16,0.99,1
CUST_009556,meta_ads,true,2025-09-01,96.03,0.0,2,117.75,0.57,0
CUST_009568,organic_search,false,2025-10-01,132.79,0.15,2,113.15,1.03,0
CUST_009652,creator_network,false,2024-06-01,69.19,0.0,3,57.35,2.98,1
CUST_009658,google_ads,true,2024-07-01,122.51,0.0,1,-45.73,0.99,1
CUST_009671,meta_ads,true,2025-01-01,87.06,0.1,1,46.58,0.99,1
CUST_009672,google_ads,true,2025-07-01,110.86,0.0,1,73.08,0.99,1
CUST_009674,meta_ads,true,2024-06-01,96.33,0.0,3,77.51,5.87,1
CUST_009676,google_ads,true,2025-04-01,91.68,0.0,1,60.41,0.99,1
CUST_009682,google_ads,true,2024-01-01,79.79,0.0,1,49.77,0.99,1
CUST_009740,meta_ads,true,2025-05-01,76.89,0.0,1,47.69,0.99,1
CUST_009744,creator_network,false,2025-06-01,95.46,0.1,1,-41.07,0.99,1
CUST_009781,google_ads,true,2024-11-01,101.18,0.0,1,64.16,0.99,1
CUST_009813,meta_ads,true,2024-08-01,94.18,0.1,1,52.43,0.99,1
CUST_009817,creator_network,false,2025-04-01,78.44,0.1501,1,39.10,0.99,1
CUST_009819,creator_network,false,2024-11-01,87.73,0.1,1,45.80,0.99,1
CUST_009821,google_ads,true,2025-05-01,80.57,0.0,1,53.33,0.99,1
CUST_009835,direct,false,2024-04-01,138.71,0.0,1,-44.61,0.99,1
CUST_009861,google_ads,true,2025-10-01,92.01,0.0,1,57.98,0.99,0
CUST_009872,organic_search,false,2025-03-01,113.26,0.0,1,70.86,0.99,1
CUST_009881,google_ads,true,2025-01-01,121.61,0.0,1,77.36,0.99,1
CUST_009889,direct,false,2024-06-01,25.00,0.0,1,15.57,0.99,1
CUST_009907,creator_network,false,2025-10-01,61.63,0.1499,1,32.25,0.99,0
CUST_009921,meta_ads,true,2024-09-01,79.42,0.1999,1,-41.86,0.99,1
CUST_009937,creator_network,false,2025-02-01,68.31,0.2,2,84.30,1.15,1
CUST_009941,google_ads,true,2025-11-01,129.47,0.2,1,59.47,0.99,0
CUST_009948,creator_network,false,2024-09-01,69.69,0.1499,1,33.52,0.99,1
CUST_009951,meta_ads,true,2025-03-01,95.38,0.0,1,64.14,0.99,1
CUST_009991,creator_network,false,2025-01-01,105.88,0.15,1,55.82,0.99,1
CUST_010020,creator_network,false,2024-08-01,95.95,0.0,1,59.68,0.99,1
CUST_010040,meta_ads,true,2024-04-01,94.52,0.1,4,169.84,5.60,1
CUST_010048,google_ads,true,2024-01-01,72.85,0.0,1,45.54,0.99,1
CUST_010062,google_ads,true,2024-02-01,139.86,0.2,1,65.45,0.99,1
CUST_010064,creator_network,false,2024-08-01,94.96,0.15,3,103.51,3.36,1
CUST_010065,google_ads,true,2024-05-01,110.45,0.0,1,73.48,0.99,1
CUST_010085,google_ads,true,2024-02-01,78.07,0.15,2,97.88,2.34,1
CUST_010086,creator_network,false,2025-05-01,65.89,0.2,1,-14.40,0.99,1
CUST_010089,meta_ads,true,2025-08-01,114.92,0.0,1,71.32,0.99,1
CUST_010101,google_ads,true,2025-12-01,127.30,0.0,1,84.71,0.99,0
CUST_010106,direct,false,2024-07-01,70.76,0.0,1,45.66,0.99,1
CUST_010132,organic_search,false,2024-08-01,90.85,0.0,1,59.63,0.99,1
CUST_010173,meta_ads,true,2025-03-01,68.39,0.15,1,34.48,0.99,1
CUST_010193,creator_network,false,2024-01-01,70.41,0.15,1,35.06,0.99,1
CUST_010211,meta_ads,true,2025-12-01,119.27,0.0,1,-40.95,0.99,0
CUST_010218,meta_ads,true,2024-10-01,47.51,0.0,1,31.13,0.99,1
CUST_010232,meta_ads,true,2024-10-01,78.22,0.15,1,37.49,0.99,1
CUST_010241,creator_network,false,2025-03-01,94.13,0.1,1,53.91,0.99,1
CUST_010248,meta_ads,true,2025-08-01,116.37,0.0,1,73.99,0.99,1
CUST_010256,creator_network,false,2024-01-01,91.39,0.15,1,-44.09,0.99,1
CUST_010260,google_ads,true,2024-03-01,103.19,0.25,1,41.65,0.99,1
CUST_010263,organic_search,false,2025-06-01,89.18,0.0,1,59.78,0.99,1
CUST_010295,organic_search,false,2025-02-01,103.73,0.0,1,-34.66,0.99,1
CUST_010299,creator_network,false,2024-02-01,96.93,0.0,1,64.28,0.99,1
CUST_010302,organic_search,false,2025-09-01,100.61,0.0,2,16.24,0.54,0
CUST_010309,meta_ads,true,2025-11-01,109.56,0.15,1,54.39,0.99,0
CUST_010345,organic_search,false,2025-11-01,77.93,0.0,1,-29.14,0.99,0
CUST_010373,creator_network,false,2025-02-01,76.35,0.1001,1,40.75,0.99,1
CUST_010376,creator_network,false,2025-02-01,74.23,0.0,1,48.14,0.99,1
CUST_010382,creator_network,false,2025-07-01,78.18,0.0,2,11.69,0.50,1
CUST_010409,creator_network,false,2025-05-01,97.92,0.0,1,61.91,0.99,1
CUST_010420,creator_network,false,2025-04-01,76.39,0.15,1,38.04,0.99,1
CUST_010422,organic_search,false,2025-01-01,95.22,0.0,1,59.40,0.99,1
CUST_010429,creator_network,false,2024-04-01,92.07,0.15,1,46.16,0.99,1
CUST_010433,organic_search,false,2025-05-01,78.16,0.1001,1,45.32,0.99,1
CUST_010444,google_ads,true,2025-12-01,81.02,0.1,1,45.57,0.99,0
CUST_010445,meta_ads,true,2024-09-01,25.00,0.1,1,13.64,0.99,1
CUST_010449,meta_ads,true,2025-02-01,126.51,0.15,1,-65.44,0.99,1
CUST_010460,meta_ads,true,2025-03-01,87.27,0.0,1,58.14,0.99,1
CUST_010471,google_ads,true,2025-04-01,106.97,0.0,2,167.77,1.88,1
CUST_010473,meta_ads,true,2025-09-01,77.44,0.0999,1,43.80,0.99,1
CUST_010477,organic_search,false,2024-09-01,113.55,0.0,1,76.58,0.99,1
CUST_010488,meta_ads,true,2025-11-01,79.97,0.0,1,50.19,0.99,0
CUST_010495,meta_ads,true,2025-05-01,95.78,0.0,1,17.55,0.99,1
CUST_010497,organic_search,false,2025-03-01,80.31,0.0,1,52.76,0.99,1
CUST_010507,meta_ads,true,2025-01-01,89.08,0.15,1,42.54,0.99,1
CUST_010530,meta_ads,true,2024-02-01,51.04,0.0,2,75.97,0.76,1
CUST_010545,google_ads,true,2025-11-01,99.56,0.2,1,46.26,0.99,0
CUST_010571,creator_network,false,2025-05-01,97.07,0.0,1,60.46,0.99,1
CUST_010596,meta_ads,true,2025-07-01,64.95,0.0,1,43.88,0.99,1
CUST_010617,google_ads,true,2025-11-01,82.81,0.0,1,55.71,0.99,0
CUST_010633,meta_ads,true,2024-07-01,69.84,0.0,1,44.16,0.99,1
CUST_010688,meta_ads,true,2024-03-01,26.83,0.1498,1,13.63,0.99,1
CUST_010689,meta_ads,true,2025-09-01,69.54,0.15,1,36.79,0.99,1
CUST_010690,google_ads,true,2024-08-01,71.38,0.0,1,47.39,0.99,1
CUST_010697,meta_ads,true,2025-12-01,95.99,0.2,1,44.42,0.99,0
CUST_010714,meta_ads,true,2025-08-01,122.34,0.0,2,112.26,1.68,1
CUST_010731,google_ads,true,2024-11-01,91.30,0.0,1,61.03,0.99,1
CUST_010770,organic_search,false,2025-05-01,86.28,0.0,1,54.76,0.99,1
CUST_010775,meta_ads,true,2024-07-01,61.42,0.0,1,38.58,0.99,1
CUST_010798,meta_ads,true,2024-11-01,84.48,0.15,1,41.43,0.99,1
CUST_010805,creator_network,false,2025-12-01,86.34,0.0,1,54.78,0.99,0
CUST_010810,google_ads,true,2025-04-01,85.45,0.0,1,57.50,0.99,1
CUST_010811,meta_ads,true,2025-06-01,117.05,0.0,1,75.78,0.99,1
CUST_010812,creator_network,false,2025-08-01,73.75,0.15,1,35.08,0.99,1
CUST_010839,google_ads,true,2025-06-01,123.90,0.0,1,77.86,0.99,1
CUST_010857,meta_ads,true,2025-07-01,135.99,0.0,1,90.30,0.99,1
CUST_010877,meta_ads,true,2025-01-01,97.47,0.0,1,65.94,0.99,1
CUST_010884,organic_search,false,2025-05-01,78.29,0.0,1,49.84,0.99,1
CUST_010958,organic_search,false,2025-07-01,93.32,0.0,1,-30.97,0.99,1
CUST_010970,meta_ads,true,2024-07-01,77.96,0.0,1,51.90,0.99,1
CUST_011010,meta_ads,true,2024-11-01,79.82,0.0,1,53.23,0.99,1
CUST_011033,meta_ads,true,2024-12-01,110.21,0.1,1,57.84,0.99,1
CUST_011035,meta_ads,true,2025-09-01,105.75,0.15,1,-55.62,0.99,1
CUST_011048,direct,false,2024-12-01,70.66,0.0,2,-4.61,2.03,1
CUST_011067,direct,false,2024-02-01,101.17,0.0,1,68.14,0.99,1
CUST_011099,meta_ads,true,2025-07-01,98.49,0.1,1,52.77,0.99,1
CUST_011112,google_ads,true,2024-07-01,83.39,0.2,1,-46.50,0.99,1
CUST_011124,meta_ads,true,2025-05-01,84.74,0.0,1,55.10,0.99,1
CUST_011127,creator_network,false,2025-09-01,83.49,0.15,1,40.60,0.99,1
CUST_011132,meta_ads,true,2024-09-01,123.46,0.0,1,77.06,0.99,1
CUST_011146,creator_network,false,2025-06-01,55.00,0.15,1,27.08,0.99,1
CUST_011156,organic_search,false,2024-10-01,83.99,0.0,1,56.51,0.99,1
CUST_011162,meta_ads,true,2024-10-01,104.49,0.0,1,67.16,0.99,1
CUST_011183,google_ads,true,2025-09-01,123.36,0.0,1,78.85,0.99,1
CUST_011184,meta_ads,true,2025-04-01,104.67,0.2,1,47.45,0.99,1
CUST_011199,organic_search,false,2025-02-01,60.80,0.0,1,38.95,0.99,1
CUST_011295,meta_ads,true,2024-02-01,128.54,0.15,3,-64.43,3.80,1
CUST_011298,google_ads,true,2024-05-01,127.81,0.1,1,67.93,0.99,1
CUST_011330,direct,false,2024-01-01,115.21,0.0,1,78.24,0.99,1
CUST_011357,organic_search,false,2024-04-01,98.12,0.0,1,62.32,0.99,1
CUST_011370,meta_ads,true,2025-11-01,79.78,0.1,1,41.76,0.99,0
CUST_011371,meta_ads,true,2025-11-01,80.12,0.0,1,-27.15,0.99,0
CUST_011374,google_ads,true,2025-01-01,103.48,0.0,1,66.26,0.99,1
CUST_011387,meta_ads,true,2024-02-01,63.55,0.1001,1,33.77,0.99,1
CUST_011409,google_ads,true,2025-02-01,77.20,0.0,1,49.03,0.99,1
CUST_011434,creator_network,false,2025-02-01,97.97,0.1,1,54.16,0.99,1
CUST_011445,meta_ads,true,2025-02-01,98.57,0.0,1,66.48,0.99,1
CUST_011474,creator_network,false,2025-01-01,44.83,0.0999,1,-18.90,0.99,1
CUST_011504,organic_search,false,2024-11-01,108.83,0.0,1,67.84,0.99,1
CUST_011528,meta_ads,true,2025-09-01,126.02,0.1,1,-57.64,0.99,1
CUST_011564,creator_network,false,2025-01-01,55.82,0.0,1,37.31,0.99,1
CUST_011612,meta_ads,true,2024-08-01,87.55,0.0,1,56.17,0.99,1
CUST_011613,google_ads,true,2024-07-01,98.60,0.0,1,66.32,0.99,1
CUST_011625,meta_ads,true,2024-04-01,74.82,0.0,2,117.75,1.12,1
CUST_011633,meta_ads,true,2025-07-01,76.44,0.0,1,48.63,0.99,1
CUST_011637,google_ads,true,2025-05-01,114.21,0.0,1,73.63,0.99,1
CUST_011654,google_ads,true,2024-06-01,77.22,0.0,1,50.55,0.99,1
CUST_011660,meta_ads,true,2024-09-01,85.99,0.2,1,3.13,0.99,1
CUST_011691,google_ads,true,2024-09-01,80.69,0.0,1,54.04,0.99,1
CUST_011705,google_ads,true,2024-05-01,72.29,0.0,1,47.53,0.99,1
CUST_011723,meta_ads,true,2025-02-01,94.75,0.15,1,49.04,0.99,1
CUST_011724,organic_search,false,2025-04-01,61.14,0.0,1,38.91,0.99,1
CUST_011737,creator_network,false,2025-05-01,97.15,0.0,1,61.35,0.99,1
CUST_011749,meta_ads,true,2024-08-01,98.69,0.0,1,64.79,0.99,1
CUST_011756,google_ads,true,2025-03-01,114.83,0.2,2,93.95,1.13,1
CUST_011765,organic_search,false,2025-01-01,96.46,0.0,1,63.40,0.99,1
CUST_011783,google_ads,true,2025-07-01,119.96,0.0,1,78.07,0.99,1
CUST_011811,creator_network,false,2025-12-01,69.71,0.1501,1,36.83,0.99,0
CUST_011858,meta_ads,true,2024-11-01,89.94,0.15,2,63.65,1.16,1
CUST_011862,creator_network,false,2024-01-01,84.90,0.1,1,18.32,0.99,1
CUST_011877,google_ads,true,2025-09-01,101.87,0.2,1,43.13,0.99,1
CUST_011890,direct,false,2024-12-01,106.21,0.0,1,68.46,0.99,1
CUST_011902,meta_ads,true,2025-12-01,103.40,0.0,1,65.79,0.99,0
CUST_011903,meta_ads,true,2025-06-01,66.11,0.0,1,42.10,0.99,1
CUST_011929,creator_network,false,2025-02-01,103.27,0.25,2,41.81,2.35,1
CUST_011935,meta_ads,true,2024-12-01,96.97,0.2,1,40.94,0.99,1
CUST_011937,google_ads,true,2025-09-01,110.57,0.0,1,69.09,0.99,1
CUST_011956,meta_ads,true,2025-10-01,103.29,0.15,2,86.36,0.97,0
CUST_011967,google_ads,true,2025-10-01,109.07,0.0,1,72.59,0.99,0
CUST_011972,organic_search,false,2024-10-01,71.47,0.0,1,47.97,0.99,1
CUST_011990,direct,false,2025-12-01,61.02,0.0,1,41.05,0.99,0
CUST_012008,organic_search,false,2025-10-01,106.14,0.0,1,69.27,0.99,0
CUST_012012,creator_network,false,2024-10-01,56.48,0.15,1,28.77,0.99,1
CUST_012021,organic_search,false,2024-12-01,99.31,0.0,3,217.13,5.34,1
CUST_012026,creator_network,false,2024-03-01,33.53,0.15,1,16.46,0.99,1
CUST_012032,organic_search,false,2024-10-01,142.67,0.0,1,91.30,0.99,1
CUST_012036,meta_ads,true,2025-03-01,117.41,0.2,1,-67.54,0.99,1
CUST_012043,meta_ads,true,2025-10-01,85.87,0.25,1,35.07,0.99,0
CUST_012066,meta_ads,true,2025-01-01,83.53,0.0,1,54.35,0.99,1
CUST_012073,google_ads,true,2024-05-01,91.64,0.15,1,43.70,0.99,1
CUST_012122,organic_search,false,2025-01-01,104.65,0.0,1,68.19,0.99,1
CUST_012146,organic_search,false,2025-06-01,107.37,0.0,1,67.69,0.99,1
CUST_012149,google_ads,true,2024-05-01,96.11,0.0,1,64.46,0.99,1
CUST_012202,direct,false,2025-09-01,103.25,0.2,1,47.18,0.99,1
CUST_012243,meta_ads,true,2025-10-01,121.04,0.1,1,62.97,0.99,0
CUST_012272,meta_ads,true,2024-03-01,87.39,0.0,2,110.01,1.24,1
CUST_012283,creator_network,false,2024-07-01,92.82,0.1,1,52.32,0.99,1
CUST_012284,meta_ads,true,2024-12-01,57.96,0.1499,2,84.36,0.25,1
CUST_012306,creator_network,false,2024-09-01,77.13,0.0,1,50.37,0.99,1
CUST_012318,meta_ads,true,2024-06-01,77.96,0.1499,1,37.25,0.99,1
CUST_012345,meta_ads,true,2025-02-01,80.22,0.0,2,21.15,0.36,1
CUST_012355,meta_ads,true,2025-03-01,101.53,0.1,1,-46.31,0.99,1
CUST_012359,google_ads,true,2024-05-01,50.26,0.0,1,33.63,0.99,1
CUST_012360,google_ads,true,2025-01-01,101.85,0.2,1,46.05,0.99,1
CUST_012391,creator_network,false,2025-06-01,103.49,0.0,2,95.75,0.47,1
CUST_012412,meta_ads,true,2025-10-01,88.74,0.1,2,116.68,2.33,0
CUST_012426,google_ads,true,2025-09-01,101.50,0.0,1,-38.42,0.99,1
CUST_012431,google_ads,true,2025-12-01,119.23,0.0,2,91.58,0.27,0
CUST_012469,meta_ads,true,2025-03-01,62.02,0.0,1,40.80,0.99,1
CUST_012484,google_ads,true,2024-03-01,124.48,0.0,1,77.30,0.99,1
CUST_012494,meta_ads,true,2024-05-01,118.84,0.0,1,80.52,0.99,1
CUST_000021,meta_ads,true,2025-05-01,78.04,0.0999,1,41.36,0.99,1
CUST_000034,meta_ads,true,2025-12-01,70.13,0.0,1,45.65,0.99,0
CUST_000068,meta_ads,true,2025-09-01,122.06,0.15,1,60.85,0.99,1
CUST_000072,organic_search,false,2024-07-01,83.58,0.0,1,-30.39,0.99,1
CUST_000088,creator_network,false,2025-05-01,56.67,0.15,1,27.69,0.99,1
CUST_000094,google_ads,true,2025-04-01,96.28,0.0,1,-2.18,0.99,1
CUST_000096,meta_ads,true,2025-02-01,118.13,0.0,1,77.37,0.99,1
CUST_000105,organic_search,false,2025-11-01,91.47,0.0,1,60.06,0.99,0
CUST_000110,organic_search,false,2024-03-01,73.51,0.0,1,47.26,0.99,1
CUST_000133,meta_ads,true,2024-04-01,79.99,0.2,1,-6.68,0.99,1
CUST_000144,direct,false,2024-09-01,104.43,0.0,1,70.50,0.99,1
CUST_000151,google_ads,true,2025-11-01,98.76,0.0,2,138.01,0.59,0
CUST_000152,meta_ads,true,2024-08-01,110.60,0.0,1,69.39,0.99,1
CUST_000158,meta_ads,true,2025-08-01,86.74,0.0,1,55.23,0.99,1
CUST_000164,creator_network,false,2025-03-01,80.24,0.2,3,46.29,5.45,1
CUST_000181,creator_network,false,2024-11-01,51.94,0.2499,1,20.82,0.99,1
CUST_000187,google_ads,true,2025-09-01,138.84,0.0,2,43.31,1.64,0
CUST_000194,organic_search,false,2025-05-01,113.30,0.0,1,72.59,0.99,1
CUST_000200,meta_ads,true,2025-08-01,78.40,0.0,1,48.73,0.99,1
CUST_000202,meta_ads,true,2024-03-01,57.51,0.0,1,38.14,0.99,1
CUST_000225,creator_network,false,2024-09-01,57.42,0.0,1,35.90,0.99,1
CUST_000228,organic_search,false,2024-12-01,100.55,0.0,1,67.86,0.99,1
CUST_000235,meta_ads,true,2024-07-01,101.04,0.15,1,47.72,0.99,1
CUST_000258,organic_search,false,2025-07-01,93.07,0.0,1,59.69,0.99,1
CUST_000264,google_ads,true,2025-03-01,126.37,0.0,1,79.18,0.99,1
CUST_000278,direct,false,2025-06-01,81.27,0.1,2,-63.87,1.21,1
CUST_000301,google_ads,true,2024-02-01,119.55,0.0,1,76.50,0.99,1
CUST_000310,google_ads,true,2024-09-01,105.47,0.0,1,21.09,0.99,1
CUST_000343,google_ads,true,2024-06-01,97.05,0.0,1,65.31,0.99,1
CUST_000344,meta_ads,true,2025-01-01,64.53,0.0,1,42.31,0.99,1
CUST_000366,creator_network,false,2024-12-01,48.75,0.0,1,31.93,0.99,1
CUST_000373,meta_ads,true,2024-04-01,77.57,0.0,1,48.93,0.99,1
CUST_000374,meta_ads,true,2025-06-01,92.40,0.0,1,62.64,0.99,1
CUST_000395,meta_ads,true,2024-11-01,96.59,0.0,2,48.85,0.65,1
CUST_000401,organic_search,false,2024-04-01,114.16,0.15,2,121.97,1.76,1
CUST_000402,meta_ads,true,2025-11-01,125.58,0.1,1,68.41,0.99,0
CUST_000411,google_ads,true,2024-10-01,95.90,0.0,2,114.08,0.90,1
CUST_000413,direct,false,2025-12-01,99.76,0.0,1,63.38,0.99,0
CUST_000418,google_ads,true,2024-10-01,112.73,0.0,1,73.77,0.99,1
CUST_000419,meta_ads,true,2025-06-01,56.48,0.0,1,-21.40,0.99,1
CUST_000422,meta_ads,true,2025-08-01,85.42,0.2,1,39.60,0.99,1
CUST_000441,meta_ads,true,2024-03-01,102.01,0.0,1,68.39,0.99,1
CUST_000484,direct,false,2025-05-01,103.89,0.0,2,144.86,2.58,1
CUST_000489,google_ads,true,2025-12-01,121.49,0.0,1,76.79,0.99,0
CUST_000515,direct,false,2024-02-01,105.12,0.0,1,67.95,0.99,1
CUST_000532,meta_ads,true,2025-12-01,65.82,0.0,1,40.85,0.99,0
CUST_000536,creator_network,false,2025-11-01,95.24,0.1,2,91.90,1.36,0
CUST_000547,meta_ads,true,2024-04-01,82.77,0.1,3,167.60,3.15,1
CUST_000556,google_ads,true,2024-12-01,80.68,0.0,1,51.62,0.99,1
CUST_000559,organic_search,false,2025-08-01,70.65,0.0,1,46.02,0.99,1
CUST_000583,google_ads,true,2025-02-01,171.62,0.0,1,112.12,0.99,1
CUST_000590,google_ads,true,2024-05-01,83.42,0.0,1,52.85,0.99,1
CUST_000625,meta_ads,true,2025-05-01,39.56,0.0,1,24.79,0.99,1
CUST_000641,direct,false,2024-01-01,111.19,0.0,1,74.78,0.99,1
CUST_000647,direct,false,2025-04-01,102.07,0.0,2,41.56,0.79,1
CUST_000686,organic_search,false,2025-04-01,58.18,0.0,1,38.78,0.99,1
CUST_000744,creator_network,false,2025-02-01,83.32,0.15,1,42.70,0.99,1
CUST_000746,creator_network,false,2025-11-01,79.10,0.1,1,44.74,0.99,0
CUST_000749,google_ads,true,2025-11-01,108.98,0.0,1,71.95,0.99,0
CUST_000765,google_ads,true,2024-02-01,123.87,0.0,1,80.94,0.99,1
CUST_000786,direct,false,2025-11-01,59.42,0.0,1,40.29,0.99,0
CUST_000790,meta_ads,true,2025-12-01,82.48,0.0,1,-30.64,0.99,0
CUST_000797,direct,false,2025-11-01,108.40,0.0,1,67.27,0.99,0
CUST_000815,google_ads,true,2025-10-01,107.63,0.1,1,58.05,0.99,0
CUST_000861,meta_ads,true,2025-08-01,109.50,0.0,1,72.03,0.99,1
CUST_000864,meta_ads,true,2025-01-01,99.59,0.1,1,52.01,0.99,1
CUST_000872,meta_ads,true,2024-09-01,85.75,0.0,1,53.54,0.99,1
CUST_000902,creator_network,false,2024-01-01,71.64,0.0999,1,40.88,0.99,1
CUST_000918,direct,false,2025-12-01,42.93,0.0,1,26.63,0.99,0
CUST_000973,meta_ads,true,2025-07-01,106.02,0.0,1,-38.74,0.99,1
CUST_000981,creator_network,false,2024-10-01,51.76,0.1001,2,64.15,1.05,1
CUST_000985,creator_network,false,2025-07-01,86.17,0.1501,1,-41.97,0.99,1
CUST_000998,meta_ads,true,2024-05-01,53.75,0.0,1,34.96,0.99,1
CUST_001003,meta_ads,true,2025-10-01,131.02,0.0,1,84.12,0.99,1
CUST_001039,organic_search,false,2024-03-01,82.02,0.0,1,55.16,0.99,1
CUST_001040,meta_ads,true,2024-10-01,79.54,0.0,1,49.68,0.99,1
CUST_001043,meta_ads,true,2024-10-01,93.94,0.15,1,45.62,0.99,1
CUST_001058,creator_network,false,2024-12-01,92.00,0.0,1,58.31,0.99,1
CUST_001097,google_ads,true,2024-07-01,84.25,0.1001,1,44.52,0.99,1
CUST_001102,meta_ads,true,2025-12-01,89.22,0.0,1,55.98,0.99,0
CUST_001122,meta_ads,true,2025-12-01,75.83,0.1,1,42.00,0.99,0
CUST_001136,organic_search,false,2024-03-01,86.47,0.0,1,54.09,0.99,1
CUST_001171,meta_ads,true,2025-05-01,69.58,0.0,1,43.91,0.99,1
CUST_001183,organic_search,false,2025-05-01,76.63,0.0,1,50.16,0.99,1
CUST_001200,meta_ads,true,2024-05-01,86.06,0.15,2,93.89,1.02,1
CUST_001228,organic_search,false,2024-09-01,102.98,0.0,1,69.69,0.99,1
CUST_001229,meta_ads,true,2025-12-01,85.31,0.0,1,53.61,0.99,0
CUST_001231,meta_ads,true,2025-11-01,120.40,0.15,1,17.37,0.99,0
CUST_001233,direct,false,2024-07-01,68.30,0.0,1,42.48,0.99,1
CUST_001239,meta_ads,true,2025-12-01,108.11,0.0,1,68.08,0.99,0
CUST_001247,direct,false,2024-05-01,98.42,0.0,1,64.79,0.99,1
CUST_001253,meta_ads,true,2024-04-01,81.52,0.0,1,50.77,0.99,1
CUST_001272,organic_search,false,2025-10-01,54.47,0.0,1,35.01,0.99,0
CUST_001275,organic_search,false,2025-02-01,99.76,0.0,1,67.65,0.99,1
CUST_001277,google_ads,true,2024-08-01,75.45,0.0,1,51.28,0.99,1
CUST_001291,meta_ads,true,2024-12-01,93.60,0.0,1,60.29,0.99,1
CUST_001321,meta_ads,true,2024-08-01,108.99,0.15,1,52.15,0.99,1
CUST_001330,google_ads,true,2025-02-01,117.03,0.0,1,77.15,0.99,1
CUST_001363,meta_ads,true,2025-05-01,132.33,0.1,1,69.05,0.99,1
CUST_001412,meta_ads,true,2024-04-01,91.26,0.2501,2,-13.75,1.27,1
CUST_001417,organic_search,false,2024-02-01,114.69,0.0,1,72.23,0.99,1
CUST_001423,meta_ads,true,2024-02-01,71.66,0.0,1,45.97,0.99,1
CUST_001426,meta_ads,true,2025-12-01,96.74,0.1,1,51.48,0.99,0
CUST_001434,direct,false,2025-06-01,86.73,0.15,1,42.20,0.99,1
CUST_001463,direct,false,2024-04-01,129.42,0.0,1,80.97,0.99,1
CUST_001471,meta_ads,true,2025-04-01,95.93,0.0,2,119.15,3.07,1
CUST_001505,creator_network,false,2024-11-01,112.70,0.2,1,52.23,0.99,1
CUST_001542,meta_ads,true,2024-04-01,112.67,0.15,1,59.71,0.99,1
CUST_001565,creator_network,false,2025-09-01,43.91,0.2,1,18.58,0.99,1
CUST_001569,creator_network,false,2025-05-01,95.38,0.0,1,-35.72,0.99,1
CUST_001572,meta_ads,true,2024-06-01,52.91,0.0,1,35.69,0.99,1
CUST_001582,organic_search,false,2024-12-01,86.64,0.0,1,54.13,0.99,1
CUST_001589,meta_ads,true,2025-01-01,73.54,0.0999,2,91.24,2.08,1
CUST_001627,creator_network,false,2024-07-01,118.74,0.0,1,79.83,0.99,1
CUST_001630,meta_ads,true,2025-01-01,61.33,0.0,2,110.82,0.85,1
CUST_001649,meta_ads,true,2025-08-01,90.00,0.0,1,55.83,0.99,1
CUST_001659,organic_search,false,2024-12-01,116.09,0.0,1,76.43,0.99,1
CUST_001662,meta_ads,true,2025-03-01,68.81,0.15,2,52.43,1.03,1
CUST_001666,google_ads,true,2025-10-01,97.35,0.0,1,60.59,0.99,0
CUST_001667,meta_ads,true,2024-07-01,57.83,0.0,1,-21.54,0.99,1
CUST_001669,meta_ads,true,2024-04-01,68.41,0.0,1,45.84,0.99,1
CUST_001682,meta_ads,true,2025-12-01,123.75,0.1,1,-52.61,0.99,0
CUST_001696,meta_ads,true,2024-03-01,61.05,0.25,1,-37.02,0.99,1
CUST_001705,organic_search,false,2025-01-01,70.54,0.15,1,35.90,0.99,1
CUST_001729,meta_ads,true,2025-09-01,76.25,0.0,1,47.51,0.99,1
CUST_001740,meta_ads,true,2024-12-01,71.39,0.0,1,44.48,0.99,1
CUST_001744,google_ads,true,2024-01-01,90.83,0.0,2,27.24,0.56,1
CUST_001748,creator_network,false,2024-08-01,42.49,0.2,1,18.03,0.99,1
CUST_001753,google_ads,true,2024-01-01,134.97,0.2,1,57.45,0.99,1
CUST_001764,organic_search,false,2025-02-01,119.01,0.15,1,59.59,0.99,1
CUST_001766,meta_ads,true,2024-10-01,108.48,0.1,1,57.49,0.99,1
CUST_001777,meta_ads,true,2025-06-01,51.26,0.15,2,-41.20,1.44,1
CUST_001779,creator_network,false,2024-08-01,76.83,0.1,1,40.10,0.99,1
CUST_001800,creator_network,false,2024-01-01,97.53,0.0,1,65.91,0.99,1
CUST_001824,google_ads,true,2025-08-01,105.03,0.0,1,70.90,0.99,1
CUST_001828,meta_ads,true,2025-12-01,72.00,0.0,1,47.38,0.99,0
CUST_001846,meta_ads,true,2024-08-01,94.86,0.15,2,90.94,0.83,1
CUST_001855,meta_ads,true,2025-11-01,85.85,0.0,1,-31.71,0.99,0
CUST_001896,google_ads,true,2025-07-01,75.52,0.15,1,36.95,0.99,1
CUST_001899,creator_network,false,2024-11-01,83.62,0.1,2,99.79,0.63,1
CUST_001930,meta_ads,true,2024-03-01,99.68,0.0,1,64.15,0.99,1
CUST_001933,meta_ads,true,2025-04-01,76.38,0.0,1,48.79,0.99,1
CUST_001940,meta_ads,true,2024-03-01,46.35,0.0,1,29.31,0.99,1
CUST_001946,google_ads,true,2025-03-01,122.62,0.0,1,81.63,0.99,1
CUST_001952,meta_ads,true,2024-07-01,78.30,0.1499,2,80.77,0.74,1
CUST_001955,meta_ads,true,2025-12-01,107.17,0.1,1,60.72,0.99,0
CUST_001961,direct,false,2024-04-01,106.73,0.0,2,137.78,1.59,1
CUST_001976,google_ads,true,2025-11-01,102.01,0.0,1,63.73,0.99,0
CUST_001988,organic_search,false,2025-02-01,88.86,0.2,1,-48.28,0.99,1
CUST_002007,organic_search,false,2025-01-01,111.97,0.1,1,59.09,0.99,1
CUST_002056,google_ads,true,2025-06-01,67.52,0.0,1,43.98,0.99,1
CUST_002057,google_ads,true,2025-01-01,88.29,0.0,1,55.69,0.99,1
CUST_002072,direct,false,2025-03-01,75.04,0.1501,2,79.68,0.64,1
CUST_002096,organic_search,false,2025-09-01,88.38,0.0,1,55.41,0.99,1
CUST_002105,creator_network,false,2025-09-01,69.87,0.15,2,85.26,2.19,0
CUST_002109,google_ads,true,2024-09-01,77.28,0.0,1,49.57,0.99,1
CUST_002112,organic_search,false,2024-07-01,102.08,0.0,1,64.55,0.99,1
CUST_002120,google_ads,true,2025-10-01,135.44,0.0,1,-44.81,0.99,0
CUST_002174,creator_network,false,2025-10-01,76.01,0.0,1,-28.48,0.99,0
CUST_002183,creator_network,false,2024-02-01,86.36,0.15,1,44.76,0.99,1
CUST_002184,meta_ads,true,2024-10-01,82.97,0.0,1,54.15,0.99,1
CUST_002218,organic_search,false,2024-09-01,79.96,0.0,1,53.20,0.99,1
CUST_002247,google_ads,true,2024-03-01,94.84,0.0,1,61.68,0.99,1
CUST_002249,meta_ads,true,2025-05-01,114.06,0.0,1,72.13,0.99,1
CUST_002268,direct,false,2025-07-01,80.86,0.0,1,51.78,0.99,1
CUST_002270,meta_ads,true,2025-03-01,89.49,0.0,2,89.23,0.32,1
CUST_002298,meta_ads,true,2024-02-01,80.99,0.15,1,41.04,0.99,1
CUST_002302,organic_search,false,2025-04-01,88.48,0.0,1,56.14,0.99,1
CUST_002309,creator_network,false,2024-04-01,93.56,0.2,1,40.38,0.99,1
CUST_002342,meta_ads,true,2024-03-01,80.35,0.1001,1,42.71,0.99,1
CUST_002389,direct,false,2025-07-01,70.93,0.0,1,11.42,0.99,1
CUST_002416,meta_ads,true,2025-12-01,63.25,0.0,1,41.04,0.99,0
CUST_002430,google_ads,true,2025-10-01,101.27,0.0,1,65.53,0.99,0
CUST_002432,google_ads,true,2025-09-01,61.80,0.0,1,-22.96,0.99,1
CUST_002448,google_ads,true,2024-07-01,72.30,0.0,1,47.76,0.99,1
CUST_002460,google_ads,true,2024-12-01,126.71,0.0,1,85.99,0.99,1
CUST_002462,creator_network,false,2025-10-01,74.83,0.1,2,100.68,1.17,0
CUST_002496,creator_network,false,2025-02-01,90.36,0.1,1,50.82,0.99,1
CUST_002540,google_ads,true,2025-08-01,81.33,0.0,2,17.90,2.25,0
CUST_002543,meta_ads,true,2025-10-01,118.52,0.2,1,51.61,0.99,1
CUST_002566,creator_network,false,2024-09-01,71.89,0.0,1,44.74,0.99,1
CUST_002573,google_ads,true,2024-10-01,121.35,0.0,3,188.65,2.03,1
CUST_002574,meta_ads,true,2025-02-01,129.85,0.0,1,85.08,0.99,1
CUST_002598,google_ads,true,2025-02-01,25.00,0.0,1,16.90,0.99,1
CUST_002599,creator_network,false,2024-09-01,29.83,0.1498,2,67.03,0.35,1
CUST_002606,organic_search,false,2025-03-01,140.71,0.0,2,175.41,1.38,1
CUST_002634,meta_ads,true,2024-06-01,108.89,0.15,1,54.53,0.99,1
CUST_002646,direct,false,2024-11-01,87.21,0.15,1,42.62,0.99,1
CUST_002681,meta_ads,true,2024-09-01,52.87,0.0,2,-13.26,1.17,1
CUST_002699,meta_ads,true,2025-08-01,75.74,0.2,1,2.59,0.99,1
CUST_002707,creator_network,false,2024-04-01,59.26,0.0,1,38.62,0.99,1
CUST_002708,creator_network,false,2024-09-01,71.67,0.15,1,-7.88,0.99,1
CUST_002710,meta_ads,true,2024-09-01,69.08,0.0,1,44.65,0.99,1
CUST_002717,organic_search,false,2025-06-01,83.05,0.0,1,16.13,0.99,1
CUST_002738,google_ads,true,2025-03-01,85.70,0.0,2,112.14,1.40,1
CUST_002740,meta_ads,true,2024-03-01,66.23,0.0,1,44.05,0.99,1
CUST_002748,meta_ads,true,2024-05-01,92.56,0.2,2,85.81,0.85,1
CUST_002789,creator_network,false,2025-12-01,84.14,0.0,1,53.48,0.99,0
CUST_002797,organic_search,false,2024-03-01,140.90,0.0,2,136.42,0.38,1
CUST_002815,meta_ads,true,2025-04-01,103.47,0.2,1,45.06,0.99,1
CUST_002840,meta_ads,true,2024-11-01,90.43,0.0,1,29.63,0.99,1
CUST_002871,meta_ads,true,2025-11-01,118.86,0.1,1,-52.63,0.99,0
CUST_002873,creator_network,false,2025-10-01,56.60,0.15,1,-29.48,0.99,0
CUST_002922,creator_network,false,2025-07-01,69.86,0.15,1,36.93,0.99,1
CUST_002932,direct,false,2025-06-01,75.72,0.0,1,50.22,0.99,1
CUST_002937,creator_network,false,2025-08-01,88.83,0.1499,1,45.46,0.99,1
CUST_002938,meta_ads,true,2025-04-01,61.55,0.0,1,41.81,0.99,1
CUST_002949,google_ads,true,2024-11-01,141.95,0.0,2,164.22,0.87,1
CUST_002951,google_ads,true,2025-09-01,122.16,0.15,1,59.24,0.99,1
CUST_002964,meta_ads,true,2025-12-01,84.85,0.0,1,-27.67,0.99,0
CUST_002975,google_ads,true,2024-12-01,80.04,0.0,1,53.70,0.99,1
CUST_002977,creator_network,false,2025-09-01,44.32,0.15,2,57.13,1.39,0
CUST_003004,direct,false,2025-05-01,87.80,0.0,1,56.96,0.99,1
CUST_003007,creator_network,false,2025-11-01,62.14,0.2,1,29.36,0.99,0
CUST_003022,direct,false,2025-01-01,61.26,0.1001,1,35.48,0.99,1
CUST_003039,google_ads,true,2024-03-01,162.21,0.0,2,112.03,1.28,1
CUST_003041,google_ads,true,2024-06-01,108.84,0.0,1,72.45,0.99,1
CUST_003050,organic_search,false,2024-09-01,72.87,0.1,2,100.84,2.45,1
CUST_003072,google_ads,true,2025-05-01,106.96,0.0,1,67.71,0.99,1
CUST_003077,google_ads,true,2025-12-01,77.40,0.25,1,32.82,0.99,0
CUST_003083,meta_ads,true,2024-07-01,98.74,0.0,1,65.36,0.99,1
CUST_003085,meta_ads,true,2025-07-01,106.21,0.15,1,51.44,0.99,1
CUST_003126,meta_ads,true,2025-05-01,107.85,0.15,1,56.12,0.99,1
CUST_003132,google_ads,true,2025-09-01,114.72,0.0,3,187.46,1.51,0
CUST_003162,meta_ads,true,2024-01-01,97.07,0.0,2,122.36,1.76,1
CUST_003164,meta_ads,true,2025-02-01,97.43,0.0,2,16.91,5.41,1
CUST_003201,meta_ads,true,2025-04-01,85.42,0.0,1,54.26,0.99,1
CUST_003208,meta_ads,true,2025-08-01,87.85,0.0,2,121.27,2.29,0
CUST_003221,google_ads,true,2025-03-01,103.42,0.0,1,70.28,0.99,1
CUST_003231,creator_network,false,2025-03-01,60.67,0.0,2,44.36,0.24,1
CUST_003232,creator_network,false,2025-05-01,96.63,0.0,1,65.29,0.99,1
CUST_003242,creator_network,false,2025-01-01,70.07,0.1,1,-32.28,0.99,1
CUST_003245,google_ads,true,2025-07-01,121.49,0.0,1,76.42,0.99,1
CUST_003278,google_ads,true,2025-02-01,110.67,0.15,1,57.38,0.99,1
CUST_003313,google_ads,true,2025-07-01,73.85,0.0,1,48.27,0.99,1
CUST_003331,creator_network,false,2025-05-01,106.79,0.1,1,57.80,0.99,1
CUST_003355,meta_ads,true,2024-06-01,91.85,0.0,1,59.99,0.99,1
CUST_003370,meta_ads,true,2025-07-01,107.02,0.0,1,70.53,0.99,1
CUST_003399,meta_ads,true,2024-08-01,114.33,0.1,1,61.58,0.99,1
CUST_003431,meta_ads,true,2025-04-01,98.13,0.2,1,-54.39,0.99,1
CUST_003438,meta_ads,true,2025-04-01,126.96,0.2,1,58.52,0.99,1
CUST_003460,meta_ads,true,2025-06-01,97.52,0.15,1,-46.08,0.99,1
CUST_003522,creator_network,false,2025-02-01,42.95,0.2,1,20.10,0.99,1
CUST_003553,google_ads,true,2025-04-01,79.36,0.25,1,31.14,0.99,1
CUST_003568,meta_ads,true,2025-06-01,57.04,0.0999,1,33.09,0.99,1
CUST_003595,organic_search,false,2025-02-01,97.82,0.0,1,64.86,0.99,1
CUST_003637,google_ads,true,2025-11-01,144.68,0.0,1,-53.40,0.99,0
CUST_003662,google_ads,true,2025-02-01,63.71,0.0,1,39.75,0.99,1
CUST_003712,meta_ads,true,2025-07-01,112.99,0.0,1,73.05,0.99,1
CUST_003713,google_ads,true,2025-07-01,125.33,0.0,1,80.48,0.99,1
CUST_003761,google_ads,true,2024-04-01,116.27,0.0,1,78.78,0.99,1
CUST_003770,meta_ads,true,2024-04-01,82.29,0.15,1,41.81,0.99,1
CUST_003795,meta_ads,true,2024-02-01,60.48,0.2001,1,-0.64,0.99,1
CUST_003808,meta_ads,true,2024-11-01,107.72,0.0,1,69.92,0.99,1
CUST_003822,organic_search,false,2024-11-01,104.47,0.2,1,49.41,0.99,1
CUST_003826,meta_ads,true,2024-03-01,81.25,0.0,1,54.19,0.99,1
CUST_003828,meta_ads,true,2025-02-01,45.76,0.1499,1,23.33,0.99,1
CUST_003840,google_ads,true,2025-06-01,116.29,0.15,2,125.16,3.18,1
CUST_003852,creator_network,false,2024-04-01,112.34,0.1,1,59.82,0.99,1
CUST_003944,creator_network,false,2024-12-01,89.33,0.1,2,113.83,1.43,1
CUST_003951,organic_search,false,2024-01-01,87.41,0.2,1,-46.56,0.99,1
CUST_004005,meta_ads,true,2024-05-01,69.13,0.15,1,36.13,0.99,1
CUST_004009,meta_ads,true,2025-06-01,125.02,0.0,1,83.56,0.99,1
CUST_004017,google_ads,true,2025-10-01,129.10,0.0,2,162.19,1.39,0
CUST_004020,meta_ads,true,2024-08-01,143.00,0.1,1,81.70,0.99,1
CUST_004042,google_ads,true,2024-09-01,76.40,0.15,1,37.37,0.99,1
CUST_004054,direct,false,2025-04-01,146.53,0.0,2,105.17,2.12,1
CUST_004068,google_ads,true,2025-12-01,81.63,0.1499,1,40.62,0.99,0
CUST_004075,meta_ads,true,2025-06-01,92.94,0.0,1,59.56,0.99,1
CUST_004087,meta_ads,true,2024-05-01,62.75,0.0,1,39.48,0.99,1
CUST_004094,google_ads,true,2025-11-01,106.67,0.0,2,115.36,0.42,0
CUST_004186,meta_ads,true,2025-05-01,103.37,0.0,2,10.53,1.40,1
CUST_004192,meta_ads,true,2025-10-01,110.30,0.0,2,130.13,1.35,0
CUST_004203,meta_ads,true,2024-05-01,65.79,0.2,2,17.59,0.35,1
CUST_004209,google_ads,true,2024-03-01,105.57,0.0,2,15.01,2.16,1
CUST_004218,meta_ads,true,2025-02-01,124.67,0.25,1,13.42,0.99,1
CUST_004219,meta_ads,true,2025-06-01,103.31,0.0,1,64.37,0.99,1
CUST_004236,organic_search,false,2024-10-01,103.35,0.1,2,99.61,1.24,1
CUST_004261,meta_ads,true,2024-04-01,77.29,0.1,1,42.97,0.99,1
CUST_004297,meta_ads,true,2024-05-01,70.31,0.15,2,-95.87,0.66,1
CUST_004304,creator_network,false,2025-04-01,43.90,0.1,1,-20.81,0.99,1
CUST_004324,meta_ads,true,2025-02-01,68.42,0.1999,1,32.07,0.99,1
CUST_004332,meta_ads,true,2024-05-01,101.32,0.0,1,67.99,0.99,1
CUST_004353,creator_network,false,2024-12-01,80.24,0.0,1,-30.05,0.99,1
CUST_004377,meta_ads,true,2024-12-01,131.50,0.15,1,-63.19,0.99,1
CUST_004383,creator_network,false,2025-04-01,91.39,0.1,1,4.96,0.99,1
CUST_004402,meta_ads,true,2025-03-01,76.81,0.1,1,42.93,0.99,1
CUST_004407,meta_ads,true,2025-12-01,97.93,0.0,1,-35.74,0.99,0
CUST_004411,direct,false,2024-03-01,80.54,0.15,1,-38.22,0.99,1
CUST_004424,creator_network,false,2025-07-01,92.96,0.1,1,52.70,0.99,1
CUST_004429,meta_ads,true,2024-06-01,125.18,0.0,1,80.43,0.99,1
CUST_004435,meta_ads,true,2024-03-01,92.02,0.1,1,48.41,0.99,1
CUST_004471,meta_ads,true,2025-11-01,95.11,0.0,1,59.68,0.99,0
CUST_004484,organic_search,false,2025-04-01,97.90,0.2501,2,80.62,2.97,1
CUST_004489,organic_search,false,2025-08-01,97.37,0.0,2,8.28,2.21,0
CUST_004495,meta_ads,true,2025-07-01,75.89,0.0,1,50.52,0.99,1
CUST_004501,organic_search,false,2025-05-01,38.99,0.0,1,24.34,0.99,1
CUST_004508,google_ads,true,2024-01-01,129.72,0.1,1,75.06,0.99,1
CUST_004562,creator_network,false,2024-09-01,64.26,0.15,1,32.84,0.99,1
CUST_004574,meta_ads,true,2025-08-01,87.62,0.0,1,58.87,0.99,1
CUST_004578,meta_ads,true,2024-07-01,97.45,0.0,1,65.06,0.99,1
CUST_004593,direct,false,2025-02-01,136.41,0.0,1,85.23,0.99,1
CUST_004605,meta_ads,true,2025-08-01,60.04,0.2,1,27.08,0.99,1
CUST_004634,meta_ads,true,2025-10-01,85.15,0.1001,3,212.13,1.36,0
CUST_004639,organic_search,false,2025-08-01,110.60,0.0,1,22.84,0.99,1
CUST_004643,google_ads,true,2025-10-01,147.75,0.0,1,93.90,0.99,0
CUST_004655,creator_network,false,2024-12-01,87.02,0.15,2,71.00,2.15,1
CUST_004657,organic_search,false,2025-09-01,62.67,0.0,1,41.52,0.99,1
CUST_004672,meta_ads,true,2025-10-01,120.00,0.0,1,77.78,0.99,0
CUST_004687,google_ads,true,2024-05-01,142.22,0.0,2,188.73,0.64,1
CUST_004710,organic_search,false,2025-06-01,119.42,0.0,1,76.47,0.99,1
CUST_004717,meta_ads,true,2025-04-01,64.55,0.1001,1,37.34,0.99,1
CUST_004718,organic_search,false,2025-12-01,119.21,0.0,1,80.52,0.99,0
CUST_004732,google_ads,true,2024-03-01,176.54,0.0,1,113.77,0.99,1
CUST_004745,google_ads,true,2024-08-01,91.73,0.15,1,47.44,0.99,1
CUST_004777,google_ads,true,2024-01-01,100.77,0.0,1,67.17,0.99,1
CUST_004787,google_ads,true,2025-10-01,103.38,0.0,1,15.90,0.99,0
CUST_004799,google_ads,true,2024-04-01,134.85,0.0,2,155.03,1.56,1
CUST_004808,creator_network,false,2025-12-01,73.68,0.2001,1,32.17,0.99,0
CUST_004811,google_ads,true,2024-06-01,94.93,0.15,1,49.63,0.99,1
CUST_004822,meta_ads,true,2024-09-01,117.57,0.0,1,78.70,0.99,1
CUST_004824,meta_ads,true,2024-12-01,107.48,0.2,1,14.25,0.99,1
CUST_004842,creator_network,false,2025-12-01,73.34,0.0999,1,40.35,0.99,0
CUST_004847,google_ads,true,2025-12-01,65.49,0.1,1,35.80,0.99,0
CUST_004852,creator_network,false,2024-12-01,60.31,0.0,1,40.36,0.99,1
CUST_004855,meta_ads,true,2025-05-01,99.19,0.0,1,63.18,0.99,1
CUST_004900,direct,false,2025-11-01,102.46,0.0,2,145.74,0.56,0
CUST_004910,google_ads,true,2025-03-01,108.71,0.15,1,53.58,0.99,1
CUST_004967,google_ads,true,2025-12-01,47.29,0.0,1,32.15,0.99,0
CUST_005007,google_ads,true,2025-08-01,152.18,0.0,1,98.62,0.99,1
CUST_005020,google_ads,true,2025-10-01,82.51,0.15,1,40.82,0.99,0
CUST_005032,google_ads,true,2025-03-01,101.47,0.1,1,57.55,0.99,1
CUST_005045,google_ads,true,2025-05-01,95.82,0.0,1,60.49,0.99,1
CUST_005046,creator_network,false,2025-05-01,53.34,0.2,1,25.53,0.99,1
CUST_005051,google_ads,true,2024-07-01,101.98,0.0,1,65.01,0.99,1
CUST_005058,meta_ads,true,2024-09-01,72.28,0.15,1,-35.20,0.99,1
CUST_005060,direct,false,2024-11-01,126.61,0.0,1,82.02,0.99,1
CUST_005085,meta_ads,true,2024-07-01,73.46,0.0,1,49.01,0.99,1
CUST_005089,meta_ads,true,2025-04-01,109.77,0.1,1,61.81,0.99,1
CUST_005095,creator_network,false,2024-02-01,110.16,0.0,1,73.79,0.99,1
CUST_005113,creator_network,false,2025-05-01,73.01,0.15,1,34.57,0.99,1
CUST_005144,meta_ads,true,2025-08-01,67.12,0.0,1,43.66,0.99,1
CUST_005155,meta_ads,true,2025-06-01,75.00,0.15,1,37.60,0.99,1
CUST_005167,google_ads,true,2024-07-01,66.16,0.2,1,30.64,0.99,1
CUST_005198,creator_network,false,2024-03-01,75.40,0.1,1,39.27,0.99,1
CUST_005229,google_ads,true,2024-05-01,117.51,0.0,2,148.02,0.54,1
CUST_005238,google_ads,true,2025-06-01,73.67,0.0,1,46.61,0.99,1
CUST_005244,organic_search,false,2025-11-01,72.86,0.0,2,83.25,1.02,0
CUST_005253,google_ads,true,2025-07-01,54.09,0.0,1,34.99,0.99,1
CUST_005272,organic_search,false,2024-05-01,71.83,0.0,2,124.01,4.23,1
CUST_005306,google_ads,true,2025-03-01,109.25,0.15,1,52.98,0.99,1
CUST_005320,meta_ads,true,2025-04-01,74.73,0.0,1,8.92,0.99,1
CUST_005321,organic_search,false,2024-09-01,104.36,0.1,1,56.50,0.99,1
CUST_005335,google_ads,true,2025-12-01,113.43,0.15,1,58.35,0.99,0
CUST_005336,meta_ads,true,2025-11-01,90.07,0.0,1,59.02,0.99,0
CUST_005352,direct,false,2025-12-01,62.33,0.0,1,-21.99,0.99,0
CUST_005364,meta_ads,true,2025-07-01,77.41,0.15,1,39.40,0.99,1
CUST_005370,google_ads,true,2024-06-01,75.90,0.1499,1,39.21,0.99,1
CUST_005385,meta_ads,true,2025-06-01,124.17,0.1,1,68.46,0.99,1
CUST_005404,meta_ads,true,2024-08-01,93.21,0.2,2,91.03,1.37,1
CUST_005462,meta_ads,true,2024-08-01,86.37,0.2,1,37.00,0.99,1
CUST_005507,meta_ads,true,2025-02-01,106.18,0.0,1,65.99,0.99,1
CUST_005527,google_ads,true,2025-05-01,108.81,0.1,2,89.65,3.31,1
CUST_005529,organic_search,false,2025-01-01,110.32,0.0,1,74.45,0.99,1
CUST_005559,google_ads,true,2024-09-01,90.43,0.0,1,59.15,0.99,1
CUST_005569,google_ads,true,2025-09-01,69.03,0.0,2,127.65,0.49,0
CUST_005578,google_ads,true,2025-12-01,139.00,0.0,1,87.69,0.99,0
CUST_005584,organic_search,false,2025-07-01,92.30,0.0,1,60.04,0.99,1
CUST_005604,meta_ads,true,2025-06-01,150.16,0.1,1,85.78,0.99,1
CUST_005606,google_ads,true,2025-05-01,108.51,0.15,1,52.95,0.99,1
CUST_005618,organic_search,false,2024-08-01,72.85,0.15,1,38.46,0.99,1
CUST_005619,creator_network,false,2025-03-01,103.97,0.2,1,47.91,0.99,1
CUST_005650,creator_network,false,2025-04-01,65.89,0.0,1,44.31,0.99,1
CUST_005674,meta_ads,true,2024-10-01,100.15,0.15,1,48.31,0.99,1
CUST_005701,organic_search,false,2024-09-01,93.86,0.0,1,61.49,0.99,1
CUST_005804,organic_search,false,2025-09-01,63.85,0.0,1,42.04,0.99,1
CUST_005829,meta_ads,true,2024-11-01,63.04,0.0,1,42.42,0.99,1
CUST_005831,creator_network,false,2025-12-01,99.77,0.2,1,46.53,0.99,0
CUST_005838,meta_ads,true,2024-12-01,94.81,0.0,1,63.83,0.99,1
CUST_005848,creator_network,false,2025-07-01,100.16,0.15,1,51.45,0.99,1
CUST_005862,google_ads,true,2025-03-01,109.72,0.15,2,122.57,0.70,1
CUST_005896,google_ads,true,2024-08-01,136.00,0.2,2,-10.53,1.12,1
CUST_005900,meta_ads,true,2025-03-01,99.81,0.0,1,-35.13,0.99,1
CUST_005905,meta_ads,true,2024-04-01,94.74,0.0,1,-31.31,0.99,1
CUST_005910,google_ads,true,2024-06-01,82.34,0.0,1,54.62,0.99,1
CUST_005911,google_ads,true,2024-12-01,115.55,0.0,1,77.54,0.99,1
CUST_005928,meta_ads,true,2025-06-01,93.03,0.0,1,57.97,0.99,1
CUST_005932,creator_network,false,2024-10-01,93.67,0.0,1,63.33,0.99,1
CUST_005939,google_ads,true,2024-08-01,123.10,0.1,1,67.28,0.99,1
CUST_005948,google_ads,true,2024-01-01,89.35,0.15,2,79.45,0.56,1
CUST_005951,meta_ads,true,2024-05-01,77.20,0.1,1,43.45,0.99,1
CUST_005972,organic_search,false,2024-07-01,103.60,0.0,1,64.81,0.99,1
CUST_005977,google_ads,true,2024-02-01,88.57,0.0,1,59.12,0.99,1
CUST_005981,google_ads,true,2025-06-01,82.95,0.15,1,43.66,0.99,1
CUST_005991,organic_search,false,2024-01-01,87.13,0.1,2,92.77,1.65,1
CUST_006002,meta_ads,true,2024-06-01,130.25,0.2,1,61.61,0.99,1
CUST_006030,creator_network,false,2024-04-01,65.13,0.1,2,86.28,0.46,1
CUST_006049,organic_search,false,2025-09-01,76.81,0.2,1,34.08,0.99,1
CUST_006061,creator_network,false,2024-12-01,103.17,0.0,2,107.55,0.48,1
CUST_006062,google_ads,true,2024-10-01,123.44,0.15,1,61.14,0.99,1
CUST_006084,organic_search,false,2024-08-01,67.94,0.0,1,43.49,0.99,1
CUST_006087,creator_network,false,2025-08-01,103.73,0.1,3,144.35,2.35,0
CUST_006096,direct,false,2025-08-01,60.74,0.0,1,38.93,0.99,1
CUST_006101,meta_ads,true,2024-11-01,113.38,0.0,1,74.29,0.99,1
CUST_006170,direct,false,2024-05-01,102.42,0.0,1,-36.73,0.99,1
CUST_006175,meta_ads,true,2025-03-01,75.30,0.0,1,50.57,0.99,1
CUST_006196,google_ads,true,2024-05-01,98.74,0.15,1,50.83,0.99,1
CUST_006199,meta_ads,true,2024-07-01,62.73,0.1,1,33.05,0.99,1
CUST_006202,organic_search,false,2024-12-01,126.99,0.0,1,79.78,0.99,1
CUST_006214,organic_search,false,2024-11-01,78.62,0.0,1,51.01,0.99,1
CUST_006231,organic_search,false,2025-04-01,75.89,0.1,1,39.73,0.99,1
CUST_006233,google_ads,true,2025-04-01,87.24,0.1,2,120.09,1.29,1
CUST_006240,google_ads,true,2025-11-01,113.99,0.0,1,77.33,0.99,0
CUST_006253,meta_ads,true,2024-10-01,103.76,0.0,1,67.82,0.99,1
CUST_006274,google_ads,true,2025-03-01,139.63,0.0,1,92.24,0.99,1
CUST_006303,google_ads,true,2025-02-01,97.47,0.0,1,-32.61,0.99,1
CUST_006331,organic_search,false,2024-02-01,31.03,0.0,1,20.76,0.99,1
CUST_006335,google_ads,true,2024-08-01,139.22,0.0,1,90.58,0.99,1
CUST_006345,google_ads,true,2024-12-01,89.62,0.0,1,57.65,0.99,1
CUST_006348,google_ads,true,2025-12-01,88.16,0.0,1,55.25,0.99,0
CUST_006362,google_ads,true,2025-02-01,126.37,0.0,1,83.54,0.99,1
CUST_006402,google_ads,true,2025-10-01,84.21,0.15,1,40.89,0.99,0
CUST_006422,meta_ads,true,2025-02-01,82.81,0.1,1,43.65,0.99,1
CUST_006436,creator_network,false,2025-04-01,55.28,0.1,1,31.20,0.99,1
CUST_006481,organic_search,false,2025-04-01,50.06,0.0,1,33.99,0.99,1
CUST_006482,organic_search,false,2025-02-01,105.66,0.0,1,68.53,0.99,1
CUST_006485,creator_network,false,2024-07-01,80.20,0.15,1,37.95,0.99,1
CUST_006497,meta_ads,true,2024-11-01,69.01,0.0,1,-24.61,0.99,1
CUST_006514,meta_ads,true,2025-09-01,79.72,0.0,2,67.47,3.20,0
CUST_006523,google_ads,true,2025-09-01,135.48,0.0,1,88.32,0.99,1
CUST_006528,google_ads,true,2025-09-01,51.88,0.0,1,-17.90,0.99,1
CUST_006554,direct,false,2024-01-01,110.04,0.0,1,72.89,0.99,1
CUST_006563,organic_search,false,2024-06-01,75.54,0.0,1,46.98,0.99,1
CUST_006565,meta_ads,true,2024-05-01,103.63,0.0,1,70.19,0.99,1
CUST_006586,google_ads,true,2024-12-01,131.88,0.0,1,88.91,0.99,1
CUST_006589,creator_network,false,2024-06-01,89.52,0.1,2,96.15,1.93,1
CUST_006624,direct,false,2025-03-01,95.21,0.0,1,60.58,0.99,1
CUST_006631,meta_ads,true,2024-12-01,110.21,0.0,1,73.25,0.99,1
CUST_006709,google_ads,true,2025-06-01,136.35,0.1,1,70.91,0.99,1
CUST_006713,google_ads,true,2025-07-01,105.08,0.1,1,59.32,0.99,1
CUST_006714,meta_ads,true,2025-09-01,68.60,0.15,1,36.06,0.99,1
CUST_006717,organic_search,false,2024-03-01,99.98,0.0,1,2.56,0.99,1
CUST_006721,meta_ads,true,2025-08-01,59.46,0.1001,1,31.89,0.99,1
CUST_006772,direct,false,2025-10-01,103.37,0.0,1,65.58,0.99,0
CUST_006780,google_ads,true,2024-02-01,170.18,0.15,1,83.67,0.99,1
CUST_006807,meta_ads,true,2025-07-01,120.24,0.25,1,46.05,0.99,1
CUST_006819,direct,false,2025-10-01,70.78,0.0,2,106.30,0.66,0
CUST_006831,meta_ads,true,2025-11-01,85.82,0.1,1,49.35,0.99,0
CUST_006864,creator_network,false,2024-03-01,74.64,0.1501,1,35.42,0.99,1
CUST_006888,google_ads,true,2024-11-01,84.87,0.0,1,57.24,0.99,1
CUST_006905,creator_network,false,2024-08-01,73.14,0.0,1,49.14,0.99,1
CUST_006932,meta_ads,true,2024-04-01,92.03,0.2,1,40.01,0.99,1
CUST_006933,meta_ads,true,2025-01-01,83.83,0.0,1,56.15,0.99,1
CUST_006938,meta_ads,true,2025-08-01,111.61,0.15,1,53.68,0.99,1
CUST_006946,google_ads,true,2025-08-01,92.46,0.1,1,50.72,0.99,1
CUST_006948,google_ads,true,2024-08-01,110.92,0.0,1,-37.99,0.99,1
CUST_006950,meta_ads,true,2024-01-01,65.12,0.0,1,40.94,0.99,1
CUST_006954,google_ads,true,2024-01-01,109.03,0.0,1,72.83,0.99,1
CUST_006974,meta_ads,true,2024-12-01,70.05,0.2,1,32.23,0.99,1
CUST_007009,direct,false,2024-08-01,180.31,0.0,1,119.10,0.99,1
CUST_007010,creator_network,false,2024-07-01,103.31,0.2,1,49.16,0.99,1
CUST_007022,creator_network,false,2025-09-01,59.64,0.1501,1,-28.11,0.99,1
CUST_007031,creator_network,false,2025-06-01,93.49,0.15,1,45.76,0.99,1
CUST_007048,google_ads,true,2024-01-01,83.59,0.0,1,56.61,0.99,1
CUST_007050,creator_network,false,2025-02-01,51.60,0.15,1,26.04,0.99,1
CUST_007051,google_ads,true,2025-10-01,100.12,0.0,1,65.12,0.99,0
CUST_007065,meta_ads,true,2024-05-01,97.23,0.15,1,51.27,0.99,1
CUST_007116,meta_ads,true,2025-11-01,108.44,0.1,1,57.19,0.99,0
CUST_007122,google_ads,true,2024-04-01,145.46,0.0,1,95.05,0.99,1
CUST_007128,creator_network,false,2024-09-01,72.26,0.1001,1,41.07,0.99,1
CUST_007133,organic_search,false,2025-06-01,86.73,0.0,1,53.96,0.99,1
CUST_007138,meta_ads,true,2025-05-01,74.82,0.1,1,-35.08,0.99,1
CUST_007160,google_ads,true,2025-04-01,122.57,0.0,1,83.02,0.99,1
CUST_007251,direct,false,2025-10-01,83.24,0.0,1,55.14,0.99,0
CUST_007252,meta_ads,true,2025-11-01,83.84,0.0,2,95.53,1.27,0
CUST_007301,direct,false,2024-05-01,119.61,0.0,1,80.96,0.99,1
CUST_007304,google_ads,true,2025-10-01,66.55,0.2,1,28.51,0.99,0
CUST_007313,organic_search,false,2024-10-01,129.87,0.0,1,83.45,0.99,1
CUST_007346,meta_ads,true,2024-09-01,102.56,0.0,1,66.13,0.99,1
CUST_007379,google_ads,true,2025-04-01,120.09,0.0,1,79.73,0.99,1
CUST_007414,meta_ads,true,2025-09-01,76.20,0.0,2,96.07,0.73,0
CUST_007421,meta_ads,true,2024-07-01,74.67,0.1999,1,34.88,0.99,1
CUST_007425,meta_ads,true,2025-02-01,78.33,0.0,1,49.64,0.99,1
CUST_007426,google_ads,true,2024-11-01,101.82,0.0,1,67.25,0.99,1
CUST_007449,google_ads,true,2025-06-01,106.29,0.0,2,143.23,0.60,1
CUST_007474,organic_search,false,2025-03-01,90.10,0.0,1,-29.86,0.99,1
CUST_007490,direct,false,2025-09-01,63.74,0.0,1,40.24,0.99,1
CUST_007501,creator_network,false,2025-03-01,102.63,0.0,1,67.52,0.99,1
CUST_007504,creator_network,false,2024-05-01,79.46,0.1001,1,-36.09,0.99,1
CUST_007506,creator_network,false,2025-12-01,94.18,0.15,1,45.87,0.99,0
CUST_007507,direct,false,2024-12-01,128.73,0.15,1,66.85,0.99,1
CUST_007518,direct,false,2024-08-01,125.91,0.0,1,79.87,0.99,1
CUST_007520,meta_ads,true,2024-02-01,72.48,0.1,2,102.49,0.96,1
CUST_007561,google_ads,true,2025-07-01,84.46,0.0,1,54.95,0.99,1
CUST_007572,meta_ads,true,2025-03-01,79.27,0.1999,1,34.86,0.99,1
CUST_007577,meta_ads,true,2025-04-01,83.45,0.0,1,55.33,0.99,1
CUST_007616,google_ads,true,2025-01-01,89.22,0.0,1,55.44,0.99,1
CUST_007624,google_ads,true,2025-06-01,89.01,0.2,1,37.80,0.99,1
CUST_007638,meta_ads,true,2025-05-01,112.30,0.0,1,-36.97,0.99,1
CUST_007643,google_ads,true,2025-01-01,104.86,0.1,1,57.88,0.99,1
CUST_007649,google_ads,true,2024-10-01,94.92,0.0,1,59.22,0.99,1
CUST_007655,meta_ads,true,2025-08-01,82.89,0.25,1,33.90,0.99,1
CUST_007708,creator_network,false,2025-08-01,67.28,0.0,1,43.28,0.99,1
CUST_007740,meta_ads,true,2024-03-01,87.09,0.2,1,39.86,0.99,1
CUST_007751,organic_search,false,2024-06-01,75.53,0.15,1,37.64,0.99,1
CUST_007773,google_ads,true,2024-08-01,122.12,0.0,1,82.01,0.99,1
CUST_007789,google_ads,true,2024-01-01,103.67,0.0,1,67.06,0.99,1
CUST_007791,creator_network,false,2025-03-01,86.68,0.1,2,59.29,2.86,1
CUST_007805,google_ads,true,2024-04-01,90.23,0.15,1,47.33,0.99,1
CUST_007813,meta_ads,true,2024-04-01,99.06,0.0,1,67.11,0.99,1
CUST_007823,google_ads,true,2024-12-01,89.14,0.0,1,55.60,0.99,1
CUST_007844,meta_ads,true,2025-02-01,84.78,0.0,3,70.44,2.75,1
CUST_007864,direct,false,2025-05-01,124.86,0.1,1,67.66,0.99,1
CUST_007897,meta_ads,true,2025-07-01,88.30,0.2,1,40.25,0.99,1
CUST_007913,google_ads,true,2025-03-01,73.33,0.0,1,46.82,0.99,1
CUST_007945,meta_ads,true,2024-12-01,70.75,0.0,3,94.86,0.39,1
CUST_007949,google_ads,true,2025-11-01,65.53,0.0,1,41.61,0.99,0
CUST_007969,google_ads,true,2024-12-01,89.62,0.0,1,56.76,0.99,1
CUST_008001,google_ads,true,2025-07-01,88.31,0.25,1,36.83,0.99,1
CUST_008037,meta_ads,true,2024-09-01,112.86,0.0,1,76.30,0.99,1
CUST_008049,organic_search,false,2025-10-01,83.35,0.0,1,55.14,0.99,0
CUST_008057,google_ads,true,2024-10-01,81.65,0.2,2,10.58,1.32,1
CUST_008077,creator_network,false,2025-05-01,74.27,0.0,1,48.52,0.99,1
CUST_008083,meta_ads,true,2024-07-01,65.26,0.0,1,41.93,0.99,1
CUST_008104,creator_network,false,2024-02-01,51.83,0.1499,1,26.82,0.99,1
CUST_008151,google_ads,true,2025-03-01,111.08,0.0,1,68.94,0.99,1
CUST_008182,google_ads,true,2024-05-01,52.66,0.0,1,33.24,0.99,1
CUST_008189,organic_search,false,2025-03-01,82.37,0.2,1,35.08,0.99,1
CUST_008206,direct,false,2024-08-01,105.27,0.1,1,58.70,0.99,1
CUST_008210,organic_search,false,2024-06-01,73.90,0.0,1,47.35,0.99,1
CUST_008215,meta_ads,true,2024-11-01,66.73,0.2001,1,-35.37,0.99,1
CUST_008236,google_ads,true,2025-03-01,94.73,0.15,1,47.52,0.99,1
CUST_008280,direct,false,2024-01-01,75.32,0.0,1,49.38,0.99,1
CUST_008301,google_ads,true,2025-08-01,89.56,0.0,1,59.12,0.99,1
CUST_008317,google_ads,true,2025-10-01,151.34,0.0,1,102.01,0.99,0
CUST_008325,google_ads,true,2024-03-01,130.84,0.0,1,82.10,0.99,1
CUST_008342,organic_search,false,2025-04-01,159.62,0.0,1,101.67,0.99,1
CUST_008351,meta_ads,true,2025-09-01,83.09,0.0,1,-30.49,0.99,1
CUST_008353,meta_ads,true,2025-10-01,25.00,0.1,1,13.43,0.99,1
CUST_008364,direct,false,2025-01-01,91.76,0.0,1,61.47,0.99,1
CUST_008397,organic_search,false,2025-04-01,55.86,0.1001,1,29.41,0.99,1
CUST_008411,creator_network,false,2025-01-01,93.52,0.0,1,62.58,0.99,1
CUST_008447,direct,false,2025-04-01,48.74,0.0,1,32.05,0.99,1
CUST_008451,direct,false,2025-06-01,116.76,0.0,2,124.04,2.44,1
CUST_008466,meta_ads,true,2024-08-01,64.46,0.0,1,42.55,0.99,1
CUST_008470,google_ads,true,2024-01-01,118.60,0.0,1,33.65,0.99,1
CUST_008471,direct,false,2024-07-01,102.70,0.1,4,154.02,5.05,1
CUST_008485,organic_search,false,2025-07-01,87.11,0.15,1,-45.61,0.99,1
CUST_008492,meta_ads,true,2024-05-01,78.21,0.2,1,36.37,0.99,1
CUST_008535,meta_ads,true,2025-03-01,123.18,0.1,1,69.55,0.99,1
CUST_008543,direct,false,2025-09-01,79.86,0.0,1,52.87,0.99,1
CUST_008548,creator_network,false,2024-11-01,103.81,0.25,1,40.58,0.99,1
CUST_008583,meta_ads,true,2025-10-01,99.03,0.0,1,62.55,0.99,0
CUST_008589,google_ads,true,2025-03-01,80.69,0.0,1,54.34,0.99,1
CUST_008601,creator_network,false,2024-12-01,50.04,0.2,1,23.48,0.99,1
CUST_008619,meta_ads,true,2024-01-01,69.49,0.1,1,-31.24,0.99,1
CUST_008633,google_ads,true,2024-02-01,160.12,0.0,1,101.65,0.99,1
CUST_008640,meta_ads,true,2025-05-01,93.79,0.1,1,52.21,0.99,1
CUST_008652,direct,false,2024-12-01,86.44,0.0,1,58.43,0.99,1
CUST_008657,google_ads,true,2025-03-01,91.03,0.0,1,60.78,0.99,1
CUST_008681,meta_ads,true,2024-01-01,71.87,0.0,1,46.90,0.99,1
CUST_008684,meta_ads,true,2025-05-01,70.39,0.0,1,45.88,0.99,1
CUST_008691,meta_ads,true,2025-01-01,91.64,0.1,2,98.63,0.75,1
CUST_008696,meta_ads,true,2025-05-01,80.83,0.0,1,-28.18,0.99,1
CUST_008699,creator_network,false,2025-02-01,91.64,0.1,1,50.74,0.99,1
CUST_008701,meta_ads,true,2025-11-01,95.14,0.0,1,63.34,0.99,0
CUST_008711,google_ads,true,2025-09-01,93.97,0.15,1,46.87,0.99,1
CUST_008750,meta_ads,true,2024-04-01,93.01,0.15,1,46.06,0.99,1
CUST_008793,meta_ads,true,2024-05-01,100.43,0.0,1,67.98,0.99,1
CUST_008850,google_ads,true,2024-02-01,130.53,0.0,2,-24.70,1.36,1
CUST_008864,meta_ads,true,2025-05-01,60.75,0.0,2,96.31,0.64,1
CUST_008886,google_ads,true,2025-06-01,122.17,0.0,1,80.30,0.99,1
CUST_008889,google_ads,true,2024-10-01,135.33,0.0,1,86.42,0.99,1
CUST_008952,creator_network,false,2025-09-01,67.27,0.1999,1,29.75,0.99,1
CUST_008974,direct,false,2024-03-01,94.05,0.0,1,58.79,0.99,1
CUST_009018,meta_ads,true,2025-09-01,106.67,0.0,1,68.10,0.99,1
CUST_009059,organic_search,false,2024-07-01,101.13,0.0,1,66.49,0.99,1
CUST_009069,google_ads,true,2024-02-01,111.99,0.15,1,53.70,0.99,1
CUST_009072,meta_ads,true,2025-08-01,88.02,0.0,2,89.74,0.93,1
CUST_009084,google_ads,true,2025-08-01,77.68,0.0,1,48.30,0.99,1
CUST_009094,google_ads,true,2025-07-01,52.00,0.0,1,33.86,0.99,1
CUST_009108,organic_search,false,2025-09-01,92.43,0.15,1,48.30,0.99,1
CUST_009122,meta_ads,true,2025-02-01,90.71,0.0,1,60.81,0.99,1
CUST_009135,meta_ads,true,2025-08-01,50.80,0.1,1,27.57,0.99,1
CUST_009163,meta_ads,true,2025-08-01,59.66,0.0,1,40.48,0.99,1
CUST_009196,direct,false,2024-04-01,135.37,0.0,1,88.56,0.99,1
CUST_009213,organic_search,false,2024-03-01,84.79,0.0,1,54.61,0.99,1
CUST_009220,google_ads,true,2024-05-01,83.31,0.0,2,114.54,0.97,1
CUST_009280,meta_ads,true,2024-03-01,89.02,0.15,1,45.46,0.99,1
CUST_009287,google_ads,true,2025-05-01,148.49,0.0,1,100.13,0.99,1
CUST_009300,google_ads,true,2024-04-01,133.81,0.0,1,89.52,0.99,1
CUST_009301,google_ads,true,2024-09-01,52.81,0.0,1,34.61,0.99,1
CUST_009325,meta_ads,true,2024-06-01,85.93,0.0,2,151.41,0.91,1
CUST_009327,google_ads,true,2025-08-01,112.49,0.0,1,75.98,0.99,1
CUST_009328,creator_network,false,2024-07-01,52.29,0.2,2,13.47,0.71,1
CUST_009330,meta_ads,true,2025-09-01,105.70,0.0,1,69.41,0.99,1
CUST_009356,organic_search,false,2025-08-01,114.15,0.0,1,74.30,0.99,1
CUST_009418,direct,false,2024-09-01,58.92,0.0,1,37.47,0.99,1
CUST_009420,google_ads,true,2025-03-01,76.33,0.25,1,32.79,0.99,1
CUST_009424,meta_ads,true,2024-12-01,90.07,0.15,1,45.76,0.99,1
CUST_009454,organic_search,false,2024-06-01,70.40,0.0,1,47.46,0.99,1
CUST_009474,direct,false,2024-07-01,99.20,0.0,1,61.80,0.99,1
CUST_009532,google_ads,true,2025-11-01,131.01,0.1,1,69.70,0.99,0
CUST_009542,google_ads,true,2024-11-01,88.57,0.2,1,40.37,0.99,1
CUST_009544,google_ads,true,2025-02-01,37.47,0.15,1,18.75,0.99,1
CUST_009564,creator_network,false,2025-03-01,60.83,0.2001,2,34.66,1.18,1
CUST_009591,google_ads,true,2025-03-01,106.03,0.0,2,21.45,2.10,1
CUST_009592,creator_network,false,2024-05-01,64.13,0.1,2,82.04,3.02,1
CUST_009597,google_ads,true,2025-02-01,128.80,0.15,1,66.47,0.99,1
CUST_009625,creator_network,false,2024-12-01,82.56,0.1,1,46.66,0.99,1
CUST_009646,meta_ads,true,2025-06-01,88.02,0.0,2,120.34,0.97,1
CUST_009648,google_ads,true,2025-03-01,90.31,0.0,2,155.47,1.23,1
CUST_009732,meta_ads,true,2025-08-01,50.11,0.0,1,31.82,0.99,1
CUST_009753,google_ads,true,2025-02-01,134.47,0.0,1,87.68,0.99,1
CUST_009772,google_ads,true,2024-10-01,113.56,0.1,1,62.34,0.99,1
CUST_009777,meta_ads,true,2025-03-01,78.02,0.15,1,-39.19,0.99,1
CUST_009785,organic_search,false,2025-03-01,60.37,0.0,2,85.53,1.42,1
CUST_009797,creator_network,false,2025-11-01,88.81,0.15,2,15.25,0.94,0
CUST_009804,creator_network,false,2025-06-01,72.65,0.15,2,-0.89,2.99,1
CUST_009826,google_ads,true,2025-09-01,150.60,0.0,2,188.09,0.20,1
CUST_009829,meta_ads,true,2025-08-01,76.81,0.0,1,50.32,0.99,1
CUST_009840,organic_search,false,2025-09-01,87.74,0.0,1,59.29,0.99,1
CUST_009865,creator_network,false,2025-07-01,62.68,0.1,1,33.71,0.99,1
CUST_009882,google_ads,true,2025-04-01,98.98,0.0,1,64.21,0.99,1
CUST_009927,google_ads,true,2025-01-01,97.20,0.0,1,63.99,0.99,1
CUST_009983,creator_network,false,2024-10-01,87.22,0.0,1,55.48,0.99,1
CUST_009993,organic_search,false,2025-02-01,93.37,0.15,1,-48.71,0.99,1
CUST_010021,google_ads,true,2024-06-01,131.96,0.0,1,87.91,0.99,1
CUST_010049,creator_network,false,2025-08-01,50.86,0.2,1,22.98,0.99,1
CUST_010050,google_ads,true,2025-12-01,108.91,0.0,1,68.20,0.99,0
CUST_010055,organic_search,false,2025-03-01,88.62,0.0,1,57.71,0.99,1
CUST_010056,creator_network,false,2025-02-01,62.90,0.0,1,41.21,0.99,1
CUST_010058,google_ads,true,2025-08-01,51.11,0.0,1,32.44,0.99,1
CUST_010091,google_ads,true,2024-07-01,86.68,0.15,1,44.10,0.99,1
CUST_010092,direct,false,2024-06-01,96.93,0.0,1,65.48,0.99,1
CUST_010121,meta_ads,true,2024-01-01,98.48,0.0,1,-36.26,0.99,1
CUST_010126,google_ads,true,2025-09-01,114.43,0.0,1,73.31,0.99,1
CUST_010160,google_ads,true,2025-09-01,95.66,0.0,1,21.42,0.99,1
CUST_010162,google_ads,true,2025-05-01,87.01,0.0,1,54.82,0.99,1
CUST_010169,meta_ads,true,2025-02-01,97.71,0.0,1,64.38,0.99,1
CUST_010171,direct,false,2025-03-01,76.50,0.1,1,41.77,0.99,1
CUST_010177,meta_ads,true,2025-08-01,71.67,0.0,1,47.25,0.99,1
CUST_010199,google_ads,true,2024-07-01,85.20,0.0,1,25.11,0.99,1
CUST_010212,google_ads,true,2024-10-01,113.23,0.2,1,52.03,0.99,1
CUST_010225,creator_network,false,2024-01-01,72.46,0.1001,1,37.99,0.99,1
CUST_010254,creator_network,false,2024-12-01,81.26,0.1,1,43.91,0.99,1
CUST_010262,organic_search,false,2025-06-01,112.92,0.1,1,62.79,0.99,1
CUST_010264,organic_search,false,2025-11-01,59.51,0.0,1,38.65,0.99,0
CUST_010268,meta_ads,true,2024-12-01,134.22,0.1,2,96.50,0.77,1
CUST_010282,meta_ads,true,2024-11-01,100.56,0.15,1,52.00,0.99,1
CUST_010287,google_ads,true,2025-01-01,120.84,0.0,1,80.15,0.99,1
CUST_010306,google_ads,true,2025-07-01,110.22,0.0,1,73.25,0.99,1
CUST_010310,creator_network,false,2024-10-01,77.92,0.1,1,-36.77,0.99,1
CUST_010324,creator_network,false,2024-01-01,81.67,0.1,1,45.35,0.99,1
CUST_010340,meta_ads,true,2025-10-01,93.90,0.0,1,62.80,0.99,0
CUST_010344,organic_search,false,2025-07-01,114.55,0.0,1,71.34,0.99,1
CUST_010346,meta_ads,true,2025-01-01,84.76,0.0,1,55.37,0.99,1
CUST_010360,google_ads,true,2025-05-01,114.87,0.2,2,92.09,2.24,1
CUST_010362,meta_ads,true,2025-10-01,84.50,0.0,1,54.96,0.99,0
CUST_010365,meta_ads,true,2024-01-01,62.91,0.0,1,40.94,0.99,1
CUST_010407,meta_ads,true,2024-09-01,119.25,0.0,1,29.07,0.99,1
CUST_010408,organic_search,false,2025-04-01,102.33,0.0,1,67.42,0.99,1
CUST_010418,direct,false,2024-03-01,100.87,0.0,2,148.25,0.35,1
CUST_010428,google_ads,true,2025-09-01,109.24,0.1,1,60.35,0.99,1
CUST_010440,google_ads,true,2024-11-01,142.25,0.15,1,71.32,0.99,1
CUST_010451,google_ads,true,2025-07-01,165.44,0.15,2,172.91,0.69,1
CUST_010467,organic_search,false,2025-01-01,97.99,0.0,3,171.54,2.78,1
CUST_010487,meta_ads,true,2024-01-01,88.14,0.1,1,46.66,0.99,1
CUST_010492,creator_network,false,2024-01-01,74.18,0.1,1,40.26,0.99,1
CUST_010534,google_ads,true,2024-02-01,99.44,0.0,2,120.31,1.15,1
CUST_010535,meta_ads,true,2025-04-01,77.10,0.0,1,7.17,0.99,1
CUST_010552,meta_ads,true,2024-12-01,94.15,0.0,1,62.13,0.99,1
CUST_010559,meta_ads,true,2024-10-01,118.49,0.0,1,-39.77,0.99,1
CUST_010575,google_ads,true,2025-11-01,116.71,0.0,1,74.41,0.99,0
CUST_010629,google_ads,true,2024-07-01,97.02,0.0,1,60.50,0.99,1
CUST_010642,google_ads,true,2025-11-01,154.48,0.1,1,88.45,0.99,0
CUST_010648,google_ads,true,2025-10-01,107.89,0.0,1,69.28,0.99,0
CUST_010652,google_ads,true,2025-09-01,127.56,0.0,1,84.48,0.99,1
CUST_010656,organic_search,false,2025-11-01,92.46,0.0,2,137.06,1.53,0
CUST_010661,direct,false,2025-02-01,70.97,0.0,1,46.98,0.99,1
CUST_010665,creator_network,false,2025-04-01,92.18,0.1,1,48.34,0.99,1
CUST_010701,google_ads,true,2024-06-01,139.92,0.0,1,89.04,0.99,1
CUST_010704,meta_ads,true,2025-12-01,89.54,0.1,1,50.26,0.99,0
CUST_010707,meta_ads,true,2025-05-01,62.95,0.0,2,71.46,1.31,1
CUST_010721,google_ads,true,2025-06-01,112.11,0.0,1,74.02,0.99,1
CUST_010740,creator_network,false,2024-07-01,48.21,0.15,1,25.11,0.99,1
CUST_010749,organic_search,false,2025-01-01,95.25,0.0,2,128.96,3.04,1
CUST_010751,direct,false,2025-01-01,115.24,0.0,1,76.71,0.99,1
CUST_010757,meta_ads,true,2024-06-01,126.26,0.0,1,83.39,0.99,1
CUST_010796,google_ads,true,2024-11-01,97.14,0.0,1,61.97,0.99,1
CUST_010801,meta_ads,true,2024-11-01,129.44,0.15,1,66.11,0.99,1
CUST_010802,meta_ads,true,2025-09-01,45.53,0.2001,1,19.49,0.99,1
CUST_010803,meta_ads,true,2024-03-01,96.74,0.0,2,101.16,1.07,1
CUST_010816,direct,false,2025-04-01,122.66,0.0,1,83.06,0.99,1
CUST_010820,meta_ads,true,2025-01-01,96.68,0.0,2,88.07,1.50,1
CUST_010821,google_ads,true,2025-02-01,54.60,0.0,1,34.85,0.99,1
CUST_010823,meta_ads,true,2025-12-01,107.86,0.0,1,67.69,0.99,0
CUST_010854,meta_ads,true,2025-09-01,61.55,0.1001,1,0.59,0.99,1
CUST_010860,direct,false,2025-05-01,63.62,0.0,1,41.88,0.99,1
CUST_010870,google_ads,true,2024-11-01,105.38,0.0,1,65.77,0.99,1
CUST_010881,organic_search,false,2024-11-01,125.79,0.0,1,81.00,0.99,1
CUST_010885,direct,false,2025-03-01,126.80,0.0,1,86.16,0.99,1
CUST_010899,google_ads,true,2024-05-01,120.53,0.0,1,80.86,0.99,1
CUST_010916,creator_network,false,2024-03-01,81.79,0.0,1,55.37,0.99,1
CUST_010919,google_ads,true,2025-05-01,72.04,0.0,1,48.32,0.99,1
CUST_010920,google_ads,true,2024-09-01,112.64,0.0,1,71.46,0.99,1
CUST_010927,meta_ads,true,2025-09-01,128.89,0.0,1,86.63,0.99,1
CUST_010933,creator_network,false,2024-07-01,92.29,0.0,3,137.00,2.19,1
CUST_010935,google_ads,true,2025-01-01,110.00,0.0,1,70.13,0.99,1
CUST_010939,meta_ads,true,2024-01-01,73.85,0.2,1,32.27,0.99,1
CUST_010985,meta_ads,true,2024-09-01,70.73,0.15,1,33.43,0.99,1
CUST_010986,meta_ads,true,2024-07-01,57.51,0.0,3,131.82,7.69,1
CUST_011029,meta_ads,true,2025-09-01,112.86,0.0,1,74.41,0.99,1
CUST_011089,organic_search,false,2025-01-01,117.80,0.1,1,67.49,0.99,1
CUST_011123,meta_ads,true,2024-11-01,81.78,0.2499,1,-20.42,0.99,1
CUST_011129,google_ads,true,2025-01-01,40.26,0.1001,1,22.84,0.99,1
CUST_011139,meta_ads,true,2025-06-01,101.76,0.0,2,130.52,0.81,1
CUST_011144,google_ads,true,2025-08-01,57.78,0.2001,2,65.13,2.93,0
CUST_011154,google_ads,true,2024-12-01,99.32,0.0,1,62.03,0.99,1
CUST_011175,google_ads,true,2025-11-01,143.41,0.15,1,69.16,0.99,0
CUST_011180,meta_ads,true,2024-02-01,100.48,0.0,1,63.42,0.99,1
CUST_011192,meta_ads,true,2024-05-01,61.30,0.0,1,-22.49,0.99,1
CUST_011212,direct,false,2025-07-01,59.27,0.1999,2,64.29,1.71,1
CUST_011241,google_ads,true,2024-08-01,131.78,0.2,1,55.83,0.99,1
CUST_011278,meta_ads,true,2025-05-01,76.57,0.0,1,48.41,0.99,1
CUST_011297,meta_ads,true,2025-01-01,107.19,0.0,1,25.67,0.99,1
CUST_011311,google_ads,true,2024-04-01,89.53,0.0,1,56.82,0.99,1
CUST_011315,meta_ads,true,2025-11-01,91.78,0.1,1,49.58,0.99,0
CUST_011319,creator_network,false,2024-11-01,70.54,0.2,2,66.58,0.30,1
CUST_011336,google_ads,true,2025-04-01,88.31,0.0,1,57.18,0.99,1
CUST_011361,meta_ads,true,2025-08-01,94.20,0.0,1,64.04,0.99,1
CUST_011399,google_ads,true,2024-10-01,93.06,0.15,1,47.02,0.99,1
CUST_011405,meta_ads,true,2025-09-01,99.98,0.0,1,65.11,0.99,1
CUST_011446,creator_network,false,2025-09-01,87.26,0.1,1,45.57,0.99,1
CUST_011466,google_ads,true,2024-02-01,80.42,0.2499,1,30.25,0.99,1
CUST_011469,creator_network,false,2024-07-01,87.84,0.1,2,56.12,1.71,1
CUST_011473,meta_ads,true,2025-12-01,115.21,0.1,1,60.48,0.99,0
CUST_011477,meta_ads,true,2025-05-01,90.28,0.1,1,47.83,0.99,1
CUST_011485,meta_ads,true,2024-06-01,94.25,0.1001,1,54.29,0.99,1
CUST_011505,direct,false,2025-03-01,122.96,0.0,2,135.30,0.27,1
CUST_011515,organic_search,false,2025-07-01,98.81,0.1,2,112.56,0.42,1
CUST_011526,google_ads,true,2025-08-01,69.13,0.0,1,44.80,0.99,1
CUST_011534,google_ads,true,2024-05-01,87.82,0.0,1,59.54,0.99,1
CUST_011549,google_ads,true,2025-03-01,100.47,0.0,2,122.61,0.26,1
CUST_011580,meta_ads,true,2025-09-01,83.03,0.0,1,53.99,0.99,1
CUST_011583,meta_ads,true,2025-11-01,83.77,0.1,1,44.76,0.99,0
CUST_011603,meta_ads,true,2025-12-01,96.47,0.0,1,62.03,0.99,0
CUST_011614,direct,false,2025-12-01,116.69,0.0,1,77.08,0.99,0
CUST_011615,meta_ads,true,2024-01-01,87.90,0.1,1,-38.76,0.99,1
CUST_011618,google_ads,true,2024-02-01,121.26,0.1,1,63.36,0.99,1
CUST_011664,meta_ads,true,2025-09-01,84.16,0.0,1,8.77,0.99,1
CUST_011693,google_ads,true,2025-08-01,94.24,0.0,1,62.31,0.99,1
CUST_011774,meta_ads,true,2024-07-01,97.42,0.0,2,104.72,0.37,1
CUST_011785,google_ads,true,2025-06-01,79.15,0.0,1,52.09,0.99,1
CUST_011824,google_ads,true,2025-09-01,178.03,0.2,1,82.62,0.99,1
CUST_011846,google_ads,true,2024-03-01,125.97,0.2,1,57.59,0.99,1
CUST_011923,creator_network,false,2024-04-01,63.09,0.1499,2,71.13,0.38,1
CUST_011940,google_ads,true,2025-02-01,136.39,0.0,1,90.13,0.99,1
CUST_011942,meta_ads,true,2024-05-01,93.42,0.1,1,-43.34,0.99,1
CUST_011964,google_ads,true,2024-07-01,57.29,0.1499,3,65.83,4.45,1
CUST_011978,organic_search,false,2025-11-01,139.14,0.0,1,-46.55,0.99,0
CUST_011985,organic_search,false,2024-12-01,88.53,0.0,3,3.83,5.99,1
CUST_011991,google_ads,true,2024-04-01,146.76,0.0,1,97.92,0.99,1
CUST_011992,meta_ads,true,2024-05-01,91.20,0.15,1,47.20,0.99,1
CUST_012019,organic_search,false,2024-06-01,110.37,0.0,1,-41.67,0.99,1
CUST_012076,organic_search,false,2025-10-01,92.42,0.0,1,61.56,0.99,0
CUST_012089,google_ads,true,2025-05-01,101.44,0.0,1,64.74,0.99,1
CUST_012102,google_ads,true,2024-08-01,84.01,0.0,1,54.54,0.99,1
CUST_012106,google_ads,true,2025-10-01,125.52,0.0,1,5.41,0.99,0
CUST_012138,google_ads,true,2025-05-01,106.57,0.0,1,70.17,0.99,1
CUST_012173,google_ads,true,2024-02-01,111.20,0.0,1,74.08,0.99,1
CUST_012184,meta_ads,true,2024-12-01,125.69,0.15,1,66.35,0.99,1
CUST_012191,meta_ads,true,2025-04-01,91.58,0.1,3,128.57,7.43,0
CUST_012201,creator_network,false,2024-10-01,79.84,0.0999,1,43.64,0.99,1
CUST_012286,google_ads,true,2025-08-01,119.42,0.15,3,246.34,4.28,0
CUST_012307,google_ads,true,2025-02-01,51.79,0.0,1,32.47,0.99,1
CUST_012333,organic_search,false,2025-10-01,97.45,0.0,1,61.66,0.99,0
CUST_012348,meta_ads,true,2025-09-01,97.94,0.0,1,61.20,0.99,1
CUST_012362,google_ads,true,2024-10-01,84.27,0.0,1,53.75,0.99,1
CUST_012383,meta_ads,true,2025-02-01,94.15,0.15,1,49.26,0.99,1
CUST_012396,google_ads,true,2024-11-01,125.69,0.1,1,71.12,0.99,1
CUST_012399,meta_ads,true,2025-03-01,90.76,0.2,1,41.14,0.99,1
CUST_012410,meta_ads,true,2025-12-01,123.59,0.1,1,70.39,0.99,0
CUST_012430,meta_ads,true,2025-06-01,95.40,0.0,1,61.63,0.99,1
CUST_012437,creator_network,false,2025-02-01,101.64,0.1,2,-36.30,0.55,1
CUST_012441,meta_ads,true,2025-09-01,70.34,0.0999,1,39.79,0.99,1
CUST_012451,meta_ads,true,2025-10-01,79.07,0.1,1,44.48,0.99,0
CUST_012452,direct,false,2025-08-01,68.23,0.0,1,43.15,0.99,1
CUST_012458,direct,false,2025-02-01,79.29,0.0,1,52.29,0.99,1
CUST_012462,google_ads,true,2025-08-01,113.65,0.0,1,72.69,0.99,1
CUST_012466,creator_network,false,2024-08-01,67.04,0.0,1,-2.66,0.99,1
CUST_012482,meta_ads,true,2025-10-01,97.65,0.2,1,41.65,0.99,0
CUST_012490,direct,false,2025-09-01,116.30,0.15,1,57.23,0.99,1
CUST_000005,meta_ads,true,2024-05-01,94.72,0.15,1,0.62,0.99,1
CUST_000022,organic_search,false,2024-05-01,105.34,0.1,1,55.03,0.99,1
CUST_000035,meta_ads,true,2025-12-01,72.08,0.2001,1,34.46,0.99,0
CUST_000060,google_ads,true,2024-10-01,113.55,0.0,1,-40.69,0.99,1
CUST_000067,creator_network,false,2024-05-01,78.90,0.2,2,95.75,1.55,1
CUST_000104,google_ads,true,2025-03-01,93.54,0.0,1,-34.45,0.99,1
CUST_000108,organic_search,false,2025-08-01,91.71,0.0,1,61.04,0.99,1
CUST_000156,meta_ads,true,2024-08-01,64.58,0.0,1,42.57,0.99,1
CUST_000165,google_ads,true,2024-03-01,138.03,0.0,1,85.73,0.99,1
CUST_000176,creator_network,false,2024-06-01,93.78,0.15,1,48.04,0.99,1
CUST_000179,creator_network,false,2025-11-01,82.46,0.1,1,44.52,0.99,0
CUST_000220,meta_ads,true,2025-10-01,96.96,0.1,1,52.22,0.99,0
CUST_000229,google_ads,true,2025-10-01,62.10,0.0,1,40.29,0.99,0
CUST_000233,google_ads,true,2025-04-01,44.57,0.0,1,28.28,0.99,1
CUST_000244,meta_ads,true,2024-11-01,78.38,0.0,1,49.40,0.99,1
CUST_000253,meta_ads,true,2025-10-01,63.67,0.15,2,-2.34,0.82,0
CUST_000269,meta_ads,true,2024-11-01,89.37,0.0,1,57.11,0.99,1
CUST_000280,google_ads,true,2025-09-01,74.16,0.1499,2,24.44,0.61,0
CUST_000290,meta_ads,true,2025-04-01,77.26,0.2,1,33.50,0.99,1
CUST_000334,google_ads,true,2024-04-01,88.69,0.0,1,55.77,0.99,1
CUST_000335,meta_ads,true,2024-02-01,110.90,0.1,1,64.26,0.99,1
CUST_000358,google_ads,true,2025-04-01,76.52,0.0,1,48.69,0.99,1
CUST_000396,meta_ads,true,2025-11-01,81.61,0.0,1,51.09,0.99,0
CUST_000398,organic_search,false,2025-01-01,118.57,0.0,3,209.45,3.05,1
CUST_000417,google_ads,true,2024-09-01,121.47,0.0,1,80.39,0.99,1
CUST_000429,google_ads,true,2024-11-01,107.18,0.0,1,69.11,0.99,1
CUST_000431,google_ads,true,2024-05-01,62.84,0.0,1,9.33,0.99,1
CUST_000448,meta_ads,true,2025-08-01,79.05,0.0,1,50.93,0.99,1
CUST_000463,organic_search,false,2025-08-01,100.64,0.0,3,204.68,2.18,0
CUST_000465,meta_ads,true,2025-12-01,73.27,0.0,1,47.47,0.99,0
CUST_000476,creator_network,false,2025-12-01,63.35,0.15,1,31.63,0.99,0
CUST_000508,direct,false,2025-09-01,112.41,0.0,1,71.12,0.99,1
CUST_000539,google_ads,true,2025-01-01,118.17,0.0,2,161.87,0.80,1
CUST_000549,direct,false,2025-03-01,96.42,0.0,1,63.42,0.99,1
CUST_000554,google_ads,true,2025-04-01,113.36,0.0,1,-39.14,0.99,1
CUST_000560,meta_ads,true,2025-05-01,87.93,0.0,3,132.51,1.52,1
CUST_000571,google_ads,true,2025-03-01,136.55,0.0,1,85.14,0.99,1
CUST_000578,creator_network,false,2025-11-01,63.95,0.1001,1,34.91,0.99,0
CUST_000585,meta_ads,true,2025-05-01,57.59,0.1,1,30.39,0.99,1
CUST_000588,direct,false,2024-05-01,92.42,0.0,1,57.92,0.99,1
CUST_000620,meta_ads,true,2025-08-01,114.13,0.0,1,75.38,0.99,1
CUST_000658,meta_ads,true,2024-11-01,124.45,0.15,1,60.73,0.99,1
CUST_000664,meta_ads,true,2024-08-01,113.60,0.2,1,50.13,0.99,1
CUST_000676,creator_network,false,2025-12-01,89.57,0.1,1,46.76,0.99,0
CUST_000697,direct,false,2024-09-01,83.93,0.0,1,53.22,0.99,1
CUST_000698,google_ads,true,2025-04-01,122.09,0.15,1,13.26,0.99,1
CUST_000707,google_ads,true,2024-10-01,132.13,0.1,1,70.83,0.99,1
CUST_000717,meta_ads,true,2025-09-01,98.87,0.2,1,44.33,0.99,1
CUST_000728,creator_network,false,2025-09-01,76.32,0.0,1,47.94,0.99,1
CUST_000770,organic_search,false,2025-09-01,123.52,0.0,1,77.20,0.99,1
CUST_000804,organic_search,false,2025-05-01,80.86,0.0,1,51.79,0.99,1
CUST_000820,google_ads,true,2024-10-01,149.19,0.0,1,98.16,0.99,1
CUST_000833,google_ads,true,2024-05-01,81.09,0.0,1,55.13,0.99,1
CUST_000844,creator_network,false,2025-12-01,81.96,0.1,1,44.70,0.99,0
CUST_000854,google_ads,true,2025-11-01,86.91,0.0,1,58.40,0.99,0
CUST_000877,organic_search,false,2025-07-01,109.67,0.0,1,73.44,0.99,1
CUST_000882,meta_ads,true,2025-06-01,75.74,0.15,2,106.35,0.98,1
CUST_000901,direct,false,2024-07-01,123.96,0.0,1,79.62,0.99,1
CUST_000920,creator_network,false,2024-05-01,90.60,0.1,1,48.42,0.99,1
CUST_000922,meta_ads,true,2025-02-01,52.71,0.0,1,34.23,0.99,1
CUST_000924,creator_network,false,2025-09-01,67.58,0.2501,3,72.22,2.03,0
CUST_000952,google_ads,true,2025-06-01,93.58,0.1,1,51.77,0.99,1
CUST_000970,google_ads,true,2025-02-01,126.65,0.0,1,82.57,0.99,1
CUST_000972,google_ads,true,2025-11-01,99.00,0.0,1,65.43,0.99,0
CUST_000988,creator_network,false,2025-01-01,77.91,0.2,1,33.82,0.99,1
CUST_000997,direct,false,2025-11-01,103.59,0.0,1,68.53,0.99,0
CUST_001006,direct,false,2025-06-01,105.47,0.1,1,55.15,0.99,1
CUST_001048,google_ads,true,2024-01-01,96.83,0.0,1,-35.48,0.99,1
CUST_001060,google_ads,true,2025-05-01,74.36,0.0,3,163.40,3.42,1
CUST_001068,google_ads,true,2024-04-01,95.23,0.0,1,59.77,0.99,1
CUST_001087,direct,false,2025-05-01,85.22,0.0,1,53.58,0.99,1
CUST_001092,google_ads,true,2025-06-01,102.94,0.0,1,65.44,0.99,1
CUST_001115,google_ads,true,2025-04-01,148.84,0.0,2,125.90,2.03,1
CUST_001126,google_ads,true,2025-03-01,84.26,0.0,1,56.64,0.99,1
CUST_001167,google_ads,true,2025-09-01,86.42,0.0,1,57.15,0.99,1
CUST_001176,google_ads,true,2025-03-01,90.41,0.0,1,56.33,0.99,1
CUST_001177,meta_ads,true,2025-08-01,77.45,0.0,1,51.23,0.99,1
CUST_001181,direct,false,2025-12-01,86.51,0.0,1,58.65,0.99,0
CUST_001195,google_ads,true,2024-02-01,117.66,0.0,2,161.08,0.87,1
CUST_001196,meta_ads,true,2025-10-01,95.77,0.1,1,53.30,0.99,0
CUST_001203,creator_network,false,2024-01-01,70.15,0.1001,1,39.03,0.99,1
CUST_001206,meta_ads,true,2025-08-01,64.66,0.0,1,41.72,0.99,1
CUST_001217,google_ads,true,2024-03-01,89.28,0.0,1,-31.35,0.99,1
CUST_001236,meta_ads,true,2024-11-01,108.15,0.0,2,139.95,1.68,1
CUST_001254,meta_ads,true,2024-05-01,76.97,0.1,1,43.54,0.99,1
CUST_001266,google_ads,true,2024-03-01,87.98,0.0,1,58.11,0.99,1
CUST_001267,meta_ads,true,2024-12-01,96.26,0.2,1,42.20,0.99,1
CUST_001281,direct,false,2025-05-01,92.37,0.0,1,58.85,0.99,1
CUST_001301,organic_search,false,2024-02-01,104.68,0.1,2,110.57,2.77,1
CUST_001303,direct,false,2024-02-01,98.71,0.0,2,141.11,1.32,1
CUST_001355,meta_ads,true,2025-02-01,63.96,0.0,1,40.96,0.99,1
CUST_001368,meta_ads,true,2025-11-01,72.31,0.2,1,34.26,0.99,0
CUST_001384,meta_ads,true,2024-08-01,71.73,0.0,2,25.12,0.63,1
CUST_001393,meta_ads,true,2024-06-01,115.93,0.2,1,51.52,0.99,1
CUST_001396,creator_network,false,2025-09-01,95.98,0.2,1,-53.52,0.99,1
CUST_001410,meta_ads,true,2025-10-01,93.68,0.0,1,61.20,0.99,0
CUST_001448,google_ads,true,2025-09-01,102.29,0.0,1,64.89,0.99,1
CUST_001468,direct,false,2024-12-01,89.13,0.25,1,36.61,0.99,1
CUST_001492,google_ads,true,2024-11-01,101.97,0.1,1,58.25,0.99,1
CUST_001538,google_ads,true,2025-06-01,25.00,0.0,1,16.29,0.99,1
CUST_001560,direct,false,2025-11-01,120.01,0.25,1,49.18,0.99,0
CUST_001562,direct,false,2024-08-01,61.21,0.0,1,41.48,0.99,1
CUST_001567,direct,false,2025-06-01,66.28,0.0,1,43.84,0.99,1
CUST_001653,google_ads,true,2024-08-01,133.46,0.0,1,83.13,0.99,1
CUST_001660,meta_ads,true,2025-01-01,122.19,0.25,1,45.23,0.99,1
CUST_001681,meta_ads,true,2024-11-01,86.92,0.1,2,77.60,3.23,1
CUST_001690,google_ads,true,2025-08-01,97.96,0.0,1,66.45,0.99,1
CUST_001694,organic_search,false,2024-05-01,102.96,0.0,2,138.35,0.65,1
CUST_001749,google_ads,true,2025-08-01,72.90,0.1,1,39.24,0.99,1
CUST_001796,creator_network,false,2024-03-01,62.21,0.15,4,174.94,5.05,1
CUST_001810,meta_ads,true,2024-04-01,95.13,0.0,2,142.74,1.32,1
CUST_001818,meta_ads,true,2025-08-01,86.03,0.0,1,57.79,0.99,1
CUST_001861,direct,false,2025-08-01,71.84,0.2,1,32.79,0.99,1
CUST_001876,organic_search,false,2025-03-01,79.10,0.1499,1,40.61,0.99,1
CUST_001882,google_ads,true,2025-10-01,38.86,0.0,1,24.64,0.99,0
CUST_001908,google_ads,true,2024-11-01,121.13,0.0,1,79.09,0.99,1
CUST_001925,google_ads,true,2025-09-01,110.30,0.1,2,71.70,1.66,0
CUST_001937,creator_network,false,2024-09-01,68.60,0.1,1,36.90,0.99,1
CUST_001947,organic_search,false,2025-01-01,94.95,0.0,1,60.97,0.99,1
CUST_001973,meta_ads,true,2024-09-01,111.94,0.15,1,55.94,0.99,1
CUST_001982,google_ads,true,2025-09-01,59.92,0.0,1,38.77,0.99,1
CUST_001991,organic_search,false,2025-08-01,77.45,0.0,1,51.70,0.99,1
CUST_001995,creator_network,false,2025-08-01,94.69,0.0,3,124.96,4.56,0
CUST_001998,google_ads,true,2024-03-01,74.79,0.0,2,117.33,2.16,1
CUST_002009,direct,false,2024-03-01,124.38,0.0,1,80.15,0.99,1
CUST_002016,meta_ads,true,2024-12-01,33.08,0.0,2,53.51,1.47,1
CUST_002053,creator_network,false,2024-06-01,85.87,0.1,1,46.00,0.99,1
CUST_002074,organic_search,false,2025-10-01,69.91,0.0,1,47.32,0.99,0
CUST_002082,meta_ads,true,2024-03-01,84.70,0.2,1,35.97,0.99,1
CUST_002088,meta_ads,true,2025-06-01,85.27,0.15,1,44.51,0.99,1
CUST_002089,google_ads,true,2025-09-01,131.56,0.0,1,88.73,0.99,1
CUST_002100,direct,false,2024-12-01,135.12,0.0,1,89.20,0.99,1
CUST_002118,google_ads,true,2025-05-01,90.97,0.0,1,60.76,0.99,1
CUST_002127,meta_ads,true,2025-05-01,144.15,0.1,1,77.21,0.99,1
CUST_002139,creator_network,false,2024-06-01,97.65,0.15,1,49.66,0.99,1
CUST_002147,organic_search,false,2025-01-01,127.92,0.0,1,84.86,0.99,1
CUST_002175,meta_ads,true,2024-08-01,95.40,0.0,2,111.01,0.67,1
CUST_002177,meta_ads,true,2024-09-01,81.16,0.15,1,42.45,0.99,1
CUST_002185,creator_network,false,2025-06-01,75.79,0.0,1,47.88,0.99,1
CUST_002203,google_ads,true,2025-01-01,129.46,0.15,1,-63.03,0.99,1
CUST_002219,meta_ads,true,2025-10-01,75.99,0.15,1,35.99,0.99,0
CUST_002227,google_ads,true,2024-09-01,104.88,0.0,1,69.41,0.99,1
CUST_002261,google_ads,true,2025-08-01,99.12,0.0,1,65.35,0.99,1
CUST_002263,meta_ads,true,2025-10-01,78.35,0.0,1,49.19,0.99,0
CUST_002272,organic_search,false,2024-12-01,120.95,0.0,1,77.40,0.99,1
CUST_002277,meta_ads,true,2025-08-01,138.34,0.1,1,76.84,0.99,1
CUST_002291,google_ads,true,2025-05-01,65.36,0.0,1,40.68,0.99,1
CUST_002299,google_ads,true,2024-04-01,131.27,0.0,1,5.07,0.99,1
CUST_002332,google_ads,true,2024-03-01,52.77,0.0,2,82.25,1.17,1
CUST_002343,meta_ads,true,2024-03-01,108.13,0.0,1,70.83,0.99,1
CUST_002344,google_ads,true,2024-11-01,80.88,0.0,1,52.50,0.99,1
CUST_002346,creator_network,false,2025-06-01,83.39,0.1,1,45.61,0.99,1
CUST_002354,meta_ads,true,2025-10-01,82.83,0.0,1,56.00,0.99,0
CUST_002359,google_ads,true,2025-03-01,93.51,0.2,1,44.19,0.99,1
CUST_002364,creator_network,false,2025-02-01,77.19,0.0,1,51.22,0.99,1
CUST_002374,creator_network,false,2025-01-01,62.47,0.15,2,-7.02,1.78,1
CUST_002386,organic_search,false,2025-04-01,79.31,0.0,1,52.89,0.99,1
CUST_002398,meta_ads,true,2024-01-01,92.39,0.25,1,37.71,0.99,1
CUST_002431,meta_ads,true,2025-05-01,121.15,0.0,1,75.93,0.99,1
CUST_002438,organic_search,false,2024-10-01,79.51,0.0,1,51.42,0.99,1
CUST_002478,meta_ads,true,2025-09-01,131.48,0.1,1,75.17,0.99,1
CUST_002485,creator_network,false,2025-01-01,77.19,0.0,1,50.97,0.99,1
CUST_002490,organic_search,false,2024-11-01,105.24,0.0,1,20.29,0.99,1
CUST_002500,meta_ads,true,2024-12-01,113.89,0.0,1,-39.08,0.99,1
CUST_002511,meta_ads,true,2024-03-01,73.50,0.1499,1,37.96,0.99,1
CUST_002545,creator_network,false,2024-03-01,43.50,0.1499,1,21.40,0.99,1
CUST_002560,google_ads,true,2025-02-01,113.92,0.2,2,18.46,0.99,1
CUST_002584,meta_ads,true,2025-01-01,88.50,0.2,1,39.40,0.99,1
CUST_002612,creator_network,false,2024-01-01,107.85,0.1,1,22.00,0.99,1
CUST_002656,creator_network,false,2024-12-01,54.28,0.1,1,29.55,0.99,1
CUST_002662,google_ads,true,2025-10-01,125.40,0.0,1,-45.74,0.99,0
CUST_002671,meta_ads,true,2025-06-01,127.80,0.2,1,59.74,0.99,1
CUST_002684,google_ads,true,2024-11-01,64.04,0.0,1,43.06,0.99,1
CUST_002719,meta_ads,true,2025-10-01,108.25,0.0,1,72.72,0.99,0
CUST_002727,meta_ads,true,2024-03-01,87.23,0.1,1,50.44,0.99,1
CUST_002732,google_ads,true,2025-02-01,100.06,0.0,1,67.42,0.99,1
CUST_002741,direct,false,2024-11-01,105.81,0.2,1,47.96,0.99,1
CUST_002747,organic_search,false,2025-04-01,64.90,0.0,1,40.53,0.99,1
CUST_002764,google_ads,true,2025-01-01,104.67,0.0,1,4.97,0.99,1
CUST_002770,meta_ads,true,2025-06-01,65.53,0.1,1,36.03,0.99,1
CUST_002775,meta_ads,true,2025-03-01,93.99,0.0,1,59.35,0.99,1
CUST_002794,creator_network,false,2024-08-01,62.71,0.1,1,35.45,0.99,1
CUST_002844,meta_ads,true,2025-12-01,116.01,0.1,1,66.71,0.99,0
CUST_002866,meta_ads,true,2025-04-01,28.26,0.0,1,18.03,0.99,1
CUST_002907,creator_network,false,2025-12-01,89.47,0.2,1,1.21,0.99,0
CUST_002910,meta_ads,true,2024-10-01,122.06,0.0,1,82.45,0.99,1
CUST_002915,creator_network,false,2024-07-01,82.76,0.0,1,55.03,0.99,1
CUST_002928,meta_ads,true,2025-12-01,90.50,0.1,1,-12.62,0.99,0
CUST_002929,organic_search,false,2025-08-01,87.89,0.0,1,58.87,0.99,1
CUST_002931,google_ads,true,2025-04-01,148.56,0.15,1,-77.29,0.99,1
CUST_002957,organic_search,false,2025-07-01,76.23,0.0,1,49.29,0.99,1
CUST_002960,google_ads,true,2025-09-01,130.81,0.0,1,87.77,0.99,1
CUST_002961,meta_ads,true,2024-07-01,114.37,0.1,1,64.87,0.99,1
CUST_002973,google_ads,true,2025-08-01,84.82,0.0,1,56.53,0.99,1
CUST_002980,meta_ads,true,2025-12-01,50.29,0.1,1,27.97,0.99,0
CUST_002985,creator_network,false,2025-03-01,68.24,0.0,1,45.80,0.99,1
CUST_002990,creator_network,false,2025-10-01,85.49,0.0,1,58.02,0.99,0
CUST_003008,meta_ads,true,2024-01-01,86.66,0.0,1,57.98,0.99,1
CUST_003011,meta_ads,true,2025-03-01,100.86,0.0,1,62.93,0.99,1
CUST_003016,meta_ads,true,2024-10-01,89.86,0.0,2,103.80,1.38,1
CUST_003025,google_ads,true,2024-02-01,68.55,0.0,2,123.86,0.47,1
CUST_003067,google_ads,true,2024-01-01,132.69,0.0,1,-50.07,0.99,1
CUST_003116,meta_ads,true,2025-10-01,90.03,0.0,1,-30.36,0.99,0
CUST_003149,meta_ads,true,2025-08-01,102.33,0.15,1,52.62,0.99,1
CUST_003160,meta_ads,true,2024-09-01,77.91,0.0,1,52.16,0.99,1
CUST_003178,google_ads,true,2025-10-01,136.42,0.0,1,90.04,0.99,0
CUST_003186,creator_network,false,2025-03-01,35.55,0.2,1,15.23,0.99,1
CUST_003189,meta_ads,true,2025-09-01,96.71,0.1,1,50.89,0.99,1
CUST_003200,google_ads,true,2024-12-01,74.98,0.0,2,102.23,2.34,1
CUST_003213,meta_ads,true,2024-06-01,76.01,0.0,1,-27.84,0.99,1
CUST_003218,creator_network,false,2024-01-01,66.04,0.0,1,44.61,0.99,1
CUST_003230,meta_ads,true,2024-07-01,83.54,0.0,1,53.17,0.99,1
CUST_003258,meta_ads,true,2024-07-01,89.60,0.0,2,121.31,0.14,1
CUST_003279,meta_ads,true,2024-10-01,58.91,0.25,1,23.08,0.99,1
CUST_003314,creator_network,false,2024-01-01,68.28,0.15,1,33.92,0.99,1
CUST_003321,meta_ads,true,2025-03-01,97.37,0.0,1,63.20,0.99,1
CUST_003344,meta_ads,true,2024-05-01,78.45,0.1001,1,44.41,0.99,1
CUST_003353,meta_ads,true,2025-11-01,100.40,0.0,1,63.77,0.99,0
CUST_003364,meta_ads,true,2024-09-01,82.79,0.0,1,52.44,0.99,1
CUST_003371,meta_ads,true,2024-07-01,75.01,0.0,1,50.51,0.99,1
CUST_003372,meta_ads,true,2025-04-01,91.85,0.0999,3,143.97,1.98,1
CUST_003374,google_ads,true,2025-06-01,117.58,0.0,1,79.11,0.99,1
CUST_003411,direct,false,2024-12-01,91.81,0.0,1,60.54,0.99,1
CUST_003413,creator_network,false,2024-01-01,75.27,0.1,3,143.35,3.71,1
CUST_003417,meta_ads,true,2024-10-01,64.88,0.2001,1,31.08,0.99,1
CUST_003467,google_ads,true,2025-01-01,111.62,0.0,1,74.85,0.99,1
CUST_003469,google_ads,true,2025-09-01,97.04,0.0,1,-31.52,0.99,1
CUST_003484,google_ads,true,2025-11-01,119.80,0.0,1,76.30,0.99,0
CUST_003506,meta_ads,true,2025-05-01,117.35,0.0,1,-40.62,0.99,1
CUST_003536,google_ads,true,2024-05-01,118.15,0.15,1,61.30,0.99,1
CUST_003560,meta_ads,true,2025-01-01,67.35,0.0,1,44.63,0.99,1
CUST_003602,meta_ads,true,2025-04-01,116.21,0.1,1,62.17,0.99,1
CUST_003630,google_ads,true,2025-05-01,108.19,0.0,1,69.63,0.99,1
CUST_003632,direct,false,2024-05-01,69.66,0.0,1,47.34,0.99,1
CUST_003633,organic_search,false,2025-01-01,113.04,0.0,1,72.78,0.99,1
CUST_003653,google_ads,true,2025-09-01,127.58,0.2,1,57.61,0.99,1
CUST_003663,google_ads,true,2024-02-01,97.87,0.2,1,43.26,0.99,1
CUST_003677,google_ads,true,2024-06-01,126.49,0.2,1,55.44,0.99,1
CUST_003678,google_ads,true,2024-11-01,149.81,0.0,1,97.30,0.99,1
CUST_003683,google_ads,true,2025-08-01,77.88,0.15,2,84.00,2.37,0
CUST_003685,meta_ads,true,2025-06-01,67.35,0.2,1,29.93,0.99,1
CUST_003686,creator_network,false,2025-04-01,72.44,0.0,1,45.82,0.99,1
CUST_003696,google_ads,true,2024-02-01,74.43,0.1499,1,37.82,0.99,1
CUST_003742,google_ads,true,2025-09-01,87.37,0.0,2,105.15,1.10,0
CUST_003756,direct,false,2024-06-01,79.98,0.1,2,87.02,2.00,1
CUST_003757,creator_network,false,2024-06-01,64.47,0.15,1,33.76,0.99,1
CUST_003760,creator_network,false,2025-09-01,67.08,0.2001,1,28.87,0.99,1
CUST_003801,google_ads,true,2024-09-01,137.75,0.0,1,91.83,0.99,1
CUST_003814,meta_ads,true,2025-05-01,62.41,0.0,1,40.53,0.99,1
CUST_003837,meta_ads,true,2025-11-01,109.62,0.2,1,50.91,0.99,0
CUST_003856,direct,false,2024-03-01,118.33,0.1,1,67.94,0.99,1
CUST_003924,creator_network,false,2024-09-01,64.87,0.15,1,30.56,0.99,1
CUST_003926,creator_network,false,2024-01-01,135.86,0.0,1,84.60,0.99,1
CUST_003940,google_ads,true,2024-12-01,135.12,0.0,1,87.34,0.99,1
CUST_003968,meta_ads,true,2024-02-01,90.73,0.0,1,60.56,0.99,1
CUST_003988,google_ads,true,2025-01-01,116.59,0.0,1,75.64,0.99,1
CUST_003996,google_ads,true,2025-01-01,96.86,0.0,2,148.35,0.53,1
CUST_004000,organic_search,false,2024-06-01,109.49,0.0,1,70.27,0.99,1
CUST_004003,google_ads,true,2025-08-01,146.64,0.15,1,71.49,0.99,1
CUST_004013,google_ads,true,2025-07-01,120.82,0.0,1,78.08,0.99,1
CUST_004033,meta_ads,true,2024-03-01,84.07,0.1,1,12.40,0.99,1
CUST_004057,google_ads,true,2025-09-01,53.49,0.0,1,34.28,0.99,1
CUST_004090,meta_ads,true,2024-02-01,104.08,0.15,2,103.55,1.00,1
CUST_004110,google_ads,true,2025-04-01,117.89,0.0,1,16.36,0.99,1
CUST_004112,google_ads,true,2025-02-01,130.92,0.0,2,31.80,2.19,1
CUST_004121,google_ads,true,2024-09-01,161.12,0.0,1,100.39,0.99,1
CUST_004131,meta_ads,true,2024-09-01,97.28,0.0,1,64.28,0.99,1
CUST_004133,google_ads,true,2025-06-01,95.21,0.0,2,125.38,2.00,1
CUST_004154,direct,false,2024-11-01,67.46,0.0,1,42.36,0.99,1
CUST_004155,organic_search,false,2024-08-01,70.32,0.0,1,44.17,0.99,1
CUST_004201,organic_search,false,2025-10-01,92.35,0.0,1,58.55,0.99,0
CUST_004221,meta_ads,true,2024-10-01,41.06,0.15,1,19.99,0.99,1
CUST_004258,organic_search,false,2025-01-01,70.30,0.0,1,46.92,0.99,1
CUST_004263,meta_ads,true,2024-12-01,91.21,0.2,1,41.53,0.99,1
CUST_004266,meta_ads,true,2025-01-01,121.22,0.1,1,68.40,0.99,1
CUST_004271,organic_search,false,2025-06-01,131.61,0.0,1,89.12,0.99,1
CUST_004274,creator_network,false,2025-02-01,58.11,0.0,1,39.10,0.99,1
CUST_004276,google_ads,true,2025-04-01,135.79,0.0,1,87.06,0.99,1
CUST_004277,google_ads,true,2024-12-01,68.92,0.1,1,39.87,0.99,1
CUST_004280,meta_ads,true,2024-12-01,75.08,0.0,1,48.42,0.99,1
CUST_004350,meta_ads,true,2025-05-01,88.17,0.2,1,42.09,0.99,1
CUST_004356,direct,false,2025-05-01,94.91,0.0,1,59.69,0.99,1
CUST_004358,meta_ads,true,2025-05-01,47.98,0.0,1,32.57,0.99,1
CUST_004369,meta_ads,true,2024-06-01,103.92,0.2,1,49.63,0.99,1
CUST_004373,meta_ads,true,2024-02-01,61.88,0.0,1,39.84,0.99,1
CUST_004446,meta_ads,true,2025-12-01,58.61,0.1,1,33.98,0.99,0
CUST_004447,organic_search,false,2024-06-01,103.74,0.0,1,68.29,0.99,1
CUST_004455,direct,false,2025-10-01,110.43,0.0,1,70.61,0.99,0
CUST_004463,creator_network,false,2025-12-01,52.63,0.1499,1,27.36,0.99,0
CUST_004465,organic_search,false,2025-06-01,59.57,0.0,1,36.97,0.99,1
CUST_004497,google_ads,true,2025-02-01,116.94,0.0,1,74.67,0.99,1
CUST_004502,creator_network,false,2025-03-01,83.37,0.1501,2,79.05,1.52,1
CUST_004529,creator_network,false,2025-04-01,67.72,0.25,1,26.09,0.99,1
CUST_004547,google_ads,true,2024-01-01,99.72,0.0,1,63.76,0.99,1
CUST_004549,google_ads,true,2025-06-01,99.08,0.0,1,14.33,0.99,1
CUST_004550,meta_ads,true,2025-09-01,49.12,0.0,1,31.49,0.99,1
CUST_004576,meta_ads,true,2024-10-01,105.72,0.0,1,-36.69,0.99,1
CUST_004585,google_ads,true,2025-07-01,119.31,0.0,2,130.06,0.75,1
CUST_004586,creator_network,false,2025-12-01,69.66,0.2,1,4.75,0.99,0
CUST_004595,organic_search,false,2025-01-01,87.91,0.0,1,54.96,0.99,1
CUST_004621,meta_ads,true,2025-10-01,89.23,0.1499,1,45.97,0.99,0
CUST_004627,meta_ads,true,2024-10-01,112.75,0.0,1,75.79,0.99,1
CUST_004649,meta_ads,true,2025-10-01,61.29,0.1,1,33.91,0.99,0
CUST_004661,google_ads,true,2025-03-01,72.07,0.0,1,48.73,0.99,1
CUST_004669,organic_search,false,2025-06-01,97.58,0.0,1,63.57,0.99,1
CUST_004674,meta_ads,true,2024-04-01,125.55,0.25,1,50.14,0.99,1
CUST_004692,creator_network,false,2024-11-01,64.21,0.0,1,40.34,0.99,1
CUST_004697,meta_ads,true,2025-02-01,105.15,0.0,1,70.16,0.99,1
CUST_004744,meta_ads,true,2025-12-01,82.67,0.0,1,52.23,0.99,0
CUST_004779,meta_ads,true,2024-08-01,81.64,0.15,1,42.06,0.99,1
CUST_004793,meta_ads,true,2024-03-01,77.70,0.0,1,52.10,0.99,1
CUST_004821,google_ads,true,2024-09-01,66.85,0.0,1,43.90,0.99,1
CUST_004834,organic_search,false,2024-05-01,126.28,0.0,1,78.33,0.99,1
CUST_004840,meta_ads,true,2024-09-01,65.60,0.1,2,84.15,0.75,1
CUST_004844,meta_ads,true,2024-02-01,47.84,0.1501,1,22.53,0.99,1
CUST_004848,creator_network,false,2024-05-01,74.75,0.15,1,37.07,0.99,1
CUST_004851,creator_network,false,2025-12-01,83.81,0.1,1,48.32,0.99,0
CUST_004902,creator_network,false,2025-02-01,94.70,0.1,1,49.30,0.99,1
CUST_004903,meta_ads,true,2024-05-01,83.89,0.0,2,123.75,0.76,1
CUST_004925,meta_ads,true,2024-02-01,103.59,0.15,1,48.77,0.99,1
CUST_004950,google_ads,true,2025-10-01,86.45,0.1001,1,48.96,0.99,0
CUST_004956,google_ads,true,2025-08-01,100.19,0.0,1,62.34,0.99,1
CUST_004982,organic_search,false,2024-08-01,123.85,0.15,1,61.83,0.99,1
CUST_005033,google_ads,true,2025-04-01,101.24,0.0,1,65.33,0.99,1
CUST_005036,organic_search,false,2024-11-01,49.65,0.0,1,13.77,0.99,1
CUST_005072,direct,false,2025-08-01,121.80,0.0,1,75.71,0.99,1
CUST_005109,google_ads,true,2025-08-01,92.53,0.0,1,59.37,0.99,1
CUST_005120,meta_ads,true,2024-09-01,96.33,0.0,1,60.76,0.99,1
CUST_005125,google_ads,true,2025-11-01,110.12,0.0,1,-2.93,0.99,0
CUST_005126,google_ads,true,2025-05-01,115.63,0.0,1,74.09,0.99,1
CUST_005130,organic_search,false,2025-10-01,99.48,0.15,1,46.79,0.99,0
CUST_005138,meta_ads,true,2024-03-01,109.79,0.0,2,67.72,0.30,1
CUST_005142,google_ads,true,2024-05-01,143.31,0.2,1,-10.15,0.99,1
CUST_005176,google_ads,true,2025-09-01,135.69,0.15,1,68.68,0.99,1
CUST_005178,meta_ads,true,2024-03-01,58.21,0.15,1,29.15,0.99,1
CUST_005181,google_ads,true,2024-12-01,89.70,0.0,1,56.86,0.99,1
CUST_005193,organic_search,false,2025-08-01,118.04,0.0,2,144.21,0.86,1
CUST_005201,creator_network,false,2024-10-01,112.66,0.1,2,113.07,3.45,1
CUST_005217,meta_ads,true,2025-01-01,101.45,0.0,1,64.08,0.99,1
CUST_005241,google_ads,true,2025-12-01,103.36,0.0,1,64.13,0.99,0
CUST_005274,meta_ads,true,2025-08-01,65.69,0.0,1,43.00,0.99,1
CUST_005283,google_ads,true,2024-06-01,120.22,0.15,1,57.83,0.99,1
CUST_005284,meta_ads,true,2025-10-01,70.35,0.15,1,34.32,0.99,0
CUST_005293,google_ads,true,2024-02-01,103.99,0.0,1,32.71,0.99,1
CUST_005298,google_ads,true,2025-05-01,99.94,0.0,1,6.85,0.99,1
CUST_005299,meta_ads,true,2025-01-01,97.56,0.15,1,50.50,0.99,1
CUST_005310,meta_ads,true,2025-11-01,51.19,0.0,1,32.76,0.99,0
CUST_005322,meta_ads,true,2024-09-01,85.14,0.0,1,55.92,0.99,1
CUST_005332,meta_ads,true,2024-10-01,107.57,0.25,1,43.65,0.99,1
CUST_005334,google_ads,true,2024-10-01,91.92,0.0,1,59.79,0.99,1
CUST_005345,direct,false,2025-12-01,53.99,0.0,1,36.47,0.99,0
CUST_005368,meta_ads,true,2024-11-01,108.83,0.0,1,69.31,0.99,1
CUST_005390,creator_network,false,2025-10-01,66.47,0.1,1,34.93,0.99,0
CUST_005447,google_ads,true,2024-11-01,139.60,0.15,2,-6.05,2.05,1
CUST_005473,meta_ads,true,2024-03-01,45.75,0.0,1,29.49,0.99,1
CUST_005487,google_ads,true,2024-07-01,141.06,0.1,1,77.33,0.99,1
CUST_005552,organic_search,false,2024-12-01,103.25,0.0,2,112.91,2.65,1
CUST_005564,direct,false,2024-09-01,76.83,0.0,1,52.22,0.99,1
CUST_005579,meta_ads,true,2025-11-01,98.40,0.25,2,74.73,0.53,0
CUST_005594,meta_ads,true,2025-12-01,118.21,0.1,1,67.45,0.99,0
CUST_005603,meta_ads,true,2024-05-01,102.47,0.15,1,52.99,0.99,1
CUST_005637,organic_search,false,2025-04-01,115.88,0.0,1,76.29,0.99,1
CUST_005654,meta_ads,true,2024-11-01,69.18,0.15,1,35.23,0.99,1
CUST_005690,organic_search,false,2025-06-01,89.74,0.0,1,59.15,0.99,1
CUST_005714,google_ads,true,2025-11-01,147.82,0.2,1,67.87,0.99,0
CUST_005715,creator_network,false,2025-06-01,77.43,0.1,2,77.34,0.17,1
CUST_005719,meta_ads,true,2024-04-01,88.88,0.0,1,60.30,0.99,1
CUST_005730,meta_ads,true,2025-11-01,111.77,0.1,2,100.21,1.04,0
CUST_005737,meta_ads,true,2025-05-01,117.46,0.0,1,74.32,0.99,1
CUST_005742,meta_ads,true,2025-04-01,111.91,0.0,1,75.69,0.99,1
CUST_005836,direct,false,2025-04-01,122.17,0.0,1,81.49,0.99,1
CUST_005839,google_ads,true,2025-05-01,129.45,0.0,1,86.18,0.99,1
CUST_005859,meta_ads,true,2024-01-01,91.05,0.0,1,59.76,0.99,1
CUST_005866,meta_ads,true,2025-01-01,99.26,0.0,1,63.89,0.99,1
CUST_005868,meta_ads,true,2024-08-01,94.08,0.15,1,44.84,0.99,1
CUST_005885,meta_ads,true,2025-02-01,111.46,0.0,1,75.79,0.99,1
CUST_005902,google_ads,true,2025-03-01,119.23,0.15,2,114.94,0.93,1
CUST_005966,organic_search,false,2025-11-01,63.81,0.0,1,42.84,0.99,0
CUST_005996,organic_search,false,2025-06-01,84.81,0.0,1,53.35,0.99,1
CUST_005999,meta_ads,true,2025-02-01,62.27,0.0,1,40.20,0.99,1
CUST_006001,creator_network,false,2025-06-01,91.48,0.15,1,46.71,0.99,1
CUST_006022,meta_ads,true,2025-10-01,58.60,0.2,1,27.80,0.99,0
CUST_006023,google_ads,true,2025-10-01,113.34,0.0,2,144.31,1.33,0
CUST_006024,direct,false,2024-04-01,99.98,0.0,1,63.61,0.99,1
CUST_006025,meta_ads,true,2024-03-01,100.43,0.15,3,171.88,4.62,1
CUST_006073,meta_ads,true,2024-06-01,126.86,0.15,1,60.30,0.99,1
CUST_006080,meta_ads,true,2024-11-01,117.18,0.0,1,73.83,0.99,1
CUST_006111,direct,false,2025-12-01,118.72,0.0,1,79.00,0.99,0
CUST_006126,creator_network,false,2025-08-01,82.07,0.15,1,39.85,0.99,1
CUST_006132,meta_ads,true,2025-08-01,81.62,0.1,1,46.77,0.99,1
CUST_006143,google_ads,true,2024-04-01,145.75,0.15,1,74.15,0.99,1
CUST_006168,direct,false,2025-12-01,63.96,0.0,1,41.94,0.99,0
CUST_006172,direct,false,2025-05-01,125.55,0.0,1,81.80,0.99,1
CUST_006189,google_ads,true,2024-05-01,92.94,0.15,2,139.46,1.52,1
CUST_006194,google_ads,true,2025-11-01,101.27,0.0,1,68.85,0.99,0
CUST_006201,meta_ads,true,2025-07-01,106.88,0.2,1,49.24,0.99,1
CUST_006203,meta_ads,true,2025-11-01,52.75,0.0,1,33.48,0.99,0
CUST_006204,creator_network,false,2025-06-01,63.38,0.0,1,40.65,0.99,1
CUST_006208,organic_search,false,2024-10-01,85.75,0.0,1,54.33,0.99,1
CUST_006222,creator_network,false,2025-07-01,82.38,0.0,1,54.12,0.99,1
CUST_006251,meta_ads,true,2025-01-01,102.35,0.0,1,65.26,0.99,1
CUST_006269,creator_network,false,2024-10-01,60.74,0.15,1,29.75,0.99,1
CUST_006276,creator_network,false,2025-06-01,71.58,0.1,1,39.08,0.99,1
CUST_006281,google_ads,true,2025-09-01,157.02,0.1,1,91.03,0.99,1
CUST_006293,creator_network,false,2025-12-01,52.30,0.2,1,-3.80,0.99,0
CUST_006301,google_ads,true,2025-08-01,62.52,0.0,1,-1.55,0.99,1
CUST_006310,organic_search,false,2025-09-01,73.25,0.0999,1,39.43,0.99,1
CUST_006334,organic_search,false,2025-03-01,101.88,0.0,2,121.83,1.58,1
CUST_006337,meta_ads,true,2024-06-01,100.34,0.0,2,104.69,0.23,1
CUST_006377,meta_ads,true,2025-08-01,77.21,0.1,1,41.02,0.99,1
CUST_006398,google_ads,true,2024-10-01,116.50,0.2,1,50.28,0.99,1
CUST_006419,google_ads,true,2025-08-01,138.69,0.0,1,-46.81,0.99,1
CUST_006443,google_ads,true,2025-07-01,55.61,0.0,1,-21.09,0.99,1
CUST_006468,meta_ads,true,2024-03-01,48.62,0.0,1,30.30,0.99,1
CUST_006478,creator_network,false,2024-04-01,60.85,0.15,2,66.96,0.75,1
CUST_006480,meta_ads,true,2024-05-01,115.26,0.0,1,71.64,0.99,1
CUST_006498,meta_ads,true,2024-01-01,86.90,0.1501,1,44.97,0.99,1
CUST_006526,creator_network,false,2025-12-01,91.20,0.2,1,40.64,0.99,0
CUST_006569,google_ads,true,2024-12-01,93.96,0.15,1,-44.55,0.99,1
CUST_006571,meta_ads,true,2025-04-01,130.62,0.0,1,82.96,0.99,1
CUST_006591,meta_ads,true,2025-01-01,68.96,0.1001,1,38.33,0.99,1
CUST_006593,meta_ads,true,2024-12-01,102.47,0.2,1,44.63,0.99,1
CUST_006607,meta_ads,true,2024-05-01,83.35,0.15,1,39.35,0.99,1
CUST_006630,meta_ads,true,2025-07-01,71.84,0.0999,2,44.66,0.64,1
CUST_006638,meta_ads,true,2025-04-01,83.79,0.0,1,54.52,0.99,1
CUST_006651,google_ads,true,2024-03-01,95.42,0.15,1,46.80,0.99,1
CUST_006668,google_ads,true,2025-08-01,109.99,0.1,2,116.19,3.49,0
CUST_006679,creator_network,false,2025-04-01,74.85,0.0999,1,40.91,0.99,1
CUST_006680,google_ads,true,2025-03-01,108.43,0.0,2,118.58,2.34,1
CUST_006692,direct,false,2024-07-01,103.76,0.15,1,52.48,0.99,1
CUST_006701,meta_ads,true,2025-04-01,66.17,0.1,3,166.65,6.18,0
CUST_006733,meta_ads,true,2025-11-01,85.07,0.15,1,-43.61,0.99,0
CUST_006748,meta_ads,true,2024-03-01,80.07,0.0,1,52.86,0.99,1
CUST_006758,meta_ads,true,2025-04-01,88.64,0.0,1,57.10,0.99,1
CUST_006784,google_ads,true,2024-10-01,99.07,0.0,1,66.62,0.99,1
CUST_006813,meta_ads,true,2024-01-01,79.20,0.0,1,50.87,0.99,1
CUST_006829,meta_ads,true,2025-06-01,113.44,0.15,4,225.77,5.04,0
CUST_006833,google_ads,true,2025-03-01,88.38,0.15,1,41.89,0.99,1
CUST_006850,direct,false,2024-03-01,104.68,0.0,2,149.77,1.46,1
CUST_006865,meta_ads,true,2025-03-01,119.44,0.0,2,89.28,3.15,1
CUST_006869,creator_network,false,2025-04-01,54.69,0.1,1,31.10,0.99,1
CUST_006873,meta_ads,true,2025-05-01,96.89,0.0,2,115.73,1.34,1
CUST_006898,creator_network,false,2024-01-01,73.94,0.0999,1,-32.64,0.99,1
CUST_006903,google_ads,true,2024-02-01,94.60,0.1,1,54.78,0.99,1
CUST_006912,meta_ads,true,2025-12-01,71.95,0.0,1,-25.89,0.99,0
CUST_006918,organic_search,false,2025-11-01,104.28,0.0,1,69.79,0.99,0
CUST_006941,google_ads,true,2025-09-01,83.88,0.2,1,36.19,0.99,1
CUST_006945,meta_ads,true,2025-04-01,69.91,0.1,1,37.72,0.99,1
CUST_006970,google_ads,true,2025-02-01,117.11,0.0,1,77.82,0.99,1
CUST_006977,meta_ads,true,2025-08-01,71.81,0.0,1,48.19,0.99,1
CUST_006979,meta_ads,true,2025-08-01,106.97,0.0,1,71.87,0.99,1
CUST_007007,organic_search,false,2025-03-01,55.31,0.0,2,98.28,1.35,1
CUST_007033,meta_ads,true,2025-04-01,57.77,0.1001,1,31.04,0.99,1
CUST_007056,google_ads,true,2024-04-01,103.40,0.0,2,10.94,0.34,1
CUST_007066,organic_search,false,2025-05-01,65.95,0.1001,1,38.07,0.99,1
CUST_007085,meta_ads,true,2025-06-01,57.02,0.0,1,36.33,0.99,1
CUST_007087,organic_search,false,2025-06-01,113.85,0.0,1,72.52,0.99,1
CUST_007139,google_ads,true,2025-06-01,49.14,0.0,1,31.34,0.99,1
CUST_007145,creator_network,false,2025-11-01,55.09,0.1499,1,28.71,0.99,0
CUST_007158,organic_search,false,2025-01-01,112.90,0.0,1,72.35,0.99,1
CUST_007171,organic_search,false,2025-02-01,119.12,0.0,1,78.48,0.99,1
CUST_007217,meta_ads,true,2025-04-01,84.71,0.1,1,46.47,0.99,1
CUST_007221,google_ads,true,2025-12-01,74.73,0.0,1,50.07,0.99,0
CUST_007233,google_ads,true,2024-02-01,84.38,0.0,1,54.78,0.99,1
CUST_007260,meta_ads,true,2025-01-01,120.69,0.2,1,52.05,0.99,1
CUST_007266,meta_ads,true,2024-03-01,77.84,0.0,1,48.57,0.99,1
CUST_007268,meta_ads,true,2024-12-01,107.82,0.25,2,124.74,0.51,1
CUST_007277,google_ads,true,2024-09-01,43.41,0.1,2,2.15,0.50,1
CUST_007296,organic_search,false,2025-12-01,74.07,0.15,1,38.19,0.99,0
CUST_007325,google_ads,true,2024-03-01,46.42,0.0,1,29.87,0.99,1
CUST_007356,creator_network,false,2025-08-01,69.88,0.1,1,37.98,0.99,1
CUST_007373,meta_ads,true,2024-04-01,110.75,0.15,1,-3.23,0.99,1
CUST_007385,google_ads,true,2025-06-01,106.11,0.2,1,47.75,0.99,1
CUST_007387,direct,false,2024-04-01,90.31,0.15,1,43.45,0.99,1
CUST_007404,meta_ads,true,2024-12-01,104.12,0.2,2,22.30,1.07,1
CUST_007428,meta_ads,true,2024-10-01,126.22,0.0,1,85.68,0.99,1
CUST_007438,organic_search,false,2024-08-01,34.11,0.0,1,21.30,0.99,1
CUST_007447,meta_ads,true,2025-04-01,121.69,0.15,1,64.16,0.99,1
CUST_007499,google_ads,true,2024-07-01,99.29,0.0,1,62.88,0.99,1
CUST_007517,creator_network,false,2024-09-01,60.60,0.1,1,34.35,0.99,1
CUST_007532,meta_ads,true,2024-04-01,80.10,0.0,1,51.87,0.99,1
CUST_007533,creator_network,false,2024-07-01,80.08,0.2,1,36.21,0.99,1
CUST_007549,google_ads,true,2025-09-01,58.32,0.0,1,36.70,0.99,1
CUST_007575,creator_network,false,2024-01-01,104.15,0.1,1,-44.35,0.99,1
CUST_007582,google_ads,true,2024-12-01,138.65,0.0,1,91.05,0.99,1
CUST_007585,meta_ads,true,2025-03-01,94.83,0.1,1,50.65,0.99,1
CUST_007606,meta_ads,true,2025-06-01,92.36,0.0,1,60.13,0.99,1
CUST_007609,creator_network,false,2024-10-01,81.06,0.1,3,58.51,2.97,1
CUST_007612,organic_search,false,2024-06-01,70.91,0.1,2,84.37,1.26,1
CUST_007677,organic_search,false,2025-08-01,131.75,0.1,1,72.19,0.99,1
CUST_007680,meta_ads,true,2024-02-01,72.48,0.0,1,-25.36,0.99,1
CUST_007687,meta_ads,true,2025-08-01,90.83,0.15,1,45.06,0.99,1
CUST_007719,creator_network,false,2025-01-01,84.27,0.2,1,38.58,0.99,1
CUST_007721,meta_ads,true,2025-04-01,94.84,0.0,1,60.00,0.99,1
CUST_007735,meta_ads,true,2024-03-01,104.00,0.0,1,68.51,0.99,1
CUST_007753,organic_search,false,2024-05-01,64.71,0.0,1,41.73,0.99,1
CUST_007763,google_ads,true,2024-12-01,138.39,0.0,1,92.44,0.99,1
CUST_007767,google_ads,true,2024-09-01,93.25,0.0,1,60.18,0.99,1
CUST_007772,organic_search,false,2025-07-01,98.85,0.0,1,62.39,0.99,1
CUST_007806,creator_network,false,2024-04-01,90.16,0.1,1,-41.35,0.99,1
CUST_007807,meta_ads,true,2025-07-01,91.51,0.1,1,-4.77,0.99,1
CUST_007817,creator_network,false,2024-08-01,66.11,0.1501,1,33.66,0.99,1
CUST_007826,meta_ads,true,2025-10-01,61.21,0.1,1,33.98,0.99,0
CUST_007849,direct,false,2024-04-01,105.99,0.0,1,68.38,0.99,1
CUST_007871,meta_ads,true,2025-09-01,83.41,0.2,2,88.44,1.30,0
CUST_007876,google_ads,true,2025-03-01,141.17,0.0,2,169.57,2.08,1
CUST_007895,meta_ads,true,2025-02-01,126.70,0.0,2,43.12,1.96,1
CUST_007916,meta_ads,true,2024-08-01,83.96,0.0,1,52.19,0.99,1
CUST_007944,creator_network,false,2024-06-01,82.87,0.0,1,51.96,0.99,1
CUST_007968,organic_search,false,2024-02-01,105.37,0.0,1,68.97,0.99,1
CUST_007979,meta_ads,true,2025-07-01,102.85,0.0,1,67.36,0.99,1
CUST_008005,google_ads,true,2025-04-01,103.74,0.15,1,54.16,0.99,1
CUST_008021,meta_ads,true,2025-02-01,81.98,0.0,1,55.29,0.99,1
CUST_008036,creator_network,false,2024-04-01,68.88,0.1,1,38.74,0.99,1
CUST_008114,google_ads,true,2025-06-01,176.32,0.0,1,118.74,0.99,1
CUST_008118,direct,false,2024-08-01,85.74,0.0,1,56.64,0.99,1
CUST_008120,google_ads,true,2025-03-01,86.19,0.2,2,92.38,0.41,1
CUST_008125,google_ads,true,2024-09-01,146.71,0.0,1,93.91,0.99,1
CUST_008131,organic_search,false,2025-08-01,93.61,0.0,2,107.22,1.91,0
CUST_008141,meta_ads,true,2024-04-01,88.58,0.0,1,58.34,0.99,1
CUST_008152,google_ads,true,2025-09-01,123.28,0.0,1,77.69,0.99,1
CUST_008153,meta_ads,true,2024-04-01,90.22,0.0,1,60.54,0.99,1
CUST_008174,meta_ads,true,2024-09-01,105.44,0.25,1,42.43,0.99,1
CUST_008193,organic_search,false,2024-10-01,91.88,0.2,2,93.33,2.34,1
CUST_008248,meta_ads,true,2025-04-01,59.08,0.0,1,36.99,0.99,1
CUST_008250,google_ads,true,2025-09-01,111.49,0.25,1,42.64,0.99,1
CUST_008256,meta_ads,true,2025-10-01,36.21,0.1,1,19.71,0.99,0
CUST_008283,meta_ads,true,2025-10-01,93.52,0.0,1,63.29,0.99,0
CUST_008289,meta_ads,true,2024-03-01,83.13,0.0,1,56.07,0.99,1
CUST_008304,meta_ads,true,2024-07-01,72.60,0.1,1,39.43,0.99,1
CUST_008306,meta_ads,true,2024-07-01,107.12,0.25,1,-65.64,0.99,1
CUST_008319,google_ads,true,2025-10-01,157.84,0.25,2,120.05,0.24,0
CUST_008341,meta_ads,true,2025-09-01,109.51,0.2,1,50.56,0.99,1
CUST_008359,organic_search,false,2024-02-01,58.37,0.0,1,-21.59,0.99,1
CUST_008360,creator_network,false,2024-06-01,60.76,0.2,1,26.13,0.99,1
CUST_008383,creator_network,false,2025-06-01,55.37,0.0,1,37.22,0.99,1
CUST_008396,meta_ads,true,2025-07-01,79.69,0.0,1,53.49,0.99,1
CUST_008424,meta_ads,true,2024-01-01,119.33,0.0,1,76.67,0.99,1
CUST_008452,direct,false,2024-04-01,83.41,0.0,1,55.20,0.99,1
CUST_008462,meta_ads,true,2025-11-01,90.90,0.1501,1,-48.09,0.99,0
CUST_008463,direct,false,2024-09-01,25.00,0.0,1,15.62,0.99,1
CUST_008480,meta_ads,true,2025-12-01,77.27,0.0,1,14.71,0.99,0
CUST_008524,meta_ads,true,2025-01-01,91.19,0.0,1,61.58,0.99,1
CUST_008528,google_ads,true,2025-08-01,153.65,0.0,1,102.62,0.99,1
CUST_008545,organic_search,false,2024-12-01,53.07,0.0,1,33.63,0.99,1
CUST_008564,meta_ads,true,2025-10-01,141.28,0.15,1,71.83,0.99,0
CUST_008569,meta_ads,true,2025-01-01,91.43,0.15,1,-45.97,0.99,1
CUST_008576,meta_ads,true,2024-03-01,34.92,0.0,1,22.09,0.99,1
CUST_008616,meta_ads,true,2025-12-01,88.84,0.0,1,58.76,0.99,0
CUST_008622,meta_ads,true,2024-06-01,101.51,0.15,1,49.76,0.99,1
CUST_008655,meta_ads,true,2024-11-01,85.42,0.15,2,77.36,2.21,1
CUST_008667,google_ads,true,2025-07-01,132.79,0.0,1,90.06,0.99,1
CUST_008674,meta_ads,true,2024-07-01,137.83,0.1,1,74.09,0.99,1
CUST_008705,meta_ads,true,2024-08-01,93.92,0.1,2,103.78,2.34,1
CUST_008707,creator_network,false,2025-08-01,63.88,0.15,1,32.97,0.99,1
CUST_008721,meta_ads,true,2024-10-01,94.07,0.1,1,49.09,0.99,1
CUST_008741,organic_search,false,2025-05-01,90.66,0.0,1,56.71,0.99,1
CUST_008752,meta_ads,true,2024-07-01,91.52,0.0,1,60.59,0.99,1
CUST_008770,google_ads,true,2024-06-01,130.57,0.0,1,84.87,0.99,1
CUST_008815,google_ads,true,2025-06-01,83.96,0.0,1,54.41,0.99,1
CUST_008836,creator_network,false,2024-02-01,59.92,0.15,1,30.64,0.99,1
CUST_008857,creator_network,false,2024-07-01,86.43,0.25,1,32.86,0.99,1
CUST_008869,creator_network,false,2025-06-01,78.01,0.2,1,36.57,0.99,1
CUST_008888,meta_ads,true,2025-07-01,125.61,0.0,1,84.29,0.99,1
CUST_008936,meta_ads,true,2025-05-01,82.65,0.0999,1,45.24,0.99,1
CUST_008989,creator_network,false,2025-09-01,72.50,0.0,1,44.97,0.99,1
CUST_008997,meta_ads,true,2024-06-01,94.91,0.0,1,61.22,0.99,1
CUST_009044,meta_ads,true,2024-08-01,85.19,0.0,1,53.61,0.99,1
CUST_009089,google_ads,true,2024-07-01,127.03,0.0,1,81.58,0.99,1
CUST_009099,direct,false,2025-11-01,55.74,0.0,1,34.98,0.99,0
CUST_009149,direct,false,2024-12-01,157.47,0.0,1,100.57,0.99,1
CUST_009174,google_ads,true,2024-03-01,113.73,0.0,1,71.43,0.99,1
CUST_009207,organic_search,false,2025-02-01,88.86,0.0,1,59.50,0.99,1
CUST_009208,meta_ads,true,2025-06-01,85.73,0.2,1,37.70,0.99,1
CUST_009218,google_ads,true,2025-11-01,92.50,0.0,1,61.81,0.99,0
CUST_009225,google_ads,true,2025-11-01,176.00,0.0,1,117.46,0.99,0
CUST_009232,direct,false,2024-04-01,124.68,0.0,1,81.19,0.99,1
CUST_009245,meta_ads,true,2025-02-01,115.41,0.0,1,76.06,0.99,1
CUST_009283,direct,false,2025-07-01,61.09,0.0,1,39.11,0.99,1
CUST_009313,meta_ads,true,2025-07-01,112.29,0.0,1,71.42,0.99,1
CUST_009345,creator_network,false,2024-02-01,72.30,0.1,1,-10.96,0.99,1
CUST_009350,google_ads,true,2025-10-01,66.78,0.0,1,44.44,0.99,0
CUST_009354,meta_ads,true,2024-07-01,90.65,0.0,1,57.99,0.99,1
CUST_009382,google_ads,true,2024-09-01,136.10,0.15,1,66.27,0.99,1
CUST_009417,creator_network,false,2025-05-01,63.17,0.1,1,34.80,0.99,1
CUST_009436,meta_ads,true,2024-09-01,93.13,0.0,1,61.47,0.99,1
CUST_009453,google_ads,true,2024-05-01,93.22,0.0,1,62.03,0.99,1
CUST_009458,creator_network,false,2025-10-01,38.51,0.1999,1,17.55,0.99,0
CUST_009478,meta_ads,true,2025-10-01,96.29,0.1,1,55.57,0.99,0
CUST_009498,creator_network,false,2025-01-01,42.87,0.15,1,22.64,0.99,1
CUST_009505,google_ads,true,2024-11-01,137.91,0.0,1,86.32,0.99,1
CUST_009516,google_ads,true,2024-06-01,93.25,0.15,1,47.51,0.99,1
CUST_009529,creator_network,false,2025-12-01,86.77,0.1,1,-40.92,0.99,0
CUST_009540,google_ads,true,2025-04-01,126.06,0.2,2,137.07,2.15,1
CUST_009545,creator_network,false,2024-10-01,64.54,0.2,1,28.39,0.99,1
CUST_009551,organic_search,false,2024-04-01,88.97,0.2,1,41.50,0.99,1
CUST_009552,meta_ads,true,2025-12-01,115.53,0.0,1,77.50,0.99,0
CUST_009557,meta_ads,true,2024-04-01,104.21,0.0,1,-37.02,0.99,1
CUST_009559,google_ads,true,2025-07-01,103.00,0.1,1,58.06,0.99,1
CUST_009578,google_ads,true,2025-08-01,116.62,0.0,1,75.39,0.99,1
CUST_009607,meta_ads,true,2025-09-01,86.19,0.15,1,41.18,0.99,1
CUST_009612,direct,false,2024-08-01,130.80,0.0,1,83.02,0.99,1
CUST_009613,google_ads,true,2025-11-01,116.21,0.0,1,76.42,0.99,0
CUST_009619,direct,false,2025-07-01,83.79,0.0,1,55.23,0.99,1
CUST_009631,organic_search,false,2024-06-01,110.55,0.0,1,71.69,0.99,1
CUST_009640,organic_search,false,2024-01-01,99.33,0.1,1,57.61,0.99,1
CUST_009644,organic_search,false,2024-05-01,79.32,0.0,1,50.53,0.99,1
CUST_009680,meta_ads,true,2024-10-01,117.54,0.0,1,75.79,0.99,1
CUST_009681,direct,false,2025-03-01,96.24,0.0,1,61.79,0.99,1
CUST_009709,google_ads,true,2024-11-01,134.20,0.0,3,224.57,1.21,1
CUST_009712,meta_ads,true,2025-10-01,92.33,0.0,1,58.17,0.99,0
CUST_009713,meta_ads,true,2024-08-01,99.62,0.0,1,63.65,0.99,1
CUST_009729,google_ads,true,2024-06-01,113.68,0.0,2,152.62,0.83,1
CUST_009733,meta_ads,true,2025-02-01,99.69,0.1,1,55.42,0.99,1
CUST_009743,direct,false,2025-10-01,115.96,0.0,1,78.55,0.99,0
CUST_009747,google_ads,true,2025-09-01,181.50,0.0,1,118.71,0.99,1
CUST_009776,google_ads,true,2025-02-01,159.03,0.0,1,-51.03,0.99,1
CUST_009778,direct,false,2025-12-01,104.17,0.0,1,66.97,0.99,0
CUST_009799,meta_ads,true,2024-12-01,119.82,0.15,1,60.64,0.99,1
CUST_009808,meta_ads,true,2025-05-01,107.84,0.1,1,7.64,0.99,1
CUST_009809,direct,false,2025-12-01,109.21,0.0,1,70.42,0.99,0
CUST_009848,google_ads,true,2024-11-01,93.73,0.0,2,140.17,1.83,1
CUST_009870,google_ads,true,2024-06-01,127.17,0.15,1,63.21,0.99,1
CUST_009879,organic_search,false,2025-07-01,88.01,0.0,1,59.84,0.99,1
CUST_009915,direct,false,2025-01-01,65.00,0.0,1,44.07,0.99,1
CUST_009930,meta_ads,true,2025-11-01,51.29,0.0,2,24.94,0.65,0
CUST_009963,organic_search,false,2025-02-01,88.36,0.0,1,59.32,0.99,1
CUST_009966,meta_ads,true,2025-04-01,96.50,0.0,2,126.12,1.70,1
CUST_009968,direct,false,2024-04-01,120.99,0.2,1,51.42,0.99,1
CUST_009977,meta_ads,true,2025-02-01,117.13,0.1,1,66.48,0.99,1
CUST_009998,direct,false,2025-12-01,92.34,0.0,1,59.12,0.99,0
CUST_009999,direct,false,2024-12-01,58.98,0.0,1,37.69,0.99,1
CUST_010030,creator_network,false,2025-06-01,67.92,0.0,1,11.69,0.99,1
CUST_010033,direct,false,2025-10-01,91.88,0.0,1,58.15,0.99,1
CUST_010054,google_ads,true,2024-12-01,85.88,0.0,1,56.68,0.99,1
CUST_010076,meta_ads,true,2024-09-01,73.38,0.1,1,41.17,0.99,1
CUST_010097,organic_search,false,2025-04-01,51.94,0.0,1,34.89,0.99,1
CUST_010099,creator_network,false,2024-08-01,81.51,0.2,1,-44.89,0.99,1
CUST_010103,meta_ads,true,2025-12-01,61.87,0.1,1,-28.27,0.99,0
CUST_010114,meta_ads,true,2025-02-01,67.57,0.1,1,37.18,0.99,1
CUST_010140,meta_ads,true,2025-04-01,92.65,0.2,1,39.33,0.99,1
CUST_010174,google_ads,true,2024-08-01,99.21,0.0,1,66.31,0.99,1
CUST_010176,google_ads,true,2024-03-01,71.27,0.0,1,46.30,0.99,1
CUST_010194,organic_search,false,2025-10-01,40.69,0.0,1,27.39,0.99,1
CUST_010195,creator_network,false,2024-07-01,59.61,0.0,2,86.42,0.76,1
CUST_010205,creator_network,false,2024-06-01,100.74,0.2,1,-56.50,0.99,1
CUST_010247,organic_search,false,2024-06-01,133.29,0.2,1,58.71,0.99,1
CUST_010272,google_ads,true,2025-01-01,114.21,0.0,1,72.40,0.99,1
CUST_010274,meta_ads,true,2024-03-01,69.99,0.1,1,37.29,0.99,1
CUST_010293,google_ads,true,2024-10-01,137.10,0.1,2,139.72,2.06,1
CUST_010308,meta_ads,true,2024-08-01,133.60,0.1,2,137.11,3.04,1
CUST_010331,creator_network,false,2025-07-01,77.25,0.0999,1,40.41,0.99,1
CUST_010347,organic_search,false,2025-02-01,112.04,0.0,1,70.58,0.99,1
CUST_010351,creator_network,false,2025-04-01,76.94,0.0999,1,41.61,0.99,1
CUST_010357,creator_network,false,2025-08-01,77.64,0.0999,1,41.99,0.99,1
CUST_010417,direct,false,2025-07-01,145.53,0.0,1,92.85,0.99,1
CUST_010423,meta_ads,true,2025-05-01,59.14,0.0,1,38.60,0.99,1
CUST_010424,meta_ads,true,2024-10-01,112.41,0.15,1,57.90,0.99,1
CUST_010430,google_ads,true,2025-09-01,96.72,0.1,1,56.00,0.99,1
CUST_010450,organic_search,false,2025-12-01,64.04,0.0,1,39.83,0.99,0
CUST_010464,creator_network,false,2025-11-01,78.33,0.15,1,39.17,0.99,0
CUST_010498,organic_search,false,2025-04-01,74.45,0.0,1,49.35,0.99,1
CUST_010509,google_ads,true,2025-07-01,130.27,0.1,1,71.40,0.99,1
CUST_010537,creator_network,false,2024-10-01,65.25,0.15,1,31.70,0.99,1
CUST_010560,meta_ads,true,2025-12-01,111.28,0.1,1,58.93,0.99,0
CUST_010564,google_ads,true,2024-08-01,91.69,0.0,1,59.84,0.99,1
CUST_010595,meta_ads,true,2025-10-01,84.35,0.0,1,52.88,0.99,0
CUST_010599,google_ads,true,2024-04-01,96.39,0.25,2,35.81,2.12,1
CUST_010615,direct,false,2024-12-01,107.18,0.0,3,162.60,1.94,1
CUST_010635,direct,false,2024-11-01,45.17,0.1501,1,-23.21,0.99,1
CUST_010658,google_ads,true,2025-03-01,126.26,0.15,1,65.01,0.99,1
CUST_010668,organic_search,false,2024-08-01,66.36,0.0,1,43.96,0.99,1
CUST_010692,meta_ads,true,2024-03-01,105.75,0.1,1,56.97,0.99,1
CUST_010717,google_ads,true,2024-09-01,132.28,0.0,1,84.59,0.99,1
CUST_010724,meta_ads,true,2025-10-01,88.71,0.0,1,58.42,0.99,0
CUST_010726,direct,false,2024-12-01,67.65,0.0,1,44.40,0.99,1
CUST_010754,google_ads,true,2025-06-01,92.30,0.0,2,75.05,0.69,1
CUST_010766,meta_ads,true,2025-05-01,79.64,0.0,1,50.29,0.99,1
CUST_010794,organic_search,false,2024-05-01,121.53,0.0,1,78.55,0.99,1
CUST_010797,google_ads,true,2024-12-01,100.27,0.0,1,64.07,0.99,1
CUST_010806,google_ads,true,2024-03-01,107.33,0.0,1,71.23,0.99,1
CUST_010814,meta_ads,true,2025-09-01,91.42,0.0,1,58.01,0.99,1
CUST_010843,organic_search,false,2025-10-01,91.08,0.0,1,-30.38,0.99,0
CUST_010852,google_ads,true,2024-11-01,156.02,0.0,3,258.60,2.42,1
CUST_010882,google_ads,true,2024-03-01,125.22,0.0,1,77.94,0.99,1
CUST_010893,creator_network,false,2025-09-01,78.83,0.2001,2,99.99,2.48,0
CUST_010901,google_ads,true,2025-03-01,103.45,0.0,1,68.65,0.99,1
CUST_010915,google_ads,true,2025-10-01,123.94,0.0,1,29.85,0.99,0
CUST_010923,google_ads,true,2024-10-01,105.19,0.1,1,56.61,0.99,1
CUST_010942,organic_search,false,2025-06-01,101.36,0.0,1,65.12,0.99,1
CUST_010943,direct,false,2024-10-01,65.46,0.0,1,41.52,0.99,1
CUST_010948,google_ads,true,2025-11-01,76.78,0.0,1,50.32,0.99,0
CUST_010964,meta_ads,true,2024-11-01,60.15,0.15,2,17.79,0.92,1
CUST_010975,meta_ads,true,2025-08-01,58.12,0.25,1,23.73,0.99,1
CUST_010984,direct,false,2024-11-01,116.47,0.0,1,78.34,0.99,1
CUST_010990,google_ads,true,2025-06-01,108.96,0.0,1,72.54,0.99,1
CUST_011005,meta_ads,true,2024-02-01,96.83,0.2,2,81.16,3.95,1
CUST_011030,google_ads,true,2024-01-01,123.70,0.0,1,79.23,0.99,1
CUST_011036,meta_ads,true,2025-11-01,70.96,0.25,1,29.06,0.99,0
CUST_011060,meta_ads,true,2025-07-01,72.17,0.0,1,48.42,0.99,1
CUST_011070,meta_ads,true,2025-03-01,60.82,0.0,1,40.87,0.99,1
CUST_011078,google_ads,true,2024-09-01,112.16,0.0,2,121.69,1.14,1
CUST_011096,google_ads,true,2024-10-01,75.16,0.1499,1,35.55,0.99,1
CUST_011098,meta_ads,true,2025-09-01,55.50,0.0,1,35.08,0.99,1
CUST_011104,organic_search,false,2024-11-01,112.14,0.0,1,76.13,0.99,1
CUST_011131,google_ads,true,2025-08-01,130.20,0.0,1,81.46,0.99,1
CUST_011135,direct,false,2025-04-01,58.69,0.0,1,36.49,0.99,1
CUST_011138,google_ads,true,2025-11-01,136.99,0.15,1,68.69,0.99,0
CUST_011169,meta_ads,true,2025-02-01,125.95,0.0,2,-1.80,1.64,1
CUST_011173,creator_network,false,2025-11-01,84.37,0.0,1,-31.42,0.99,0
CUST_011181,direct,false,2025-07-01,92.44,0.0,1,61.44,0.99,1
CUST_011202,meta_ads,true,2024-12-01,43.02,0.1999,1,-22.69,0.99,1
CUST_011226,google_ads,true,2025-01-01,144.93,0.1,1,76.09,0.99,1
CUST_011228,meta_ads,true,2025-11-01,99.17,0.0,1,-31.74,0.99,0
CUST_011239,google_ads,true,2025-01-01,137.74,0.0,3,179.97,2.73,1
CUST_011264,meta_ads,true,2025-01-01,117.55,0.15,1,55.64,0.99,1
CUST_011275,creator_network,false,2024-05-01,60.44,0.0,1,40.26,0.99,1
CUST_011279,google_ads,true,2025-09-01,109.95,0.0,1,-39.19,0.99,1
CUST_011284,creator_network,false,2024-01-01,81.24,0.15,1,40.11,0.99,1
CUST_011307,google_ads,true,2025-12-01,50.22,0.1499,1,24.90,0.99,0
CUST_011309,meta_ads,true,2025-07-01,87.89,0.1,1,-37.00,0.99,1
CUST_011314,creator_network,false,2025-12-01,88.72,0.15,1,45.57,0.99,0
CUST_011329,creator_network,false,2025-09-01,86.24,0.15,1,44.15,0.99,1
CUST_011350,meta_ads,true,2025-10-01,61.39,0.0,1,40.62,0.99,0
CUST_011381,google_ads,true,2025-01-01,74.17,0.0,1,46.45,0.99,1
CUST_011396,google_ads,true,2024-08-01,157.03,0.0,1,100.91,0.99,1
CUST_011439,meta_ads,true,2025-10-01,77.11,0.0,1,49.57,0.99,0
CUST_011453,google_ads,true,2024-01-01,89.71,0.0,1,-30.86,0.99,1
CUST_011462,meta_ads,true,2024-03-01,113.14,0.0,1,72.88,0.99,1
CUST_011486,meta_ads,true,2024-12-01,64.85,0.0,3,125.17,1.74,1
CUST_011490,meta_ads,true,2025-02-01,80.93,0.0,2,-58.86,0.41,1
CUST_011495,meta_ads,true,2025-03-01,70.47,0.15,1,35.37,0.99,1
CUST_011497,google_ads,true,2024-02-01,93.90,0.2,1,45.01,0.99,1
CUST_011521,meta_ads,true,2025-06-01,77.77,0.0,1,50.71,0.99,1
CUST_011545,meta_ads,true,2025-01-01,92.23,0.15,1,48.05,0.99,1
CUST_011548,google_ads,true,2025-11-01,80.39,0.0,2,106.62,1.11,0
CUST_011573,google_ads,true,2024-03-01,90.64,0.0,1,59.65,0.99,1
CUST_011577,meta_ads,true,2025-06-01,90.81,0.0,1,58.81,0.99,1
CUST_011578,meta_ads,true,2025-11-01,43.95,0.2,1,19.91,0.99,0
CUST_011604,google_ads,true,2025-09-01,108.28,0.0,2,88.01,2.16,0
CUST_011653,meta_ads,true,2024-03-01,123.86,0.0,2,133.52,0.80,1
CUST_011681,meta_ads,true,2024-06-01,70.65,0.0,1,47.44,0.99,1
CUST_011685,meta_ads,true,2025-12-01,109.72,0.15,1,57.02,0.99,0
CUST_011694,meta_ads,true,2025-11-01,126.10,0.0,1,18.01,0.99,0
CUST_011701,creator_network,false,2024-05-01,93.12,0.15,1,45.35,0.99,1
CUST_011718,meta_ads,true,2025-07-01,101.95,0.0,2,108.82,0.68,1
CUST_011730,meta_ads,true,2024-04-01,108.95,0.15,1,51.43,0.99,1
CUST_011733,meta_ads,true,2024-10-01,80.74,0.0,1,54.13,0.99,1
CUST_011771,creator_network,false,2024-01-01,88.34,0.2,1,40.49,0.99,1
CUST_011793,google_ads,true,2025-12-01,131.23,0.0,1,37.42,0.99,0
CUST_011794,google_ads,true,2024-06-01,104.35,0.0,1,68.16,0.99,1
CUST_011807,meta_ads,true,2025-07-01,105.58,0.1,1,57.10,0.99,1
CUST_011833,creator_network,false,2025-08-01,59.67,0.1001,1,9.93,0.99,1
CUST_011834,google_ads,true,2025-11-01,134.88,0.1,1,-59.24,0.99,0
CUST_011842,meta_ads,true,2025-04-01,123.90,0.0,1,33.24,0.99,1
CUST_011875,direct,false,2025-09-01,99.36,0.0,1,63.18,0.99,1
CUST_011894,meta_ads,true,2025-02-01,116.91,0.0,1,-38.73,0.99,1
CUST_011906,direct,false,2025-08-01,104.23,0.0,1,70.86,0.99,1
CUST_011947,google_ads,true,2024-10-01,125.20,0.0,1,83.18,0.99,1
CUST_011969,google_ads,true,2024-08-01,101.86,0.0,1,-37.51,0.99,1
CUST_012001,meta_ads,true,2025-06-01,115.78,0.0,1,73.26,0.99,1
CUST_012005,direct,false,2025-03-01,127.67,0.0,1,82.78,0.99,1
CUST_012011,meta_ads,true,2025-12-01,131.88,0.1,1,75.15,0.99,0
CUST_012016,meta_ads,true,2025-05-01,89.32,0.15,1,47.22,0.99,1
CUST_012040,creator_network,false,2024-07-01,69.89,0.1499,1,34.83,0.99,1
CUST_012061,google_ads,true,2025-12-01,86.98,0.1,1,49.31,0.99,0
CUST_012086,creator_network,false,2024-09-01,58.81,0.1,1,32.18,0.99,1
CUST_012090,organic_search,false,2025-03-01,68.29,0.25,1,25.44,0.99,1
CUST_012112,meta_ads,true,2025-07-01,132.38,0.0,1,88.39,0.99,1
CUST_012136,google_ads,true,2024-11-01,72.48,0.0,1,47.21,0.99,1
CUST_012137,meta_ads,true,2025-08-01,66.57,0.0,2,91.16,1.11,1
CUST_012150,meta_ads,true,2024-08-01,81.15,0.2,1,35.45,0.99,1
CUST_012189,creator_network,false,2025-03-01,62.93,0.1,1,35.98,0.99,1
CUST_012190,organic_search,false,2025-01-01,57.87,0.0,1,37.85,0.99,1
CUST_012203,organic_search,false,2024-05-01,80.98,0.0,1,54.55,0.99,1
CUST_012204,creator_network,false,2025-08-01,77.65,0.0,3,134.58,4.39,0
CUST_012213,google_ads,true,2025-12-01,137.96,0.15,1,69.44,0.99,0
CUST_012219,google_ads,true,2024-04-01,97.43,0.0,1,63.57,0.99,1
CUST_012232,meta_ads,true,2025-12-01,84.43,0.0,1,56.82,0.99,0
CUST_012248,creator_network,false,2024-04-01,97.59,0.0,1,63.09,0.99,1
CUST_012270,direct,false,2024-04-01,132.47,0.2,1,57.81,0.99,1
CUST_012271,meta_ads,true,2025-11-01,89.35,0.0,1,57.70,0.99,0
CUST_012299,creator_network,false,2024-04-01,49.13,0.2001,2,-19.62,1.35,1
CUST_012302,direct,false,2025-04-01,114.44,0.0,1,74.17,0.99,1
CUST_012317,google_ads,true,2024-12-01,85.92,0.2,2,99.16,1.41,1
CUST_012347,organic_search,false,2024-05-01,72.53,0.0,2,91.20,0.33,1
CUST_012381,creator_network,false,2024-10-01,34.44,0.25,1,-2.22,0.99,1
CUST_012395,meta_ads,true,2025-09-01,78.54,0.0,2,105.60,0.17,1
CUST_012419,creator_network,false,2025-08-01,64.13,0.15,1,32.55,0.99,1
CUST_012456,google_ads,true,2024-05-01,99.36,0.0,2,136.54,1.25,1
CUST_000013,meta_ads,true,2025-09-01,60.45,0.0,1,38.31,0.99,1
CUST_000046,meta_ads,true,2025-06-01,68.91,0.2,1,31.95,0.99,1
CUST_000054,creator_network,false,2025-11-01,69.28,0.1,2,-13.61,0.34,0
CUST_000062,meta_ads,true,2024-09-01,57.33,0.0,1,38.90,0.99,1
CUST_000126,meta_ads,true,2025-01-01,91.34,0.0,1,58.08,0.99,1
CUST_000149,creator_network,false,2024-02-01,96.24,0.15,1,49.37,0.99,1
CUST_000190,google_ads,true,2024-08-01,46.47,0.0,1,29.05,0.99,1
CUST_000281,creator_network,false,2025-10-01,92.57,0.15,1,48.25,0.99,0
CUST_000284,meta_ads,true,2024-04-01,117.58,0.15,1,57.82,0.99,1
CUST_000288,direct,false,2025-03-01,87.14,0.15,1,43.01,0.99,1
CUST_000325,direct,false,2025-12-01,125.95,0.1,1,69.49,0.99,0
CUST_000332,meta_ads,true,2025-08-01,94.62,0.1,1,-12.01,0.99,1
CUST_000353,organic_search,false,2025-06-01,113.70,0.0,1,76.45,0.99,1
CUST_000357,organic_search,false,2024-01-01,86.40,0.0,1,54.13,0.99,1
CUST_000367,meta_ads,true,2025-12-01,110.38,0.2,1,51.14,0.99,0
CUST_000383,google_ads,true,2025-05-01,109.55,0.0,1,20.04,0.99,1
CUST_000414,meta_ads,true,2025-04-01,104.83,0.0,1,70.22,0.99,1
CUST_000435,creator_network,false,2024-03-01,67.67,0.15,1,33.71,0.99,1
CUST_000447,google_ads,true,2025-12-01,134.41,0.15,1,70.08,0.99,0
CUST_000452,organic_search,false,2025-04-01,125.40,0.0,1,78.03,0.99,1
CUST_000470,meta_ads,true,2025-12-01,29.16,0.1499,1,-0.98,0.99,0
CUST_000490,meta_ads,true,2025-10-01,113.20,0.0,1,75.23,0.99,0
CUST_000522,organic_search,false,2024-12-01,100.63,0.0,1,66.02,0.99,1
CUST_000527,meta_ads,true,2024-12-01,127.45,0.2,2,138.39,1.80,1
CUST_000541,google_ads,true,2025-12-01,143.44,0.0,1,94.23,0.99,0
CUST_000551,direct,false,2025-03-01,75.62,0.0,1,47.54,0.99,1
CUST_000565,meta_ads,true,2024-11-01,61.83,0.1499,1,29.85,0.99,1
CUST_000576,google_ads,true,2025-12-01,87.87,0.2,1,40.63,0.99,0
CUST_000591,meta_ads,true,2024-05-01,106.59,0.0,2,140.24,0.67,1
CUST_000594,meta_ads,true,2024-11-01,59.48,0.0,1,38.04,0.99,1
CUST_000614,google_ads,true,2024-03-01,138.98,0.0,1,3.74,0.99,1
CUST_000623,meta_ads,true,2024-11-01,83.27,0.15,1,43.86,0.99,1
CUST_000643,google_ads,true,2024-07-01,80.60,0.0,1,-28.50,0.99,1
CUST_000666,meta_ads,true,2024-05-01,89.39,0.0,1,60.12,0.99,1
CUST_000730,meta_ads,true,2024-06-01,84.78,0.2501,1,34.89,0.99,1
CUST_000734,meta_ads,true,2025-03-01,60.40,0.15,1,29.62,0.99,1
CUST_000753,meta_ads,true,2025-05-01,66.64,0.0,1,44.70,0.99,1
CUST_000766,direct,false,2025-04-01,94.71,0.0,1,61.75,0.99,1
CUST_000772,meta_ads,true,2025-10-01,109.99,0.0,1,69.63,0.99,0
CUST_000799,meta_ads,true,2025-07-01,127.41,0.2,1,54.02,0.99,1
CUST_000817,meta_ads,true,2025-04-01,101.75,0.1,1,55.56,0.99,1
CUST_000834,organic_search,false,2024-06-01,88.85,0.2,1,38.43,0.99,1
CUST_000852,meta_ads,true,2025-08-01,77.51,0.25,1,28.79,0.99,1
CUST_000853,organic_search,false,2024-07-01,102.50,0.0,1,64.42,0.99,1
CUST_000889,google_ads,true,2024-04-01,77.66,0.2,1,33.25,0.99,1
CUST_000927,meta_ads,true,2024-09-01,77.47,0.0,1,48.15,0.99,1
CUST_000962,meta_ads,true,2025-05-01,100.44,0.15,1,50.11,0.99,1
CUST_000967,google_ads,true,2025-07-01,97.82,0.0,2,-0.49,0.41,1
CUST_000969,meta_ads,true,2025-04-01,65.27,0.1,1,34.55,0.99,1
CUST_000979,google_ads,true,2025-02-01,118.63,0.0,1,75.32,0.99,1
CUST_000994,google_ads,true,2025-04-01,90.16,0.0,2,100.60,1.26,1
CUST_001028,meta_ads,true,2025-10-01,93.28,0.0,1,62.31,0.99,0
CUST_001056,google_ads,true,2024-11-01,110.42,0.1,1,63.05,0.99,1
CUST_001124,google_ads,true,2025-09-01,143.14,0.2,1,65.84,0.99,1
CUST_001128,meta_ads,true,2024-12-01,81.09,0.2,2,-74.48,2.36,1
CUST_001148,google_ads,true,2025-06-01,103.77,0.0,1,67.98,0.99,1
CUST_001180,meta_ads,true,2025-03-01,78.29,0.0,1,48.68,0.99,1
CUST_001191,google_ads,true,2024-03-01,71.81,0.2,1,32.38,0.99,1
CUST_001192,meta_ads,true,2025-04-01,76.30,0.1499,1,37.83,0.99,1
CUST_001198,meta_ads,true,2025-12-01,119.08,0.0,1,-40.58,0.99,0
CUST_001209,direct,false,2024-09-01,91.92,0.0,1,57.23,0.99,1
CUST_001258,organic_search,false,2025-02-01,112.10,0.0,1,73.23,0.99,1
CUST_001278,google_ads,true,2025-12-01,71.46,0.0,1,44.55,0.99,0
CUST_001313,meta_ads,true,2025-03-01,109.14,0.0,1,74.11,0.99,1
CUST_001316,meta_ads,true,2025-05-01,72.83,0.0,1,-24.53,0.99,1
CUST_001329,meta_ads,true,2025-06-01,133.61,0.15,1,68.46,0.99,1
CUST_001340,creator_network,false,2024-02-01,71.78,0.1,2,74.27,1.55,1
CUST_001341,meta_ads,true,2024-08-01,79.75,0.15,2,-69.57,1.09,1
CUST_001365,creator_network,false,2025-07-01,95.25,0.15,1,47.64,0.99,1
CUST_001371,creator_network,false,2025-12-01,96.72,0.2,1,44.01,0.99,0
CUST_001375,google_ads,true,2024-08-01,120.03,0.0,1,78.62,0.99,1
CUST_001388,meta_ads,true,2024-05-01,35.27,0.0,1,22.51,0.99,1
CUST_001400,meta_ads,true,2025-07-01,76.87,0.0,2,103.90,2.12,1
CUST_001451,direct,false,2025-02-01,100.96,0.15,1,49.21,0.99,1
CUST_001486,meta_ads,true,2024-11-01,58.95,0.0,3,171.16,2.22,1
CUST_001489,meta_ads,true,2024-12-01,34.08,0.0,1,8.36,0.99,1
CUST_001497,organic_search,false,2025-05-01,61.16,0.0,1,39.88,0.99,1
CUST_001521,organic_search,false,2024-03-01,92.80,0.0,1,60.59,0.99,1
CUST_001522,meta_ads,true,2025-11-01,88.79,0.15,1,-1.79,0.99,0
CUST_001544,meta_ads,true,2024-08-01,92.31,0.0,1,61.62,0.99,1
CUST_001593,google_ads,true,2024-05-01,150.81,0.0,1,99.23,0.99,1
CUST_001622,meta_ads,true,2024-03-01,78.12,0.0,1,-5.33,0.99,1
CUST_001648,meta_ads,true,2025-09-01,58.52,0.1,2,66.39,1.70,0
CUST_001679,meta_ads,true,2024-06-01,100.69,0.0,1,67.63,0.99,1
CUST_001701,google_ads,true,2025-12-01,119.58,0.0,1,74.18,0.99,0
CUST_001709,direct,false,2025-05-01,93.74,0.1,1,50.37,0.99,1
CUST_001734,organic_search,false,2025-01-01,81.08,0.0,3,174.17,2.42,1
CUST_001750,direct,false,2024-05-01,95.02,0.0,1,62.33,0.99,1
CUST_001754,organic_search,false,2024-08-01,78.53,0.1,1,42.36,0.99,1
CUST_001756,organic_search,false,2025-09-01,76.30,0.1499,1,35.92,0.99,1
CUST_001771,google_ads,true,2025-01-01,72.39,0.0,1,49.03,0.99,1
CUST_001772,google_ads,true,2025-08-01,102.43,0.0,2,110.33,1.12,1
CUST_001773,meta_ads,true,2025-10-01,79.08,0.0,1,14.52,0.99,0
CUST_001805,google_ads,true,2024-11-01,93.42,0.15,1,48.08,0.99,1
CUST_001806,creator_network,false,2025-08-01,91.75,0.1001,2,96.35,1.57,0
CUST_001814,google_ads,true,2024-01-01,114.10,0.0,2,109.92,3.18,1
CUST_001835,meta_ads,true,2025-09-01,82.20,0.0,1,52.59,0.99,1
CUST_001848,google_ads,true,2024-07-01,91.21,0.25,1,38.37,0.99,1
CUST_001887,organic_search,false,2024-01-01,82.69,0.0,2,138.23,1.63,1
CUST_001893,meta_ads,true,2025-09-01,92.09,0.0,1,60.91,0.99,1
CUST_001895,google_ads,true,2025-04-01,106.57,0.0,1,68.09,0.99,1
CUST_001931,direct,false,2025-04-01,142.99,0.0,1,90.54,0.99,1
CUST_001936,meta_ads,true,2025-09-01,75.54,0.15,1,35.65,0.99,1
CUST_001950,direct,false,2025-01-01,76.86,0.0,1,-28.83,0.99,1
CUST_001951,organic_search,false,2024-03-01,99.14,0.0,1,67.19,0.99,1
CUST_001963,meta_ads,true,2025-09-01,74.25,0.0,1,48.36,0.99,1
CUST_001975,google_ads,true,2024-09-01,115.30,0.0,2,122.79,1.59,1
CUST_001984,google_ads,true,2025-02-01,108.24,0.0,1,72.53,0.99,1
CUST_002000,google_ads,true,2024-09-01,101.74,0.0,1,68.91,0.99,1
CUST_002002,organic_search,false,2024-08-01,84.67,0.0,1,52.82,0.99,1
CUST_002004,google_ads,true,2024-08-01,135.08,0.15,3,223.55,3.22,1
CUST_002014,meta_ads,true,2024-05-01,61.39,0.0,1,38.43,0.99,1
CUST_002017,google_ads,true,2024-11-01,77.58,0.15,1,39.95,0.99,1
CUST_002018,google_ads,true,2025-11-01,97.78,0.0,1,64.36,0.99,0
CUST_002024,meta_ads,true,2024-02-01,103.10,0.2,1,46.70,0.99,1
CUST_002030,google_ads,true,2025-06-01,112.64,0.0,1,-36.22,0.99,1
CUST_002038,meta_ads,true,2024-05-01,60.28,0.0,1,38.84,0.99,1
CUST_002042,google_ads,true,2025-04-01,69.97,0.0,1,44.02,0.99,1
CUST_002078,google_ads,true,2025-01-01,78.35,0.2,1,35.41,0.99,1
CUST_002084,google_ads,true,2025-11-01,76.82,0.0,3,176.30,0.85,0
CUST_002116,organic_search,false,2024-05-01,103.39,0.0,1,69.93,0.99,1
CUST_002133,meta_ads,true,2025-04-01,96.78,0.0,1,12.62,0.99,1
CUST_002165,meta_ads,true,2025-02-01,60.79,0.0,1,40.21,0.99,1
CUST_002169,google_ads,true,2025-06-01,102.34,0.1,2,114.89,0.23,1
CUST_002189,direct,false,2025-08-01,69.59,0.0,1,44.99,0.99,1
CUST_002194,creator_network,false,2025-04-01,86.95,0.2,2,98.62,2.62,1
CUST_002195,meta_ads,true,2024-04-01,106.64,0.0,1,22.72,0.99,1
CUST_002209,meta_ads,true,2024-09-01,127.30,0.2,1,-68.71,0.99,1
CUST_002228,google_ads,true,2025-05-01,37.96,0.0,2,93.33,1.73,1
CUST_002232,meta_ads,true,2024-02-01,118.23,0.15,1,55.84,0.99,1
CUST_002258,google_ads,true,2025-01-01,102.08,0.15,2,130.26,0.77,1
CUST_002316,google_ads,true,2024-05-01,99.12,0.0,1,61.82,0.99,1
CUST_002317,google_ads,true,2024-09-01,109.25,0.15,1,55.99,0.99,1
CUST_002336,google_ads,true,2024-12-01,126.69,0.0,1,79.96,0.99,1
CUST_002345,creator_network,false,2025-11-01,88.22,0.15,1,41.82,0.99,0
CUST_002368,google_ads,true,2025-04-01,118.99,0.0,1,75.85,0.99,1
CUST_002414,google_ads,true,2024-01-01,104.73,0.1,1,57.25,0.99,1
CUST_002417,creator_network,false,2024-12-01,85.93,0.1,3,-19.56,3.01,1
CUST_002418,meta_ads,true,2024-02-01,103.66,0.25,1,39.34,0.99,1
CUST_002424,google_ads,true,2025-01-01,102.30,0.0,1,68.50,0.99,1
CUST_002429,meta_ads,true,2024-10-01,102.01,0.0,1,69.22,0.99,1
CUST_002456,creator_network,false,2024-05-01,91.10,0.0,1,60.55,0.99,1
CUST_002457,organic_search,false,2025-01-01,114.67,0.0,1,77.09,0.99,1
CUST_002479,creator_network,false,2024-05-01,60.85,0.0,1,38.53,0.99,1
CUST_002493,meta_ads,true,2025-08-01,75.61,0.0,2,111.13,1.47,1
CUST_002530,meta_ads,true,2025-12-01,110.59,0.2,1,-59.34,0.99,0
CUST_002550,google_ads,true,2024-03-01,79.25,0.1001,1,43.34,0.99,1
CUST_002616,organic_search,false,2024-04-01,70.61,0.0,2,70.37,1.63,1
CUST_002635,creator_network,false,2025-07-01,79.69,0.25,1,29.85,0.99,1
CUST_002664,google_ads,true,2025-06-01,119.34,0.0,1,-39.90,0.99,1
CUST_002674,meta_ads,true,2024-07-01,58.78,0.2001,1,25.95,0.99,1
CUST_002687,google_ads,true,2024-05-01,83.86,0.1,1,47.09,0.99,1
CUST_002765,google_ads,true,2024-05-01,121.93,0.0,1,77.05,0.99,1
CUST_002799,google_ads,true,2025-12-01,75.11,0.25,1,30.57,0.99,0
CUST_002837,meta_ads,true,2025-12-01,33.41,0.1999,1,15.20,0.99,0
CUST_002881,organic_search,false,2024-10-01,82.26,0.0,1,52.18,0.99,1
CUST_002888,meta_ads,true,2024-12-01,113.55,0.0,1,1.06,0.99,1
CUST_002889,google_ads,true,2025-09-01,137.30,0.0,1,92.87,0.99,1
CUST_002916,creator_network,false,2025-06-01,84.47,0.2,1,-4.96,0.99,1
CUST_002919,google_ads,true,2025-01-01,113.28,0.0,2,76.63,1.29,1
CUST_002923,meta_ads,true,2025-09-01,98.54,0.0,1,61.20,0.99,1
CUST_002927,google_ads,true,2025-09-01,95.59,0.0,1,60.07,0.99,1
CUST_002935,google_ads,true,2025-07-01,108.12,0.0,1,70.45,0.99,1
CUST_002945,google_ads,true,2025-08-01,96.26,0.1,1,50.51,0.99,1
CUST_002971,meta_ads,true,2024-11-01,62.61,0.15,1,33.15,0.99,1
CUST_002991,google_ads,true,2024-06-01,85.66,0.0,1,56.91,0.99,1
CUST_002992,meta_ads,true,2025-09-01,69.97,0.1501,1,33.10,0.99,1
CUST_002994,google_ads,true,2024-12-01,99.71,0.0,1,64.92,0.99,1
CUST_003009,google_ads,true,2025-06-01,186.91,0.0,1,125.17,0.99,1
CUST_003092,google_ads,true,2025-12-01,49.94,0.0,1,33.11,0.99,0
CUST_003129,organic_search,false,2025-12-01,90.66,0.15,1,43.53,0.99,0
CUST_003147,organic_search,false,2025-11-01,98.24,0.0,1,62.58,0.99,0
CUST_003150,meta_ads,true,2025-01-01,100.66,0.15,2,104.97,1.97,1
CUST_003151,meta_ads,true,2025-05-01,84.41,0.0,1,-0.76,0.99,1
CUST_003179,organic_search,false,2025-09-01,76.40,0.25,1,32.45,0.99,1
CUST_003182,meta_ads,true,2024-09-01,112.76,0.15,1,55.55,0.99,1
CUST_003198,creator_network,false,2025-10-01,97.03,0.1,1,51.76,0.99,0
CUST_003202,meta_ads,true,2025-02-01,126.03,0.25,2,75.13,1.55,1
CUST_003206,google_ads,true,2025-09-01,120.29,0.0,1,78.63,0.99,1
CUST_003226,meta_ads,true,2025-10-01,96.59,0.0,1,61.23,0.99,0
CUST_003228,creator_network,false,2024-11-01,81.06,0.1,1,42.73,0.99,1
CUST_003241,google_ads,true,2024-12-01,129.45,0.0,1,86.07,0.99,1
CUST_003252,organic_search,false,2024-04-01,82.39,0.15,1,40.83,0.99,1
CUST_003267,google_ads,true,2025-02-01,110.05,0.0,1,70.74,0.99,1
CUST_003270,meta_ads,true,2025-06-01,112.23,0.0,1,76.28,0.99,1
CUST_003273,meta_ads,true,2025-07-01,91.21,0.0,1,59.75,0.99,1
CUST_003284,google_ads,true,2025-10-01,103.94,0.0,1,68.86,0.99,0
CUST_003379,meta_ads,true,2024-03-01,79.12,0.0,1,53.73,0.99,1
CUST_003398,organic_search,false,2025-10-01,84.98,0.0,1,53.91,0.99,0
CUST_003404,meta_ads,true,2024-10-01,81.85,0.0,2,117.48,1.00,1
CUST_003406,meta_ads,true,2025-09-01,118.29,0.0,1,77.94,0.99,1
CUST_003435,google_ads,true,2025-07-01,99.43,0.2,1,47.01,0.99,1
CUST_003442,meta_ads,true,2025-03-01,74.46,0.2,1,33.77,0.99,1
CUST_003450,creator_network,false,2024-02-01,96.79,0.0,1,60.56,0.99,1
CUST_003465,creator_network,false,2024-06-01,56.73,0.0999,1,30.61,0.99,1
CUST_003472,meta_ads,true,2025-08-01,45.42,0.0,2,76.68,0.20,1
CUST_003483,organic_search,false,2024-09-01,95.22,0.0,2,126.42,2.42,1
CUST_003486,meta_ads,true,2025-04-01,100.73,0.15,3,131.22,1.38,1
CUST_003491,google_ads,true,2024-03-01,57.55,0.0,1,38.33,0.99,1
CUST_003503,google_ads,true,2025-12-01,113.75,0.0,1,75.78,0.99,0
CUST_003532,meta_ads,true,2025-09-01,75.14,0.0,1,49.43,0.99,1
CUST_003551,creator_network,false,2025-09-01,117.47,0.0,2,71.23,2.29,0
CUST_003564,meta_ads,true,2024-12-01,98.70,0.0,1,-33.12,0.99,1
CUST_003592,google_ads,true,2024-06-01,93.22,0.0,1,58.73,0.99,1
CUST_003604,meta_ads,true,2024-09-01,48.83,0.0,1,31.57,0.99,1
CUST_003610,meta_ads,true,2025-12-01,97.67,0.2,1,42.22,0.99,0
CUST_003625,google_ads,true,2024-08-01,73.86,0.1001,1,40.94,0.99,1
CUST_003628,google_ads,true,2025-10-01,139.52,0.0,1,87.61,0.99,0
CUST_003639,direct,false,2024-09-01,79.08,0.0,1,50.09,0.99,1
CUST_003640,meta_ads,true,2024-07-01,123.06,0.2,1,54.70,0.99,1
CUST_003656,google_ads,true,2024-07-01,134.96,0.0,1,85.84,0.99,1
CUST_003680,meta_ads,true,2024-12-01,40.39,0.0,1,25.54,0.99,1
CUST_003700,creator_network,false,2024-09-01,42.55,0.1499,1,-21.86,0.99,1
CUST_003706,meta_ads,true,2025-10-01,113.62,0.25,1,-65.62,0.99,0
CUST_003731,meta_ads,true,2024-05-01,46.03,0.0,1,-16.86,0.99,1
CUST_003747,google_ads,true,2025-06-01,94.03,0.0,1,58.54,0.99,1
CUST_003783,organic_search,false,2024-01-01,118.91,0.0,2,119.11,0.87,1
CUST_003792,meta_ads,true,2024-03-01,60.08,0.0,1,37.97,0.99,1
CUST_003807,meta_ads,true,2025-01-01,78.30,0.0,1,49.56,0.99,1
CUST_003815,meta_ads,true,2024-08-01,85.63,0.1,1,48.56,0.99,1
CUST_003838,meta_ads,true,2024-04-01,50.13,0.0,1,33.03,0.99,1
CUST_003847,meta_ads,true,2025-12-01,87.57,0.25,1,35.63,0.99,0
CUST_003853,meta_ads,true,2025-05-01,92.96,0.2,1,41.81,0.99,1
CUST_003877,meta_ads,true,2024-06-01,62.07,0.1,1,33.02,0.99,1
CUST_003915,google_ads,true,2025-12-01,130.01,0.2,1,54.87,0.99,0
CUST_003922,meta_ads,true,2024-12-01,152.01,0.0,1,102.82,0.99,1
CUST_003925,google_ads,true,2025-12-01,116.28,0.1,1,66.50,0.99,0
CUST_003962,organic_search,false,2024-12-01,87.05,0.2,1,-47.44,0.99,1
CUST_003966,meta_ads,true,2025-08-01,65.13,0.0,1,41.76,0.99,1
CUST_003967,google_ads,true,2024-10-01,118.76,0.0,1,75.51,0.99,1
CUST_003970,meta_ads,true,2024-12-01,37.25,0.0,1,24.80,0.99,1
CUST_003974,meta_ads,true,2025-07-01,69.97,0.0,1,46.09,0.99,1
CUST_003982,creator_network,false,2025-09-01,65.63,0.0,1,41.82,0.99,1
CUST_003987,direct,false,2024-04-01,89.70,0.0,1,60.55,0.99,1
CUST_003989,direct,false,2024-10-01,127.80,0.0,1,80.66,0.99,1
CUST_004012,google_ads,true,2024-12-01,67.15,0.0,1,45.36,0.99,1
CUST_004015,organic_search,false,2025-05-01,122.75,0.0,2,160.52,2.32,1
CUST_004056,meta_ads,true,2024-01-01,72.92,0.0,1,46.71,0.99,1
CUST_004063,creator_network,false,2025-08-01,88.16,0.15,1,42.10,0.99,1
CUST_004067,google_ads,true,2024-05-01,103.43,0.0,1,66.01,0.99,1
CUST_004088,meta_ads,true,2025-05-01,86.59,0.2,1,-6.94,0.99,1
CUST_004107,google_ads,true,2025-12-01,119.09,0.0,1,78.53,0.99,0
CUST_004122,organic_search,false,2025-03-01,51.36,0.0,1,32.79,0.99,1
CUST_004134,meta_ads,true,2025-05-01,97.91,0.1,1,53.35,0.99,1
CUST_004156,google_ads,true,2024-01-01,102.89,0.1,1,54.72,0.99,1
CUST_004168,organic_search,false,2024-04-01,58.79,0.15,1,30.86,0.99,1
CUST_004179,meta_ads,true,2024-10-01,72.55,0.0,1,45.65,0.99,1
CUST_004214,organic_search,false,2024-08-01,87.49,0.2,1,-46.14,0.99,1
CUST_004215,direct,false,2025-05-01,99.04,0.0,1,62.43,0.99,1
CUST_004238,google_ads,true,2025-08-01,134.73,0.0,1,89.31,0.99,1
CUST_004239,organic_search,false,2025-07-01,86.13,0.0,1,58.27,0.99,1
CUST_004241,google_ads,true,2025-06-01,130.72,0.1,1,74.11,0.99,1
CUST_004292,meta_ads,true,2024-03-01,109.96,0.1,1,62.23,0.99,1
CUST_004299,meta_ads,true,2025-01-01,78.01,0.0,1,50.89,0.99,1
CUST_004306,direct,false,2024-03-01,92.87,0.0,1,63.06,0.99,1
CUST_004342,organic_search,false,2024-02-01,130.41,0.0,1,82.41,0.99,1
CUST_004363,meta_ads,true,2025-08-01,99.91,0.0,1,63.76,0.99,1
CUST_004375,google_ads,true,2025-03-01,78.84,0.1501,1,37.75,0.99,1
CUST_004388,google_ads,true,2024-02-01,68.78,0.0,1,43.89,0.99,1
CUST_004390,meta_ads,true,2024-02-01,78.39,0.0,1,51.56,0.99,1
CUST_004398,meta_ads,true,2024-03-01,78.54,0.15,1,38.91,0.99,1
CUST_004431,google_ads,true,2025-06-01,124.36,0.1,1,66.09,0.99,1
CUST_004441,creator_network,false,2025-10-01,97.25,0.1001,1,53.71,0.99,0
CUST_004449,meta_ads,true,2024-10-01,136.77,0.1,1,-65.00,0.99,1
CUST_004477,meta_ads,true,2024-12-01,68.55,0.2,1,29.15,0.99,1
CUST_004504,google_ads,true,2024-01-01,164.09,0.0,1,111.52,0.99,1
CUST_004519,creator_network,false,2024-07-01,79.34,0.0,1,49.22,0.99,1
CUST_004534,organic_search,false,2024-10-01,103.82,0.0,1,64.96,0.99,1
CUST_004551,google_ads,true,2025-11-01,70.14,0.15,1,34.75,0.99,0
CUST_004553,meta_ads,true,2024-05-01,88.47,0.15,1,43.99,0.99,1
CUST_004557,google_ads,true,2025-06-01,82.49,0.0,1,54.33,0.99,1
CUST_004589,google_ads,true,2025-06-01,143.34,0.25,2,121.43,2.34,1
CUST_004601,organic_search,false,2024-07-01,49.97,0.0,1,-16.60,0.99,1
CUST_004607,creator_network,false,2025-10-01,97.04,0.0,1,65.07,0.99,0
CUST_004628,meta_ads,true,2025-02-01,104.28,0.0,1,66.60,0.99,1
CUST_004646,creator_network,false,2025-08-01,89.56,0.15,1,46.15,0.99,1
CUST_004670,meta_ads,true,2025-07-01,85.39,0.0,1,26.75,0.99,1
CUST_004675,meta_ads,true,2024-12-01,86.27,0.0,1,57.17,0.99,1
CUST_004686,meta_ads,true,2024-12-01,92.36,0.0,1,62.12,0.99,1
CUST_004700,creator_network,false,2025-12-01,71.02,0.1,1,38.22,0.99,0
CUST_004731,google_ads,true,2024-04-01,83.83,0.0,1,53.85,0.99,1
CUST_004751,meta_ads,true,2024-11-01,87.37,0.0,1,54.38,0.99,1
CUST_004756,creator_network,false,2025-10-01,68.03,0.1499,2,92.32,1.69,0
CUST_004763,creator_network,false,2025-08-01,69.36,0.1001,2,54.06,2.26,0
CUST_004780,meta_ads,true,2024-08-01,78.52,0.0,1,-25.63,0.99,1
CUST_004802,google_ads,true,2024-03-01,137.00,0.0,1,85.05,0.99,1
CUST_004806,meta_ads,true,2025-03-01,67.87,0.15,2,85.28,0.90,1
CUST_004815,google_ads,true,2025-08-01,106.73,0.15,1,55.53,0.99,1
CUST_004823,google_ads,true,2024-11-01,109.77,0.0,1,73.33,0.99,1
CUST_004865,creator_network,false,2024-10-01,40.04,0.1501,1,18.87,0.99,1
CUST_004872,meta_ads,true,2024-05-01,76.74,0.2499,1,28.99,0.99,1
CUST_004876,organic_search,false,2025-05-01,102.49,0.0,2,118.87,1.83,1
CUST_004878,google_ads,true,2025-07-01,142.34,0.1,1,74.19,0.99,1
CUST_004880,meta_ads,true,2025-09-01,103.05,0.0,1,68.29,0.99,1
CUST_004883,meta_ads,true,2025-09-01,114.27,0.0,1,72.63,0.99,1
CUST_004893,organic_search,false,2025-05-01,95.27,0.0,1,63.14,0.99,1
CUST_004915,meta_ads,true,2024-06-01,97.65,0.0,1,63.86,0.99,1
CUST_004933,google_ads,true,2025-12-01,99.09,0.0,1,66.81,0.99,0
CUST_004940,direct,false,2025-09-01,89.91,0.0,2,145.20,0.25,1
CUST_004953,google_ads,true,2024-12-01,87.79,0.1,2,119.06,2.33,1
CUST_004962,meta_ads,true,2024-07-01,106.47,0.0,1,71.02,0.99,1
CUST_004964,meta_ads,true,2025-08-01,103.25,0.25,1,38.24,0.99,1
CUST_004973,google_ads,true,2025-03-01,116.49,0.0,1,77.82,0.99,1
CUST_004995,meta_ads,true,2024-03-01,72.27,0.0,1,48.88,0.99,1
CUST_005004,meta_ads,true,2024-10-01,100.55,0.0,1,66.14,0.99,1
CUST_005014,google_ads,true,2025-05-01,80.41,0.0,1,53.32,0.99,1
CUST_005015,creator_network,false,2024-07-01,49.16,0.0,1,32.44,0.99,1
CUST_005022,google_ads,true,2025-01-01,104.77,0.2,1,45.76,0.99,1
CUST_005053,google_ads,true,2024-06-01,106.25,0.0,1,67.32,0.99,1
CUST_005061,google_ads,true,2025-11-01,94.86,0.0,1,-30.98,0.99,0
CUST_005073,google_ads,true,2025-02-01,96.99,0.0,1,60.57,0.99,1
CUST_005112,meta_ads,true,2025-10-01,100.09,0.15,1,49.56,0.99,0
CUST_005143,meta_ads,true,2025-04-01,110.59,0.0,1,69.63,0.99,1
CUST_005161,google_ads,true,2025-05-01,118.96,0.0,1,74.96,0.99,1
CUST_005164,direct,false,2025-02-01,76.42,0.0,1,48.28,0.99,1
CUST_005170,google_ads,true,2025-08-01,95.87,0.0,1,65.13,0.99,1
CUST_005175,google_ads,true,2025-01-01,103.54,0.0,1,67.79,0.99,1
CUST_005192,meta_ads,true,2025-07-01,37.16,0.0,2,57.16,1.20,1
CUST_005196,google_ads,true,2025-09-01,96.85,0.15,1,48.91,0.99,1
CUST_005206,direct,false,2024-11-01,93.92,0.0,1,61.44,0.99,1
CUST_005221,organic_search,false,2024-09-01,104.81,0.0,2,25.01,1.79,1
CUST_005223,meta_ads,true,2024-06-01,65.57,0.0,1,-22.53,0.99,1
CUST_005240,meta_ads,true,2024-11-01,84.24,0.0,1,53.15,0.99,1
CUST_005250,meta_ads,true,2025-02-01,120.80,0.0,1,75.49,0.99,1
CUST_005258,google_ads,true,2025-03-01,105.30,0.0,1,27.68,0.99,1
CUST_005275,direct,false,2025-02-01,105.99,0.0,2,97.89,0.34,1
CUST_005291,organic_search,false,2024-09-01,112.27,0.0,1,70.51,0.99,1
CUST_005304,meta_ads,true,2025-11-01,57.16,0.0,1,36.31,0.99,0
CUST_005307,meta_ads,true,2025-02-01,68.63,0.1499,1,-33.11,0.99,1
CUST_005309,meta_ads,true,2025-10-01,100.01,0.1,1,53.53,0.99,0
CUST_005325,meta_ads,true,2024-02-01,71.41,0.0,1,47.18,0.99,1
CUST_005326,creator_network,false,2025-04-01,90.84,0.2,1,38.49,0.99,1
CUST_005381,meta_ads,true,2024-07-01,51.23,0.0,2,66.08,0.54,1
CUST_005410,google_ads,true,2025-03-01,149.34,0.1,1,-69.80,0.99,1
CUST_005421,meta_ads,true,2024-07-01,102.22,0.0,3,175.16,3.11,1
CUST_005431,creator_network,false,2025-05-01,75.27,0.0,1,47.92,0.99,1
CUST_005441,google_ads,true,2025-01-01,91.66,0.0,1,61.73,0.99,1
CUST_005461,meta_ads,true,2025-09-01,103.00,0.1,1,59.16,0.99,1
CUST_005510,meta_ads,true,2025-02-01,94.31,0.15,1,45.91,0.99,1
CUST_005515,meta_ads,true,2024-04-01,48.82,0.0,1,30.30,0.99,1
CUST_005526,organic_search,false,2024-02-01,83.06,0.15,3,54.23,3.70,1
CUST_005532,google_ads,true,2024-05-01,61.07,0.15,1,29.96,0.99,1
CUST_005536,direct,false,2024-04-01,101.99,0.0,2,150.71,1.03,1
CUST_005574,organic_search,false,2025-06-01,123.77,0.0,2,151.74,1.95,1
CUST_005592,google_ads,true,2025-03-01,98.39,0.0,1,14.51,0.99,1
CUST_005593,meta_ads,true,2024-03-01,54.87,0.0,1,37.26,0.99,1
CUST_005609,google_ads,true,2025-01-01,99.82,0.0,2,109.86,1.54,1
CUST_005643,creator_network,false,2024-10-01,91.89,0.15,1,45.65,0.99,1
CUST_005657,creator_network,false,2025-06-01,64.28,0.1,1,36.63,0.99,1
CUST_005672,direct,false,2024-09-01,98.15,0.0,1,65.94,0.99,1
CUST_005682,meta_ads,true,2025-02-01,90.08,0.1,1,49.80,0.99,1
CUST_005695,google_ads,true,2025-08-01,101.03,0.0,1,67.62,0.99,1
CUST_005707,google_ads,true,2025-11-01,132.63,0.0,1,83.47,0.99,0
CUST_005736,creator_network,false,2025-06-01,79.31,0.1,1,41.53,0.99,1
CUST_005758,meta_ads,true,2025-01-01,101.78,0.1,2,112.35,1.41,1
CUST_005764,direct,false,2024-06-01,148.71,0.15,1,71.26,0.99,1
CUST_005860,meta_ads,true,2025-04-01,105.42,0.0,4,152.11,4.03,1
CUST_005861,meta_ads,true,2025-01-01,50.29,0.0,5,221.20,6.59,1
CUST_005891,meta_ads,true,2025-07-01,131.23,0.0,1,87.05,0.99,1
CUST_005899,organic_search,false,2025-12-01,66.96,0.0,1,41.83,0.99,0
CUST_005923,google_ads,true,2024-06-01,116.21,0.2,1,51.14,0.99,1
CUST_005967,google_ads,true,2025-11-01,71.09,0.0,1,44.56,0.99,0
CUST_005973,google_ads,true,2025-09-01,70.24,0.0,1,45.99,0.99,1
CUST_005980,google_ads,true,2025-04-01,112.99,0.0,1,76.45,0.99,1
CUST_006007,google_ads,true,2025-03-01,143.72,0.0,1,96.20,0.99,1
CUST_006013,organic_search,false,2025-12-01,79.28,0.0,1,52.41,0.99,0
CUST_006017,creator_network,false,2024-05-01,97.41,0.0,1,61.30,0.99,1
CUST_006029,google_ads,true,2025-07-01,108.79,0.0,1,70.24,0.99,1
CUST_006059,creator_network,false,2025-10-01,82.32,0.0,2,86.68,1.65,0
CUST_006065,meta_ads,true,2024-08-01,73.08,0.0,1,5.96,0.99,1
CUST_006075,meta_ads,true,2024-10-01,101.62,0.2,1,48.77,0.99,1
CUST_006088,creator_network,false,2024-07-01,86.57,0.1,1,45.34,0.99,1
CUST_006116,google_ads,true,2025-07-01,116.54,0.0,1,78.43,0.99,1
CUST_006124,google_ads,true,2025-12-01,83.53,0.0,1,52.95,0.99,0
CUST_006133,creator_network,false,2025-03-01,71.52,0.0,1,-25.94,0.99,1
CUST_006137,google_ads,true,2024-12-01,117.99,0.0,1,79.43,0.99,1
CUST_006146,google_ads,true,2024-06-01,122.42,0.1,2,138.50,0.86,1
CUST_006157,organic_search,false,2025-08-01,53.32,0.0,1,33.25,0.99,1
CUST_006163,google_ads,true,2024-08-01,43.61,0.0,2,72.99,0.41,1
CUST_006190,meta_ads,true,2024-05-01,109.09,0.15,1,56.14,0.99,1
CUST_006191,google_ads,true,2025-07-01,86.38,0.0,1,58.54,0.99,1
CUST_006216,creator_network,false,2025-09-01,55.73,0.0999,1,29.96,0.99,1
CUST_006217,google_ads,true,2024-05-01,130.08,0.0,2,157.33,0.31,1
CUST_006220,direct,false,2024-05-01,88.82,0.0,1,55.73,0.99,1
CUST_006223,direct,false,2024-06-01,80.66,0.0,2,91.81,2.00,1
CUST_006243,creator_network,false,2025-03-01,80.26,0.15,1,40.18,0.99,1
CUST_006259,google_ads,true,2025-09-01,103.92,0.0,1,68.82,0.99,1
CUST_006272,creator_network,false,2025-11-01,86.19,0.0,2,104.50,0.56,0
CUST_006287,meta_ads,true,2025-10-01,80.23,0.0,1,50.95,0.99,0
CUST_006288,direct,false,2025-01-01,62.14,0.15,1,-31.59,0.99,1
CUST_006295,meta_ads,true,2025-10-01,100.65,0.1,1,57.65,0.99,0
CUST_006336,organic_search,false,2025-08-01,102.72,0.0,1,67.44,0.99,1
CUST_006342,direct,false,2025-06-01,80.23,0.0,1,51.52,0.99,1
CUST_006363,meta_ads,true,2024-08-01,113.24,0.15,1,57.27,0.99,1
CUST_006376,organic_search,false,2024-02-01,61.61,0.0,1,40.37,0.99,1
CUST_006379,meta_ads,true,2025-12-01,106.95,0.0,1,-37.65,0.99,0
CUST_006405,meta_ads,true,2024-03-01,95.70,0.0,1,64.48,0.99,1
CUST_006408,creator_network,false,2024-10-01,89.50,0.2,2,88.43,2.32,1
CUST_006425,meta_ads,true,2025-01-01,58.61,0.15,1,29.02,0.99,1
CUST_006508,creator_network,false,2025-11-01,75.29,0.1,2,64.69,0.88,0
CUST_006510,meta_ads,true,2025-06-01,111.49,0.2,1,-59.16,0.99,1
CUST_006524,direct,false,2024-06-01,122.57,0.0,1,80.83,0.99,1
CUST_006547,meta_ads,true,2025-04-01,99.41,0.0,1,67.20,0.99,1
CUST_006559,meta_ads,true,2025-08-01,120.64,0.0,1,-1.85,0.99,1
CUST_006612,google_ads,true,2025-08-01,136.93,0.15,1,70.63,0.99,1
CUST_006620,organic_search,false,2025-07-01,76.82,0.0,1,48.92,0.99,1
CUST_006625,organic_search,false,2025-09-01,109.02,0.0,1,71.11,0.99,1
CUST_006642,creator_network,false,2025-09-01,43.90,0.1,2,32.73,2.77,0
CUST_006673,meta_ads,true,2024-08-01,83.65,0.0,1,56.58,0.99,1
CUST_006674,google_ads,true,2024-03-01,108.04,0.0,1,69.38,0.99,1
CUST_006678,meta_ads,true,2024-08-01,73.00,0.1,1,38.51,0.99,1
CUST_006690,creator_network,false,2024-03-01,73.49,0.1,1,39.88,0.99,1
CUST_006694,meta_ads,true,2025-09-01,61.35,0.1001,1,33.05,0.99,1
CUST_006707,direct,false,2025-11-01,48.79,0.0,1,30.40,0.99,0
CUST_006715,google_ads,true,2025-10-01,126.56,0.0,1,-43.87,0.99,0
CUST_006726,meta_ads,true,2024-03-01,90.10,0.1499,1,47.32,0.99,1
CUST_006752,google_ads,true,2025-04-01,110.77,0.0,1,72.33,0.99,1
CUST_006767,meta_ads,true,2025-12-01,52.98,0.0,1,33.09,0.99,0
CUST_006787,google_ads,true,2025-11-01,75.61,0.0,1,50.55,0.99,0
CUST_006812,google_ads,true,2024-02-01,104.89,0.0,1,65.92,0.99,1
CUST_006832,organic_search,false,2024-03-01,110.77,0.0,4,238.76,3.92,1
CUST_006845,meta_ads,true,2025-11-01,113.97,0.15,1,55.61,0.99,0
CUST_006860,meta_ads,true,2025-05-01,79.50,0.0,1,51.28,0.99,1
CUST_006870,meta_ads,true,2025-12-01,107.24,0.1,1,57.52,0.99,0
CUST_006882,meta_ads,true,2024-07-01,76.95,0.1001,1,42.46,0.99,1
CUST_006884,google_ads,true,2025-02-01,76.38,0.0,1,-26.13,0.99,1
CUST_006896,google_ads,true,2025-11-01,118.24,0.0,2,118.62,1.03,0
CUST_006900,meta_ads,true,2025-01-01,111.27,0.0,1,73.56,0.99,1
CUST_006906,meta_ads,true,2024-02-01,108.76,0.0,1,68.98,0.99,1
CUST_006913,google_ads,true,2024-07-01,169.89,0.0,2,192.95,0.65,1
CUST_006958,meta_ads,true,2025-06-01,98.25,0.0,1,-35.98,0.99,1
CUST_006966,meta_ads,true,2024-05-01,110.44,0.0,1,71.39,0.99,1
CUST_006971,meta_ads,true,2024-07-01,91.02,0.0,1,57.69,0.99,1
CUST_007001,meta_ads,true,2024-02-01,67.50,0.2501,1,26.75,0.99,1
CUST_007030,google_ads,true,2024-05-01,80.10,0.2,1,-42.81,0.99,1
CUST_007059,creator_network,false,2025-11-01,84.82,0.0,1,52.93,0.99,0
CUST_007075,creator_network,false,2025-02-01,77.95,0.1001,1,-34.97,0.99,1
CUST_007095,meta_ads,true,2024-11-01,84.54,0.0,1,53.31,0.99,1
CUST_007096,google_ads,true,2025-04-01,67.87,0.0,1,43.62,0.99,1
CUST_007102,meta_ads,true,2024-07-01,89.37,0.25,1,35.61,0.99,1
CUST_007103,google_ads,true,2025-12-01,109.83,0.15,1,53.18,0.99,0
CUST_007104,creator_network,false,2025-05-01,84.12,0.1,1,46.01,0.99,1
CUST_007107,organic_search,false,2024-01-01,107.38,0.0,1,67.46,0.99,1
CUST_007112,meta_ads,true,2025-11-01,77.46,0.0,1,49.29,0.99,0
CUST_007120,creator_network,false,2025-04-01,87.67,0.0,1,-32.41,0.99,1
CUST_007124,organic_search,false,2025-10-01,121.48,0.0,1,-38.90,0.99,0
CUST_007172,creator_network,false,2025-10-01,73.04,0.0999,1,41.00,0.99,0
CUST_007198,creator_network,false,2025-08-01,80.03,0.1,1,44.27,0.99,1
CUST_007201,creator_network,false,2024-11-01,75.53,0.1,2,81.51,2.80,1
CUST_007222,meta_ads,true,2024-08-01,72.75,0.0,1,48.49,0.99,1
CUST_007231,google_ads,true,2024-01-01,162.72,0.0,1,106.15,0.99,1
CUST_007235,google_ads,true,2024-10-01,116.17,0.2,1,51.63,0.99,1
CUST_007240,meta_ads,true,2025-01-01,86.19,0.15,1,-43.04,0.99,1
CUST_007241,google_ads,true,2025-09-01,118.22,0.2,1,51.56,0.99,1
CUST_007261,creator_network,false,2024-08-01,93.48,0.1,1,50.95,0.99,1
CUST_007284,meta_ads,true,2025-05-01,73.94,0.0,1,48.38,0.99,1
CUST_007295,google_ads,true,2024-06-01,71.78,0.1,2,40.58,2.67,1
CUST_007311,meta_ads,true,2025-12-01,78.49,0.0,1,52.83,0.99,0
CUST_007322,google_ads,true,2025-03-01,123.22,0.0,1,18.90,0.99,1
CUST_007337,google_ads,true,2024-02-01,86.87,0.0,1,55.92,0.99,1
CUST_007369,creator_network,false,2024-06-01,37.63,0.0999,2,51.45,0.36,1
CUST_007374,google_ads,true,2025-05-01,89.74,0.0,1,56.78,0.99,1
CUST_007390,organic_search,false,2025-01-01,76.43,0.0,1,51.53,0.99,1
CUST_007413,creator_network,false,2024-08-01,98.23,0.15,1,50.67,0.99,1
CUST_007439,meta_ads,true,2024-09-01,73.70,0.0,1,46.33,0.99,1
CUST_007445,google_ads,true,2024-10-01,107.29,0.15,1,56.39,0.99,1
CUST_007505,google_ads,true,2025-04-01,81.88,0.0,1,51.58,0.99,1
CUST_007537,google_ads,true,2025-08-01,172.59,0.0,1,114.81,0.99,1
CUST_007539,organic_search,false,2024-12-01,41.50,0.1499,1,21.76,0.99,1
CUST_007555,creator_network,false,2025-05-01,104.66,0.1,1,55.71,0.99,1
CUST_007563,creator_network,false,2024-04-01,77.35,0.0,1,49.72,0.99,1
CUST_007603,meta_ads,true,2025-04-01,68.89,0.1499,1,32.45,0.99,1
CUST_007613,google_ads,true,2025-11-01,53.00,0.0,1,-19.26,0.99,0
CUST_007635,meta_ads,true,2025-06-01,97.09,0.1,1,56.01,0.99,1
CUST_007670,organic_search,false,2024-11-01,68.17,0.0,1,43.92,0.99,1
CUST_007673,meta_ads,true,2025-10-01,63.83,0.0,1,41.99,0.99,0
CUST_007706,meta_ads,true,2024-02-01,66.38,0.15,2,70.18,1.68,1
CUST_007717,creator_network,false,2024-07-01,64.76,0.1499,1,32.22,0.99,1
CUST_007718,google_ads,true,2025-11-01,100.37,0.0,1,67.84,0.99,0
CUST_007725,creator_network,false,2025-11-01,71.16,0.2,1,33.46,0.99,0
CUST_007769,google_ads,true,2024-04-01,98.11,0.0,1,-32.98,0.99,1
CUST_007774,direct,false,2024-10-01,90.55,0.0,1,-32.65,0.99,1
CUST_007779,organic_search,false,2025-11-01,106.05,0.0,1,67.95,0.99,0
CUST_007830,google_ads,true,2024-04-01,92.36,0.0,1,61.94,0.99,1
CUST_007836,meta_ads,true,2025-01-01,75.12,0.0,1,47.12,0.99,1
CUST_007845,organic_search,false,2025-09-01,78.12,0.0,1,52.14,0.99,1
CUST_007855,direct,false,2025-02-01,71.03,0.0,1,44.96,0.99,1
CUST_007865,meta_ads,true,2024-10-01,39.49,0.1,1,-17.43,0.99,1
CUST_007877,google_ads,true,2025-06-01,114.26,0.0,1,72.95,0.99,1
CUST_007952,direct,false,2024-03-01,83.88,0.15,1,40.98,0.99,1
CUST_007956,google_ads,true,2025-03-01,103.81,0.0,1,67.16,0.99,1
CUST_007965,direct,false,2025-05-01,89.41,0.0,1,57.49,0.99,1
CUST_007992,meta_ads,true,2024-08-01,84.04,0.1,2,74.28,1.41,1
CUST_008020,google_ads,true,2025-11-01,91.03,0.0,1,58.18,0.99,0
CUST_008025,organic_search,false,2024-08-01,80.35,0.0,2,97.11,0.61,1
CUST_008034,meta_ads,true,2024-04-01,86.10,0.1501,1,40.67,0.99,1
CUST_008052,google_ads,true,2024-06-01,109.93,0.0,2,115.79,1.15,1
CUST_008086,organic_search,false,2025-06-01,110.44,0.0,1,72.06,0.99,1
CUST_008091,google_ads,true,2025-10-01,152.63,0.0,1,95.60,0.99,0
CUST_008103,direct,false,2024-12-01,78.91,0.0,2,115.63,2.66,1
CUST_008111,meta_ads,true,2025-02-01,72.03,0.0,1,45.87,0.99,1
CUST_008117,meta_ads,true,2025-07-01,93.49,0.0,1,63.04,0.99,1
CUST_008127,direct,false,2024-05-01,90.84,0.0,1,56.55,0.99,1
CUST_008149,meta_ads,true,2024-10-01,106.73,0.15,1,53.56,0.99,1
CUST_008168,google_ads,true,2025-06-01,79.00,0.1,1,43.00,0.99,1
CUST_008209,google_ads,true,2024-10-01,87.33,0.0,1,57.07,0.99,1
CUST_008241,organic_search,false,2025-07-01,105.81,0.0,1,69.88,0.99,1
CUST_008245,google_ads,true,2024-10-01,106.27,0.0,1,67.83,0.99,1
CUST_008266,meta_ads,true,2024-01-01,65.12,0.0,1,41.94,0.99,1
CUST_008279,creator_network,false,2024-12-01,86.80,0.15,1,45.03,0.99,1
CUST_008309,google_ads,true,2024-12-01,67.27,0.15,1,34.38,0.99,1
CUST_008310,organic_search,false,2025-03-01,78.86,0.0,1,53.01,0.99,1
CUST_008329,google_ads,true,2025-10-01,87.59,0.0,1,58.06,0.99,1
CUST_008334,creator_network,false,2025-01-01,89.84,0.1,1,-40.62,0.99,1
CUST_008349,google_ads,true,2025-02-01,121.04,0.0,1,77.77,0.99,1
CUST_008401,organic_search,false,2025-02-01,83.95,0.0,1,55.40,0.99,1
CUST_008408,creator_network,false,2024-08-01,80.35,0.15,1,-40.05,0.99,1
CUST_008418,creator_network,false,2025-04-01,97.41,0.1,2,80.62,2.25,1
CUST_008420,meta_ads,true,2024-05-01,91.56,0.0,1,58.72,0.99,1
CUST_008428,meta_ads,true,2025-12-01,73.63,0.2001,1,31.14,0.99,0
CUST_008437,meta_ads,true,2025-01-01,72.57,0.1999,1,33.05,0.99,1
CUST_008445,creator_network,false,2024-06-01,63.40,0.0,1,41.62,0.99,1
CUST_008475,meta_ads,true,2025-10-01,108.33,0.0,1,71.32,0.99,0
CUST_008476,meta_ads,true,2025-07-01,92.37,0.0,1,59.23,0.99,1
CUST_008483,meta_ads,true,2025-11-01,78.88,0.0,1,49.37,0.99,0
CUST_008501,creator_network,false,2025-01-01,44.33,0.15,1,23.47,0.99,1
CUST_008538,meta_ads,true,2025-10-01,75.27,0.1,1,43.28,0.99,0
CUST_008572,meta_ads,true,2024-12-01,67.50,0.0,1,42.70,0.99,1
CUST_008591,creator_network,false,2025-10-01,62.89,0.1499,1,-32.13,0.99,0
CUST_008593,meta_ads,true,2024-12-01,91.40,0.15,1,45.78,0.99,1
CUST_008594,google_ads,true,2025-11-01,142.91,0.1,2,163.44,1.01,0
CUST_008638,google_ads,true,2025-01-01,89.97,0.0,1,-32.83,0.99,1
CUST_008645,google_ads,true,2025-03-01,55.98,0.0,1,35.62,0.99,1
CUST_008662,meta_ads,true,2024-12-01,128.20,0.15,3,87.49,2.06,1
CUST_008673,meta_ads,true,2025-02-01,98.78,0.2,3,132.31,0.99,1
CUST_008714,organic_search,false,2025-01-01,107.80,0.0,1,71.80,0.99,1
CUST_008729,meta_ads,true,2024-11-01,112.32,0.2,3,88.07,2.94,1
CUST_008738,meta_ads,true,2024-03-01,78.33,0.0,1,52.14,0.99,1
CUST_008758,meta_ads,true,2024-10-01,109.66,0.0,1,74.55,0.99,1
CUST_008769,direct,false,2024-12-01,100.30,0.0,1,62.45,0.99,1
CUST_008790,meta_ads,true,2025-06-01,117.24,0.0,1,-41.59,0.99,1
CUST_008806,creator_network,false,2025-10-01,66.83,0.2001,1,29.53,0.99,0
CUST_008816,creator_network,false,2025-07-01,73.70,0.0,2,104.22,1.06,1
CUST_008817,meta_ads,true,2025-04-01,112.18,0.0,1,69.79,0.99,1
CUST_008824,direct,false,2024-03-01,80.30,0.1499,1,37.77,0.99,1
CUST_008833,meta_ads,true,2025-07-01,43.67,0.0,1,29.40,0.99,1
CUST_008856,meta_ads,true,2024-05-01,44.67,0.15,1,-23.48,0.99,1
CUST_008862,meta_ads,true,2025-09-01,77.37,0.1501,2,104.14,0.46,1
CUST_008882,creator_network,false,2025-01-01,78.97,0.25,1,32.38,0.99,1
CUST_008941,google_ads,true,2025-01-01,104.01,0.0,1,68.37,0.99,1
CUST_008956,meta_ads,true,2024-10-01,72.00,0.1,2,126.22,1.39,1
CUST_008967,meta_ads,true,2025-04-01,89.02,0.0,2,5.94,2.53,1
CUST_008972,meta_ads,true,2025-04-01,106.35,0.1,2,92.64,0.37,1
CUST_009011,meta_ads,true,2024-09-01,101.93,0.1,1,53.22,0.99,1
CUST_009017,meta_ads,true,2024-04-01,105.45,0.0,1,70.25,0.99,1
CUST_009019,meta_ads,true,2024-02-01,102.96,0.0,1,65.73,0.99,1
CUST_009031,google_ads,true,2024-11-01,88.67,0.0,1,56.23,0.99,1
CUST_009038,meta_ads,true,2025-10-01,69.10,0.0,1,46.26,0.99,0
CUST_009057,meta_ads,true,2025-10-01,92.16,0.1,1,48.41,0.99,0
CUST_009096,organic_search,false,2025-10-01,135.25,0.1,3,198.84,1.16,0
CUST_009100,creator_network,false,2024-11-01,77.63,0.1,1,41.85,0.99,1
CUST_009107,google_ads,true,2024-05-01,116.07,0.0,1,74.22,0.99,1
CUST_009118,meta_ads,true,2025-12-01,106.64,0.1,1,60.50,0.99,0
CUST_009133,creator_network,false,2025-03-01,65.08,0.1,1,34.15,0.99,1
CUST_009178,google_ads,true,2025-09-01,94.62,0.0,1,58.85,0.99,1
CUST_009211,creator_network,false,2025-11-01,41.53,0.2001,1,19.69,0.99,0
CUST_009224,creator_network,false,2024-09-01,63.88,0.1,1,33.77,0.99,1
CUST_009230,meta_ads,true,2025-07-01,32.41,0.15,1,15.42,0.99,1
CUST_009239,meta_ads,true,2025-02-01,128.02,0.2,1,60.02,0.99,1
CUST_009244,google_ads,true,2025-07-01,82.45,0.15,1,40.08,0.99,1
CUST_009260,meta_ads,true,2024-05-01,76.26,0.0,1,50.47,0.99,1
CUST_009272,direct,false,2025-03-01,100.21,0.0,1,62.97,0.99,1
CUST_009277,direct,false,2024-09-01,91.22,0.0,1,56.79,0.99,1
CUST_009321,meta_ads,true,2024-07-01,81.04,0.1,1,44.22,0.99,1
CUST_009329,creator_network,false,2024-10-01,53.96,0.2,1,-2.56,0.99,1
CUST_009355,creator_network,false,2024-03-01,84.38,0.15,1,43.85,0.99,1
CUST_009411,google_ads,true,2024-06-01,90.13,0.15,1,43.81,0.99,1
CUST_009455,google_ads,true,2025-10-01,81.31,0.0,1,50.55,0.99,1
CUST_009459,creator_network,false,2025-06-01,62.24,0.1501,1,32.88,0.99,1
CUST_009461,meta_ads,true,2025-06-01,40.27,0.0,1,25.88,0.99,1
CUST_009489,google_ads,true,2024-04-01,137.54,0.0,1,28.55,0.99,1
CUST_009501,creator_network,false,2025-03-01,92.21,0.0,1,59.74,0.99,1
CUST_009519,direct,false,2025-03-01,127.59,0.1,2,128.23,1.83,1
CUST_009530,direct,false,2025-12-01,90.79,0.0,1,59.43,0.99,0
CUST_009563,meta_ads,true,2025-06-01,64.83,0.1,1,36.25,0.99,1
CUST_009596,google_ads,true,2024-11-01,114.63,0.15,1,54.98,0.99,1
CUST_009647,meta_ads,true,2025-08-01,133.08,0.0,1,87.19,0.99,1
CUST_009668,google_ads,true,2024-07-01,154.69,0.1,1,11.27,0.99,1
CUST_009690,creator_network,false,2025-09-01,90.60,0.0,1,58.41,0.99,1
CUST_009703,meta_ads,true,2025-07-01,59.22,0.0,1,39.57,0.99,1
CUST_009723,meta_ads,true,2025-07-01,71.89,0.1,1,38.42,0.99,1
CUST_009727,organic_search,false,2025-09-01,98.93,0.1,1,54.31,0.99,1
CUST_009783,organic_search,false,2025-07-01,88.32,0.0,1,57.93,0.99,1
CUST_009796,meta_ads,true,2025-04-01,103.92,0.0,1,-36.21,0.99,1
CUST_009798,creator_network,false,2025-06-01,110.76,0.2,1,47.02,0.99,1
CUST_009814,google_ads,true,2025-08-01,146.82,0.0,2,164.52,2.30,0
CUST_009830,organic_search,false,2025-06-01,125.85,0.0,2,162.61,1.43,1
CUST_009837,organic_search,false,2025-10-01,102.26,0.0,1,-38.03,0.99,0
CUST_009851,meta_ads,true,2025-06-01,94.36,0.0,1,63.50,0.99,1
CUST_009863,direct,false,2025-11-01,137.23,0.0,1,88.60,0.99,0
CUST_009906,meta_ads,true,2024-12-01,111.65,0.2,1,50.31,0.99,1
CUST_009913,organic_search,false,2024-04-01,120.05,0.0,3,194.95,4.16,1
CUST_009914,google_ads,true,2025-05-01,96.31,0.0,1,60.93,0.99,1
CUST_009944,creator_network,false,2025-06-01,80.18,0.1,1,42.39,0.99,1
CUST_009947,meta_ads,true,2024-10-01,100.97,0.0,1,64.36,0.99,1
CUST_009956,google_ads,true,2024-11-01,77.16,0.0,1,-29.10,0.99,1
CUST_009971,google_ads,true,2024-03-01,66.48,0.0,3,153.23,2.11,1
CUST_009972,creator_network,false,2025-12-01,49.22,0.1999,1,23.29,0.99,0
CUST_009994,creator_network,false,2025-09-01,82.69,0.15,1,41.82,0.99,1
CUST_009997,organic_search,false,2025-11-01,128.85,0.0,1,-47.77,0.99,0
CUST_010005,meta_ads,true,2025-02-01,64.88,0.0,1,40.40,0.99,1
CUST_010008,creator_network,false,2025-06-01,113.01,0.0,1,71.47,0.99,1
CUST_010070,google_ads,true,2025-11-01,116.94,0.1,1,-15.51,0.99,0
CUST_010102,direct,false,2025-05-01,64.24,0.0,1,40.95,0.99,1
CUST_010118,meta_ads,true,2025-05-01,104.78,0.1,1,55.36,0.99,1
CUST_010136,google_ads,true,2024-01-01,105.67,0.1,1,59.26,0.99,1
CUST_010137,creator_network,false,2024-04-01,79.15,0.0,1,53.50,0.99,1
CUST_010147,direct,false,2025-08-01,123.81,0.0,2,129.01,1.46,1
CUST_010186,organic_search,false,2025-02-01,112.65,0.0,1,25.64,0.99,1
CUST_010190,google_ads,true,2024-05-01,133.98,0.1,1,69.82,0.99,1
CUST_010227,meta_ads,true,2025-07-01,64.87,0.0,1,40.35,0.99,1
CUST_010243,creator_network,false,2025-02-01,94.10,0.1,1,51.78,0.99,1
CUST_010334,creator_network,false,2025-07-01,83.24,0.0,1,55.93,0.99,1
CUST_010359,meta_ads,true,2024-04-01,122.95,0.0,1,77.44,0.99,1
CUST_010368,google_ads,true,2024-11-01,109.22,0.0,1,68.25,0.99,1
CUST_010370,meta_ads,true,2025-05-01,49.94,0.15,1,26.00,0.99,1
CUST_010372,google_ads,true,2025-11-01,97.14,0.15,1,47.94,0.99,0
CUST_010412,meta_ads,true,2025-08-01,119.96,0.0,1,80.99,0.99,1
CUST_010413,creator_network,false,2024-08-01,66.19,0.1,1,-28.88,0.99,1
CUST_010470,google_ads,true,2025-03-01,108.90,0.0,2,163.61,0.75,1
CUST_010475,creator_network,false,2025-07-01,62.33,0.15,1,32.79,0.99,1
CUST_010480,creator_network,false,2024-11-01,74.79,0.15,1,36.54,0.99,1
CUST_010485,meta_ads,true,2024-02-01,79.35,0.1001,2,42.63,1.95,1
CUST_010486,creator_network,false,2025-10-01,51.07,0.1001,2,78.03,1.50,0
CUST_010490,organic_search,false,2024-10-01,43.26,0.0,1,27.91,0.99,1
CUST_010500,meta_ads,true,2024-02-01,88.69,0.0,1,57.64,0.99,1
CUST_010533,meta_ads,true,2025-12-01,88.31,0.0,1,55.33,0.99,0
CUST_010538,google_ads,true,2024-03-01,85.27,0.0,1,57.56,0.99,1
CUST_010547,google_ads,true,2025-12-01,95.09,0.0,1,62.00,0.99,0
CUST_010551,creator_network,false,2025-01-01,97.61,0.0,1,61.76,0.99,1
CUST_010555,meta_ads,true,2025-08-01,129.88,0.0,1,83.14,0.99,1
CUST_010561,google_ads,true,2024-04-01,102.98,0.1,2,-28.23,0.64,1
CUST_010562,google_ads,true,2025-12-01,125.94,0.0,2,160.56,0.57,0
CUST_010574,creator_network,false,2024-11-01,87.07,0.15,1,42.83,0.99,1
CUST_010580,google_ads,true,2025-09-01,104.96,0.15,1,51.99,0.99,1
CUST_010593,google_ads,true,2024-12-01,91.05,0.0,1,61.89,0.99,1
CUST_010594,organic_search,false,2024-08-01,73.74,0.0,2,71.81,1.52,1
CUST_010614,organic_search,false,2024-11-01,41.53,0.0,1,27.58,0.99,1
CUST_010624,meta_ads,true,2025-11-01,52.20,0.15,1,26.27,0.99,0
CUST_010706,creator_network,false,2025-04-01,107.86,0.0,1,70.60,0.99,1
CUST_010710,creator_network,false,2024-04-01,58.27,0.1001,2,72.60,0.88,1
CUST_010720,google_ads,true,2024-08-01,128.18,0.15,1,66.71,0.99,1
CUST_010728,meta_ads,true,2025-01-01,80.05,0.0,1,50.85,0.99,1
CUST_010742,google_ads,true,2025-08-01,121.92,0.1,1,65.41,0.99,1
CUST_010748,google_ads,true,2025-10-01,52.47,0.0,1,34.40,0.99,0
CUST_010755,meta_ads,true,2024-05-01,109.04,0.0,1,21.19,0.99,1
CUST_010840,google_ads,true,2025-02-01,84.52,0.0,1,56.41,0.99,1
CUST_010845,creator_network,false,2024-05-01,69.22,0.15,1,32.65,0.99,1
CUST_010849,meta_ads,true,2025-11-01,90.59,0.0,1,59.44,0.99,0
CUST_010865,organic_search,false,2024-03-01,112.23,0.0,1,74.55,0.99,1
CUST_010876,google_ads,true,2024-10-01,144.53,0.1,2,146.05,1.35,1
CUST_010879,google_ads,true,2024-04-01,95.74,0.15,1,45.78,0.99,1
CUST_010880,meta_ads,true,2025-11-01,139.00,0.0,1,19.70,0.99,0
CUST_010894,organic_search,false,2024-11-01,98.82,0.0,2,146.76,3.07,1
CUST_010922,meta_ads,true,2025-04-01,71.00,0.1,1,40.79,0.99,1
CUST_010925,organic_search,false,2025-08-01,62.23,0.1499,1,-32.79,0.99,1
CUST_010929,meta_ads,true,2025-04-01,122.54,0.15,1,-17.23,0.99,1
CUST_010978,meta_ads,true,2025-07-01,84.28,0.2,1,36.57,0.99,1
CUST_010980,creator_network,false,2025-04-01,48.15,0.0,1,30.92,0.99,1
CUST_011001,creator_network,false,2025-03-01,74.10,0.1499,1,38.30,0.99,1
CUST_011016,google_ads,true,2025-11-01,92.66,0.2,1,40.73,0.99,0
CUST_011037,meta_ads,true,2025-05-01,87.00,0.2,1,36.55,0.99,1
CUST_011040,google_ads,true,2025-08-01,87.33,0.0,1,19.46,0.99,1
CUST_011050,google_ads,true,2024-06-01,140.56,0.0,1,92.44,0.99,1
CUST_011102,meta_ads,true,2025-10-01,100.49,0.0,1,64.50,0.99,0
CUST_011116,organic_search,false,2025-10-01,81.74,0.0,1,52.06,0.99,0
CUST_011126,creator_network,false,2025-07-01,73.38,0.1,1,40.03,0.99,1
CUST_011155,google_ads,true,2025-09-01,126.51,0.0,1,80.31,0.99,1
CUST_011190,creator_network,false,2025-05-01,73.07,0.0,1,-24.51,0.99,1
CUST_011247,meta_ads,true,2025-02-01,104.40,0.0,1,70.30,0.99,1
CUST_011253,organic_search,false,2025-11-01,114.08,0.0,1,76.34,0.99,0
CUST_011281,creator_network,false,2024-08-01,90.83,0.15,1,46.37,0.99,1
CUST_011289,meta_ads,true,2025-01-01,108.48,0.1,1,57.19,0.99,1
CUST_011303,meta_ads,true,2025-03-01,112.60,0.2,2,-95.41,2.40,1
CUST_011317,meta_ads,true,2025-05-01,116.88,0.0,1,75.28,0.99,1
CUST_011338,creator_network,false,2024-06-01,73.85,0.0999,2,76.17,3.42,1
CUST_011344,organic_search,false,2025-10-01,107.12,0.0,1,-39.40,0.99,0
CUST_011356,direct,false,2024-05-01,113.48,0.1,1,59.50,0.99,1
CUST_011391,organic_search,false,2024-01-01,100.16,0.0,1,9.00,0.99,1
CUST_011404,meta_ads,true,2024-12-01,89.20,0.1,1,49.48,0.99,1
CUST_011416,meta_ads,true,2024-10-01,102.50,0.2,1,45.47,0.99,1
CUST_011428,meta_ads,true,2025-06-01,112.16,0.0,1,71.31,0.99,1
CUST_011481,meta_ads,true,2025-05-01,108.68,0.0,1,69.31,0.99,1
CUST_011483,creator_network,false,2025-04-01,92.42,0.2,1,40.01,0.99,1
CUST_011484,creator_network,false,2025-04-01,107.43,0.0,1,69.66,0.99,1
CUST_011498,meta_ads,true,2024-12-01,131.95,0.0,1,82.26,0.99,1
CUST_011511,google_ads,true,2024-02-01,96.20,0.25,1,37.68,0.99,1
CUST_011512,organic_search,false,2025-05-01,100.49,0.0,2,35.92,1.05,1
CUST_011513,meta_ads,true,2025-10-01,72.80,0.1,1,41.73,0.99,0
CUST_011517,meta_ads,true,2024-11-01,77.42,0.1,1,40.73,0.99,1
CUST_011537,meta_ads,true,2025-11-01,92.85,0.2,1,40.97,0.99,0
CUST_011539,google_ads,true,2025-04-01,110.90,0.0,1,72.55,0.99,1
CUST_011547,meta_ads,true,2025-03-01,94.01,0.0,2,121.23,3.39,1
CUST_011556,direct,false,2025-04-01,101.79,0.0,1,65.30,0.99,1
CUST_011558,meta_ads,true,2025-09-01,67.85,0.0,1,45.88,0.99,1
CUST_011563,creator_network,false,2025-10-01,80.28,0.0,1,50.47,0.99,0
CUST_011570,google_ads,true,2025-08-01,126.13,0.15,1,63.16,0.99,1
CUST_011599,meta_ads,true,2024-07-01,76.87,0.1999,1,34.04,0.99,1
CUST_011657,google_ads,true,2025-12-01,91.68,0.0,1,16.68,0.99,0
CUST_011667,organic_search,false,2025-04-01,58.67,0.0,1,39.80,0.99,1
CUST_011682,google_ads,true,2024-08-01,116.33,0.0,2,163.21,1.96,1
CUST_011692,creator_network,false,2025-04-01,114.58,0.2,1,54.51,0.99,1
CUST_011704,creator_network,false,2024-11-01,74.55,0.1001,2,71.98,1.93,1
CUST_011722,direct,false,2025-10-01,88.18,0.0,1,56.29,0.99,0
CUST_011732,google_ads,true,2024-07-01,95.06,0.0,1,59.39,0.99,1
CUST_011751,google_ads,true,2025-03-01,74.36,0.0,1,47.66,0.99,1
CUST_011753,google_ads,true,2025-07-01,120.47,0.0,1,81.71,0.99,1
CUST_011763,google_ads,true,2025-04-01,120.74,0.2,1,51.58,0.99,1
CUST_011767,direct,false,2024-08-01,65.76,0.0,2,139.61,1.41,1
CUST_011777,google_ads,true,2024-05-01,70.15,0.15,1,-35.35,0.99,1
CUST_011780,meta_ads,true,2025-06-01,91.71,0.0,1,62.24,0.99,1
CUST_011799,creator_network,false,2024-05-01,81.97,0.25,1,32.58,0.99,1
CUST_011802,google_ads,true,2024-11-01,116.32,0.15,1,57.30,0.99,1
CUST_011812,google_ads,true,2025-11-01,139.18,0.0,1,92.85,0.99,0
CUST_011841,creator_network,false,2024-01-01,85.65,0.15,1,40.68,0.99,1
CUST_011866,meta_ads,true,2024-05-01,120.04,0.0,1,-43.85,0.99,1
CUST_011887,google_ads,true,2024-08-01,96.45,0.0,2,88.26,1.85,1
CUST_011893,creator_network,false,2024-05-01,70.87,0.15,2,82.62,1.88,1
CUST_011914,google_ads,true,2025-11-01,66.35,0.0,1,42.38,0.99,0
CUST_011958,google_ads,true,2025-12-01,154.42,0.0,1,101.03,0.99,0
CUST_011976,google_ads,true,2025-10-01,76.62,0.0,1,50.73,0.99,0
CUST_011997,meta_ads,true,2025-10-01,146.28,0.0,1,92.48,0.99,0
CUST_012014,meta_ads,true,2025-10-01,66.30,0.1,1,36.94,0.99,0
CUST_012041,meta_ads,true,2025-05-01,92.06,0.0,1,-31.51,0.99,1
CUST_012042,organic_search,false,2024-11-01,111.71,0.0,1,74.42,0.99,1
CUST_012044,creator_network,false,2025-01-01,61.65,0.15,1,32.65,0.99,1
CUST_012048,creator_network,false,2025-12-01,99.66,0.15,1,48.05,0.99,0
CUST_012052,creator_network,false,2024-10-01,77.05,0.15,1,39.38,0.99,1
CUST_012058,google_ads,true,2025-01-01,157.25,0.1,1,-70.61,0.99,1
CUST_012068,direct,false,2025-12-01,111.33,0.0,1,-38.47,0.99,0
CUST_012078,organic_search,false,2025-03-01,130.46,0.0,1,87.56,0.99,1
CUST_012084,organic_search,false,2024-07-01,51.78,0.0,1,34.30,0.99,1
CUST_012085,meta_ads,true,2024-03-01,87.19,0.15,1,43.68,0.99,1
CUST_012114,google_ads,true,2025-09-01,160.16,0.15,1,84.30,0.99,1
CUST_012115,google_ads,true,2025-12-01,124.04,0.15,1,58.43,0.99,0
CUST_012160,meta_ads,true,2024-05-01,100.18,0.0,1,65.03,0.99,1
CUST_012177,google_ads,true,2024-02-01,80.59,0.0,1,52.60,0.99,1
CUST_012198,google_ads,true,2024-06-01,123.63,0.0,1,78.00,0.99,1
CUST_012218,organic_search,false,2025-06-01,120.85,0.0,1,75.89,0.99,1
CUST_012228,organic_search,false,2024-03-01,131.12,0.0,1,82.21,0.99,1
CUST_012230,meta_ads,true,2024-09-01,101.22,0.0,1,63.69,0.99,1
CUST_012244,creator_network,false,2025-11-01,28.35,0.1499,1,14.04,0.99,0
CUST_012245,creator_network,false,2024-03-01,76.95,0.15,3,138.05,1.68,1
CUST_012246,google_ads,true,2024-04-01,109.48,0.1,1,60.04,0.99,1
CUST_012251,google_ads,true,2025-06-01,72.94,0.0999,1,-34.55,0.99,1
CUST_012259,meta_ads,true,2025-03-01,128.62,0.0,1,82.56,0.99,1
CUST_012265,creator_network,false,2025-08-01,106.39,0.2,2,116.93,1.68,0
CUST_012274,meta_ads,true,2025-07-01,128.32,0.1,2,86.80,2.83,0
CUST_012278,google_ads,true,2025-05-01,58.94,0.15,1,28.49,0.99,1
CUST_012330,google_ads,true,2024-07-01,116.58,0.1,1,63.67,0.99,1
CUST_012335,creator_network,false,2024-11-01,53.16,0.1001,1,-23.62,0.99,1
CUST_012376,meta_ads,true,2025-08-01,86.67,0.1,1,46.94,0.99,1
CUST_012449,meta_ads,true,2025-07-01,90.59,0.0,1,56.46,0.99,1
CUST_012461,meta_ads,true,2024-06-01,76.58,0.0,1,49.87,0.99,1
CUST_012481,google_ads,true,2025-09-01,122.00,0.0,1,82.04,0.99,1
CUST_012485,meta_ads,true,2025-07-01,101.60,0.0,2,113.48,1.81,1
