customer_id,signup_timestamp,acquisition_channel_id,country_code
CUST_000001,2024-11-26 03:50:49,organic_search,US
CUST_000002,2025-12-31 10:37:06,meta_ads,DE
CUST_000003,2025-07-27 01:51:20,meta_ads,US
CUST_000004,2025-05-12 13:36:47,creator_network,US
CUST_000005,2024-05-10 19:04:56,meta_ads,US
CUST_000006,2024-05-18 02:11:12,direct,US
CUST_000007,2024-02-12 09:18:40,creator_network,US
CUST_000008,2025-10-18 19:18:36,direct,US
CUST_000009,2025-05-21 00:07:05,meta_ads,CA
CUST_000010,2025-07-10 13:53:05,organic_search,US
CUST_000011,2024-01-05 19:20:42,meta_ads,US
CUST_000012,2025-12-26 15:22:17,direct,US
CUST_000013,2025-09-29 10:52:43,meta_ads,GB
CUST_000014,2024-07-04 13:42:44,google_ads,US
CUST_000015,2024-06-12 16:58:02,creator_network,CA
CUST_000016,2024-06-02 13:21:54,google_ads,CA
CUST_000017,2024-10-21 17:23:18,google_ads,US
CUST_000018,2025-03-31 11:35:41,direct,US
CUST_000019,2025-01-30 23:10:46,google_ads,US
CUST_000020,2024-09-30 03:24:59,google_ads,US
CUST_000021,2025-05-26 19:44:55,meta_ads,US
CUST_000022,2024-05-04 13:35:43,organic_search,US
CUST_000023,2024-09-08 23:39:36,google_ads,US
CUST_000024,2024-11-19 20:54:36,google_ads,US
CUST_000025,2025-01-21 16:34:54,meta_ads,US
CUST_000026,2025-08-12 23:36:07,google_ads,US
CUST_000027,2024-07-23 05:16:23,meta_ads,US
CUST_000028,2025-03-28 23:05:13,meta_ads,US
CUST_000029,2025-04-30 11:45:44,google_ads,US
CUST_000030,2024-02-19 05:34:16,meta_ads,US
CUST_000031,2025-05-10 08:55:35,meta_ads,US
CUST_000032,2024-06-06 19:27:27,creator_network,CA
CUST_000033,2024-03-13 02:09:35,meta_ads,US
CUST_000034,2025-12-20 03:42:52,meta_ads,US
CUST_000035,2025-12-23 18:05:06,meta_ads,US
CUST_000036,2025-09-03 15:53:21,google_ads,US
CUST_000037,2024-10-20 20:29:12,creator_network,US
CUST_000038,2024-04-30 09:26:56,creator_network,GB
CUST_000039,2025-06-03 23:32:42,meta_ads,US
CUST_000040,2025-01-15 01:20:48,meta_ads,CA
CUST_000041,2024-04-23 17:11:05,meta_ads,US
CUST_000042,2025-02-14 03:02:04,google_ads,US
CUST_000043,2024-02-20 21:33:11,direct,GB
CUST_000044,2025-11-09 22:38:21,meta_ads,CA
CUST_000045,2024-08-23 06:05:42,meta_ads,GB
CUST_000046,2025-06-26 17:00:59,meta_ads,US
CUST_000047,2024-10-17 10:44:44,google_ads,US
CUST_000048,2025-03-18 14:40:12,creator_network,US
CUST_000049,2025-03-11 15:35:32,google_ads,US
CUST_000050,2024-06-01 04:12:20,organic_search,GB
CUST_000051,2025-12-25 13:28:06,google_ads,US
CUST_000052,2025-08-04 02:24:26,meta_ads,US
CUST_000053,2025-11-07 13:31:29,meta_ads,US
CUST_000054,2025-11-29 21:37:28,creator_network,US
CUST_000055,2025-05-31 01:03:40,google_ads,GB
CUST_000056,2025-11-06 16:39:21,google_ads,US
CUST_000057,2024-03-18 06:55:23,creator_network,US
CUST_000058,2024-07-23 06:06:23,google_ads,US
CUST_000059,2024-02-29 01:38:25,organic_search,US
CUST_000060,2024-10-10 14:27:26,google_ads,US
CUST_000061,2024-12-16 15:16:51,creator_network,US
CUST_000062,2024-09-30 13:40:53,meta_ads,US
CUST_000063,2025-09-28 16:19:56,creator_network,US
CUST_000064,2024-11-02 21:13:06,organic_search,US
CUST_000065,2024-09-13 08:31:37,google_ads,US
CUST_000066,2025-03-24 01:58:34,creator_network,GB
CUST_000067,2024-05-14 13:16:11,creator_network,GB
CUST_000068,2025-09-20 12:52:30,meta_ads,US
CUST_000069,2024-03-03 22:57:12,google_ads,US
CUST_000070,2025-12-23 03:32:48,meta_ads,US
CUST_000071,2025-08-21 20:52:56,direct,GB
CUST_000072,2024-07-05 20:36:26,organic_search,US
CUST_000073,2024-01-17 00:08:17,meta_ads,DE
CUST_000074,2025-09-05 09:04:26,meta_ads,US
CUST_000075,2025-07-28 00:00:26,google_ads,GB
CUST_000076,2025-07-07 08:16:25,meta_ads,US
CUST_000077,2025-08-26 05:33:46,meta_ads,US
CUST_000078,2024-03-03 12:49:07,google_ads,US
CUST_000079,2024-11-18 00:18:06,google_ads,US
CUST_000080,2024-04-12 20:57:23,meta_ads,US
CUST_000081,2025-10-31 01:58:04,organic_search,US
CUST_000082,2025-05-22 06:20:05,organic_search,US
CUST_000083,2024-10-20 07:03:04,creator_network,US
CUST_000084,2024-03-25 23:56:15,organic_search,DE
CUST_000085,2024-10-31 23:07:34,meta_ads,US
CUST_000086,2024-10-09 02:28:57,meta_ads,US
CUST_000087,2025-07-16 10:44:56,meta_ads,CA
CUST_000088,2025-05-27 04:40:58,creator_network,US
CUST_000089,2025-10-17 10:55:00,direct,US
CUST_000090,2025-02-21 14:28:16,creator_network,US
CUST_000091,2024-04-09 04:55:50,organic_search,DE
CUST_000092,2025-07-04 04:38:11,google_ads,US
CUST_000093,2025-08-05 08:22:51,google_ads,US
CUST_000094,2025-04-23 18:17:19,google_ads,US
CUST_000095,2025-08-06 19:17:07,meta_ads,US
CUST_000096,2025-02-18 01:35:24,meta_ads,GB
CUST_000097,2025-03-09 19:41:26,creator_network,US
CUST_000098,2025-01-02 02:32:44,google_ads,CA
CUST_000099,2024-01-23 09:07:52,google_ads,US
CUST_000100,2024-04-08 13:03:57,google_ads,US
CUST_000101,2024-02-15 16:04:28,meta_ads,US
CUST_000102,2025-05-20 11:33:43,google_ads,US
CUST_000103,2024-10-07 07:33:42,google_ads,US
CUST_000104,2025-03-05 04:04:58,google_ads,US
CUST_000105,2025-11-01 04:09:07,organic_search,US
CUST_000106,2024-08-06 01:48:06,google_ads,US
CUST_000107,2024-12-12 09:02:04,google_ads,CA
CUST_000108,2025-08-14 06:14:34,organic_search,US
CUST_000109,2024-08-29 13:05:41,organic_search,DE
CUST_000110,2024-03-10 06:58:51,organic_search,US
CUST_000111,2024-09-13 07:51:23,meta_ads,US
CUST_000112,2024-06-06 05:27:26,meta_ads,US
CUST_000113,2025-11-07 11:26:00,meta_ads,GB
CUST_000114,2025-09-20 02:49:28,meta_ads,CA
CUST_000115,2025-05-08 21:52:23,organic_search,US
CUST_000116,2025-10-04 19:11:32,google_ads,US
CUST_000117,2025-09-14 04:24:53,meta_ads,CA
CUST_000118,2024-06-01 22:23:52,meta_ads,US
CUST_000119,2025-10-15 14:46:52,meta_ads,GB
CUST_000120,2025-03-29 21:33:02,google_ads,CA
CUST_000121,2025-09-29 16:03:15,creator_network,US
CUST_000122,2025-11-18 22:19:51,organic_search,US
CUST_000123,2024-10-22 23:12:19,direct,US
CUST_000124,2024-04-13 22:03:00,meta_ads,US
CUST_000125,2024-08-06 14:38:56,meta_ads,US
CUST_000126,2025-01-24 13:14:39,meta_ads,US
CUST_000127,2025-09-22 03:39:23,meta_ads,US
CUST_000128,2025-10-04 08:33:22,organic_search,US
CUST_000129,2024-01-12 16:38:56,google_ads,CA
CUST_000130,2025-03-04 17:11:36,creator_network,US
CUST_000131,2024-12-13 09:52:19,google_ads,US
CUST_000132,2024-07-28 11:53:43,meta_ads,US
CUST_000133,2024-04-01 13:10:18,meta_ads,GB
CUST_000134,2024-10-17 04:33:38,google_ads,US
CUST_000135,2025-11-29 21:35:00,creator_network,US
CUST_000136,2024-10-05 22:24:59,meta_ads,CA
CUST_000137,2025-03-16 19:30:23,creator_network,US
CUST_000138,2025-07-11 18:38:42,organic_search,US
CUST_000139,2024-11-15 23:46:18,google_ads,US
CUST_000140,2025-12-29 03:28:41,creator_network,US
CUST_000141,2025-12-03 11:52:49,google_ads,US
CUST_000142,2024-08-21 03:25:43,creator_network,US
CUST_000143,2025-02-01 21:21:02,creator_network,US
CUST_000144,2024-09-06 09:57:48,direct,US
CUST_000145,2024-09-24 09:49:43,meta_ads,US
CUST_000146,2024-02-04 17:24:38,google_ads,GB
CUST_000147,2025-05-27 22:55:46,meta_ads,US
CUST_000148,2025-02-28 21:31:50,meta_ads,US
CUST_000149,2024-02-17 23:17:02,creator_network,CA
CUST_000150,2024-09-16 15:37:01,organic_search,US
CUST_000151,2025-11-03 02:13:17,google_ads,US
CUST_000152,2024-08-22 17:04:45,meta_ads,US
CUST_000153,2024-05-14 14:19:34,meta_ads,US
CUST_000154,2025-02-13 02:47:51,google_ads,US
CUST_000155,2025-12-21 13:54:54,meta_ads,US
CUST_000156,2024-08-23 11:10:39,meta_ads,US
CUST_000157,2025-06-05 15:09:02,creator_network,US
CUST_000158,2025-08-17 18:49:59,meta_ads,US
CUST_000159,2024-08-11 09:52:59,google_ads,US
CUST_000160,2025-07-02 02:00:27,creator_network,CA
CUST_000161,2024-11-03 21:43:28,meta_ads,CA
CUST_000162,2025-05-23 23:46:27,google_ads,US
CUST_000163,2025-05-17 23:02:41,creator_network,US
CUST_000164,2025-03-03 04:56:07,creator_network,US
CUST_000165,2024-03-15 17:44:44,google_ads,US
CUST_000166,2025-09-14 02:27:48,meta_ads,US
CUST_000167,2024-10-22 11:48:43,organic_search,US
CUST_000168,2024-06-18 00:05:57,creator_network,US
CUST_000169,2024-02-03 04:40:02,meta_ads,US
CUST_000170,2025-04-02 23:51:15,meta_ads,US
CUST_000171,2025-06-18 20:51:53,meta_ads,US
CUST_000172,2024-01-21 19:28:28,meta_ads,US
CUST_000173,2025-03-20 22:49:29,google_ads,US
CUST_000174,2024-07-28 19:50:05,meta_ads,GB
CUST_000175,2025-06-16 22:04:53,meta_ads,US
CUST_000176,2024-06-22 15:44:17,creator_network,US
CUST_000177,2025-06-10 22:46:33,meta_ads,US
CUST_000178,2024-12-22 09:41:34,creator_network,US
CUST_000179,2025-11-07 04:17:53,creator_network,US
CUST_000180,2024-05-02 21:47:24,meta_ads,US
CUST_000181,2024-11-19 15:45:00,creator_network,US
CUST_000182,2024-04-17 05:38:59,creator_network,GB
CUST_000183,2025-11-08 17:50:36,google_ads,US
CUST_000184,2025-10-19 14:29:57,meta_ads,GB
CUST_000185,2024-08-06 08:33:57,google_ads,GB
CUST_000186,2025-06-08 11:02:40,direct,US
CUST_000187,2025-09-05 10:24:18,google_ads,DE
CUST_000188,2025-04-03 16:29:11,meta_ads,US
CUST_000189,2025-03-28 02:27:00,creator_network,CA
CUST_000190,2024-08-29 02:14:18,google_ads,GB
CUST_000191,2024-04-07 20:03:15,google_ads,US
CUST_000192,2025-11-30 05:05:35,creator_network,US
CUST_000193,2025-11-01 13:11:41,google_ads,US
CUST_000194,2025-05-14 01:02:49,organic_search,CA
CUST_000195,2024-10-16 18:51:19,creator_network,US
CUST_000196,2024-11-04 00:11:23,google_ads,US
CUST_000197,2025-07-10 17:36:42,meta_ads,US
CUST_000198,2025-11-06 18:18:04,organic_search,US
CUST_000199,2025-10-31 00:08:23,direct,GB
CUST_000200,2025-08-09 09:14:50,meta_ads,DE
CUST_000201,2025-05-13 07:00:05,google_ads,US
CUST_000202,2024-03-21 18:31:52,meta_ads,US
CUST_000203,2024-06-10 21:31:37,creator_network,US
CUST_000204,2025-11-17 01:52:48,creator_network,US
CUST_000205,2025-05-02 20:19:22,meta_ads,CA
CUST_000206,2024-01-20 08:23:46,organic_search,US
CUST_000207,2024-04-20 18:55:55,meta_ads,US
CUST_000208,2025-06-29 21:58:15,creator_network,US
CUST_000209,2024-01-15 01:59:26,google_ads,US
CUST_000210,2024-06-28 00:06:43,meta_ads,US
CUST_000211,2025-03-27 00:58:05,meta_ads,US
CUST_000212,2025-07-20 23:56:48,meta_ads,US
CUST_000213,2025-06-17 20:56:10,creator_network,US
CUST_000214,2024-07-08 17:32:59,google_ads,US
CUST_000215,2025-07-28 09:38:32,meta_ads,US
CUST_000216,2024-08-17 10:25:15,meta_ads,US
CUST_000217,2024-10-20 07:49:30,meta_ads,US
CUST_000218,2025-08-28 21:33:41,creator_network,US
CUST_000219,2025-06-20 09:14:24,creator_network,CA
CUST_000220,2025-10-22 08:00:55,meta_ads,US
CUST_000221,2025-06-04 10:38:39,google_ads,US
CUST_000222,2025-04-14 13:21:27,meta_ads,US
CUST_000223,2024-04-28 04:35:49,organic_search,US
CUST_000224,2024-11-08 01:18:17,organic_search,US
CUST_000225,2024-09-07 08:41:53,creator_network,CA
CUST_000226,2024-08-28 08:18:28,direct,US
CUST_000227,2025-12-01 10:21:29,organic_search,US
CUST_000228,2024-12-30 19:07:18,organic_search,US
CUST_000229,2025-10-09 20:57:30,google_ads,US
CUST_000230,2025-05-03 01:37:53,meta_ads,US
CUST_000231,2025-09-05 07:31:31,meta_ads,US
CUST_000232,2025-02-10 09:18:52,meta_ads,US
CUST_000233,2025-04-17 15:36:36,google_ads,US
CUST_000234,2025-02-18 08:05:52,meta_ads,US
CUST_000235,2024-07-27 00:02:25,meta_ads,US
CUST_000236,2025-07-11 19:22:04,google_ads,US
CUST_000237,2024-09-28 00:44:56,meta_ads,GB
CUST_000238,2024-01-17 05:28:33,google_ads,US
CUST_000239,2025-06-26 01:17:21,direct,GB
CUST_000240,2024-06-10 03:13:51,creator_network,US
CUST_000241,2025-11-25 23:56:30,creator_network,US
CUST_000242,2025-12-07 15:19:49,google_ads,US
CUST_000243,2025-11-04 09:44:40,google_ads,CA
CUST_000244,2024-11-28 00:54:20,meta_ads,US
CUST_000245,2024-01-22 01:33:38,organic_search,US
CUST_000246,2025-11-07 02:34:45,meta_ads,US
CUST_000247,2025-01-14 07:52:32,meta_ads,US
CUST_000248,2025-12-28 06:09:21,creator_network,US
CUST_000249,2025-12-17 02:05:46,meta_ads,US
CUST_000250,2025-10-08 20:00:22,meta_ads,US
CUST_000251,2024-09-16 10:48:35,meta_ads,CA
CUST_000252,2024-12-05 02:07:44,meta_ads,US
CUST_000253,2025-10-14 18:40:19,meta_ads,DE
CUST_000254,2024-10-18 13:29:48,meta_ads,CA
CUST_000255,2024-06-12 08:19:40,creator_network,US
CUST_000256,2025-04-01 17:37:50,organic_search,US
CUST_000257,2025-11-22 04:58:46,meta_ads,US
CUST_000258,2025-07-14 21:52:56,organic_search,US
CUST_000259,2025-04-19 02:13:18,meta_ads,US
CUST_000260,2024-04-29 08:38:21,meta_ads,CA
CUST_000261,2025-05-12 16:53:20,meta_ads,US
CUST_000262,2025-12-12 23:23:15,google_ads,GB
CUST_000263,2024-05-27 11:32:40,google_ads,US
CUST_000264,2025-03-08 01:05:50,google_ads,US
CUST_000265,2025-10-09 05:16:16,creator_network,US
CUST_000266,2025-08-23 06:32:33,google_ads,US
CUST_000267,2025-07-14 21:50:25,google_ads,US
CUST_000268,2025-07-23 07:03:48,direct,US
CUST_000269,2024-11-14 12:25:47,meta_ads,US
CUST_000270,2024-09-22 10:22:38,meta_ads,US
CUST_000271,2025-09-22 20:55:33,creator_network,US
CUST_000272,2025-09-29 20:07:27,google_ads,US
CUST_000273,2025-10-07 12:17:03,meta_ads,US
CUST_000274,2025-11-14 14:18:18,meta_ads,US
CUST_000275,2025-03-06 07:35:39,google_ads,US
CUST_000276,2025-02-12 22:10:17,google_ads,US
CUST_000277,2025-09-20 07:47:11,meta_ads,CA
CUST_000278,2025-06-14 12:58:11,direct,US
CUST_000279,2025-07-08 19:30:04,creator_network,GB
CUST_000280,2025-09-28 08:41:54,google_ads,US
CUST_000281,2025-10-27 07:17:15,creator_network,US
CUST_000282,2024-10-20 09:07:17,organic_search,US
CUST_000283,2024-11-12 01:33:54,meta_ads,CA
CUST_000284,2024-04-03 09:50:51,meta_ads,GB
CUST_000285,2025-04-30 20:50:38,google_ads,US
CUST_000286,2024-02-01 05:41:27,creator_network,US
CUST_000287,2025-02-08 11:44:53,meta_ads,US
CUST_000288,2025-03-19 04:24:13,direct,US
CUST_000289,2024-09-08 12:46:04,google_ads,US
CUST_000290,2025-04-21 18:34:16,meta_ads,US
CUST_000291,2024-02-20 10:19:45,meta_ads,US
CUST_000292,2024-02-11 17:52:06,meta_ads,US
CUST_000293,2025-09-16 16:56:46,creator_network,CA
CUST_000294,2024-11-28 22:08:58,direct,US
CUST_000295,2024-05-29 00:28:42,google_ads,DE
CUST_000296,2025-03-27 00:46:52,direct,US
CUST_000297,2025-08-07 09:45:18,organic_search,US
CUST_000298,2024-07-03 13:51:06,google_ads,DE
CUST_000299,2025-05-27 14:48:25,creator_network,US
CUST_000300,2024-03-10 09:53:03,google_ads,US
CUST_000301,2024-02-03 01:14:22,google_ads,DE
CUST_000302,2025-03-23 23:45:09,meta_ads,US
CUST_000303,2025-03-11 06:30:10,creator_network,DE
CUST_000304,2025-05-31 05:07:24,meta_ads,US
CUST_000305,2025-07-08 22:38:36,organic_search,US
CUST_000306,2025-12-31 15:53:59,organic_search,US
CUST_000307,2025-03-12 00:50:04,meta_ads,US
CUST_000308,2024-10-27 17:48:04,meta_ads,US
CUST_000309,2025-09-30 05:51:58,google_ads,US
CUST_000310,2024-09-03 11:55:56,google_ads,US
CUST_000311,2025-01-18 22:00:26,meta_ads,US
CUST_000312,2024-03-24 19:19:41,google_ads,CA
CUST_000313,2024-01-25 23:54:38,meta_ads,US
CUST_000314,2025-12-19 02:30:33,meta_ads,DE
CUST_000315,2025-09-27 00:54:07,meta_ads,US
CUST_000316,2025-07-13 07:04:34,meta_ads,US
CUST_000317,2024-12-05 02:12:20,creator_network,US
CUST_000318,2024-06-12 17:58:47,direct,US
CUST_000319,2024-05-23 17:29:56,google_ads,US
CUST_000320,2024-08-19 21:41:43,google_ads,US
CUST_000321,2025-03-18 04:17:06,meta_ads,US
CUST_000322,2025-07-26 03:23:39,google_ads,US
CUST_000323,2025-06-24 10:02:40,meta_ads,US
CUST_000324,2024-09-02 06:10:03,google_ads,US
CUST_000325,2025-12-17 19:45:24,direct,US
CUST_000326,2025-07-12 10:27:39,meta_ads,US
CUST_000327,2025-04-06 23:43:57,creator_network,US
CUST_000328,2025-05-22 08:45:01,meta_ads,CA
CUST_000329,2024-12-15 23:17:13,meta_ads,GB
CUST_000330,2024-08-22 18:31:26,meta_ads,GB
CUST_000331,2024-11-10 05:42:00,meta_ads,US
CUST_000332,2025-08-03 03:53:02,meta_ads,GB
CUST_000333,2024-01-22 05:27:16,meta_ads,US
CUST_000334,2024-04-08 03:02:37,google_ads,US
CUST_000335,2024-02-18 17:27:51,meta_ads,US
CUST_000336,2024-02-10 11:22:55,creator_network,GB
CUST_000337,2025-10-02 10:32:19,organic_search,US
CUST_000338,2025-07-27 17:53:42,google_ads,US
CUST_000339,2025-02-19 16:46:29,meta_ads,US
CUST_000340,2024-04-21 10:58:11,meta_ads,US
CUST_000341,2025-02-28 07:41:17,organic_search,US
CUST_000342,2025-02-07 22:19:05,google_ads,GB
CUST_000343,2024-06-16 02:10:56,google_ads,CA
CUST_000344,2025-01-22 15:47:02,meta_ads,US
CUST_000345,2024-12-13 03:30:37,google_ads,US
CUST_000346,2025-05-15 21:10:40,meta_ads,US
CUST_000347,2025-05-03 13:21:08,direct,US
CUST_000348,2024-02-24 04:10:46,organic_search,US
CUST_000349,2024-11-23 21:12:22,meta_ads,US
CUST_000350,2025-05-05 14:29:39,google_ads,US
CUST_000351,2025-02-09 16:26:05,meta_ads,US
CUST_000352,2025-10-16 20:34:48,google_ads,CA
CUST_000353,2025-06-20 18:34:46,organic_search,US
CUST_000354,2024-06-28 03:26:24,google_ads,US
CUST_000355,2024-03-02 05:02:30,meta_ads,CA
CUST_000356,2025-05-13 14:11:56,meta_ads,US
CUST_000357,2024-01-12 09:54:33,organic_search,US
CUST_000358,2025-04-29 04:37:07,google_ads,US
CUST_000359,2025-11-29 17:28:24,google_ads,US
CUST_000360,2025-04-22 07:40:29,meta_ads,US
CUST_000361,2024-12-27 12:55:37,meta_ads,US
CUST_000362,2025-05-17 13:34:10,direct,US
CUST_000363,2025-01-04 20:51:54,google_ads,GB
CUST_000364,2025-03-10 15:39:33,google_ads,US
CUST_000365,2025-11-10 16:24:41,google_ads,CA
CUST_000366,2024-12-31 22:36:09,creator_network,US
CUST_000367,2025-12-02 02:40:03,meta_ads,CA
CUST_000368,2025-11-29 14:20:04,meta_ads,GB
CUST_000369,2024-07-14 12:23:58,google_ads,US
CUST_000370,2024-03-02 00:55:40,creator_network,CA
CUST_000371,2024-04-05 18:22:55,creator_network,US
CUST_000372,2024-01-12 03:44:56,organic_search,US
CUST_000373,2024-04-24 11:25:45,meta_ads,US
CUST_000374,2025-06-10 23:07:18,meta_ads,US
CUST_000375,2024-03-28 05:23:23,direct,GB
CUST_000376,2024-10-31 21:02:42,google_ads,US
CUST_000377,2025-10-21 09:30:02,google_ads,US
CUST_000378,2024-01-26 20:55:02,creator_network,US
CUST_000379,2025-09-21 05:44:13,google_ads,US
CUST_000380,2024-09-22 09:46:45,meta_ads,US
CUST_000381,2024-04-11 13:34:13,creator_network,DE
CUST_000382,2025-07-29 10:08:42,organic_search,US
CUST_000383,2025-05-02 20:04:37,google_ads,US
CUST_000384,2025-10-02 15:49:24,google_ads,US
CUST_000385,2025-07-19 22:56:37,meta_ads,US
CUST_000386,2025-09-14 09:45:43,meta_ads,US
CUST_000387,2024-09-04 09:32:36,meta_ads,US
CUST_000388,2024-06-23 09:10:13,meta_ads,US
CUST_000389,2025-08-04 06:24:14,direct,US
CUST_000390,2025-09-09 12:33:26,creator_network,US
CUST_000391,2025-12-08 14:30:03,creator_network,US
CUST_000392,2024-12-18 21:57:52,google_ads,GB
CUST_000393,2024-11-14 07:01:13,meta_ads,US
CUST_000394,2025-08-20 03:45:18,direct,DE
CUST_000395,2024-11-14 03:19:41,meta_ads,US
CUST_000396,2025-11-11 01:23:43,meta_ads,US
CUST_000397,2025-10-04 23:18:12,google_ads,CA
CUST_000398,2025-01-30 01:34:06,organic_search,US
CUST_000399,2025-08-24 03:19:51,organic_search,US
CUST_000400,2025-08-12 06:53:07,meta_ads,US
CUST_000401,2024-04-05 12:26:31,organic_search,DE
CUST_000402,2025-11-16 02:45:46,meta_ads,US
CUST_000403,2025-02-22 13:46:13,meta_ads,US
CUST_000404,2025-09-01 09:50:15,organic_search,US
CUST_000405,2024-10-22 08:50:48,organic_search,US
CUST_000406,2025-11-16 08:44:15,google_ads,US
CUST_000407,2024-12-21 04:42:01,google_ads,CA
CUST_000408,2024-01-12 08:53:57,organic_search,US
CUST_000409,2025-11-09 14:22:44,creator_network,US
CUST_000410,2024-04-12 09:42:41,organic_search,CA
CUST_000411,2024-10-19 15:03:33,google_ads,CA
CUST_000412,2025-12-07 19:35:55,direct,GB
CUST_000413,2025-12-19 14:29:35,direct,CA
CUST_000414,2025-04-19 16:13:35,meta_ads,US
CUST_000415,2025-05-31 22:19:26,organic_search,US
CUST_000416,2025-01-25 13:16:31,google_ads,US
CUST_000417,2024-09-05 08:54:36,google_ads,US
CUST_000418,2024-10-17 06:10:03,google_ads,US
CUST_000419,2025-06-17 12:40:42,meta_ads,US
CUST_000420,2025-08-15 16:49:55,google_ads,US
CUST_000421,2025-09-26 15:13:10,organic_search,US
CUST_000422,2025-08-13 07:23:31,meta_ads,US
CUST_000423,2024-04-10 06:55:55,google_ads,US
CUST_000424,2025-02-20 11:50:21,direct,GB
CUST_000425,2024-02-02 19:26:27,google_ads,CA
CUST_000426,2025-03-27 05:16:04,meta_ads,US
CUST_000427,2025-01-15 20:24:44,google_ads,DE
CUST_000428,2025-10-05 02:23:22,google_ads,GB
CUST_000429,2024-11-12 15:54:05,google_ads,CA
CUST_000430,2024-04-04 07:53:01,organic_search,US
CUST_000431,2024-05-18 15:33:45,google_ads,CA
CUST_000432,2025-08-20 09:49:43,organic_search,US
CUST_000433,2025-05-09 16:38:08,google_ads,DE
CUST_000434,2024-04-05 20:20:37,meta_ads,CA
CUST_000435,2024-03-06 19:02:55,creator_network,US
CUST_000436,2025-07-27 15:43:31,creator_network,US
CUST_000437,2024-03-25 13:01:29,google_ads,CA
CUST_000438,2025-09-13 00:41:27,meta_ads,US
CUST_000439,2025-07-19 20:33:55,meta_ads,US
CUST_000440,2024-03-31 17:01:35,meta_ads,US
CUST_000441,2024-03-23 17:38:10,meta_ads,US
CUST_000442,2025-12-02 01:53:33,creator_network,CA
CUST_000443,2024-11-01 22:54:13,meta_ads,US
CUST_000444,2024-11-24 06:56:32,creator_network,US
CUST_000445,2025-09-16 14:58:37,meta_ads,GB
CUST_000446,2025-12-05 05:53:40,meta_ads,GB
CUST_000447,2025-12-10 07:50:50,google_ads,US
CUST_000448,2025-08-10 21:45:05,meta_ads,US
CUST_000449,2024-11-16 20:34:05,organic_search,US
CUST_000450,2024-03-07 14:32:58,meta_ads,DE
CUST_000451,2025-08-25 21:53:14,google_ads,US
CUST_000452,2025-04-03 00:53:48,organic_search,CA
CUST_000453,2025-01-19 00:06:48,google_ads,CA
CUST_000454,2025-11-15 14:16:59,meta_ads,US
CUST_000455,2024-04-06 01:36:13,google_ads,US
CUST_000456,2025-02-08 20:45:15,creator_network,DE
CUST_000457,2024-01-01 01:05:07,direct,US
CUST_000458,2025-02-19 13:50:27,organic_search,US
CUST_000459,2024-02-28 13:21:31,meta_ads,US
CUST_000460,2024-04-08 05:30:59,direct,GB
CUST_000461,2024-04-05 23:01:44,meta_ads,CA
CUST_000462,2025-06-10 21:34:01,meta_ads,US
CUST_000463,2025-08-27 21:25:52,organic_search,US
CUST_000464,2025-04-07 12:36:13,meta_ads,US
CUST_000465,2025-12-29 06:52:41,meta_ads,US
CUST_000466,2024-11-23 04:09:30,meta_ads,CA
CUST_000467,2024-09-08 23:00:47,google_ads,US
CUST_000468,2025-10-17 04:09:34,creator_network,US
CUST_000469,2024-07-01 07:18:34,google_ads,DE
CUST_000470,2025-12-27 21:19:33,meta_ads,US
CUST_000471,2024-01-28 14:19:10,google_ads,US
CUST_000472,2025-12-26 16:18:57,direct,US
CUST_000473,2024-02-09 22:19:11,organic_search,US
CUST_000474,2025-10-02 04:04:55,meta_ads,US
CUST_000475,2025-03-27 00:23:23,direct,US
CUST_000476,2025-12-14 02:27:42,creator_network,CA
CUST_000477,2024-03-02 09:20:46,meta_ads,US
CUST_000478,2025-04-28 13:47:29,meta_ads,US
CUST_000479,2025-12-29 16:46:28,meta_ads,US
CUST_000480,2025-03-16 21:10:04,creator_network,US
CUST_000481,2025-05-05 09:30:34,meta_ads,US
CUST_000482,2025-07-03 05:01:57,google_ads,US
CUST_000483,2025-01-14 16:24:57,meta_ads,US
CUST_000484,2025-05-19 11:22:14,direct,US
CUST_000485,2025-04-15 22:20:21,meta_ads,US
CUST_000486,2025-11-06 12:56:18,organic_search,DE
CUST_000487,2024-02-05 02:15:02,direct,US
CUST_000488,2024-09-20 20:31:06,meta_ads,US
CUST_000489,2025-12-28 13:16:10,google_ads,US
CUST_000490,2025-10-28 23:48:01,meta_ads,US
CUST_000491,2025-01-23 11:58:04,organic_search,US
CUST_000492,2025-05-12 09:31:18,google_ads,US
CUST_000493,2024-09-13 20:07:23,meta_ads,US
CUST_000494,2024-06-21 19:25:42,meta_ads,US
CUST_000495,2025-01-17 20:52:07,google_ads,CA
CUST_000496,2024-11-19 10:41:04,direct,US
CUST_000497,2025-04-08 21:06:51,creator_network,US
CUST_000498,2024-03-01 23:15:02,organic_search,US
CUST_000499,2025-12-07 17:20:21,meta_ads,US
CUST_000500,2025-12-27 22:40:24,meta_ads,US
CUST_000501,2025-07-27 17:26:22,direct,US
CUST_000502,2025-03-31 23:01:37,meta_ads,US
CUST_000503,2024-10-06 03:51:56,direct,US
CUST_000504,2025-09-07 05:28:04,meta_ads,US
CUST_000505,2025-06-22 15:57:59,meta_ads,DE
CUST_000506,2024-06-28 09:46:06,creator_network,US
CUST_000507,2025-11-11 06:05:02,direct,US
CUST_000508,2025-09-25 16:29:57,direct,US
CUST_000509,2025-12-29 18:05:26,meta_ads,US
CUST_000510,2025-07-03 23:46:49,meta_ads,US
CUST_000511,2025-05-15 23:41:50,google_ads,US
CUST_000512,2024-12-18 01:03:16,google_ads,US
CUST_000513,2025-11-25 22:27:28,creator_network,US
CUST_000514,2025-10-22 21:52:23,meta_ads,US
CUST_000515,2024-02-22 18:40:53,direct,US
CUST_000516,2024-01-26 03:09:50,google_ads,US
CUST_000517,2024-11-22 23:11:56,organic_search,US
CUST_000518,2025-09-20 12:24:53,google_ads,US
CUST_000519,2025-12-15 21:31:18,google_ads,CA
CUST_000520,2024-05-27 13:22:56,direct,GB
CUST_000521,2025-04-28 01:44:43,google_ads,CA
CUST_000522,2024-12-11 16:36:26,organic_search,CA
CUST_000523,2025-12-09 07:40:40,direct,US
CUST_000524,2025-10-23 11:32:12,creator_network,US
CUST_000525,2025-09-05 16:22:08,google_ads,GB
CUST_000526,2025-02-26 14:33:18,meta_ads,US
CUST_000527,2024-12-10 18:43:45,meta_ads,US
CUST_000528,2024-09-12 05:17:19,meta_ads,US
CUST_000529,2024-02-01 20:53:54,meta_ads,US
CUST_000530,2025-10-05 23:01:51,meta_ads,CA
CUST_000531,2025-09-10 01:54:26,meta_ads,US
CUST_000532,2025-12-07 19:34:17,meta_ads,US
CUST_000533,2025-12-02 11:32:02,google_ads,US
CUST_000534,2025-04-10 19:56:25,meta_ads,US
CUST_000535,2025-08-28 22:05:29,meta_ads,US
CUST_000536,2025-11-12 13:24:55,creator_network,US
CUST_000537,2025-10-02 00:37:36,google_ads,US
CUST_000538,2024-08-08 10:15:44,google_ads,US
CUST_000539,2025-01-07 02:20:29,google_ads,US
CUST_000540,2024-05-03 17:21:29,organic_search,US
CUST_000541,2025-12-22 09:35:00,google_ads,US
CUST_000542,2025-05-15 18:32:02,google_ads,US
CUST_000543,2024-08-25 05:59:17,direct,US
CUST_000544,2025-06-27 22:53:59,organic_search,CA
CUST_000545,2025-05-15 15:39:25,google_ads,US
CUST_000546,2024-11-29 07:08:08,google_ads,US
CUST_000547,2024-04-08 00:18:56,meta_ads,US
CUST_000548,2025-06-11 06:30:21,google_ads,US
CUST_000549,2025-03-14 17:48:44,direct,US
CUST_000550,2025-08-23 18:28:04,google_ads,US
CUST_000551,2025-03-02 20:12:23,direct,US
CUST_000552,2025-10-27 01:39:16,google_ads,CA
CUST_000553,2025-04-27 18:55:50,direct,US
CUST_000554,2025-04-04 19:06:47,google_ads,US
CUST_000555,2025-10-27 19:46:54,meta_ads,US
CUST_000556,2024-12-22 22:31:47,google_ads,US
CUST_000557,2024-05-27 00:36:38,meta_ads,US
CUST_000558,2024-01-17 22:57:54,meta_ads,US
CUST_000559,2025-08-29 21:05:47,organic_search,DE
CUST_000560,2025-05-27 01:27:39,meta_ads,US
CUST_000561,2025-07-02 06:19:43,creator_network,CA
CUST_000562,2024-07-06 15:35:59,meta_ads,US
CUST_000563,2024-05-26 07:39:01,meta_ads,CA
CUST_000564,2024-01-11 10:30:25,direct,US
CUST_000565,2024-11-25 15:18:54,meta_ads,US
CUST_000566,2025-04-20 20:15:22,google_ads,US
CUST_000567,2024-12-25 19:13:11,google_ads,US
CUST_000568,2025-01-26 14:50:45,google_ads,US
CUST_000569,2025-11-09 19:24:04,organic_search,US
CUST_000570,2024-11-15 13:24:20,creator_network,US
CUST_000571,2025-03-23 03:23:08,google_ads,US
CUST_000572,2025-08-25 05:27:09,organic_search,GB
CUST_000573,2024-12-27 13:58:33,meta_ads,US
CUST_000574,2025-05-04 03:13:13,google_ads,US
CUST_000575,2025-10-18 02:34:51,direct,US
CUST_000576,2025-12-12 19:21:08,google_ads,CA
CUST_000577,2024-05-18 08:51:09,organic_search,US
CUST_000578,2025-11-30 09:27:11,creator_network,US
CUST_000579,2025-02-28 06:15:23,organic_search,US
CUST_000580,2024-08-09 16:56:41,direct,US
CUST_000581,2025-01-21 11:47:47,meta_ads,CA
CUST_000582,2025-12-29 22:04:28,meta_ads,US
CUST_000583,2025-02-18 05:27:20,google_ads,DE
CUST_000584,2024-10-09 01:46:20,creator_network,CA
CUST_000585,2025-05-30 08:12:59,meta_ads,US
CUST_000586,2024-08-18 07:55:37,meta_ads,CA
CUST_000587,2024-03-22 01:34:15,meta_ads,US
CUST_000588,2024-05-10 04:46:51,direct,US
CUST_000589,2024-05-08 01:53:18,creator_network,US
CUST_000590,2024-05-21 13:32:00,google_ads,US
CUST_000591,2024-05-24 04:02:28,meta_ads,GB
CUST_000592,2025-05-11 10:30:53,meta_ads,US
CUST_000593,2024-06-24 18:12:35,meta_ads,US
CUST_000594,2024-11-27 16:47:55,meta_ads,GB
CUST_000595,2025-11-03 20:13:52,organic_search,US
CUST_000596,2025-02-05 05:22:47,direct,US
CUST_000597,2025-06-24 03:37:05,meta_ads,US
CUST_000598,2024-06-27 13:42:28,meta_ads,US
CUST_000599,2024-07-08 19:18:44,meta_ads,US
CUST_000600,2024-02-06 05:00:14,google_ads,US
CUST_000601,2024-06-23 06:03:36,meta_ads,US
CUST_000602,2024-09-11 01:47:50,meta_ads,US
CUST_000603,2024-06-12 19:31:37,meta_ads,US
CUST_000604,2024-03-11 15:35:53,creator_network,US
CUST_000605,2024-04-11 06:06:36,creator_network,US
CUST_000606,2025-01-09 20:57:29,google_ads,US
CUST_000607,2024-07-16 08:49:08,google_ads,US
CUST_000608,2024-11-03 12:19:40,organic_search,US
CUST_000609,2025-02-17 17:56:58,direct,US
CUST_000610,2025-06-27 11:53:30,meta_ads,DE
CUST_000611,2024-02-13 21:15:09,meta_ads,DE
CUST_000612,2025-09-03 05:06:30,google_ads,US
CUST_000613,2025-05-09 07:41:52,meta_ads,US
CUST_000614,2024-03-15 23:36:39,google_ads,US
CUST_000615,2025-10-17 07:38:35,google_ads,US
CUST_000616,2025-11-14 16:48:50,google_ads,US
CUST_000617,2024-03-24 15:50:28,meta_ads,US
CUST_000618,2024-09-15 21:37:22,google_ads,GB
CUST_000619,2025-09-16 06:24:44,direct,US
CUST_000620,2025-08-26 04:36:54,meta_ads,US
CUST_000621,2024-06-19 04:13:44,creator_network,US
CUST_000622,2024-07-12 11:11:40,meta_ads,CA
CUST_000623,2024-11-14 15:40:30,meta_ads,US
CUST_000624,2025-02-06 10:35:52,google_ads,US
CUST_000625,2025-05-16 07:27:50,meta_ads,US
CUST_000626,2024-11-21 12:18:47,meta_ads,CA
CUST_000627,2025-01-11 08:17:16,meta_ads,US
CUST_000628,2025-08-16 10:53:42,google_ads,US
CUST_000629,2024-02-01 11:38:02,creator_network,US
CUST_000630,2024-08-17 04:46:36,meta_ads,GB
CUST_000631,2025-07-03 16:09:35,creator_network,CA
CUST_000632,2025-11-15 18:49:03,meta_ads,US
CUST_000633,2025-03-13 19:08:24,google_ads,GB
CUST_000634,2025-03-24 13:28:42,google_ads,US
CUST_000635,2024-04-21 03:33:37,creator_network,US
CUST_000636,2025-01-11 08:39:17,direct,US
CUST_000637,2025-03-29 00:03:08,direct,US
CUST_000638,2024-08-06 01:52:26,meta_ads,US
CUST_000639,2024-09-10 22:31:59,organic_search,DE
CUST_000640,2024-11-15 04:23:20,meta_ads,US
CUST_000641,2024-01-06 07:38:12,direct,US
CUST_000642,2024-10-04 03:10:47,meta_ads,US
CUST_000643,2024-07-02 06:54:31,google_ads,US
CUST_000644,2024-10-25 00:23:49,meta_ads,US
CUST_000645,2024-04-04 05:21:06,meta_ads,US
CUST_000646,2025-10-26 21:30:25,creator_network,US
CUST_000647,2025-04-12 13:46:54,direct,US
CUST_000648,2025-06-26 21:58:06,google_ads,US
CUST_000649,2025-08-28 16:57:11,creator_network,US
CUST_000650,2025-02-04 04:38:41,creator_network,US
CUST_000651,2024-03-21 18:52:08,meta_ads,US
CUST_000652,2025-03-19 10:13:56,meta_ads,US
CUST_000653,2025-04-18 03:32:24,meta_ads,GB
CUST_000654,2025-08-20 05:47:25,meta_ads,US
CUST_000655,2025-01-02 11:58:37,meta_ads,GB
CUST_000656,2024-05-21 02:19:11,meta_ads,GB
CUST_000657,2024-09-25 11:55:59,meta_ads,US
CUST_000658,2024-11-06 07:39:29,meta_ads,US
CUST_000659,2025-06-13 05:21:58,organic_search,US
CUST_000660,2025-04-01 10:18:16,meta_ads,US
CUST_000661,2024-11-05 23:37:16,google_ads,US
CUST_000662,2025-12-17 01:13:50,google_ads,US
CUST_000663,2025-05-02 16:46:51,google_ads,US
CUST_000664,2024-08-04 23:03:51,meta_ads,US
CUST_000665,2024-04-27 21:14:17,meta_ads,US
CUST_000666,2024-05-02 13:07:12,meta_ads,US
CUST_000667,2024-08-22 03:59:12,google_ads,US
CUST_000668,2024-06-22 15:04:10,meta_ads,US
CUST_000669,2024-06-03 11:43:52,google_ads,US
CUST_000670,2024-09-03 07:19:14,creator_network,US
CUST_000671,2024-06-15 03:48:38,google_ads,US
CUST_000672,2025-11-18 01:24:41,google_ads,DE
CUST_000673,2024-03-19 16:39:27,google_ads,GB
CUST_000674,2025-03-28 04:15:53,organic_search,US
CUST_000675,2024-12-09 23:30:36,meta_ads,US
CUST_000676,2025-12-18 01:37:10,creator_network,US
CUST_000677,2024-04-18 13:30:37,creator_network,US
CUST_000678,2024-12-29 21:13:40,google_ads,US
CUST_000679,2025-12-13 12:59:35,meta_ads,US
CUST_000680,2025-10-15 01:52:25,google_ads,US
CUST_000681,2025-09-20 03:18:02,meta_ads,US
CUST_000682,2024-08-22 19:26:19,meta_ads,US
CUST_000683,2024-06-02 21:01:12,meta_ads,US
CUST_000684,2025-06-25 20:56:52,meta_ads,US
CUST_000685,2025-11-11 06:45:30,google_ads,US
CUST_000686,2025-04-01 07:56:46,organic_search,CA
CUST_000687,2025-04-27 22:23:35,meta_ads,GB
CUST_000688,2024-09-13 21:46:31,direct,US
CUST_000689,2025-08-09 17:56:19,direct,US
CUST_000690,2024-06-07 03:56:59,direct,US
CUST_000691,2024-10-11 16:19:58,organic_search,DE
CUST_000692,2025-01-07 17:49:07,meta_ads,GB
CUST_000693,2025-03-05 19:57:40,meta_ads,US
CUST_000694,2024-08-28 06:50:03,google_ads,US
CUST_000695,2024-04-16 01:22:54,google_ads,US
CUST_000696,2025-05-03 21:44:19,organic_search,US
CUST_000697,2024-09-20 05:14:29,direct,US
CUST_000698,2025-04-23 21:04:42,google_ads,US
CUST_000699,2024-05-09 03:39:34,meta_ads,US
CUST_000700,2025-02-15 01:33:31,meta_ads,US
CUST_000701,2025-03-16 01:27:43,meta_ads,GB
CUST_000702,2024-02-28 03:19:56,google_ads,GB
CUST_000703,2024-10-04 05:50:24,google_ads,DE
CUST_000704,2024-05-24 21:36:46,organic_search,CA
CUST_000705,2024-03-26 03:25:24,google_ads,US
CUST_000706,2025-12-20 20:30:11,organic_search,US
CUST_000707,2024-10-31 00:22:45,google_ads,US
CUST_000708,2025-09-05 12:53:47,organic_search,US
CUST_000709,2024-08-11 19:51:36,meta_ads,US
CUST_000710,2025-06-06 05:31:22,organic_search,US
CUST_000711,2025-08-10 12:30:54,creator_network,CA
CUST_000712,2025-04-14 17:16:21,meta_ads,US
CUST_000713,2025-02-23 10:31:43,meta_ads,GB
CUST_000714,2024-12-18 03:14:32,direct,US
CUST_000715,2024-11-30 23:52:14,meta_ads,US
CUST_000716,2025-11-15 10:50:40,google_ads,US
CUST_000717,2025-09-10 16:10:19,meta_ads,US
CUST_000718,2025-12-22 23:26:08,creator_network,US
CUST_000719,2024-05-25 04:27:00,organic_search,CA
CUST_000720,2025-07-20 12:46:40,meta_ads,US
CUST_000721,2025-11-26 04:17:11,google_ads,US
CUST_000722,2024-06-12 11:34:18,direct,CA
CUST_000723,2024-03-18 18:06:31,creator_network,US
CUST_000724,2025-08-11 20:01:48,organic_search,US
CUST_000725,2025-04-26 22:49:28,google_ads,GB
CUST_000726,2025-10-06 14:10:42,meta_ads,US
CUST_000727,2024-05-08 09:41:23,google_ads,US
CUST_000728,2025-09-20 18:42:22,creator_network,US
CUST_000729,2024-07-07 06:54:31,meta_ads,US
CUST_000730,2024-06-04 13:05:36,meta_ads,US
CUST_000731,2024-06-11 15:54:38,meta_ads,GB
CUST_000732,2025-09-17 18:25:28,google_ads,US
CUST_000733,2025-06-02 17:46:48,organic_search,US
CUST_000734,2025-03-06 05:48:01,meta_ads,DE
CUST_000735,2024-11-15 17:02:04,creator_network,US
CUST_000736,2025-10-16 16:49:44,direct,US
CUST_000737,2024-12-10 15:31:30,meta_ads,US
CUST_000738,2025-09-13 01:25:55,creator_network,US
CUST_000739,2025-01-10 18:16:08,direct,US
CUST_000740,2024-11-06 12:22:46,direct,US
CUST_000741,2025-01-20 02:54:40,meta_ads,US
CUST_000742,2024-09-14 18:47:38,meta_ads,US
CUST_000743,2025-08-23 21:18:25,meta_ads,US
CUST_000744,2025-02-01 00:02:39,creator_network,US
CUST_000745,2024-08-18 05:24:22,creator_network,US
CUST_000746,2025-11-06 07:15:25,creator_network,US
CUST_000747,2024-12-26 13:07:57,meta_ads,US
CUST_000748,2025-03-09 08:33:12,meta_ads,GB
CUST_000749,2025-11-18 09:45:58,google_ads,GB
CUST_000750,2025-05-28 22:09:02,google_ads,US
CUST_000751,2024-04-15 20:31:30,creator_network,GB
CUST_000752,2025-11-15 07:14:06,google_ads,US
CUST_000753,2025-05-23 12:09:58,meta_ads,US
CUST_000754,2024-10-10 16:06:25,meta_ads,US
CUST_000755,2024-05-29 07:24:05,meta_ads,US
CUST_000756,2025-09-09 01:36:40,meta_ads,US
CUST_000757,2025-05-10 08:15:17,meta_ads,US
CUST_000758,2025-03-15 17:33:58,meta_ads,US
CUST_000759,2025-11-04 19:23:56,meta_ads,DE
CUST_000760,2025-08-18 21:16:47,meta_ads,US
CUST_000761,2024-05-29 21:44:48,creator_network,CA
CUST_000762,2024-10-24 17:10:33,meta_ads,US
CUST_000763,2024-08-29 21:13:55,creator_network,GB
CUST_000764,2025-08-03 13:31:09,creator_network,US
CUST_000765,2024-02-06 16:15:14,google_ads,US
CUST_000766,2025-04-12 21:29:43,direct,US
CUST_000767,2025-08-05 20:16:48,meta_ads,US
CUST_000768,2025-10-17 17:10:00,creator_network,US
CUST_000769,2024-11-29 22:49:02,direct,DE
CUST_000770,2025-09-02 03:45:37,organic_search,US
CUST_000771,2024-04-09 00:42:05,meta_ads,US
CUST_000772,2025-10-24 22:19:43,meta_ads,CA
CUST_000773,2024-05-07 04:55:55,meta_ads,DE
CUST_000774,2024-12-04 14:35:13,google_ads,US
CUST_000775,2025-09-23 05:44:53,creator_network,US
CUST_000776,2024-05-23 01:54:58,meta_ads,CA
CUST_000777,2024-08-21 12:27:54,google_ads,DE
CUST_000778,2025-07-23 13:20:08,creator_network,DE
CUST_000779,2025-07-05 03:05:04,google_ads,US
CUST_000780,2025-05-05 04:53:48,organic_search,US
CUST_000781,2025-07-06 03:41:08,creator_network,US
CUST_000782,2025-03-31 02:58:24,meta_ads,CA
CUST_000783,2024-08-03 13:25:08,google_ads,CA
CUST_000784,2024-11-02 16:58:42,meta_ads,US
CUST_000785,2024-06-21 04:07:20,google_ads,US
CUST_000786,2025-11-04 07:58:53,direct,US
CUST_000787,2025-04-18 03:14:01,organic_search,US
CUST_000788,2024-12-20 12:10:51,google_ads,US
CUST_000789,2025-01-28 06:27:35,meta_ads,US
CUST_000790,2025-12-14 15:50:28,meta_ads,US
CUST_000791,2024-05-02 11:41:29,google_ads,US
CUST_000792,2025-04-07 05:48:13,meta_ads,US
CUST_000793,2025-02-26 03:57:31,google_ads,US
CUST_000794,2025-05-13 23:44:40,meta_ads,DE
CUST_000795,2024-01-21 05:53:25,meta_ads,US
CUST_000796,2025-10-05 18:49:45,meta_ads,US
CUST_000797,2025-11-02 21:42:30,direct,CA
CUST_000798,2025-04-05 17:48:02,creator_network,CA
CUST_000799,2025-07-20 21:45:31,meta_ads,US
CUST_000800,2025-11-06 05:44:34,meta_ads,US
CUST_000801,2025-07-10 11:05:20,google_ads,US
CUST_000802,2024-05-02 15:14:10,meta_ads,US
CUST_000803,2025-04-08 16:33:30,google_ads,US
CUST_000804,2025-05-30 20:28:21,organic_search,DE
CUST_000805,2025-01-24 23:54:51,google_ads,US
CUST_000806,2025-07-01 07:03:56,google_ads,CA
CUST_000807,2025-11-06 19:34:00,google_ads,DE
CUST_000808,2025-11-08 01:15:09,direct,US
CUST_000809,2025-01-06 09:58:55,direct,US
CUST_000810,2024-04-11 18:37:30,google_ads,US
CUST_000811,2025-12-13 01:09:27,meta_ads,GB
CUST_000812,2025-09-15 14:25:10,google_ads,US
CUST_000813,2024-05-25 16:28:09,meta_ads,US
CUST_000814,2025-11-08 20:39:29,google_ads,US
CUST_000815,2025-10-30 01:21:47,google_ads,US
CUST_000816,2025-03-23 20:05:04,meta_ads,US
CUST_000817,2025-04-21 16:21:24,meta_ads,US
CUST_000818,2024-12-03 20:39:58,google_ads,US
CUST_000819,2024-02-25 01:22:22,organic_search,US
CUST_000820,2024-10-04 02:02:50,google_ads,CA
CUST_000821,2025-09-05 14:42:14,creator_network,US
CUST_000822,2024-01-20 07:28:55,meta_ads,US
CUST_000823,2024-10-23 03:12:31,google_ads,US
CUST_000824,2024-12-17 15:08:08,google_ads,US
CUST_000825,2025-03-27 02:11:37,creator_network,US
CUST_000826,2025-11-21 11:03:39,meta_ads,US
CUST_000827,2024-11-04 02:43:02,google_ads,US
CUST_000828,2024-11-25 07:07:24,meta_ads,US
CUST_000829,2025-07-16 11:13:53,meta_ads,US
CUST_000830,2025-01-04 10:08:19,direct,CA
CUST_000831,2024-07-06 02:17:53,meta_ads,US
CUST_000832,2025-01-07 21:21:44,meta_ads,GB
CUST_000833,2024-05-14 02:17:53,google_ads,US
CUST_000834,2024-06-01 11:01:48,organic_search,CA
CUST_000835,2025-02-02 13:49:35,google_ads,US
CUST_000836,2024-12-17 09:08:58,creator_network,US
CUST_000837,2025-11-04 20:28:48,organic_search,US
CUST_000838,2024-11-16 13:09:21,meta_ads,US
CUST_000839,2025-04-12 02:29:46,google_ads,US
CUST_000840,2025-05-03 16:01:54,meta_ads,US
CUST_000841,2024-01-17 16:23:52,organic_search,US
CUST_000842,2025-06-19 06:41:44,meta_ads,US
CUST_000843,2024-06-09 11:42:05,meta_ads,US
CUST_000844,2025-12-02 22:12:39,creator_network,US
CUST_000845,2024-05-19 12:38:56,google_ads,US
CUST_000846,2024-12-19 09:10:06,google_ads,US
CUST_000847,2024-03-11 02:03:08,google_ads,US
CUST_000848,2025-12-16 21:06:02,meta_ads,US
CUST_000849,2025-02-28 22:04:18,google_ads,US
CUST_000850,2025-04-25 07:03:14,google_ads,US
CUST_000851,2024-03-04 18:52:55,organic_search,US
CUST_000852,2025-08-04 06:14:30,meta_ads,CA
CUST_000853,2024-07-01 13:20:03,organic_search,US
CUST_000854,2025-11-08 08:14:18,google_ads,CA
CUST_000855,2024-07-03 03:18:48,meta_ads,CA
CUST_000856,2024-06-12 10:38:38,creator_network,US
CUST_000857,2024-02-05 12:30:48,meta_ads,US
CUST_000858,2025-02-28 06:49:51,direct,US
CUST_000859,2025-04-23 02:08:41,organic_search,US
CUST_000860,2024-03-18 20:10:59,meta_ads,US
CUST_000861,2025-08-21 10:01:52,meta_ads,DE
CUST_000862,2025-01-03 23:30:23,google_ads,US
CUST_000863,2025-03-26 00:16:23,meta_ads,US
CUST_000864,2025-01-02 02:52:34,meta_ads,GB
CUST_000865,2024-12-24 06:37:40,meta_ads,US
CUST_000866,2025-04-04 11:52:49,google_ads,US
CUST_000867,2024-05-03 13:17:47,meta_ads,US
CUST_000868,2024-06-21 04:48:51,organic_search,US
CUST_000869,2025-10-29 02:44:56,organic_search,US
CUST_000870,2025-12-30 20:53:46,google_ads,US
CUST_000871,2024-11-09 12:50:21,organic_search,US
CUST_000872,2024-09-02 02:51:04,meta_ads,CA
CUST_000873,2025-06-28 08:07:16,meta_ads,US
CUST_000874,2024-12-16 05:52:03,google_ads,US
CUST_000875,2024-01-31 07:54:58,google_ads,GB
CUST_000876,2024-05-05 13:44:49,google_ads,US
CUST_000877,2025-07-11 20:15:16,organic_search,US
CUST_000878,2025-06-21 06:55:20,direct,DE
CUST_000879,2024-01-12 13:54:54,google_ads,US
CUST_000880,2024-07-24 16:57:19,creator_network,CA
CUST_000881,2024-08-27 23:58:29,meta_ads,US
CUST_000882,2025-06-19 02:10:16,meta_ads,CA
CUST_000883,2024-01-03 23:03:50,creator_network,US
CUST_000884,2024-04-26 01:48:07,google_ads,GB
CUST_000885,2025-09-05 10:40:03,google_ads,CA
CUST_000886,2024-06-29 23:11:23,meta_ads,US
CUST_000887,2025-06-08 11:42:47,google_ads,US
CUST_000888,2024-08-28 12:18:32,meta_ads,US
CUST_000889,2024-04-08 09:44:34,google_ads,GB
CUST_000890,2024-08-09 22:24:10,meta_ads,US
CUST_000891,2025-07-27 21:18:15,meta_ads,US
CUST_000892,2025-10-30 07:47:12,meta_ads,US
CUST_000893,2025-09-16 16:14:07,meta_ads,CA
CUST_000894,2024-12-19 12:22:52,organic_search,US
CUST_000895,2025-06-11 04:39:35,meta_ads,US
CUST_000896,2024-07-01 13:24:23,meta_ads,US
CUST_000897,2024-09-26 07:30:33,google_ads,US
CUST_000898,2025-11-27 19:27:24,google_ads,US
CUST_000899,2024-01-29 19:55:52,meta_ads,CA
CUST_000900,2024-03-18 02:38:47,meta_ads,US
CUST_000901,2024-07-23 09:11:42,direct,CA
CUST_000902,2024-01-04 06:35:12,creator_network,US
CUST_000903,2024-06-19 03:40:59,meta_ads,US
CUST_000904,2025-04-28 20:43:50,google_ads,US
CUST_000905,2024-12-21 09:06:31,meta_ads,US
CUST_000906,2025-10-19 02:14:55,meta_ads,US
CUST_000907,2025-09-25 15:18:44,google_ads,US
CUST_000908,2024-11-18 16:27:02,organic_search,US
CUST_000909,2024-08-27 10:35:05,meta_ads,US
CUST_000910,2024-11-02 05:50:45,organic_search,CA
CUST_000911,2025-04-19 09:55:42,meta_ads,US
CUST_000912,2024-09-17 10:53:32,meta_ads,US
CUST_000913,2025-05-18 20:55:38,meta_ads,US
CUST_000914,2024-12-20 04:10:37,meta_ads,CA
CUST_000915,2025-04-11 02:52:03,organic_search,US
CUST_000916,2025-01-28 09:29:06,google_ads,CA
CUST_000917,2024-09-07 01:29:00,meta_ads,US
CUST_000918,2025-12-20 00:06:32,direct,CA
CUST_000919,2025-08-10 03:53:17,organic_search,US
CUST_000920,2024-05-28 08:24:38,creator_network,US
CUST_000921,2025-10-13 01:19:54,direct,US
CUST_000922,2025-02-02 19:58:19,meta_ads,CA
CUST_000923,2025-11-07 21:32:48,organic_search,US
CUST_000924,2025-09-09 21:52:56,creator_network,US
CUST_000925,2025-01-21 09:09:37,organic_search,GB
CUST_000926,2024-01-08 18:47:35,creator_network,US
CUST_000927,2024-09-11 02:50:26,meta_ads,US
CUST_000928,2025-03-08 03:23:51,creator_network,DE
CUST_000929,2025-05-23 14:29:07,meta_ads,GB
CUST_000930,2024-08-12 20:21:51,meta_ads,CA
CUST_000931,2024-05-16 17:27:57,meta_ads,GB
CUST_000932,2025-09-28 16:03:52,direct,US
CUST_000933,2025-12-01 02:59:08,meta_ads,US
CUST_000934,2025-03-30 07:00:41,google_ads,US
CUST_000935,2024-06-12 00:24:34,google_ads,US
CUST_000936,2024-09-14 09:11:45,direct,US
CUST_000937,2024-01-13 19:51:40,meta_ads,US
CUST_000938,2025-11-06 20:01:40,creator_network,US
CUST_000939,2024-04-14 22:25:17,organic_search,US
CUST_000940,2025-04-02 18:32:28,google_ads,US
CUST_000941,2024-09-14 07:40:34,meta_ads,US
CUST_000942,2025-04-22 14:52:13,creator_network,US
CUST_000943,2025-06-07 20:10:21,organic_search,US
CUST_000944,2025-09-14 23:38:59,creator_network,US
CUST_000945,2024-07-17 19:27:27,meta_ads,US
CUST_000946,2024-01-30 15:24:40,organic_search,US
CUST_000947,2024-05-14 09:17:32,google_ads,DE
CUST_000948,2025-11-26 02:22:12,google_ads,US
CUST_000949,2025-10-30 00:24:56,organic_search,US
CUST_000950,2025-05-11 16:14:35,meta_ads,DE
CUST_000951,2025-05-23 23:14:12,creator_network,US
CUST_000952,2025-06-26 15:27:59,google_ads,US
CUST_000953,2024-06-16 06:46:55,organic_search,US
CUST_000954,2025-11-13 19:30:46,meta_ads,GB
CUST_000955,2024-12-29 09:30:09,google_ads,US
CUST_000956,2024-12-13 01:13:16,organic_search,US
CUST_000957,2025-03-28 04:37:32,meta_ads,US
CUST_000958,2024-02-17 02:24:29,meta_ads,US
CUST_000959,2024-06-29 22:09:52,direct,CA
CUST_000960,2025-07-26 06:42:32,meta_ads,US
CUST_000961,2024-03-03 08:03:20,direct,US
CUST_000962,2025-05-26 10:31:01,meta_ads,CA
CUST_000963,2024-08-27 07:20:07,meta_ads,US
CUST_000964,2024-12-03 11:51:51,creator_network,US
CUST_000965,2024-09-06 21:43:11,creator_network,US
CUST_000966,2024-11-29 20:31:35,google_ads,US
CUST_000967,2025-07-10 04:18:49,google_ads,US
CUST_000968,2024-09-26 20:30:05,organic_search,US
CUST_000969,2025-04-28 18:32:40,meta_ads,US
CUST_000970,2025-02-26 20:38:12,google_ads,US
CUST_000971,2025-06-05 21:41:57,meta_ads,US
CUST_000972,2025-11-24 22:02:21,google_ads,US
CUST_000973,2025-07-13 14:54:35,meta_ads,US
CUST_000974,2024-07-06 03:26:32,meta_ads,US
CUST_000975,2024-02-20 18:07:43,google_ads,US
CUST_000976,2024-08-26 04:33:15,meta_ads,US
CUST_000977,2025-04-03 23:37:45,meta_ads,US
CUST_000978,2024-02-08 19:29:46,creator_network,US
CUST_000979,2025-02-07 06:03:43,google_ads,US
CUST_000980,2025-04-29 20:55:07,organic_search,US
CUST_000981,2024-10-03 22:19:45,creator_network,GB
CUST_000982,2025-08-04 02:47:18,meta_ads,GB
CUST_000983,2024-04-05 00:57:18,google_ads,CA
CUST_000984,2024-03-24 03:39:32,meta_ads,CA
CUST_000985,2025-07-28 22:54:53,creator_network,US
CUST_000986,2025-02-06 18:11:18,direct,US
CUST_000987,2025-06-22 10:11:38,google_ads,US
CUST_000988,2025-01-13 09:30:07,creator_network,CA
CUST_000989,2024-08-01 20:40:41,meta_ads,US
CUST_000990,2025-09-04 15:03:56,google_ads,US
CUST_000991,2025-09-06 21:51:06,organic_search,US
CUST_000992,2025-07-30 03:02:17,meta_ads,US
CUST_000993,2024-09-23 06:36:34,meta_ads,US
CUST_000994,2025-04-26 05:23:11,google_ads,US
CUST_000995,2024-11-23 06:06:33,creator_network,US
CUST_000996,2024-04-03 02:45:06,meta_ads,GB
CUST_000997,2025-11-07 14:18:09,direct,GB
CUST_000998,2024-05-23 21:22:24,meta_ads,DE
CUST_000999,2025-12-27 16:48:01,meta_ads,US
CUST_001000,2025-01-04 05:25:49,creator_network,US
CUST_001001,2024-06-14 22:49:46,meta_ads,GB
CUST_001002,2025-03-09 04:41:03,creator_network,DE
CUST_001003,2025-10-01 16:47:04,meta_ads,US
CUST_001004,2025-07-28 07:03:39,meta_ads,US
CUST_001005,2025-09-30 01:05:11,meta_ads,US
CUST_001006,2025-06-10 15:11:28,direct,US
CUST_001007,2025-07-19 22:30:39,google_ads,CA
CUST_001008,2025-10-30 11:21:24,creator_network,US
CUST_001009,2024-08-07 23:39:38,meta_ads,US
CUST_001010,2025-02-20 22:01:55,google_ads,US
CUST_001011,2024-07-01 18:38:02,google_ads,US
CUST_001012,2025-12-29 21:51:49,direct,US
CUST_001013,2025-11-25 06:28:38,creator_network,US
CUST_001014,2024-02-28 20:31:42,creator_network,GB
CUST_001015,2025-07-20 02:33:49,meta_ads,CA
CUST_001016,2025-11-17 18:47:06,google_ads,US
CUST_001017,2024-06-17 03:02:24,google_ads,US
CUST_001018,2025-04-18 19:37:14,direct,US
CUST_001019,2025-11-02 15:45:07,meta_ads,US
CUST_001020,2024-02-13 14:40:37,meta_ads,US
CUST_001021,2025-07-20 06:53:22,google_ads,DE
CUST_001022,2024-09-21 19:04:02,meta_ads,US
CUST_001023,2025-11-27 22:44:36,meta_ads,US
CUST_001024,2025-12-31 11:48:11,organic_search,DE
CUST_001025,2025-11-29 13:21:52,google_ads,US
CUST_001026,2025-02-07 13:29:03,organic_search,US
CUST_001027,2025-10-31 17:19:08,organic_search,CA
CUST_001028,2025-10-06 23:01:07,meta_ads,US
CUST_001029,2024-10-21 13:51:57,google_ads,US
CUST_001030,2025-09-05 05:56:39,meta_ads,US
CUST_001031,2024-02-10 23:44:42,organic_search,US
CUST_001032,2025-04-27 10:36:18,google_ads,US
CUST_001033,2024-08-15 21:18:02,google_ads,US
CUST_001034,2024-04-12 14:25:33,meta_ads,US
CUST_001035,2024-03-16 23:28:52,google_ads,US
CUST_001036,2025-07-06 04:29:33,meta_ads,US
CUST_001037,2024-10-11 07:37:04,meta_ads,US
CUST_001038,2025-07-23 01:01:21,creator_network,US
CUST_001039,2024-03-25 01:41:18,organic_search,US
CUST_001040,2024-10-26 14:31:54,meta_ads,US
CUST_001041,2025-03-05 07:03:45,google_ads,US
CUST_001042,2025-09-12 02:21:47,organic_search,US
CUST_001043,2024-10-06 16:20:51,meta_ads,US
CUST_001044,2025-05-23 05:05:18,organic_search,US
CUST_001045,2025-10-17 20:58:49,meta_ads,US
CUST_001046,2025-05-25 06:05:49,creator_network,US
CUST_001047,2024-08-08 09:29:44,google_ads,US
CUST_001048,2024-01-03 07:40:41,google_ads,US
CUST_001049,2025-10-13 10:59:23,organic_search,US
CUST_001050,2024-01-07 01:46:09,meta_ads,US
CUST_001051,2025-10-20 01:37:06,meta_ads,US
CUST_001052,2025-03-18 05:32:00,google_ads,US
CUST_001053,2025-11-29 22:54:13,organic_search,US
CUST_001054,2025-09-12 21:18:36,meta_ads,GB
CUST_001055,2025-12-08 23:18:19,organic_search,CA
CUST_001056,2024-11-05 21:01:12,google_ads,CA
CUST_001057,2025-08-28 21:41:25,meta_ads,US
CUST_001058,2024-12-12 18:55:20,creator_network,US
CUST_001059,2025-02-12 15:25:54,meta_ads,US
CUST_001060,2025-05-16 23:59:51,google_ads,US
CUST_001061,2025-10-13 17:41:51,meta_ads,US
CUST_001062,2025-12-03 05:55:12,meta_ads,US
CUST_001063,2025-08-20 03:36:28,google_ads,US
CUST_001064,2024-12-22 04:26:35,google_ads,US
CUST_001065,2024-12-10 21:47:18,google_ads,US
CUST_001066,2025-07-08 01:27:58,google_ads,US
CUST_001067,2024-08-26 23:55:40,meta_ads,CA
CUST_001068,2024-04-03 20:40:42,google_ads,CA
CUST_001069,2024-11-18 14:24:26,direct,CA
CUST_001070,2024-09-06 06:49:13,organic_search,US
CUST_001071,2024-09-26 01:06:00,meta_ads,US
CUST_001072,2024-08-25 18:54:01,meta_ads,US
CUST_001073,2024-02-10 12:32:09,direct,CA
CUST_001074,2024-01-24 13:56:29,google_ads,DE
CUST_001075,2025-12-16 21:50:17,google_ads,US
CUST_001076,2025-01-06 09:12:06,creator_network,US
CUST_001077,2024-12-21 03:54:48,meta_ads,DE
CUST_001078,2025-06-24 14:17:34,google_ads,US
CUST_001079,2024-07-20 05:40:32,direct,CA
CUST_001080,2025-12-01 10:04:05,creator_network,CA
CUST_001081,2025-08-15 06:55:02,meta_ads,CA
CUST_001082,2024-03-24 04:05:02,meta_ads,US
CUST_001083,2024-12-26 12:16:25,meta_ads,US
CUST_001084,2025-10-13 20:37:02,creator_network,US
CUST_001085,2025-11-13 09:04:31,meta_ads,US
CUST_001086,2025-02-11 00:03:27,meta_ads,US
CUST_001087,2025-05-07 05:58:31,direct,US
CUST_001088,2024-06-15 07:09:06,meta_ads,US
CUST_001089,2025-12-25 12:22:11,meta_ads,CA
CUST_001090,2024-08-19 12:42:52,meta_ads,US
CUST_001091,2025-11-08 16:35:27,meta_ads,US
CUST_001092,2025-06-28 13:41:09,google_ads,US
CUST_001093,2025-05-19 05:33:06,direct,US
CUST_001094,2025-03-23 11:50:12,organic_search,US
CUST_001095,2024-08-05 22:39:17,google_ads,US
CUST_001096,2024-06-29 08:14:26,google_ads,US
CUST_001097,2024-07-14 04:18:35,google_ads,US
CUST_001098,2024-06-07 20:09:53,meta_ads,GB
CUST_001099,2025-08-04 06:08:17,meta_ads,GB
CUST_001100,2024-11-16 13:38:14,direct,US
CUST_001101,2024-02-03 04:58:32,meta_ads,US
CUST_001102,2025-12-25 22:34:56,meta_ads,US
CUST_001103,2025-10-15 15:29:42,google_ads,US
CUST_001104,2025-11-23 07:41:46,google_ads,GB
CUST_001105,2025-12-23 10:53:52,meta_ads,US
CUST_001106,2024-06-28 06:45:03,meta_ads,GB
CUST_001107,2024-12-18 14:14:18,meta_ads,US
CUST_001108,2025-08-25 02:35:34,creator_network,GB
CUST_001109,2025-07-05 07:54:44,meta_ads,US
CUST_001110,2024-05-24 06:34:25,google_ads,US
CUST_001111,2025-09-15 12:04:28,google_ads,US
CUST_001112,2024-07-30 18:29:24,organic_search,DE
CUST_001113,2024-07-31 10:22:42,meta_ads,US
CUST_001114,2025-03-22 13:15:53,meta_ads,US
CUST_001115,2025-04-11 21:58:53,google_ads,CA
CUST_001116,2025-04-26 21:47:02,creator_network,US
CUST_001117,2024-04-01 01:48:34,meta_ads,US
CUST_001118,2025-10-28 13:21:09,google_ads,US
CUST_001119,2024-09-06 20:02:32,meta_ads,US
CUST_001120,2024-05-01 17:55:44,meta_ads,US
CUST_001121,2025-10-08 07:00:56,google_ads,US
CUST_001122,2025-12-06 04:05:28,meta_ads,CA
CUST_001123,2025-10-04 01:45:52,organic_search,US
CUST_001124,2025-09-23 18:35:41,google_ads,US
CUST_001125,2025-06-24 04:55:16,google_ads,US
CUST_001126,2025-03-12 11:19:20,google_ads,US
CUST_001127,2024-03-27 09:22:57,google_ads,GB
CUST_001128,2024-12-08 20:34:04,meta_ads,US
CUST_001129,2024-11-25 18:35:01,organic_search,US
CUST_001130,2024-08-08 23:43:58,direct,US
CUST_001131,2025-07-16 19:12:08,meta_ads,US
CUST_001132,2025-02-17 05:21:59,meta_ads,US
CUST_001133,2024-03-09 01:51:59,meta_ads,CA
CUST_001134,2024-07-25 10:55:23,creator_network,US
CUST_001135,2025-06-28 20:23:56,creator_network,DE
CUST_001136,2024-03-21 10:22:45,organic_search,US
CUST_001137,2025-10-18 20:12:51,creator_network,US
CUST_001138,2025-02-15 10:34:16,google_ads,US
CUST_001139,2025-02-07 17:50:37,google_ads,CA
CUST_001140,2025-04-15 17:38:59,creator_network,US
CUST_001141,2025-09-19 23:58:35,google_ads,US
CUST_001142,2024-11-28 08:48:29,google_ads,US
CUST_001143,2025-06-19 11:15:37,google_ads,GB
CUST_001144,2025-04-06 07:10:53,google_ads,US
CUST_001145,2024-09-02 17:36:11,google_ads,US
CUST_001146,2025-10-03 11:33:08,google_ads,CA
CUST_001147,2025-09-10 17:18:04,creator_network,US
CUST_001148,2025-06-01 12:44:35,google_ads,US
CUST_001149,2025-10-19 18:05:16,google_ads,US
CUST_001150,2025-10-18 20:26:23,creator_network,US
CUST_001151,2025-07-25 17:01:03,google_ads,US
CUST_001152,2025-09-07 08:11:22,meta_ads,US
CUST_001153,2025-07-05 08:51:12,meta_ads,US
CUST_001154,2025-06-24 14:05:16,google_ads,US
CUST_001155,2025-05-12 09:14:24,google_ads,US
CUST_001156,2025-08-30 08:44:35,direct,US
CUST_001157,2024-06-10 21:20:10,meta_ads,US
CUST_001158,2025-10-28 13:44:43,google_ads,US
CUST_001159,2025-10-07 11:48:14,meta_ads,CA
CUST_001160,2024-02-17 07:08:02,meta_ads,US
CUST_001161,2025-09-23 14:22:22,creator_network,US
CUST_001162,2024-05-04 14:36:12,meta_ads,US
CUST_001163,2024-10-27 14:03:28,google_ads,CA
CUST_001164,2025-08-18 02:38:49,creator_network,CA
CUST_001165,2024-06-17 21:05:28,google_ads,US
CUST_001166,2025-09-08 17:00:26,organic_search,US
CUST_001167,2025-09-07 04:30:38,google_ads,US
CUST_001168,2025-03-12 06:01:22,meta_ads,US
CUST_001169,2024-01-21 19:46:28,organic_search,US
CUST_001170,2024-09-28 17:16:28,organic_search,US
CUST_001171,2025-05-09 15:58:18,meta_ads,US
CUST_001172,2025-12-10 07:07:19,meta_ads,US
CUST_001173,2025-05-24 09:04:17,meta_ads,GB
CUST_001174,2024-08-15 04:58:20,meta_ads,US
CUST_001175,2025-05-08 13:13:21,direct,US
CUST_001176,2025-03-27 04:09:38,google_ads,US
CUST_001177,2025-08-07 08:53:51,meta_ads,CA
CUST_001178,2024-04-21 02:00:52,organic_search,US
CUST_001179,2025-08-01 01:52:25,google_ads,US
CUST_001180,2025-03-27 08:23:42,meta_ads,US
CUST_001181,2025-12-09 09:22:14,direct,US
CUST_001182,2024-11-29 16:01:47,organic_search,US
CUST_001183,2025-05-23 14:52:48,organic_search,US
CUST_001184,2025-11-09 16:00:47,google_ads,US
CUST_001185,2024-04-02 09:00:08,creator_network,US
CUST_001186,2025-11-02 21:53:32,meta_ads,US
CUST_001187,2025-06-24 03:29:06,google_ads,GB
CUST_001188,2024-03-03 10:35:53,direct,DE
CUST_001189,2024-09-22 09:21:17,meta_ads,US
CUST_001190,2025-07-08 22:55:54,creator_network,CA
CUST_001191,2024-03-14 23:21:50,google_ads,CA
CUST_001192,2025-04-22 21:31:48,meta_ads,DE
CUST_001193,2024-11-11 01:15:40,creator_network,CA
CUST_001194,2025-05-26 21:40:00,meta_ads,US
CUST_001195,2024-02-23 22:28:42,google_ads,US
CUST_001196,2025-10-03 17:59:21,meta_ads,US
CUST_001197,2025-12-03 20:42:53,direct,US
CUST_001198,2025-12-01 02:08:12,meta_ads,GB
CUST_001199,2025-08-22 00:52:37,meta_ads,US
CUST_001200,2024-05-02 22:00:41,meta_ads,GB
CUST_001201,2025-08-31 05:21:22,direct,US
CUST_001202,2024-01-15 23:56:09,creator_network,US
CUST_001203,2024-01-02 04:20:37,creator_network,CA
CUST_001204,2024-10-23 13:49:17,google_ads,US
CUST_001205,2025-02-20 02:34:16,google_ads,US
CUST_001206,2025-08-23 21:39:21,meta_ads,US
CUST_001207,2025-06-28 02:59:41,google_ads,US
CUST_001208,2025-01-05 17:59:18,meta_ads,US
CUST_001209,2024-09-11 21:31:31,direct,DE
CUST_001210,2025-12-06 07:06:41,creator_network,US
CUST_001211,2025-01-12 03:40:27,google_ads,US
CUST_001212,2025-01-07 19:58:45,meta_ads,US
CUST_001213,2024-06-29 12:33:49,creator_network,US
CUST_001214,2025-09-14 07:01:08,meta_ads,CA
CUST_001215,2025-07-25 18:34:28,meta_ads,US
CUST_001216,2024-07-29 23:06:34,meta_ads,CA
CUST_001217,2024-03-18 10:01:02,google_ads,US
CUST_001218,2025-06-06 00:31:07,creator_network,US
CUST_001219,2025-06-15 01:17:22,meta_ads,GB
CUST_001220,2024-09-01 00:33:56,meta_ads,US
CUST_001221,2025-12-05 04:29:46,google_ads,US
CUST_001222,2024-05-22 16:21:37,creator_network,US
CUST_001223,2025-01-30 11:53:48,meta_ads,US
CUST_001224,2025-11-25 00:21:39,meta_ads,US
CUST_001225,2024-12-05 14:48:39,direct,US
CUST_001226,2025-05-31 13:16:25,direct,CA
CUST_001227,2024-12-26 23:21:58,direct,US
CUST_001228,2024-09-10 07:49:30,organic_search,US
CUST_001229,2025-12-12 10:46:49,meta_ads,CA
CUST_001230,2024-12-05 11:03:48,meta_ads,US
CUST_001231,2025-11-07 06:51:48,meta_ads,US
CUST_001232,2024-08-15 23:19:32,meta_ads,US
CUST_001233,2024-07-29 22:01:08,direct,US
CUST_001234,2024-02-26 08:33:08,creator_network,US
CUST_001235,2025-06-16 20:41:18,creator_network,US
CUST_001236,2024-11-03 18:49:54,meta_ads,US
CUST_001237,2025-10-08 23:42:38,organic_search,CA
CUST_001238,2025-02-22 02:59:28,organic_search,US
CUST_001239,2025-12-01 13:19:59,meta_ads,US
CUST_001240,2024-06-20 13:28:25,organic_search,US
CUST_001241,2025-10-15 02:52:13,meta_ads,US
CUST_001242,2025-08-27 23:20:53,meta_ads,DE
CUST_001243,2025-08-09 00:41:17,creator_network,US
CUST_001244,2025-10-29 10:43:17,creator_network,US
CUST_001245,2025-08-15 12:51:01,meta_ads,DE
CUST_001246,2025-05-02 01:51:26,meta_ads,US
CUST_001247,2024-05-26 14:23:22,direct,GB
CUST_001248,2024-02-23 22:33:17,creator_network,US
CUST_001249,2025-11-24 14:08:12,creator_network,US
CUST_001250,2025-05-09 20:16:28,meta_ads,GB
CUST_001251,2025-09-07 04:00:26,meta_ads,US
CUST_001252,2025-02-14 20:48:36,meta_ads,CA
CUST_001253,2024-04-29 01:22:45,meta_ads,US
CUST_001254,2024-05-29 18:56:47,meta_ads,US
CUST_001255,2025-06-13 03:56:53,meta_ads,US
CUST_001256,2025-01-23 08:25:25,google_ads,US
CUST_001257,2024-07-04 19:29:12,meta_ads,US
CUST_001258,2025-02-21 09:59:28,organic_search,DE
CUST_001259,2024-03-02 04:12:58,meta_ads,DE
CUST_001260,2025-04-12 11:18:12,google_ads,GB
CUST_001261,2024-09-19 05:38:36,meta_ads,US
CUST_001262,2025-09-02 15:52:12,google_ads,US
CUST_001263,2024-10-13 04:43:08,meta_ads,US
CUST_001264,2025-01-13 04:15:35,direct,US
CUST_001265,2024-01-10 23:48:40,creator_network,US
CUST_001266,2024-03-28 22:28:54,google_ads,US
CUST_001267,2024-12-06 04:25:03,meta_ads,DE
CUST_001268,2025-02-20 02:14:30,google_ads,US
CUST_001269,2025-05-22 17:01:45,creator_network,US
CUST_001270,2024-09-18 08:10:20,meta_ads,US
CUST_001271,2025-07-15 22:03:23,google_ads,CA
CUST_001272,2025-10-07 14:02:31,organic_search,US
CUST_001273,2025-08-09 03:03:05,creator_network,US
CUST_001274,2024-02-20 11:46:41,organic_search,US
CUST_001275,2025-02-21 04:34:30,organic_search,US
CUST_001276,2024-04-20 19:21:25,direct,US
CUST_001277,2024-08-29 08:18:45,google_ads,US
CUST_001278,2025-12-20 19:05:48,google_ads,US
CUST_001279,2024-05-17 13:14:57,creator_network,US
CUST_001280,2025-02-27 02:13:33,creator_network,US
CUST_001281,2025-05-08 16:07:48,direct,GB
CUST_001282,2025-07-20 10:18:53,meta_ads,US
CUST_001283,2025-04-03 10:08:17,meta_ads,US
CUST_001284,2024-01-20 15:17:16,meta_ads,US
CUST_001285,2024-10-08 01:15:16,meta_ads,CA
CUST_001286,2025-03-17 23:34:13,meta_ads,CA
CUST_001287,2024-03-09 04:59:06,creator_network,US
CUST_001288,2024-11-30 06:47:39,meta_ads,US
CUST_001289,2024-02-05 23:26:41,creator_network,DE
CUST_001290,2024-03-13 04:10:40,creator_network,GB
CUST_001291,2024-12-21 08:32:39,meta_ads,CA
CUST_001292,2024-05-10 22:30:52,meta_ads,US
CUST_001293,2025-04-02 13:57:37,google_ads,US
CUST_001294,2025-06-24 10:16:05,creator_network,US
CUST_001295,2025-09-25 08:45:19,organic_search,US
CUST_001296,2024-07-24 14:32:17,organic_search,US
CUST_001297,2024-06-30 04:47:28,direct,DE
CUST_001298,2024-04-01 04:42:21,google_ads,CA
CUST_001299,2025-05-01 23:56:51,organic_search,US
CUST_001300,2025-07-30 01:03:39,organic_search,US
CUST_001301,2024-02-28 13:43:57,organic_search,CA
CUST_001302,2025-11-06 10:10:03,meta_ads,US
CUST_001303,2024-02-03 03:20:15,direct,CA
CUST_001304,2025-03-29 04:41:58,google_ads,US
CUST_001305,2025-07-17 09:54:53,creator_network,US
CUST_001306,2025-10-06 22:14:01,meta_ads,US
CUST_001307,2025-07-31 19:04:09,google_ads,US
CUST_001308,2025-09-14 23:10:11,meta_ads,US
CUST_001309,2024-10-15 13:31:47,meta_ads,US
CUST_001310,2025-09-18 07:58:28,meta_ads,US
CUST_001311,2024-03-22 18:14:25,organic_search,US
CUST_001312,2025-11-12 05:47:18,meta_ads,CA
CUST_001313,2025-03-23 19:40:09,meta_ads,US
CUST_001314,2025-09-18 12:44:09,meta_ads,US
CUST_001315,2025-01-15 05:17:40,google_ads,US
CUST_001316,2025-05-26 03:04:18,meta_ads,US
CUST_001317,2025-03-06 19:18:19,meta_ads,US
CUST_001318,2025-07-30 12:25:41,google_ads,GB
CUST_001319,2024-03-15 13:01:48,creator_network,US
CUST_001320,2024-03-13 18:34:35,meta_ads,CA
CUST_001321,2024-08-20 08:07:15,meta_ads,DE
CUST_001322,2024-06-17 03:47:09,meta_ads,CA
CUST_001323,2025-10-15 16:22:08,direct,US
CUST_001324,2024-07-19 03:34:03,google_ads,US
CUST_001325,2025-12-23 09:15:01,google_ads,GB
CUST_001326,2024-10-16 20:51:41,meta_ads,GB
CUST_001327,2024-06-14 13:40:16,google_ads,US
CUST_001328,2025-08-09 21:21:10,meta_ads,GB
CUST_001329,2025-06-30 05:22:49,meta_ads,US
CUST_001330,2025-02-25 16:43:36,google_ads,GB
CUST_001331,2025-04-18 23:02:04,google_ads,DE
CUST_001332,2025-07-22 21:45:02,meta_ads,DE
CUST_001333,2024-08-14 22:53:11,creator_network,US
CUST_001334,2025-12-16 20:20:43,direct,US
CUST_001335,2025-12-02 12:12:39,google_ads,CA
CUST_001336,2025-06-18 07:28:48,google_ads,US
CUST_001337,2024-07-07 05:30:43,direct,CA
CUST_001338,2025-06-27 09:15:39,organic_search,US
CUST_001339,2024-03-31 21:26:11,google_ads,US
CUST_001340,2024-02-18 13:57:02,creator_network,US
CUST_001341,2024-08-27 23:57:25,meta_ads,US
CUST_001342,2025-01-01 16:11:06,google_ads,US
CUST_001343,2025-10-23 16:34:50,meta_ads,GB
CUST_001344,2025-07-31 20:41:33,meta_ads,US
CUST_001345,2025-08-19 03:20:20,google_ads,GB
CUST_001346,2025-01-28 10:45:41,meta_ads,CA
CUST_001347,2024-11-10 04:48:29,creator_network,DE
CUST_001348,2024-11-04 06:43:55,google_ads,US
CUST_001349,2025-12-16 20:49:22,google_ads,CA
CUST_001350,2024-02-04 07:42:51,meta_ads,US
CUST_001351,2025-10-13 14:49:31,meta_ads,CA
CUST_001352,2025-04-06 20:58:14,google_ads,US
CUST_001353,2025-01-02 14:22:00,direct,CA
CUST_001354,2025-07-19 15:01:20,meta_ads,US
CUST_001355,2025-02-08 08:58:29,meta_ads,US
CUST_001356,2025-10-27 09:16:08,organic_search,US
CUST_001357,2025-11-26 03:13:00,meta_ads,US
CUST_001358,2024-12-03 23:30:15,organic_search,US
CUST_001359,2024-09-05 09:16:39,google_ads,US
CUST_001360,2025-04-13 20:55:06,google_ads,US
CUST_001361,2025-11-26 02:53:21,meta_ads,US
CUST_001362,2024-07-21 01:49:13,meta_ads,GB
CUST_001363,2025-05-09 09:24:57,meta_ads,US
CUST_001364,2025-05-23 23:54:25,organic_search,US
CUST_001365,2025-07-26 15:17:29,creator_network,US
CUST_001366,2024-05-10 19:17:11,creator_network,US
CUST_001367,2025-07-18 18:42:44,creator_network,US
CUST_001368,2025-11-06 04:42:23,meta_ads,US
CUST_001369,2024-06-16 11:40:44,google_ads,US
CUST_001370,2024-08-15 20:26:26,google_ads,US
CUST_001371,2025-12-21 10:39:15,creator_network,US
CUST_001372,2024-06-09 01:01:23,meta_ads,US
CUST_001373,2025-10-17 11:58:17,google_ads,US
CUST_001374,2025-02-20 03:54:32,organic_search,US
CUST_001375,2024-08-07 14:40:32,google_ads,US
CUST_001376,2025-10-07 08:37:21,meta_ads,CA
CUST_001377,2025-01-08 08:57:36,google_ads,GB
CUST_001378,2025-03-08 18:47:53,meta_ads,US
CUST_001379,2024-11-29 15:01:40,creator_network,US
CUST_001380,2025-04-26 19:43:16,direct,US
CUST_001381,2024-06-05 11:01:06,google_ads,US
CUST_001382,2024-12-19 20:12:30,google_ads,US
CUST_001383,2025-12-28 22:20:10,creator_network,US
CUST_001384,2024-08-14 15:11:06,meta_ads,CA
CUST_001385,2025-06-27 11:27:42,meta_ads,US
CUST_001386,2024-10-21 05:43:55,organic_search,US
CUST_001387,2025-08-20 14:25:55,creator_network,DE
CUST_001388,2024-05-13 10:21:48,meta_ads,US
CUST_001389,2025-12-17 02:53:43,meta_ads,US
CUST_001390,2025-01-05 02:13:37,creator_network,DE
CUST_001391,2024-08-21 21:25:47,creator_network,GB
CUST_001392,2024-03-18 05:51:03,organic_search,US
CUST_001393,2024-06-05 18:33:42,meta_ads,GB
CUST_001394,2025-03-18 06:54:29,direct,US
CUST_001395,2024-10-06 12:57:30,google_ads,US
CUST_001396,2025-09-21 13:20:16,creator_network,US
CUST_001397,2025-01-27 15:25:53,google_ads,US
CUST_001398,2024-08-09 02:59:30,meta_ads,CA
CUST_001399,2025-05-07 07:23:47,direct,GB
CUST_001400,2025-07-10 14:27:59,meta_ads,US
CUST_001401,2024-06-01 17:21:47,meta_ads,CA
CUST_001402,2024-06-25 10:51:53,organic_search,US
CUST_001403,2024-02-11 02:09:07,google_ads,CA
CUST_001404,2025-07-13 16:18:17,organic_search,US
CUST_001405,2025-06-11 18:39:52,google_ads,CA
CUST_001406,2025-02-20 09:35:31,meta_ads,US
CUST_001407,2025-10-10 04:16:53,direct,US
CUST_001408,2025-09-29 16:40:32,meta_ads,US
CUST_001409,2025-04-15 20:27:17,organic_search,US
CUST_001410,2025-10-12 19:39:04,meta_ads,US
CUST_001411,2024-07-26 07:54:45,organic_search,US
CUST_001412,2024-04-15 04:01:20,meta_ads,US
CUST_001413,2024-09-23 12:30:57,google_ads,US
CUST_001414,2024-02-02 09:44:21,organic_search,US
CUST_001415,2025-03-18 08:05:07,google_ads,CA
CUST_001416,2025-11-07 02:22:54,creator_network,US
CUST_001417,2024-02-22 15:05:54,organic_search,US
CUST_001418,2024-04-06 23:43:37,creator_network,US
CUST_001419,2025-01-03 07:34:11,direct,US
CUST_001420,2025-11-06 12:13:36,google_ads,US
CUST_001421,2024-10-06 07:12:59,meta_ads,DE
CUST_001422,2025-02-12 15:52:13,meta_ads,US
CUST_001423,2024-02-27 18:35:39,meta_ads,US
CUST_001424,2024-05-31 03:53:40,meta_ads,US
CUST_001425,2025-12-06 10:53:30,google_ads,US
CUST_001426,2025-12-05 09:22:21,meta_ads,US
CUST_001427,2024-01-11 13:22:42,meta_ads,US
CUST_001428,2025-12-08 04:52:52,meta_ads,US
CUST_001429,2025-05-31 19:47:00,organic_search,CA
CUST_001430,2025-10-27 01:52:20,google_ads,US
CUST_001431,2025-01-28 21:57:34,meta_ads,CA
CUST_001432,2025-03-05 01:34:38,organic_search,US
CUST_001433,2025-02-28 10:01:45,meta_ads,US
CUST_001434,2025-06-02 07:59:13,direct,US
CUST_001435,2024-05-29 11:21:13,google_ads,US
CUST_001436,2024-02-28 06:28:28,meta_ads,US
CUST_001437,2024-10-07 09:09:21,creator_network,US
CUST_001438,2025-07-02 08:15:31,creator_network,US
CUST_001439,2024-07-06 05:07:25,google_ads,US
CUST_001440,2025-06-21 19:56:59,organic_search,CA
CUST_001441,2025-12-01 15:10:13,meta_ads,US
CUST_001442,2024-04-20 20:18:55,meta_ads,GB
CUST_001443,2025-06-12 23:39:31,meta_ads,US
CUST_001444,2025-01-29 23:35:34,meta_ads,US
CUST_001445,2025-10-29 11:00:33,meta_ads,US
CUST_001446,2024-06-08 05:01:20,organic_search,CA
CUST_001447,2025-07-14 10:23:53,meta_ads,US
CUST_001448,2025-09-11 21:27:47,google_ads,GB
CUST_001449,2025-11-27 21:40:30,google_ads,US
CUST_001450,2025-06-30 07:19:21,organic_search,US
CUST_001451,2025-02-13 14:05:48,direct,US
CUST_001452,2025-05-10 01:55:34,creator_network,US
CUST_001453,2025-10-08 03:34:15,direct,US
CUST_001454,2025-04-12 06:27:29,creator_network,US
CUST_001455,2024-02-04 23:48:48,direct,DE
CUST_001456,2025-11-07 23:10:17,creator_network,US
CUST_001457,2025-06-30 10:30:34,meta_ads,US
CUST_001458,2025-06-07 21:30:19,google_ads,GB
CUST_001459,2024-07-14 15:48:49,google_ads,US
CUST_001460,2025-06-10 01:44:46,meta_ads,US
CUST_001461,2024-12-22 16:33:07,meta_ads,US
CUST_001462,2025-06-13 18:51:21,google_ads,US
CUST_001463,2024-04-03 05:01:22,direct,GB
CUST_001464,2025-06-09 15:19:49,meta_ads,CA
CUST_001465,2025-12-24 13:43:50,creator_network,US
CUST_001466,2024-02-13 09:44:46,creator_network,US
CUST_001467,2025-12-31 12:52:29,direct,US
CUST_001468,2024-12-20 15:29:42,direct,US
CUST_001469,2025-10-17 07:06:01,creator_network,US
CUST_001470,2025-08-03 21:03:14,google_ads,US
CUST_001471,2025-04-26 05:14:14,meta_ads,US
CUST_001472,2025-07-19 23:33:31,google_ads,US
CUST_001473,2025-10-12 17:36:28,creator_network,US
CUST_001474,2024-12-04 07:58:57,organic_search,CA
CUST_001475,2024-10-23 23:34:29,creator_network,US
CUST_001476,2025-06-22 08:50:11,meta_ads,US
CUST_001477,2025-09-09 16:31:29,google_ads,US
CUST_001478,2025-08-24 11:22:07,meta_ads,DE
CUST_001479,2025-09-17 08:58:50,meta_ads,US
CUST_001480,2025-01-04 05:53:05,meta_ads,DE
CUST_001481,2025-09-29 23:08:50,meta_ads,DE
CUST_001482,2024-04-20 02:47:17,organic_search,US
CUST_001483,2025-03-22 02:42:59,meta_ads,US
CUST_001484,2024-01-07 18:37:42,meta_ads,DE
CUST_001485,2024-10-22 02:26:33,direct,US
CUST_001486,2024-11-06 11:29:07,meta_ads,DE
CUST_001487,2024-12-03 22:05:51,meta_ads,CA
CUST_001488,2025-07-14 03:30:26,meta_ads,US
CUST_001489,2024-12-19 12:26:33,meta_ads,US
CUST_001490,2025-01-13 01:35:58,meta_ads,GB
CUST_001491,2024-08-08 21:18:39,meta_ads,US
CUST_001492,2024-11-09 14:22:54,google_ads,GB
CUST_001493,2024-08-26 05:05:06,meta_ads,US
CUST_001494,2024-03-18 10:13:17,meta_ads,GB
CUST_001495,2025-05-01 11:59:07,organic_search,US
CUST_001496,2025-06-21 23:14:17,google_ads,US
CUST_001497,2025-05-21 11:45:30,organic_search,US
CUST_001498,2025-01-04 13:38:47,google_ads,CA
CUST_001499,2024-11-04 01:22:37,google_ads,US
CUST_001500,2025-10-23 16:15:50,creator_network,US
CUST_001501,2025-03-13 20:52:11,meta_ads,US
CUST_001502,2025-02-07 04:16:23,meta_ads,US
CUST_001503,2024-01-26 05:23:09,creator_network,US
CUST_001504,2024-11-19 03:38:15,google_ads,US
CUST_001505,2024-11-16 01:01:17,creator_network,US
CUST_001506,2024-12-13 20:14:30,organic_search,US
CUST_001507,2025-04-13 20:42:49,google_ads,US
CUST_001508,2025-03-07 18:17:00,google_ads,GB
CUST_001509,2025-05-04 15:46:03,google_ads,CA
CUST_001510,2025-08-16 21:44:08,direct,US
CUST_001511,2025-09-25 06:47:55,organic_search,US
CUST_001512,2025-07-29 20:21:31,organic_search,US
CUST_001513,2025-12-12 22:08:59,meta_ads,US
CUST_001514,2024-01-26 02:59:40,creator_network,GB
CUST_001515,2024-07-24 07:55:12,meta_ads,US
CUST_001516,2024-01-08 11:49:09,meta_ads,US
CUST_001517,2025-06-02 21:03:08,direct,GB
CUST_001518,2025-11-12 07:04:16,meta_ads,US
CUST_001519,2024-08-14 07:45:45,direct,CA
CUST_001520,2025-11-12 21:47:19,meta_ads,US
CUST_001521,2024-03-24 22:12:16,organic_search,US
CUST_001522,2025-11-28 14:01:04,meta_ads,US
CUST_001523,2024-11-13 08:51:09,meta_ads,US
CUST_001524,2024-04-21 13:17:32,meta_ads,US
CUST_001525,2025-02-01 13:09:29,google_ads,US
CUST_001526,2024-08-13 13:08:51,meta_ads,US
CUST_001527,2024-09-04 01:48:41,creator_network,US
CUST_001528,2024-10-27 10:25:39,meta_ads,US
CUST_001529,2025-09-24 19:48:52,meta_ads,US
CUST_001530,2025-03-30 00:57:39,meta_ads,US
CUST_001531,2024-10-20 07:09:32,google_ads,US
CUST_001532,2025-05-28 20:54:13,organic_search,US
CUST_001533,2025-07-21 11:58:33,organic_search,US
CUST_001534,2024-09-12 03:50:50,meta_ads,US
CUST_001535,2024-12-31 01:22:29,google_ads,GB
CUST_001536,2024-04-26 08:15:33,creator_network,US
CUST_001537,2024-06-07 21:00:50,meta_ads,US
CUST_001538,2025-06-13 21:39:57,google_ads,US
CUST_001539,2024-06-16 13:18:24,google_ads,US
CUST_001540,2025-03-31 01:27:04,meta_ads,US
CUST_001541,2025-07-31 14:48:50,meta_ads,CA
CUST_001542,2024-04-18 16:23:04,meta_ads,GB
CUST_001543,2025-04-10 19:10:37,google_ads,US
CUST_001544,2024-08-01 15:39:58,meta_ads,US
CUST_001545,2025-12-13 10:13:39,meta_ads,US
CUST_001546,2025-02-03 15:42:07,meta_ads,CA
CUST_001547,2025-09-12 10:29:12,meta_ads,US
CUST_001548,2025-03-22 11:00:05,meta_ads,US
CUST_001549,2024-02-12 02:25:15,organic_search,US
CUST_001550,2025-05-20 06:21:10,meta_ads,US
CUST_001551,2025-12-07 05:10:45,creator_network,US
CUST_001552,2025-05-02 04:17:17,google_ads,US
CUST_001553,2025-09-24 13:23:18,creator_network,US
CUST_001554,2025-10-28 16:45:24,google_ads,CA
CUST_001555,2024-08-05 18:33:40,meta_ads,CA
CUST_001556,2024-07-03 10:35:21,organic_search,US
CUST_001557,2025-05-10 04:32:45,google_ads,US
CUST_001558,2024-12-21 12:04:35,organic_search,US
CUST_001559,2025-09-14 20:02:55,google_ads,US
CUST_001560,2025-11-16 23:28:26,direct,US
CUST_001561,2024-11-29 16:03:44,creator_network,US
CUST_001562,2024-08-09 21:32:48,direct,CA
CUST_001563,2025-08-03 12:25:03,google_ads,US
CUST_001564,2024-09-13 01:13:20,google_ads,US
CUST_001565,2025-09-21 05:41:49,creator_network,US
CUST_001566,2025-01-08 17:41:14,organic_search,US
CUST_001567,2025-06-03 16:42:03,direct,US
CUST_001568,2024-04-07 20:05:35,meta_ads,US
CUST_001569,2025-05-14 02:46:14,creator_network,US
CUST_001570,2025-01-25 14:01:38,meta_ads,US
CUST_001571,2025-04-05 00:40:53,google_ads,US
CUST_001572,2024-06-02 00:38:23,meta_ads,CA
CUST_001573,2025-07-21 16:13:04,meta_ads,GB
CUST_001574,2025-10-24 09:43:47,direct,US
CUST_001575,2024-07-31 20:37:07,meta_ads,US
CUST_001576,2024-04-25 06:39:00,google_ads,CA
CUST_001577,2024-01-27 03:56:51,google_ads,US
CUST_001578,2025-05-03 23:10:11,meta_ads,US
CUST_001579,2025-05-26 04:20:20,meta_ads,DE
CUST_001580,2025-03-24 08:46:29,google_ads,CA
CUST_001581,2024-08-31 09:36:25,meta_ads,US
CUST_001582,2024-12-28 02:00:31,organic_search,CA
CUST_001583,2025-04-30 00:19:07,direct,US
CUST_001584,2025-02-11 02:06:49,meta_ads,CA
CUST_001585,2025-12-16 11:21:42,meta_ads,GB
CUST_001586,2024-05-24 12:24:46,google_ads,CA
CUST_001587,2025-07-30 13:51:14,creator_network,CA
CUST_001588,2024-12-15 23:56:45,meta_ads,US
CUST_001589,2025-01-13 10:23:49,meta_ads,GB
CUST_001590,2025-07-28 02:48:07,google_ads,US
CUST_001591,2025-07-10 16:31:00,direct,US
CUST_001592,2025-12-23 04:34:28,google_ads,US
CUST_001593,2024-05-13 12:10:48,google_ads,CA
CUST_001594,2024-04-08 18:56:45,direct,US
CUST_001595,2025-07-29 04:18:43,creator_network,CA
CUST_001596,2025-04-28 00:36:39,creator_network,US
CUST_001597,2024-09-16 23:33:53,google_ads,US
CUST_001598,2024-03-11 23:04:23,direct,US
CUST_001599,2024-03-12 21:39:37,creator_network,US
CUST_001600,2025-11-22 03:33:32,organic_search,US
CUST_001601,2024-07-19 11:10:18,creator_network,DE
CUST_001602,2024-10-28 02:47:52,creator_network,US
CUST_001603,2024-07-07 07:26:15,meta_ads,US
CUST_001604,2024-11-28 14:33:20,meta_ads,CA
CUST_001605,2024-03-17 08:12:32,creator_network,US
CUST_001606,2025-03-22 23:02:25,meta_ads,US
CUST_001607,2024-03-29 12:47:55,google_ads,US
CUST_001608,2025-09-11 21:13:00,meta_ads,US
CUST_001609,2024-08-21 06:37:11,organic_search,DE
CUST_001610,2025-03-14 13:05:31,meta_ads,US
CUST_001611,2025-10-12 15:52:01,organic_search,US
CUST_001612,2025-06-25 11:42:47,google_ads,DE
CUST_001613,2025-03-29 16:34:47,meta_ads,US
CUST_001614,2024-10-10 22:15:34,google_ads,US
CUST_001615,2024-10-09 17:56:19,meta_ads,US
CUST_001616,2025-06-06 21:03:42,meta_ads,US
CUST_001617,2025-12-22 14:01:05,meta_ads,US
CUST_001618,2025-06-19 16:13:51,meta_ads,GB
CUST_001619,2025-04-20 16:57:05,direct,US
CUST_001620,2025-07-26 18:00:11,meta_ads,US
CUST_001621,2025-02-23 00:45:33,creator_network,GB
CUST_001622,2024-03-24 03:20:10,meta_ads,US
CUST_001623,2025-04-14 06:46:13,google_ads,CA
CUST_001624,2025-12-20 06:50:18,meta_ads,CA
CUST_001625,2024-06-27 18:07:23,creator_network,US
CUST_001626,2025-06-02 07:54:41,creator_network,US
CUST_001627,2024-07-19 09:28:46,creator_network,US
CUST_001628,2025-03-18 22:32:47,meta_ads,US
CUST_001629,2024-04-12 14:43:40,creator_network,US
CUST_001630,2025-01-14 05:32:47,meta_ads,US
CUST_001631,2025-08-17 22:09:12,meta_ads,US
CUST_001632,2024-11-02 07:54:34,google_ads,CA
CUST_001633,2025-06-20 05:21:49,google_ads,US
CUST_001634,2025-09-27 08:53:30,google_ads,US
CUST_001635,2025-11-26 02:22:21,creator_network,US
CUST_001636,2024-08-09 11:09:09,meta_ads,US
CUST_001637,2024-12-31 21:57:10,meta_ads,US
CUST_001638,2024-05-21 17:25:59,meta_ads,US
CUST_001639,2025-12-18 01:09:34,creator_network,US
CUST_001640,2025-11-28 00:55:03,google_ads,US
CUST_001641,2025-03-24 02:44:50,meta_ads,DE
CUST_001642,2025-10-17 07:33:50,creator_network,US
CUST_001643,2025-03-29 15:31:52,google_ads,US
CUST_001644,2025-05-16 02:10:37,google_ads,US
CUST_001645,2024-03-28 07:23:20,google_ads,US
CUST_001646,2025-08-10 01:31:29,google_ads,CA
CUST_001647,2024-05-28 02:24:55,creator_network,US
CUST_001648,2025-09-14 08:55:03,meta_ads,US
CUST_001649,2025-08-19 14:16:48,meta_ads,US
CUST_001650,2025-07-07 13:45:35,meta_ads,US
CUST_001651,2024-02-10 04:45:44,google_ads,US
CUST_001652,2024-10-15 23:06:56,organic_search,US
CUST_001653,2024-08-27 04:43:12,google_ads,CA
CUST_001654,2024-11-11 16:47:16,meta_ads,CA
CUST_001655,2024-03-21 12:03:08,creator_network,US
CUST_001656,2025-11-23 10:54:08,organic_search,US
CUST_001657,2025-04-14 20:21:44,organic_search,US
CUST_001658,2024-10-24 17:03:02,google_ads,US
CUST_001659,2024-12-22 17:06:53,organic_search,GB
CUST_001660,2025-01-26 04:25:48,meta_ads,US
CUST_001661,2025-05-12 17:56:29,meta_ads,DE
CUST_001662,2025-03-31 01:09:38,meta_ads,US
CUST_001663,2025-11-13 01:42:29,creator_network,US
CUST_001664,2025-02-27 14:56:21,meta_ads,US
CUST_001665,2025-12-29 01:15:46,google_ads,US
CUST_001666,2025-10-22 21:34:30,google_ads,DE
CUST_001667,2024-07-21 10:13:02,meta_ads,US
CUST_001668,2025-11-21 00:16:22,organic_search,US
CUST_001669,2024-04-20 20:04:49,meta_ads,US
CUST_001670,2025-09-29 11:15:08,meta_ads,US
CUST_001671,2024-12-18 19:12:11,creator_network,US
CUST_001672,2025-10-20 12:48:06,meta_ads,US
CUST_001673,2025-10-07 18:31:29,creator_network,GB
CUST_001674,2025-09-21 10:36:12,organic_search,US
CUST_001675,2025-09-12 14:49:10,direct,CA
CUST_001676,2024-10-27 23:38:42,organic_search,US
CUST_001677,2024-03-20 01:51:03,meta_ads,US
CUST_001678,2024-12-02 00:59:49,google_ads,US
CUST_001679,2024-06-09 22:30:17,meta_ads,US
CUST_001680,2025-07-15 00:36:02,meta_ads,US
CUST_001681,2024-11-12 01:26:07,meta_ads,US
CUST_001682,2025-12-20 05:49:47,meta_ads,US
CUST_001683,2025-05-13 14:41:01,organic_search,US
CUST_001684,2025-09-01 20:13:19,meta_ads,GB
CUST_001685,2024-05-16 06:55:37,google_ads,GB
CUST_001686,2025-10-01 14:38:33,google_ads,US
CUST_001687,2025-11-12 19:35:04,google_ads,US
CUST_001688,2025-02-27 05:48:51,direct,US
CUST_001689,2025-05-13 15:48:23,meta_ads,US
CUST_001690,2025-08-17 03:00:30,google_ads,US
CUST_001691,2024-06-18 07:23:37,google_ads,CA
CUST_001692,2025-02-05 15:20:06,meta_ads,US
CUST_001693,2024-12-07 11:55:08,google_ads,US
CUST_001694,2024-05-14 21:03:26,organic_search,CA
CUST_001695,2024-11-30 22:43:26,meta_ads,GB
CUST_001696,2024-03-04 07:35:24,meta_ads,US
CUST_001697,2024-01-12 22:58:48,meta_ads,CA
CUST_001698,2024-05-07 10:45:03,creator_network,GB
CUST_001699,2025-12-08 04:44:26,creator_network,US
CUST_001700,2025-03-18 11:21:22,google_ads,GB
CUST_001701,2025-12-27 22:30:04,google_ads,US
CUST_001702,2025-01-30 19:01:14,organic_search,US
CUST_001703,2024-10-07 03:51:15,creator_network,US
CUST_001704,2025-02-28 22:08:06,organic_search,CA
CUST_001705,2025-01-02 06:28:11,organic_search,DE
CUST_001706,2024-04-09 04:01:48,google_ads,US
CUST_001707,2025-05-17 10:32:16,google_ads,DE
CUST_001708,2024-07-24 20:39:06,organic_search,GB
CUST_001709,2025-05-27 13:14:19,direct,US
CUST_001710,2025-06-24 18:02:46,meta_ads,US
CUST_001711,2024-05-21 07:52:59,meta_ads,US
CUST_001712,2024-03-16 16:06:02,direct,US
CUST_001713,2025-08-25 03:47:13,meta_ads,US
CUST_001714,2025-01-14 23:44:30,organic_search,US
CUST_001715,2024-02-28 05:45:44,google_ads,US
CUST_001716,2025-12-17 02:19:19,meta_ads,US
CUST_001717,2024-02-13 09:42:14,meta_ads,US
CUST_001718,2025-07-14 15:23:44,meta_ads,CA
CUST_001719,2025-12-15 16:17:21,meta_ads,US
CUST_001720,2024-08-17 13:59:28,google_ads,US
CUST_001721,2024-05-24 20:03:59,creator_network,US
CUST_001722,2024-04-06 09:41:44,direct,US
CUST_001723,2024-10-06 01:55:58,google_ads,US
CUST_001724,2024-04-07 00:50:18,google_ads,US
CUST_001725,2025-07-14 23:15:16,google_ads,US
CUST_001726,2024-03-15 00:04:56,google_ads,GB
CUST_001727,2025-03-17 03:45:54,google_ads,US
CUST_001728,2025-12-18 00:59:06,meta_ads,CA
CUST_001729,2025-09-02 07:41:43,meta_ads,US
CUST_001730,2025-05-22 08:38:19,meta_ads,US
CUST_001731,2024-10-29 11:45:19,meta_ads,US
CUST_001732,2025-05-12 23:07:52,creator_network,CA
CUST_001733,2025-03-30 14:04:54,meta_ads,US
CUST_001734,2025-01-15 07:34:03,organic_search,GB
CUST_001735,2024-05-06 18:06:38,direct,US
CUST_001736,2025-10-02 15:33:24,direct,US
CUST_001737,2025-01-21 22:49:01,direct,US
CUST_001738,2024-07-30 07:12:37,meta_ads,US
CUST_001739,2024-11-18 03:28:21,google_ads,GB
CUST_001740,2024-12-12 08:55:13,meta_ads,US
CUST_001741,2025-09-25 18:25:32,organic_search,US
CUST_001742,2025-07-26 15:30:29,organic_search,CA
CUST_001743,2025-08-16 18:37:30,organic_search,US
CUST_001744,2024-01-23 13:26:33,google_ads,US
CUST_001745,2024-12-10 00:22:49,creator_network,US
CUST_001746,2025-02-27 02:15:16,meta_ads,CA
CUST_001747,2024-01-30 08:40:37,meta_ads,US
CUST_001748,2024-08-27 21:33:42,creator_network,CA
CUST_001749,2025-08-05 14:53:54,google_ads,US
CUST_001750,2024-05-22 16:10:51,direct,US
CUST_001751,2025-03-03 23:07:54,meta_ads,US
CUST_001752,2024-07-04 21:13:52,organic_search,US
CUST_001753,2024-01-12 04:40:47,google_ads,US
CUST_001754,2024-08-17 19:43:02,organic_search,GB
CUST_001755,2025-12-11 22:17:19,organic_search,US
CUST_001756,2025-09-19 14:18:12,organic_search,DE
CUST_001757,2025-12-31 21:46:31,meta_ads,US
CUST_001758,2025-02-10 06:31:28,direct,GB
CUST_001759,2024-04-04 18:39:52,meta_ads,GB
CUST_001760,2025-03-16 19:50:49,meta_ads,US
CUST_001761,2025-01-16 11:46:32,google_ads,US
CUST_001762,2025-10-10 00:03:48,organic_search,US
CUST_001763,2024-04-28 23:12:24,google_ads,US
CUST_001764,2025-02-08 00:12:19,organic_search,US
CUST_001765,2024-05-26 14:23:19,creator_network,US
CUST_001766,2024-10-11 08:57:52,meta_ads,US
CUST_001767,2025-07-21 01:49:54,direct,US
CUST_001768,2025-02-25 04:52:49,meta_ads,US
CUST_001769,2024-11-01 04:51:59,organic_search,US
CUST_001770,2024-12-29 21:11:26,meta_ads,US
CUST_001771,2025-01-11 17:14:28,google_ads,US
CUST_001772,2025-08-12 09:03:21,google_ads,US
CUST_001773,2025-10-22 08:59:29,meta_ads,GB
CUST_001774,2025-12-17 04:15:17,meta_ads,US
CUST_001775,2025-08-31 11:27:19,meta_ads,US
CUST_001776,2024-10-25 03:04:39,meta_ads,US
CUST_001777,2025-06-28 20:12:11,meta_ads,US
CUST_001778,2025-01-21 03:33:35,google_ads,US
CUST_001779,2024-08-23 11:39:28,creator_network,US
CUST_001780,2025-10-13 05:07:42,google_ads,CA
CUST_001781,2024-02-04 00:22:18,organic_search,US
CUST_001782,2025-11-23 00:12:21,google_ads,US
CUST_001783,2025-01-25 15:49:51,creator_network,US
CUST_001784,2025-05-11 21:23:13,creator_network,US
CUST_001785,2025-06-28 01:37:37,google_ads,DE
CUST_001786,2025-11-05 15:06:01,creator_network,US
CUST_001787,2025-05-20 03:18:28,meta_ads,US
CUST_001788,2025-05-28 05:53:22,organic_search,US
CUST_001789,2024-03-12 22:05:58,creator_network,US
CUST_001790,2025-03-09 11:01:02,meta_ads,CA
CUST_001791,2024-05-04 23:41:28,creator_network,GB
CUST_001792,2025-07-17 05:43:36,meta_ads,US
CUST_001793,2025-03-06 15:50:29,meta_ads,US
CUST_001794,2025-06-20 12:54:02,meta_ads,US
CUST_001795,2024-02-24 20:46:09,creator_network,CA
CUST_001796,2024-03-21 11:31:59,creator_network,US
CUST_001797,2025-07-25 06:20:59,organic_search,US
CUST_001798,2024-03-09 07:44:06,meta_ads,CA
CUST_001799,2024-03-20 04:18:18,google_ads,US
CUST_001800,2024-01-19 14:43:00,creator_network,US
CUST_001801,2025-12-06 10:36:55,meta_ads,US
CUST_001802,2025-07-08 08:18:44,google_ads,US
CUST_001803,2024-11-02 21:37:39,meta_ads,US
CUST_001804,2024-09-25 05:57:21,meta_ads,CA
CUST_001805,2024-11-10 00:17:24,google_ads,US
CUST_001806,2025-08-24 14:21:11,creator_network,US
CUST_001807,2025-06-22 14:26:06,meta_ads,GB
CUST_001808,2024-06-24 12:03:13,meta_ads,US
CUST_001809,2024-06-02 19:27:57,meta_ads,DE
CUST_001810,2024-04-03 02:27:26,meta_ads,CA
CUST_001811,2025-06-12 19:36:05,meta_ads,US
CUST_001812,2025-08-06 03:38:24,google_ads,US
CUST_001813,2024-09-08 18:27:35,creator_network,CA
CUST_001814,2024-01-08 02:36:03,google_ads,DE
CUST_001815,2024-03-03 22:09:51,creator_network,DE
CUST_001816,2025-12-08 18:40:55,creator_network,US
CUST_001817,2024-09-12 21:34:08,meta_ads,US
CUST_001818,2025-08-20 19:56:58,meta_ads,US
CUST_001819,2025-05-07 06:49:47,organic_search,US
CUST_001820,2024-12-08 07:22:53,meta_ads,US
CUST_001821,2024-07-15 00:28:08,meta_ads,CA
CUST_001822,2024-04-28 04:29:14,meta_ads,US
CUST_001823,2025-05-20 06:39:58,google_ads,US
CUST_001824,2025-08-27 16:24:19,google_ads,GB
CUST_001825,2025-06-19 07:09:37,direct,US
CUST_001826,2025-03-27 07:32:19,organic_search,US
CUST_001827,2024-02-26 11:40:48,google_ads,GB
CUST_001828,2025-12-25 06:16:07,meta_ads,US
CUST_001829,2025-09-29 18:56:04,meta_ads,CA
CUST_001830,2024-09-04 04:55:34,meta_ads,US
CUST_001831,2025-12-21 03:49:46,meta_ads,US
CUST_001832,2025-05-27 18:06:11,meta_ads,US
CUST_001833,2025-04-28 20:54:25,meta_ads,US
CUST_001834,2025-08-27 09:48:21,meta_ads,CA
CUST_001835,2025-09-07 16:35:24,meta_ads,US
CUST_001836,2025-06-25 23:11:25,direct,US
CUST_001837,2024-05-13 09:53:27,google_ads,US
CUST_001838,2024-10-24 14:35:40,direct,GB
CUST_001839,2025-11-29 15:39:59,meta_ads,US
CUST_001840,2024-07-11 16:19:23,google_ads,US
CUST_001841,2024-11-03 19:12:08,meta_ads,US
CUST_001842,2025-01-30 02:00:38,meta_ads,US
CUST_001843,2025-01-10 16:55:30,meta_ads,US
CUST_001844,2025-05-17 13:46:28,direct,US
CUST_001845,2025-11-10 17:28:35,direct,GB
CUST_001846,2024-08-26 00:19:05,meta_ads,US
CUST_001847,2024-04-21 15:27:31,meta_ads,US
CUST_001848,2024-07-06 16:28:48,google_ads,DE
CUST_001849,2025-10-10 13:17:32,meta_ads,US
CUST_001850,2025-06-23 08:09:54,meta_ads,US
CUST_001851,2024-09-06 23:18:32,meta_ads,US
CUST_001852,2025-09-17 21:57:57,google_ads,US
CUST_001853,2025-10-11 20:30:11,meta_ads,US
CUST_001854,2025-10-25 23:27:05,meta_ads,US
CUST_001855,2025-11-25 08:55:55,meta_ads,US
CUST_001856,2024-08-23 19:16:28,google_ads,US
CUST_001857,2025-08-09 22:44:18,direct,US
CUST_001858,2025-01-30 20:07:26,meta_ads,US
CUST_001859,2025-10-08 10:41:53,organic_search,GB
CUST_001860,2025-07-28 17:09:41,organic_search,US
CUST_001861,2025-08-25 18:17:17,direct,US
CUST_001862,2025-06-04 23:54:41,creator_network,US
CUST_001863,2024-06-19 23:15:52,creator_network,US
CUST_001864,2025-03-31 02:04:56,organic_search,US
CUST_001865,2025-12-06 12:50:52,meta_ads,US
CUST_001866,2025-11-07 09:40:56,google_ads,US
CUST_001867,2024-02-18 03:44:00,direct,US
CUST_001868,2024-06-20 05:28:44,creator_network,US
CUST_001869,2024-05-23 16:33:00,direct,US
CUST_001870,2025-07-29 02:57:00,creator_network,US
CUST_001871,2025-09-11 08:24:03,organic_search,US
CUST_001872,2024-07-31 21:09:33,creator_network,US
CUST_001873,2025-02-22 20:00:52,creator_network,US
CUST_001874,2025-09-27 16:28:37,google_ads,US
CUST_001875,2025-07-09 17:35:28,direct,GB
CUST_001876,2025-03-20 13:02:24,organic_search,US
CUST_001877,2025-04-30 04:51:57,organic_search,US
CUST_001878,2025-03-22 16:27:44,creator_network,US
CUST_001879,2024-09-20 18:20:04,meta_ads,US
CUST_001880,2025-04-20 17:10:06,meta_ads,DE
CUST_001881,2025-06-06 05:55:41,direct,US
CUST_001882,2025-10-27 14:34:57,google_ads,US
CUST_001883,2025-05-18 18:13:47,meta_ads,US
CUST_001884,2025-08-20 00:31:24,meta_ads,US
CUST_001885,2024-06-18 22:08:58,organic_search,US
CUST_001886,2025-01-12 11:18:40,organic_search,US
CUST_001887,2024-01-03 09:39:09,organic_search,CA
CUST_001888,2024-08-01 04:23:33,google_ads,US
CUST_001889,2025-07-04 11:26:04,meta_ads,US
CUST_001890,2025-12-25 20:48:39,meta_ads,US
CUST_001891,2024-04-24 23:11:58,meta_ads,US
CUST_001892,2024-12-07 23:11:02,organic_search,US
CUST_001893,2025-09-26 05:46:30,meta_ads,US
CUST_001894,2024-07-24 21:27:20,google_ads,US
CUST_001895,2025-04-26 10:29:06,google_ads,US
CUST_001896,2025-07-18 06:17:03,google_ads,GB
CUST_001897,2025-05-03 00:02:28,direct,US
CUST_001898,2024-06-15 14:02:57,meta_ads,US
CUST_001899,2024-11-03 14:23:07,creator_network,US
CUST_001900,2025-08-31 07:38:28,meta_ads,GB
CUST_001901,2025-04-30 18:36:27,meta_ads,CA
CUST_001902,2024-01-12 04:13:00,google_ads,US
CUST_001903,2025-08-16 15:16:43,meta_ads,US
CUST_001904,2024-02-14 06:26:54,creator_network,US
CUST_001905,2025-08-10 23:06:49,google_ads,US
CUST_001906,2024-07-16 23:21:07,meta_ads,US
CUST_001907,2025-12-10 10:08:04,meta_ads,US
CUST_001908,2024-11-11 00:20:10,google_ads,US
CUST_001909,2024-10-27 14:42:52,organic_search,US
CUST_001910,2024-05-28 21:23:19,google_ads,US
CUST_001911,2024-10-27 14:37:50,google_ads,US
CUST_001912,2025-10-05 23:49:40,creator_network,US
CUST_001913,2025-12-13 18:12:33,google_ads,US
CUST_001914,2024-11-25 21:38:53,meta_ads,US
CUST_001915,2025-01-18 09:27:35,google_ads,US
CUST_001916,2025-07-20 09:47:45,google_ads,US
CUST_001917,2025-10-31 14:32:40,creator_network,CA
CUST_001918,2025-04-11 13:28:44,google_ads,GB
CUST_001919,2024-12-25 19:47:11,direct,US
CUST_001920,2024-12-05 01:21:26,meta_ads,US
CUST_001921,2025-07-31 10:44:32,direct,US
CUST_001922,2024-01-23 23:43:52,google_ads,US
CUST_001923,2025-05-30 12:52:26,creator_network,US
CUST_001924,2024-11-08 21:25:11,meta_ads,US
CUST_001925,2025-09-03 13:27:49,google_ads,US
CUST_001926,2024-04-14 05:54:25,creator_network,US
CUST_001927,2025-04-03 02:21:16,creator_network,US
CUST_001928,2025-02-11 19:21:17,meta_ads,US
CUST_001929,2025-05-16 15:56:45,google_ads,US
CUST_001930,2024-03-16 15:59:14,meta_ads,US
CUST_001931,2025-04-27 23:39:49,direct,US
CUST_001932,2025-04-16 14:37:30,organic_search,CA
CUST_001933,2025-04-11 06:37:10,meta_ads,US
CUST_001934,2025-05-29 15:03:35,organic_search,CA
CUST_001935,2025-06-05 12:39:37,organic_search,US
CUST_001936,2025-09-17 16:39:59,meta_ads,GB
CUST_001937,2024-09-26 01:16:59,creator_network,US
CUST_001938,2025-09-20 16:22:08,google_ads,DE
CUST_001939,2025-02-13 18:32:26,creator_network,GB
CUST_001940,2024-03-03 05:02:12,meta_ads,US
CUST_001941,2024-02-26 18:27:34,meta_ads,US
CUST_001942,2024-10-02 05:55:13,google_ads,US
CUST_001943,2025-08-15 09:36:15,meta_ads,US
CUST_001944,2025-07-08 11:49:40,organic_search,US
CUST_001945,2025-08-24 00:43:15,meta_ads,GB
CUST_001946,2025-03-13 19:20:11,google_ads,CA
CUST_001947,2025-01-07 09:35:39,organic_search,US
CUST_001948,2024-05-13 17:06:08,google_ads,US
CUST_001949,2024-10-16 23:31:32,google_ads,US
CUST_001950,2025-01-14 11:55:22,direct,US
CUST_001951,2024-03-02 00:30:00,organic_search,US
CUST_001952,2024-07-14 00:16:09,meta_ads,US
CUST_001953,2025-05-18 10:01:27,google_ads,US
CUST_001954,2025-07-28 18:18:43,direct,US
CUST_001955,2025-12-23 18:53:45,meta_ads,US
CUST_001956,2025-11-18 14:43:16,meta_ads,US
CUST_001957,2025-05-03 18:24:18,meta_ads,US
CUST_001958,2024-12-11 18:11:01,meta_ads,US
CUST_001959,2025-05-08 04:11:13,creator_network,US
CUST_001960,2025-08-24 10:30:46,creator_network,GB
CUST_001961,2024-04-13 14:34:30,direct,US
CUST_001962,2024-12-14 22:12:29,creator_network,CA
CUST_001963,2025-09-27 01:32:37,meta_ads,CA
CUST_001964,2024-12-05 05:11:31,meta_ads,US
CUST_001965,2025-04-07 21:11:49,direct,US
CUST_001966,2025-04-11 22:26:34,meta_ads,US
CUST_001967,2024-06-10 03:25:24,meta_ads,US
CUST_001968,2024-11-19 19:30:03,organic_search,US
CUST_001969,2024-10-19 15:22:37,google_ads,US
CUST_001970,2024-01-28 13:34:39,meta_ads,CA
CUST_001971,2024-01-25 20:44:19,organic_search,US
CUST_001972,2025-09-07 13:31:44,direct,US
CUST_001973,2024-09-28 11:01:01,meta_ads,US
CUST_001974,2025-03-30 06:37:34,organic_search,US
CUST_001975,2024-09-05 16:48:00,google_ads,US
CUST_001976,2025-11-05 08:11:42,google_ads,US
CUST_001977,2024-08-24 18:38:08,organic_search,US
CUST_001978,2025-01-17 04:16:36,direct,US
CUST_001979,2025-10-29 15:08:10,meta_ads,GB
CUST_001980,2025-10-06 15:25:46,meta_ads,US
CUST_001981,2024-06-26 09:19:48,meta_ads,US
CUST_001982,2025-09-24 22:37:36,google_ads,US
CUST_001983,2025-01-03 20:20:31,meta_ads,US
CUST_001984,2025-02-25 18:47:50,google_ads,US
CUST_001985,2024-05-30 23:08:23,meta_ads,US
CUST_001986,2024-03-15 12:23:42,google_ads,US
CUST_001987,2025-07-01 17:01:31,meta_ads,US
CUST_001988,2025-02-05 08:29:09,organic_search,US
CUST_001989,2025-01-03 19:04:06,meta_ads,US
CUST_001990,2025-07-02 19:15:10,meta_ads,US
CUST_001991,2025-08-03 01:54:28,organic_search,US
CUST_001992,2024-06-09 03:21:32,creator_network,US
CUST_001993,2025-05-29 14:44:54,meta_ads,US
CUST_001994,2024-05-16 20:24:00,meta_ads,DE
CUST_001995,2025-08-07 16:31:13,creator_network,US
CUST_001996,2025-06-17 05:02:14,google_ads,US
CUST_001997,2025-12-31 21:06:03,creator_network,US
CUST_001998,2024-03-31 20:17:06,google_ads,DE
CUST_001999,2024-02-09 10:38:22,meta_ads,US
CUST_002000,2024-09-05 09:00:30,google_ads,GB
CUST_002001,2024-08-01 16:32:51,creator_network,CA
CUST_002002,2024-08-30 01:23:16,organic_search,US
CUST_002003,2025-11-11 15:00:34,meta_ads,DE
CUST_002004,2024-08-27 09:57:48,google_ads,US
CUST_002005,2024-09-30 20:27:40,meta_ads,US
CUST_002006,2025-08-21 00:59:39,google_ads,GB
CUST_002007,2025-01-06 20:51:47,organic_search,US
CUST_002008,2025-08-18 09:32:21,meta_ads,US
CUST_002009,2024-03-20 13:24:37,direct,US
CUST_002010,2025-02-09 04:51:51,google_ads,US
CUST_002011,2024-02-15 15:20:33,direct,US
CUST_002012,2024-03-30 17:59:20,creator_network,US
CUST_002013,2025-11-03 09:59:26,meta_ads,US
CUST_002014,2024-05-11 17:04:50,meta_ads,US
CUST_002015,2025-03-08 20:03:01,google_ads,US
CUST_002016,2024-12-22 04:10:32,meta_ads,US
CUST_002017,2024-11-28 21:06:09,google_ads,US
CUST_002018,2025-11-18 21:59:06,google_ads,US
CUST_002019,2024-01-08 11:14:12,direct,GB
CUST_002020,2025-06-21 12:04:44,google_ads,US
CUST_002021,2025-12-20 01:25:16,creator_network,DE
CUST_002022,2025-04-14 00:27:16,direct,GB
CUST_002023,2025-11-04 04:13:43,organic_search,US
CUST_002024,2024-02-11 13:44:01,meta_ads,CA
CUST_002025,2024-12-09 00:03:27,google_ads,US
CUST_002026,2024-08-31 03:31:11,meta_ads,GB
CUST_002027,2025-07-31 07:56:30,google_ads,CA
CUST_002028,2025-12-27 01:53:23,meta_ads,US
CUST_002029,2024-08-08 00:41:01,organic_search,US
CUST_002030,2025-06-10 21:14:50,google_ads,US
CUST_002031,2024-07-21 23:01:03,google_ads,CA
CUST_002032,2025-04-28 21:57:36,direct,CA
CUST_002033,2025-01-17 20:50:51,meta_ads,US
CUST_002034,2025-12-29 07:28:06,google_ads,US
CUST_002035,2025-05-30 01:03:58,creator_network,US
CUST_002036,2024-11-11 02:14:18,meta_ads,CA
CUST_002037,2024-04-29 09:24:44,google_ads,US
CUST_002038,2024-05-12 10:45:35,meta_ads,US
CUST_002039,2024-07-26 07:31:20,organic_search,US
CUST_002040,2024-08-26 05:48:37,meta_ads,US
CUST_002041,2025-10-14 18:32:07,meta_ads,US
CUST_002042,2025-04-24 10:39:58,google_ads,GB
CUST_002043,2025-03-07 00:23:01,meta_ads,CA
CUST_002044,2024-04-19 22:14:53,meta_ads,US
CUST_002045,2025-10-30 02:22:47,google_ads,CA
CUST_002046,2025-07-27 09:38:31,meta_ads,US
CUST_002047,2024-03-11 06:23:33,google_ads,US
CUST_002048,2025-07-06 09:07:01,google_ads,CA
CUST_002049,2025-03-11 05:13:00,google_ads,US
CUST_002050,2024-03-09 21:46:17,creator_network,US
CUST_002051,2025-01-17 16:50:23,meta_ads,US
CUST_002052,2025-02-08 11:59:44,meta_ads,US
CUST_002053,2024-06-11 14:21:12,creator_network,US
CUST_002054,2025-11-02 17:34:56,organic_search,US
CUST_002055,2025-10-26 21:36:57,meta_ads,US
CUST_002056,2025-06-23 05:17:41,google_ads,US
CUST_002057,2025-01-05 22:23:45,google_ads,DE
CUST_002058,2024-12-27 14:14:53,google_ads,US
CUST_002059,2025-06-30 03:14:54,creator_network,US
CUST_002060,2025-03-05 05:07:41,meta_ads,US
CUST_002061,2024-03-20 21:40:00,creator_network,US
CUST_002062,2025-03-25 03:37:44,meta_ads,CA
CUST_002063,2025-09-13 00:15:32,google_ads,US
CUST_002064,2025-01-14 14:33:01,organic_search,US
CUST_002065,2024-02-05 09:06:19,google_ads,US
CUST_002066,2025-08-31 07:13:45,meta_ads,US
CUST_002067,2024-07-14 17:56:57,direct,CA
CUST_002068,2024-08-28 07:04:51,organic_search,US
CUST_002069,2024-06-02 04:40:30,creator_network,US
CUST_002070,2024-10-28 00:37:30,google_ads,CA
CUST_002071,2025-08-09 00:44:41,meta_ads,US
CUST_002072,2025-03-16 10:58:49,direct,GB
CUST_002073,2024-07-24 06:02:27,google_ads,US
CUST_002074,2025-10-08 19:32:35,organic_search,US
CUST_002075,2025-10-06 19:58:19,meta_ads,US
CUST_002076,2025-10-14 16:13:09,meta_ads,GB
CUST_002077,2024-08-21 01:07:17,direct,US
CUST_002078,2025-01-06 23:39:29,google_ads,US
CUST_002079,2025-12-24 15:19:55,meta_ads,GB
CUST_002080,2025-08-05 10:47:46,meta_ads,CA
CUST_002081,2024-01-12 14:58:54,google_ads,DE
CUST_002082,2024-03-24 23:58:04,meta_ads,US
CUST_002083,2025-01-05 20:23:26,google_ads,GB
CUST_002084,2025-11-08 12:32:13,google_ads,US
CUST_002085,2025-03-06 09:51:26,creator_network,US
CUST_002086,2025-02-27 17:43:43,meta_ads,US
CUST_002087,2024-04-21 23:33:21,direct,US
CUST_002088,2025-06-10 17:10:50,meta_ads,US
CUST_002089,2025-09-04 03:07:44,google_ads,US
CUST_002090,2024-11-12 00:44:10,meta_ads,US
CUST_002091,2025-08-24 11:57:04,creator_network,US
CUST_002092,2025-12-18 12:10:31,direct,US
CUST_002093,2024-07-18 20:02:12,organic_search,US
CUST_002094,2025-03-22 01:57:54,google_ads,CA
CUST_002095,2024-09-14 15:55:44,google_ads,US
CUST_002096,2025-09-20 12:53:32,organic_search,US
CUST_002097,2025-04-30 11:55:25,direct,DE
CUST_002098,2025-05-19 10:09:00,direct,US
CUST_002099,2025-09-26 17:14:15,google_ads,US
CUST_002100,2024-12-08 15:31:31,direct,US
CUST_002101,2025-11-23 23:55:23,meta_ads,US
CUST_002102,2025-03-17 19:30:34,meta_ads,GB
CUST_002103,2024-06-23 05:44:07,meta_ads,US
CUST_002104,2025-07-22 14:22:10,meta_ads,US
CUST_002105,2025-09-19 04:43:24,creator_network,CA
CUST_002106,2024-10-23 03:28:25,organic_search,US
CUST_002107,2025-10-12 10:17:11,creator_network,US
CUST_002108,2025-11-18 17:23:45,google_ads,US
CUST_002109,2024-09-23 16:37:26,google_ads,GB
CUST_002110,2025-12-18 01:52:24,creator_network,US
CUST_002111,2024-05-23 10:54:20,google_ads,US
CUST_002112,2024-07-15 08:47:23,organic_search,CA
CUST_002113,2024-06-08 22:27:43,creator_network,US
CUST_002114,2025-11-21 03:44:48,creator_network,US
CUST_002115,2025-06-09 16:42:59,google_ads,US
CUST_002116,2024-05-14 21:22:42,organic_search,DE
CUST_002117,2025-01-21 14:08:40,meta_ads,US
CUST_002118,2025-05-22 13:16:26,google_ads,US
CUST_002119,2024-03-23 18:47:07,creator_network,US
CUST_002120,2025-10-04 06:42:06,google_ads,US
CUST_002121,2025-09-27 10:30:17,organic_search,CA
CUST_002122,2025-02-07 08:19:49,meta_ads,US
CUST_002123,2025-12-29 17:49:27,meta_ads,US
CUST_002124,2024-12-09 18:28:33,organic_search,US
CUST_002125,2025-12-11 23:06:57,google_ads,GB
CUST_002126,2025-06-25 08:21:23,google_ads,US
CUST_002127,2025-05-31 16:37:33,meta_ads,US
CUST_002128,2024-06-22 10:21:08,meta_ads,US
CUST_002129,2025-10-16 08:01:39,creator_network,US
CUST_002130,2025-01-06 21:46:48,meta_ads,US
CUST_002131,2024-06-22 03:23:39,organic_search,US
CUST_002132,2024-01-06 18:07:43,creator_network,US
CUST_002133,2025-04-27 04:40:30,meta_ads,CA
CUST_002134,2025-03-27 12:07:57,creator_network,US
CUST_002135,2025-07-20 06:27:15,google_ads,US
CUST_002136,2025-10-30 17:06:41,meta_ads,CA
CUST_002137,2024-03-27 04:15:09,meta_ads,US
CUST_002138,2025-07-02 20:36:48,google_ads,US
CUST_002139,2024-06-23 11:16:23,creator_network,DE
CUST_002140,2025-10-29 00:59:20,google_ads,US
CUST_002141,2025-09-21 03:39:13,google_ads,US
CUST_002142,2025-03-06 01:51:30,creator_network,US
CUST_002143,2025-07-30 18:24:37,creator_network,GB
CUST_002144,2024-10-10 02:08:51,google_ads,US
CUST_002145,2025-02-08 20:09:19,creator_network,DE
CUST_002146,2025-09-15 10:24:30,meta_ads,US
CUST_002147,2025-01-07 15:47:30,organic_search,US
CUST_002148,2024-11-20 01:07:18,google_ads,US
CUST_002149,2025-02-22 09:08:19,organic_search,CA
CUST_002150,2025-09-25 05:14:22,google_ads,US
CUST_002151,2024-10-17 22:43:38,meta_ads,US
CUST_002152,2024-06-01 00:16:32,google_ads,US
CUST_002153,2025-07-23 02:06:37,meta_ads,US
CUST_002154,2025-09-08 15:52:50,creator_network,GB
CUST_002155,2024-04-10 19:11:42,google_ads,US
CUST_002156,2024-08-19 19:07:01,organic_search,CA
CUST_002157,2024-05-15 21:50:15,creator_network,US
CUST_002158,2024-11-08 22:23:56,creator_network,US
CUST_002159,2025-01-30 08:54:45,meta_ads,US
CUST_002160,2025-08-19 12:50:20,direct,CA
CUST_002161,2025-06-30 11:46:12,organic_search,CA
CUST_002162,2025-05-09 02:22:29,creator_network,US
CUST_002163,2024-11-11 05:41:59,meta_ads,CA
CUST_002164,2025-10-04 00:52:21,google_ads,US
CUST_002165,2025-02-10 03:57:36,meta_ads,US
CUST_002166,2025-12-19 01:37:10,google_ads,US
CUST_002167,2025-05-19 17:47:41,meta_ads,US
CUST_002168,2024-05-30 03:53:09,google_ads,US
CUST_002169,2025-06-03 15:28:21,google_ads,US
CUST_002170,2024-10-08 11:28:26,google_ads,US
CUST_002171,2025-06-23 05:49:59,google_ads,US
CUST_002172,2024-03-16 11:32:23,organic_search,US
CUST_002173,2024-06-01 19:58:33,meta_ads,US
CUST_002174,2025-10-05 16:40:48,creator_network,DE
CUST_002175,2024-08-06 08:49:17,meta_ads,US
CUST_002176,2025-09-22 06:45:24,meta_ads,US
CUST_002177,2024-09-14 05:26:30,meta_ads,GB
CUST_002178,2025-05-15 12:01:01,creator_network,US
CUST_002179,2025-07-16 15:44:58,google_ads,US
CUST_002180,2025-03-17 15:41:30,organic_search,CA
CUST_002181,2024-10-14 23:06:39,google_ads,US
CUST_002182,2024-07-08 05:11:19,meta_ads,US
CUST_002183,2024-02-01 21:11:21,creator_network,CA
CUST_002184,2024-10-21 02:15:32,meta_ads,DE
CUST_002185,2025-06-22 15:44:04,creator_network,US
CUST_002186,2025-11-28 05:53:47,meta_ads,US
CUST_002187,2025-10-19 19:17:10,meta_ads,US
CUST_002188,2025-08-12 15:10:54,creator_network,GB
CUST_002189,2025-08-27 03:27:33,direct,US
CUST_002190,2025-06-13 17:41:32,meta_ads,US
CUST_002191,2024-08-04 17:32:20,organic_search,US
CUST_002192,2025-11-17 22:49:06,meta_ads,US
CUST_002193,2025-06-20 11:08:01,organic_search,US
CUST_002194,2025-04-15 07:04:32,creator_network,GB
CUST_002195,2024-04-18 14:04:37,meta_ads,CA
CUST_002196,2025-01-31 03:48:53,meta_ads,US
CUST_002197,2025-01-09 17:43:52,meta_ads,DE
CUST_002198,2025-10-07 15:51:59,google_ads,US
CUST_002199,2025-03-03 12:11:27,meta_ads,CA
CUST_002200,2024-11-11 10:06:22,google_ads,US
CUST_002201,2025-12-01 09:51:12,direct,US
CUST_002202,2024-04-22 21:19:59,meta_ads,US
CUST_002203,2025-01-07 10:21:41,google_ads,US
CUST_002204,2024-02-18 11:08:29,google_ads,DE
CUST_002205,2025-07-02 11:59:50,organic_search,US
CUST_002206,2025-11-26 14:51:53,google_ads,US
CUST_002207,2024-09-10 19:31:54,google_ads,US
CUST_002208,2025-10-05 23:08:18,google_ads,US
CUST_002209,2024-09-10 15:19:19,meta_ads,CA
CUST_002210,2025-11-13 05:06:02,meta_ads,US
CUST_002211,2025-08-31 15:10:48,google_ads,US
CUST_002212,2025-09-03 14:16:16,meta_ads,US
CUST_002213,2024-01-16 01:58:09,google_ads,US
CUST_002214,2025-12-20 01:38:37,meta_ads,US
CUST_002215,2025-07-07 01:35:42,google_ads,US
CUST_002216,2024-10-16 23:17:51,meta_ads,US
CUST_002217,2025-09-12 07:54:43,direct,US
CUST_002218,2024-09-22 03:14:42,organic_search,US
CUST_002219,2025-10-16 03:56:38,meta_ads,US
CUST_002220,2024-04-09 02:06:43,meta_ads,US
CUST_002221,2025-07-14 06:36:24,google_ads,US
CUST_002222,2025-03-26 06:32:49,meta_ads,US
CUST_002223,2024-04-05 07:34:14,meta_ads,US
CUST_002224,2024-08-25 03:23:26,meta_ads,US
CUST_002225,2024-01-29 11:46:23,organic_search,US
CUST_002226,2025-02-23 15:06:35,organic_search,US
CUST_002227,2024-09-01 11:28:07,google_ads,US
CUST_002228,2025-05-15 22:46:57,google_ads,GB
CUST_002229,2024-09-30 11:40:57,direct,CA
CUST_002230,2024-09-21 19:47:20,direct,GB
CUST_002231,2025-08-31 15:57:08,direct,US
CUST_002232,2024-02-24 13:47:50,meta_ads,US
CUST_002233,2025-11-08 18:15:19,meta_ads,US
CUST_002234,2025-10-21 05:45:06,creator_network,US
CUST_002235,2025-06-08 00:41:37,google_ads,US
CUST_002236,2025-04-10 02:25:57,meta_ads,US
CUST_002237,2025-10-27 08:07:57,meta_ads,US
CUST_002238,2024-06-03 23:14:49,organic_search,US
CUST_002239,2024-03-22 15:54:24,organic_search,US
CUST_002240,2024-08-26 22:52:01,meta_ads,US
CUST_002241,2025-09-11 13:41:34,organic_search,US
CUST_002242,2024-02-29 19:22:56,google_ads,US
CUST_002243,2025-04-24 21:37:08,organic_search,GB
CUST_002244,2025-12-24 16:59:42,google_ads,US
CUST_002245,2025-10-30 10:45:59,meta_ads,US
CUST_002246,2025-03-03 18:41:47,google_ads,US
CUST_002247,2024-03-01 02:07:56,google_ads,GB
CUST_002248,2025-09-06 04:41:40,google_ads,GB
CUST_002249,2025-05-21 18:18:33,meta_ads,US
CUST_002250,2024-04-18 04:25:29,direct,US
CUST_002251,2024-04-15 00:36:39,meta_ads,US
CUST_002252,2025-11-21 11:56:37,meta_ads,US
CUST_002253,2025-06-23 01:44:36,google_ads,US
CUST_002254,2025-09-09 02:16:08,google_ads,CA
CUST_002255,2025-10-26 01:21:55,google_ads,US
CUST_002256,2025-04-25 17:51:07,creator_network,US
CUST_002257,2025-03-19 01:07:27,google_ads,CA
CUST_002258,2025-01-18 23:36:36,google_ads,CA
CUST_002259,2024-10-22 09:31:29,creator_network,US
CUST_002260,2025-01-14 23:41:51,meta_ads,CA
CUST_002261,2025-08-23 10:59:03,google_ads,US
CUST_002262,2025-05-18 15:50:27,organic_search,US
CUST_002263,2025-10-15 20:32:05,meta_ads,US
CUST_002264,2025-01-03 09:18:32,google_ads,US
CUST_002265,2025-05-31 03:06:53,direct,US
CUST_002266,2025-05-19 16:50:06,meta_ads,US
CUST_002267,2025-04-05 16:36:51,google_ads,US
CUST_002268,2025-07-24 19:12:18,direct,US
CUST_002269,2024-08-31 06:21:28,meta_ads,CA
CUST_002270,2025-03-12 23:14:10,meta_ads,CA
CUST_002271,2024-04-17 03:41:24,organic_search,US
CUST_002272,2024-12-21 17:23:50,organic_search,US
CUST_002273,2025-02-17 09:36:14,google_ads,CA
CUST_002274,2025-06-20 17:41:23,google_ads,US
CUST_002275,2025-12-13 02:09:47,organic_search,US
CUST_002276,2025-05-15 15:00:00,creator_network,DE
CUST_002277,2025-08-27 08:29:56,meta_ads,US
CUST_002278,2025-02-26 17:22:20,meta_ads,US
CUST_002279,2025-05-14 19:15:08,google_ads,CA
CUST_002280,2024-03-30 21:12:14,organic_search,CA
CUST_002281,2024-08-01 10:33:42,organic_search,US
CUST_002282,2024-11-30 16:17:28,direct,US
CUST_002283,2025-02-07 22:35:14,organic_search,CA
CUST_002284,2024-02-14 15:08:33,google_ads,US
CUST_002285,2024-05-30 14:38:47,google_ads,US
CUST_002286,2024-09-06 09:23:52,creator_network,US
CUST_002287,2025-12-08 03:38:31,creator_network,US
CUST_002288,2024-10-04 17:55:32,google_ads,US
CUST_002289,2025-02-23 12:53:38,meta_ads,US
CUST_002290,2024-07-23 17:24:20,direct,US
CUST_002291,2025-05-18 14:12:09,google_ads,US
CUST_002292,2024-09-17 07:12:57,meta_ads,US
CUST_002293,2024-07-08 22:08:22,google_ads,US
CUST_002294,2025-03-25 07:16:54,creator_network,US
CUST_002295,2024-01-24 09:00:21,meta_ads,US
CUST_002296,2024-01-28 00:28:22,organic_search,US
CUST_002297,2024-07-27 09:29:15,meta_ads,US
CUST_002298,2024-02-01 08:17:32,meta_ads,GB
CUST_002299,2024-04-12 15:16:18,google_ads,GB
CUST_002300,2024-10-13 13:18:18,creator_network,US
CUST_002301,2025-09-03 08:53:15,direct,US
CUST_002302,2025-04-21 06:26:13,organic_search,US
CUST_002303,2025-03-11 16:31:36,direct,US
CUST_002304,2024-09-16 05:05:32,meta_ads,US
CUST_002305,2025-11-17 23:54:23,meta_ads,US
CUST_002306,2024-12-28 12:16:49,google_ads,US
CUST_002307,2024-03-08 14:54:45,meta_ads,DE
CUST_002308,2025-05-09 16:04:07,organic_search,US
CUST_002309,2024-04-10 01:25:01,creator_network,GB
CUST_002310,2024-11-06 05:11:43,direct,US
CUST_002311,2025-03-29 16:08:18,meta_ads,US
CUST_002312,2025-10-12 16:43:06,google_ads,US
CUST_002313,2025-02-15 08:30:59,google_ads,US
CUST_002314,2025-07-23 02:12:31,meta_ads,US
CUST_002315,2025-12-22 09:26:46,google_ads,US
CUST_002316,2024-05-05 00:12:20,google_ads,US
CUST_002317,2024-09-05 08:38:19,google_ads,US
CUST_002318,2024-12-04 18:18:24,meta_ads,US
CUST_002319,2025-01-14 08:26:48,meta_ads,US
CUST_002320,2024-12-11 04:10:38,google_ads,DE
CUST_002321,2025-11-16 21:02:39,meta_ads,CA
CUST_002322,2025-07-03 05:20:08,meta_ads,US
CUST_002323,2025-05-22 05:36:05,meta_ads,US
CUST_002324,2024-10-25 20:50:00,meta_ads,US
CUST_002325,2025-09-21 07:26:03,google_ads,US
CUST_002326,2025-12-07 20:55:04,meta_ads,DE
CUST_002327,2025-09-25 04:53:59,google_ads,US
CUST_002328,2024-01-12 23:36:02,creator_network,US
CUST_002329,2025-05-26 23:06:40,google_ads,US
CUST_002330,2024-02-14 20:27:49,organic_search,US
CUST_002331,2024-08-14 22:29:55,google_ads,US
CUST_002332,2024-03-07 06:24:52,google_ads,US
CUST_002333,2025-05-24 12:57:15,organic_search,US
CUST_002334,2025-06-02 22:26:41,google_ads,CA
CUST_002335,2024-04-08 02:18:32,creator_network,DE
CUST_002336,2024-12-24 09:24:45,google_ads,US
CUST_002337,2025-01-16 11:17:09,google_ads,US
CUST_002338,2024-11-16 18:52:49,creator_network,US
CUST_002339,2024-04-22 18:36:47,meta_ads,US
CUST_002340,2024-12-20 04:56:52,meta_ads,US
CUST_002341,2025-08-20 04:10:29,meta_ads,US
CUST_002342,2024-03-06 07:23:21,meta_ads,US
CUST_002343,2024-03-15 10:31:19,meta_ads,US
CUST_002344,2024-11-13 05:27:51,google_ads,US
CUST_002345,2025-11-14 13:49:50,creator_network,US
CUST_002346,2025-06-30 03:17:29,creator_network,DE
CUST_002347,2025-06-28 08:39:31,meta_ads,US
CUST_002348,2024-11-22 17:59:27,direct,US
CUST_002349,2025-04-15 14:41:40,google_ads,US
CUST_002350,2024-01-09 10:53:14,google_ads,US
CUST_002351,2025-05-12 08:30:20,organic_search,US
CUST_002352,2025-11-25 10:17:49,creator_network,CA
CUST_002353,2025-05-20 23:01:06,creator_network,US
CUST_002354,2025-10-17 00:25:45,meta_ads,US
CUST_002355,2025-07-20 08:44:40,google_ads,CA
CUST_002356,2024-04-01 07:52:16,organic_search,US
CUST_002357,2025-11-17 18:14:21,google_ads,GB
CUST_002358,2024-03-19 14:33:30,creator_network,US
CUST_002359,2025-03-10 12:53:36,google_ads,CA
CUST_002360,2024-05-18 06:54:26,organic_search,GB
CUST_002361,2024-01-19 21:11:45,meta_ads,GB
CUST_002362,2025-01-05 07:11:35,google_ads,GB
CUST_002363,2024-09-25 22:18:10,meta_ads,US
CUST_002364,2025-02-27 12:16:29,creator_network,US
CUST_002365,2025-04-24 01:06:01,creator_network,US
CUST_002366,2024-02-23 04:58:48,meta_ads,CA
CUST_002367,2024-04-15 12:37:37,creator_network,US
CUST_002368,2025-04-07 21:43:16,google_ads,US
CUST_002369,2024-11-01 17:56:59,meta_ads,US
CUST_002370,2025-07-17 23:03:36,google_ads,US
CUST_002371,2025-06-01 06:45:31,meta_ads,US
CUST_002372,2025-10-01 12:14:59,google_ads,US
CUST_002373,2025-07-28 15:38:12,google_ads,US
CUST_002374,2025-01-05 02:17:03,creator_network,US
CUST_002375,2025-06-12 17:56:30,creator_network,US
CUST_002376,2024-09-14 07:46:54,google_ads,US
CUST_002377,2024-10-11 14:42:25,meta_ads,US
CUST_002378,2025-08-21 02:03:05,direct,US
CUST_002379,2025-01-03 18:35:44,creator_network,US
CUST_002380,2025-09-16 20:21:54,meta_ads,GB
CUST_002381,2025-09-11 09:58:54,organic_search,GB
CUST_002382,2025-10-09 14:51:11,meta_ads,US
CUST_002383,2025-11-10 06:18:18,google_ads,US
CUST_002384,2025-01-14 08:45:51,google_ads,US
CUST_002385,2024-10-09 01:19:23,google_ads,CA
CUST_002386,2025-04-14 01:32:15,organic_search,US
CUST_002387,2024-11-21 08:15:45,google_ads,CA
CUST_002388,2025-05-03 03:08:17,meta_ads,US
CUST_002389,2025-07-05 15:03:03,direct,US
CUST_002390,2025-06-09 22:43:13,direct,US
CUST_002391,2024-11-10 08:21:26,creator_network,US
CUST_002392,2024-06-01 23:19:17,google_ads,US
CUST_002393,2025-01-28 15:37:49,meta_ads,US
CUST_002394,2024-05-14 14:31:22,creator_network,CA
CUST_002395,2025-10-22 06:51:28,meta_ads,US
CUST_002396,2024-11-01 08:03:20,meta_ads,GB
CUST_002397,2024-05-19 01:03:34,google_ads,US
CUST_002398,2024-01-20 08:18:45,meta_ads,US
CUST_002399,2025-06-15 13:33:13,meta_ads,US
CUST_002400,2025-05-06 09:38:46,google_ads,US
CUST_002401,2024-11-28 02:33:44,meta_ads,CA
CUST_002402,2024-03-14 11:07:49,meta_ads,CA
CUST_002403,2024-12-23 08:12:06,meta_ads,US
CUST_002404,2024-10-04 09:46:15,meta_ads,US
CUST_002405,2025-06-30 12:12:07,creator_network,US
CUST_002406,2025-05-06 06:07:53,organic_search,CA
CUST_002407,2024-11-18 01:49:32,google_ads,US
CUST_002408,2024-07-06 02:46:46,google_ads,US
CUST_002409,2025-12-17 07:42:11,meta_ads,US
CUST_002410,2025-01-08 20:48:12,meta_ads,DE
CUST_002411,2025-06-13 17:37:20,meta_ads,DE
CUST_002412,2024-05-22 06:19:14,google_ads,US
CUST_002413,2025-02-20 06:33:58,creator_network,US
CUST_002414,2024-01-20 02:04:37,google_ads,US
CUST_002415,2025-02-07 07:53:07,google_ads,US
CUST_002416,2025-12-17 03:12:36,meta_ads,US
CUST_002417,2024-12-09 06:14:26,creator_network,US
CUST_002418,2024-02-09 18:13:15,meta_ads,US
CUST_002419,2024-02-15 13:06:32,creator_network,US
CUST_002420,2024-12-07 16:48:54,google_ads,US
CUST_002421,2024-06-13 15:44:30,creator_network,US
CUST_002422,2024-01-07 04:36:25,organic_search,US
CUST_002423,2025-08-26 11:30:30,direct,CA
CUST_002424,2025-01-19 12:01:56,google_ads,US
CUST_002425,2024-09-24 01:14:31,google_ads,US
CUST_002426,2025-11-28 19:04:19,meta_ads,US
CUST_002427,2024-04-26 10:46:11,direct,US
CUST_002428,2025-12-16 09:57:58,google_ads,GB
CUST_002429,2024-10-13 14:42:09,meta_ads,CA
CUST_002430,2025-10-30 03:31:52,google_ads,US
CUST_002431,2025-05-05 23:48:18,meta_ads,US
CUST_002432,2025-09-26 22:48:19,google_ads,US
CUST_002433,2025-12-17 15:56:12,google_ads,US
CUST_002434,2024-09-06 11:34:57,meta_ads,US
CUST_002435,2025-12-23 21:17:33,meta_ads,CA
CUST_002436,2024-12-31 05:27:58,direct,US
CUST_002437,2024-12-18 20:48:25,creator_network,US
CUST_002438,2024-10-14 23:26:59,organic_search,US
CUST_002439,2025-03-22 08:43:27,meta_ads,US
CUST_002440,2024-05-27 05:13:54,creator_network,US
CUST_002441,2025-04-08 11:03:45,google_ads,US
CUST_002442,2025-03-07 11:47:04,meta_ads,US
CUST_002443,2025-08-03 20:28:05,meta_ads,US
CUST_002444,2025-09-04 06:32:57,meta_ads,US
CUST_002445,2025-01-26 23:19:09,meta_ads,GB
CUST_002446,2024-10-23 11:03:44,direct,US
CUST_002447,2024-08-12 15:53:43,meta_ads,US
CUST_002448,2024-07-10 03:49:31,google_ads,GB
CUST_002449,2024-02-01 17:55:20,google_ads,US
CUST_002450,2024-11-29 13:58:57,meta_ads,US
CUST_002451,2024-09-29 20:36:50,google_ads,CA
CUST_002452,2025-12-27 06:45:58,meta_ads,US
CUST_002453,2025-04-12 20:29:12,creator_network,CA
CUST_002454,2024-11-07 23:04:21,meta_ads,US
CUST_002455,2025-04-06 23:04:00,google_ads,CA
CUST_002456,2024-05-16 15:37:38,creator_network,US
CUST_002457,2025-01-06 10:27:51,organic_search,GB
CUST_002458,2025-05-07 15:56:04,organic_search,US
CUST_002459,2025-02-03 22:23:06,google_ads,CA
CUST_002460,2024-12-28 22:10:08,google_ads,US
CUST_002461,2025-12-22 11:54:34,google_ads,US
CUST_002462,2025-10-02 12:18:01,creator_network,US
CUST_002463,2025-05-18 04:33:23,organic_search,US
CUST_002464,2025-04-28 23:39:54,meta_ads,US
CUST_002465,2025-05-18 13:05:21,google_ads,GB
CUST_002466,2024-07-31 11:02:52,creator_network,US
CUST_002467,2024-12-28 08:03:31,google_ads,US
CUST_002468,2024-02-14 14:09:16,meta_ads,GB
CUST_002469,2025-02-17 16:36:02,google_ads,US
CUST_002470,2025-03-17 07:21:39,google_ads,US
CUST_002471,2024-08-17 05:04:21,direct,US
CUST_002472,2025-12-28 06:29:05,google_ads,US
CUST_002473,2025-11-30 16:05:29,meta_ads,US
CUST_002474,2025-07-07 05:30:53,meta_ads,US
CUST_002475,2025-03-10 00:51:33,meta_ads,US
CUST_002476,2025-10-26 07:28:01,google_ads,US
CUST_002477,2024-05-10 16:32:10,google_ads,US
CUST_002478,2025-09-29 11:33:33,meta_ads,US
CUST_002479,2024-05-28 19:28:12,creator_network,US
CUST_002480,2025-09-11 06:48:58,creator_network,US
CUST_002481,2024-09-11 14:54:40,meta_ads,CA
CUST_002482,2025-10-26 10:56:47,meta_ads,US
CUST_002483,2025-11-25 17:34:08,direct,US
CUST_002484,2024-05-29 09:57:17,meta_ads,US
CUST_002485,2025-01-18 11:13:51,creator_network,US
CUST_002486,2025-12-19 01:42:22,google_ads,GB
CUST_002487,2025-02-06 18:26:06,creator_network,GB
CUST_002488,2025-10-15 22:00:29,creator_network,DE
CUST_002489,2025-04-07 18:01:42,creator_network,DE
CUST_002490,2024-11-25 12:34:18,organic_search,US
CUST_002491,2024-09-02 06:27:07,direct,US
CUST_002492,2024-07-07 22:53:55,google_ads,US
CUST_002493,2025-08-11 08:42:05,meta_ads,US
CUST_002494,2024-12-27 07:29:32,google_ads,US
CUST_002495,2025-03-17 14:34:05,creator_network,US
CUST_002496,2025-02-19 10:20:57,creator_network,CA
CUST_002497,2025-04-02 17:20:17,meta_ads,US
CUST_002498,2025-10-13 11:07:53,meta_ads,US
CUST_002499,2025-12-18 02:43:20,creator_network,US
CUST_002500,2024-12-08 10:42:30,meta_ads,US
CUST_002501,2025-09-24 18:17:19,google_ads,DE
CUST_002502,2025-08-12 13:53:32,creator_network,US
CUST_002503,2025-04-08 21:26:29,google_ads,US
CUST_002504,2025-12-02 09:47:22,meta_ads,US
CUST_002505,2024-07-10 07:18:46,meta_ads,US
CUST_002506,2024-04-20 14:56:51,meta_ads,US
CUST_002507,2025-10-27 16:03:49,meta_ads,US
CUST_002508,2025-01-30 09:19:00,google_ads,US
CUST_002509,2025-10-02 02:06:45,google_ads,CA
CUST_002510,2025-11-22 12:27:45,meta_ads,US
CUST_002511,2024-03-12 21:34:30,meta_ads,US
CUST_002512,2025-10-03 21:02:06,meta_ads,CA
CUST_002513,2025-01-08 09:01:54,direct,GB
CUST_002514,2025-03-19 00:49:00,google_ads,US
CUST_002515,2025-05-07 10:37:06,organic_search,US
CUST_002516,2025-11-13 01:45:05,organic_search,US
CUST_002517,2024-01-04 18:39:31,google_ads,CA
CUST_002518,2025-02-01 02:54:51,creator_network,US
CUST_002519,2025-06-04 10:29:32,meta_ads,US
CUST_002520,2025-07-29 12:22:21,creator_network,US
CUST_002521,2025-07-14 05:00:27,meta_ads,US
CUST_002522,2024-05-17 16:16:53,organic_search,GB
CUST_002523,2024-09-03 13:49:55,meta_ads,DE
CUST_002524,2024-11-11 11:23:05,creator_network,US
CUST_002525,2025-09-02 19:32:23,meta_ads,CA
CUST_002526,2024-09-29 23:02:25,organic_search,CA
CUST_002527,2024-07-13 11:38:18,meta_ads,US
CUST_002528,2025-12-16 20:53:20,creator_network,US
CUST_002529,2024-01-03 02:55:17,google_ads,US
CUST_002530,2025-12-26 13:58:15,meta_ads,US
CUST_002531,2025-06-23 14:46:54,google_ads,US
CUST_002532,2025-09-21 13:34:42,direct,US
CUST_002533,2024-09-01 02:44:36,meta_ads,US
CUST_002534,2024-01-09 08:48:26,organic_search,US
CUST_002535,2025-07-01 12:17:55,google_ads,US
CUST_002536,2025-09-20 21:59:00,organic_search,DE
CUST_002537,2025-08-10 21:49:30,google_ads,GB
CUST_002538,2024-05-10 23:11:41,google_ads,CA
CUST_002539,2025-08-13 08:41:02,organic_search,US
CUST_002540,2025-08-20 19:38:37,google_ads,GB
CUST_002541,2025-06-11 05:08:04,google_ads,CA
CUST_002542,2025-08-09 03:41:20,meta_ads,US
CUST_002543,2025-10-01 13:57:38,meta_ads,US
CUST_002544,2025-05-10 08:13:24,google_ads,GB
CUST_002545,2024-03-17 22:33:24,creator_network,US
CUST_002546,2025-02-14 12:24:59,google_ads,US
CUST_002547,2024-03-05 20:34:12,meta_ads,US
CUST_002548,2024-12-26 13:59:46,google_ads,DE
CUST_002549,2024-12-23 18:24:42,meta_ads,US
CUST_002550,2024-03-12 12:20:45,google_ads,CA
CUST_002551,2024-11-05 18:40:55,organic_search,US
CUST_002552,2024-04-10 01:40:26,creator_network,US
CUST_002553,2025-09-26 06:03:56,meta_ads,DE
CUST_002554,2025-12-30 00:29:49,organic_search,CA
CUST_002555,2024-03-16 07:45:33,google_ads,US
CUST_002556,2025-12-16 08:07:38,creator_network,DE
CUST_002557,2025-03-31 15:29:15,meta_ads,US
CUST_002558,2024-09-04 07:19:22,creator_network,CA
CUST_002559,2024-03-04 19:17:21,meta_ads,US
CUST_002560,2025-02-28 14:33:05,google_ads,US
CUST_002561,2025-09-28 22:50:47,meta_ads,CA
CUST_002562,2025-07-10 18:50:25,meta_ads,GB
CUST_002563,2024-02-28 08:43:06,meta_ads,US
CUST_002564,2024-03-07 11:58:48,meta_ads,US
CUST_002565,2024-12-19 00:53:59,meta_ads,GB
CUST_002566,2024-09-04 03:29:27,creator_network,US
CUST_002567,2024-08-10 18:13:23,meta_ads,US
CUST_002568,2024-09-26 08:57:50,google_ads,US
CUST_002569,2025-09-10 23:36:29,meta_ads,US
CUST_002570,2025-11-09 15:47:59,direct,US
CUST_002571,2024-12-07 18:18:08,direct,US
CUST_002572,2025-11-27 10:02:46,meta_ads,US
CUST_002573,2024-10-13 13:13:00,google_ads,US
CUST_002574,2025-02-22 07:52:20,meta_ads,US
CUST_002575,2024-07-25 02:12:07,direct,US
CUST_002576,2025-05-17 23:35:03,google_ads,US
CUST_002577,2025-12-07 16:17:27,meta_ads,DE
CUST_002578,2025-05-15 16:24:18,meta_ads,US
CUST_002579,2024-11-06 16:39:05,meta_ads,US
CUST_002580,2025-06-26 23:16:40,google_ads,US
CUST_002581,2024-04-25 06:51:25,creator_network,US
CUST_002582,2025-10-25 04:24:20,google_ads,US
CUST_002583,2025-02-15 15:50:26,google_ads,US
CUST_002584,2025-01-26 07:19:01,meta_ads,US
CUST_002585,2025-04-03 13:00:41,meta_ads,CA
CUST_002586,2025-05-20 22:32:27,meta_ads,US
CUST_002587,2024-03-08 14:04:13,organic_search,US
CUST_002588,2025-06-20 09:10:57,meta_ads,US
CUST_002589,2024-08-13 11:12:53,google_ads,US
CUST_002590,2025-07-06 16:26:11,meta_ads,CA
CUST_002591,2025-09-26 03:20:14,meta_ads,US
CUST_002592,2025-09-03 06:11:39,google_ads,US
CUST_002593,2025-04-17 03:36:05,google_ads,US
CUST_002594,2025-03-13 07:59:42,google_ads,US
CUST_002595,2024-05-28 23:50:47,google_ads,US
CUST_002596,2025-08-17 03:55:10,google_ads,US
CUST_002597,2024-09-02 00:58:08,meta_ads,US
CUST_002598,2025-02-04 01:30:57,google_ads,CA
CUST_002599,2024-09-09 02:27:27,creator_network,DE
CUST_002600,2024-05-03 04:52:07,meta_ads,US
CUST_002601,2025-05-06 21:43:56,google_ads,US
CUST_002602,2024-02-27 17:10:59,meta_ads,US
CUST_002603,2025-08-14 00:32:42,meta_ads,US
CUST_002604,2024-10-10 11:10:51,google_ads,US
CUST_002605,2024-01-27 08:45:45,organic_search,US
CUST_002606,2025-03-07 02:58:24,organic_search,US
CUST_002607,2024-02-20 22:45:27,meta_ads,US
CUST_002608,2024-09-04 06:48:36,google_ads,US
CUST_002609,2025-07-06 21:04:16,google_ads,US
CUST_002610,2024-03-25 05:22:10,meta_ads,US
CUST_002611,2025-09-28 08:49:50,creator_network,US
CUST_002612,2024-01-25 05:24:09,creator_network,US
CUST_002613,2024-08-08 01:59:50,organic_search,CA
CUST_002614,2025-08-10 05:40:31,meta_ads,US
CUST_002615,2024-10-08 00:00:09,meta_ads,CA
CUST_002616,2024-04-04 12:09:51,organic_search,US
CUST_002617,2024-11-12 19:40:57,creator_network,US
CUST_002618,2024-09-02 13:34:07,organic_search,US
CUST_002619,2025-10-12 09:30:24,meta_ads,CA
CUST_002620,2024-10-16 17:26:58,google_ads,US
CUST_002621,2025-08-07 11:15:44,google_ads,US
CUST_002622,2025-10-12 13:14:20,meta_ads,US
CUST_002623,2025-01-01 22:00:36,google_ads,US
CUST_002624,2025-11-22 01:18:31,google_ads,GB
CUST_002625,2024-11-10 21:18:52,meta_ads,DE
CUST_002626,2025-12-16 20:33:15,meta_ads,GB
CUST_002627,2024-03-27 07:33:37,google_ads,US
CUST_002628,2025-06-25 15:39:31,google_ads,US
CUST_002629,2025-02-16 11:40:42,organic_search,US
CUST_002630,2024-12-20 02:13:33,meta_ads,CA
CUST_002631,2025-05-05 10:16:13,meta_ads,CA
CUST_002632,2025-07-21 19:17:39,direct,US
CUST_002633,2024-01-05 11:07:10,organic_search,US
CUST_002634,2024-06-25 16:24:11,meta_ads,US
CUST_002635,2025-07-24 18:33:29,creator_network,US
CUST_002636,2025-06-25 03:27:14,meta_ads,US
CUST_002637,2025-12-16 15:33:24,meta_ads,US
CUST_002638,2025-08-24 21:05:25,meta_ads,US
CUST_002639,2025-12-25 13:22:13,meta_ads,DE
CUST_002640,2025-07-11 02:40:10,organic_search,US
CUST_002641,2024-09-14 23:43:22,creator_network,US
CUST_002642,2024-04-28 13:35:54,direct,US
CUST_002643,2025-08-05 16:55:20,creator_network,US
CUST_002644,2025-06-18 21:08:38,google_ads,US
CUST_002645,2024-02-11 20:09:29,creator_network,US
CUST_002646,2024-11-24 07:36:25,direct,US
CUST_002647,2025-12-30 02:41:44,creator_network,US
CUST_002648,2025-02-10 19:57:48,creator_network,DE
CUST_002649,2025-01-18 23:40:40,direct,GB
CUST_002650,2025-01-27 02:20:18,meta_ads,US
CUST_002651,2024-07-21 09:13:06,creator_network,US
CUST_002652,2024-11-20 02:31:50,organic_search,US
CUST_002653,2024-11-23 23:48:58,direct,US
CUST_002654,2024-02-27 19:29:26,meta_ads,US
CUST_002655,2025-08-06 20:56:31,google_ads,US
CUST_002656,2024-12-21 01:03:32,creator_network,US
CUST_002657,2025-09-12 07:59:43,meta_ads,CA
CUST_002658,2025-10-14 08:21:33,google_ads,US
CUST_002659,2024-07-15 00:45:59,meta_ads,US
CUST_002660,2025-06-29 12:38:00,meta_ads,US
CUST_002661,2025-02-24 12:10:19,google_ads,US
CUST_002662,2025-10-15 02:33:18,google_ads,US
CUST_002663,2024-07-02 23:53:43,google_ads,US
CUST_002664,2025-06-05 13:55:41,google_ads,US
CUST_002665,2025-05-29 15:45:04,meta_ads,GB
CUST_002666,2024-09-10 07:24:14,meta_ads,US
CUST_002667,2024-05-30 12:52:58,meta_ads,US
CUST_002668,2025-06-08 13:16:42,meta_ads,US
CUST_002669,2025-07-11 14:09:50,google_ads,US
CUST_002670,2024-10-11 05:51:54,creator_network,US
CUST_002671,2025-06-18 00:13:05,meta_ads,US
CUST_002672,2024-12-12 08:19:29,meta_ads,US
CUST_002673,2025-07-09 04:31:37,creator_network,US
CUST_002674,2024-07-14 19:27:50,meta_ads,US
CUST_002675,2025-10-10 01:42:51,direct,US
CUST_002676,2024-09-26 16:31:05,creator_network,US
CUST_002677,2024-11-22 07:53:49,meta_ads,US
CUST_002678,2024-02-02 07:02:47,meta_ads,US
CUST_002679,2024-04-06 01:25:39,google_ads,US
CUST_002680,2025-03-13 23:54:09,meta_ads,US
CUST_002681,2024-09-01 20:29:01,meta_ads,US
CUST_002682,2025-09-04 20:33:18,meta_ads,CA
CUST_002683,2024-01-14 08:05:34,creator_network,US
CUST_002684,2024-11-23 09:53:27,google_ads,US
CUST_002685,2024-10-04 20:25:50,meta_ads,US
CUST_002686,2024-01-27 15:52:34,creator_network,US
CUST_002687,2024-05-21 02:36:53,google_ads,CA
CUST_002688,2024-12-22 12:03:20,google_ads,US
CUST_002689,2025-02-27 12:37:43,meta_ads,CA
CUST_002690,2024-12-14 12:54:02,google_ads,US
CUST_002691,2025-03-28 07:43:11,direct,US
CUST_002692,2025-04-22 12:05:20,meta_ads,US
CUST_002693,2024-01-02 08:18:19,meta_ads,US
CUST_002694,2025-02-23 21:41:47,meta_ads,CA
CUST_002695,2025-12-12 22:28:42,meta_ads,US
CUST_002696,2025-03-28 13:37:05,meta_ads,US
CUST_002697,2025-06-02 08:17:52,organic_search,GB
CUST_002698,2024-10-16 00:11:07,organic_search,US
CUST_002699,2025-08-19 07:21:23,meta_ads,US
CUST_002700,2025-08-17 10:34:45,google_ads,US
CUST_002701,2025-03-09 03:37:05,google_ads,US
CUST_002702,2025-12-23 06:51:41,google_ads,GB
CUST_002703,2024-05-12 03:38:35,google_ads,GB
CUST_002704,2024-01-18 13:03:19,meta_ads,US
CUST_002705,2025-08-04 02:08:08,google_ads,US
CUST_002706,2025-09-24 22:09:07,google_ads,US
CUST_002707,2024-04-29 11:27:39,creator_network,GB
CUST_002708,2024-09-10 21:53:12,creator_network,US
CUST_002709,2024-01-16 03:33:13,meta_ads,US
CUST_002710,2024-09-06 23:54:39,meta_ads,US
CUST_002711,2025-08-23 17:58:14,organic_search,US
CUST_002712,2025-03-29 01:01:46,google_ads,US
CUST_002713,2024-11-12 02:28:15,organic_search,CA
CUST_002714,2024-11-23 03:40:51,meta_ads,CA
CUST_002715,2024-01-22 06:50:32,google_ads,GB
CUST_002716,2024-09-22 15:21:16,google_ads,US
CUST_002717,2025-06-04 20:59:46,organic_search,US
CUST_002718,2025-12-15 09:10:34,meta_ads,CA
CUST_002719,2025-10-23 14:04:43,meta_ads,US
CUST_002720,2024-01-21 10:16:36,google_ads,US
CUST_002721,2025-11-17 16:22:24,organic_search,US
CUST_002722,2025-08-03 07:20:57,direct,US
CUST_002723,2025-08-12 03:15:52,direct,US
CUST_002724,2025-01-12 17:52:26,direct,US
CUST_002725,2024-12-17 01:34:35,meta_ads,US
CUST_002726,2024-10-01 03:25:17,meta_ads,US
CUST_002727,2024-03-17 09:17:42,meta_ads,US
CUST_002728,2024-08-20 04:13:21,meta_ads,US
CUST_002729,2024-08-09 18:15:07,organic_search,US
CUST_002730,2025-02-13 10:33:02,organic_search,US
CUST_002731,2025-08-23 01:10:37,meta_ads,US
CUST_002732,2025-02-12 21:52:57,google_ads,US
CUST_002733,2024-02-24 17:34:28,organic_search,US
CUST_002734,2025-12-10 19:56:50,google_ads,US
CUST_002735,2025-11-10 14:41:32,meta_ads,US
CUST_002736,2025-08-28 07:22:23,google_ads,US
CUST_002737,2025-12-05 03:53:10,meta_ads,US
CUST_002738,2025-03-08 12:43:13,google_ads,US
CUST_002739,2025-12-25 05:25:46,google_ads,US
CUST_002740,2024-03-07 14:46:59,meta_ads,US
CUST_002741,2024-11-15 17:10:22,direct,US
CUST_002742,2024-07-27 15:55:25,google_ads,US
CUST_002743,2024-07-12 22:15:21,google_ads,US
CUST_002744,2024-05-18 13:22:03,direct,DE
CUST_002745,2025-05-31 12:08:11,meta_ads,US
CUST_002746,2025-08-31 03:41:47,meta_ads,US
CUST_002747,2025-04-12 11:42:54,organic_search,US
CUST_002748,2024-05-20 04:00:14,meta_ads,US
CUST_002749,2025-09-13 02:51:01,creator_network,US
CUST_002750,2025-05-28 14:14:15,meta_ads,US
CUST_002751,2024-12-29 12:35:16,meta_ads,CA
CUST_002752,2025-06-15 19:15:07,google_ads,US
CUST_002753,2024-08-29 23:21:10,meta_ads,US
CUST_002754,2024-11-03 22:29:17,creator_network,CA
CUST_002755,2025-11-15 14:46:41,google_ads,US
CUST_002756,2024-09-01 23:59:02,direct,US
CUST_002757,2025-02-24 19:32:40,creator_network,US
CUST_002758,2025-10-27 09:08:13,meta_ads,US
CUST_002759,2025-07-27 12:36:14,organic_search,US
CUST_002760,2024-03-21 10:32:08,google_ads,US
CUST_002761,2024-05-07 08:20:58,creator_network,GB
CUST_002762,2024-01-10 12:02:54,organic_search,US
CUST_002763,2025-05-28 16:26:32,google_ads,US
CUST_002764,2025-01-16 13:13:12,google_ads,CA
CUST_002765,2024-05-13 03:38:38,google_ads,US
CUST_002766,2025-12-06 17:56:50,meta_ads,US
CUST_002767,2025-03-09 22:08:42,meta_ads,GB
CUST_002768,2024-08-07 15:54:00,google_ads,US
CUST_002769,2025-02-12 23:22:28,meta_ads,US
CUST_002770,2025-06-29 19:17:54,meta_ads,US
CUST_002771,2024-03-10 03:30:09,meta_ads,US
CUST_002772,2024-09-11 07:29:49,google_ads,US
CUST_002773,2025-09-26 18:50:19,meta_ads,US
CUST_002774,2025-01-23 00:51:45,creator_network,CA
CUST_002775,2025-03-15 06:47:17,meta_ads,CA
CUST_002776,2025-01-26 07:06:00,google_ads,US
CUST_002777,2024-02-11 13:09:15,google_ads,US
CUST_002778,2024-06-15 15:23:57,creator_network,US
CUST_002779,2025-01-01 16:17:59,meta_ads,US
CUST_002780,2024-07-26 00:57:38,direct,US
CUST_002781,2024-02-27 04:03:02,direct,CA
CUST_002782,2025-10-20 11:20:56,organic_search,GB
CUST_002783,2025-12-28 01:57:51,direct,US
CUST_002784,2025-09-09 02:49:04,google_ads,CA
CUST_002785,2025-10-19 15:13:58,google_ads,US
CUST_002786,2024-08-17 07:38:13,creator_network,GB
CUST_002787,2025-12-18 20:19:10,creator_network,US
CUST_002788,2024-07-30 03:10:30,organic_search,US
CUST_002789,2025-12-07 02:51:07,creator_network,DE
CUST_002790,2025-12-06 20:13:13,direct,US
CUST_002791,2025-07-25 06:39:49,meta_ads,US
CUST_002792,2025-12-17 13:07:51,organic_search,US
CUST_002793,2025-04-28 17:24:36,creator_network,US
CUST_002794,2024-08-12 11:42:58,creator_network,US
CUST_002795,2025-01-25 18:44:08,meta_ads,US
CUST_002796,2025-04-30 06:38:42,creator_network,CA
CUST_002797,2024-03-30 10:11:24,organic_search,US
CUST_002798,2025-05-06 04:07:17,meta_ads,US
CUST_002799,2025-12-02 12:24:13,google_ads,CA
CUST_002800,2024-06-18 13:33:07,google_ads,US
CUST_002801,2025-09-30 21:15:58,direct,US
CUST_002802,2025-11-25 23:53:39,google_ads,US
CUST_002803,2025-11-08 23:02:23,meta_ads,DE
CUST_002804,2025-12-11 23:03:51,google_ads,US
CUST_002805,2025-03-14 16:55:43,creator_network,DE
CUST_002806,2025-12-16 21:07:49,meta_ads,US
CUST_002807,2025-08-15 22:41:25,google_ads,US
CUST_002808,2024-06-03 22:58:08,direct,US
CUST_002809,2025-02-12 01:26:06,organic_search,US
CUST_002810,2025-07-31 13:19:46,meta_ads,US
CUST_002811,2024-08-21 20:53:00,direct,CA
CUST_002812,2025-05-13 00:01:05,creator_network,US
CUST_002813,2025-06-25 22:05:35,meta_ads,US
CUST_002814,2024-06-03 07:55:40,meta_ads,US
CUST_002815,2025-04-23 15:35:25,meta_ads,US
CUST_002816,2025-08-14 06:44:05,organic_search,US
CUST_002817,2025-02-09 09:06:51,meta_ads,US
CUST_002818,2024-01-03 01:18:25,meta_ads,US
CUST_002819,2024-01-27 21:59:36,creator_network,US
CUST_002820,2024-11-21 19:50:19,google_ads,US
CUST_002821,2025-11-10 01:54:02,creator_network,US
CUST_002822,2024-08-27 08:46:19,creator_network,US
CUST_002823,2025-05-29 14:34:40,meta_ads,US
CUST_002824,2024-07-06 16:37:30,organic_search,US
CUST_002825,2024-10-14 09:03:11,meta_ads,US
CUST_002826,2025-10-27 05:45:03,google_ads,US
CUST_002827,2025-07-25 20:26:35,google_ads,US
CUST_002828,2024-04-14 18:54:39,meta_ads,US
CUST_002829,2025-01-20 03:42:29,direct,US
CUST_002830,2024-02-24 18:55:39,google_ads,CA
CUST_002831,2025-02-13 16:21:13,meta_ads,US
CUST_002832,2025-06-25 13:47:43,direct,US
CUST_002833,2024-04-13 18:24:30,google_ads,US
CUST_002834,2024-09-19 07:24:09,creator_network,US
CUST_002835,2024-12-30 18:01:43,google_ads,US
CUST_002836,2025-11-07 23:16:19,organic_search,US
CUST_002837,2025-12-21 06:34:08,meta_ads,US
CUST_002838,2024-02-07 10:24:20,meta_ads,DE
CUST_002839,2025-08-17 00:22:15,google_ads,GB
CUST_002840,2024-11-05 03:01:32,meta_ads,US
CUST_002841,2024-12-06 11:55:13,creator_network,US
CUST_002842,2025-08-14 04:08:23,google_ads,CA
CUST_002843,2025-11-28 11:47:15,meta_ads,US
CUST_002844,2025-12-13 01:32:00,meta_ads,CA
CUST_002845,2025-04-04 22:48:57,creator_network,US
CUST_002846,2024-11-29 06:52:56,organic_search,CA
CUST_002847,2025-08-20 18:24:17,google_ads,US
CUST_002848,2024-08-20 23:24:00,google_ads,CA
CUST_002849,2025-04-27 20:40:26,meta_ads,US
CUST_002850,2024-11-28 04:40:43,google_ads,US
CUST_002851,2025-06-12 16:38:08,meta_ads,US
CUST_002852,2024-08-23 06:48:45,google_ads,US
CUST_002853,2024-07-17 01:38:45,google_ads,US
CUST_002854,2025-11-29 06:53:09,organic_search,US
CUST_002855,2024-04-06 16:28:48,google_ads,CA
CUST_002856,2025-02-26 03:46:14,creator_network,CA
CUST_002857,2024-07-06 10:55:32,google_ads,US
CUST_002858,2024-02-21 04:07:06,direct,US
CUST_002859,2024-02-29 03:30:07,google_ads,US
CUST_002860,2024-06-17 12:44:43,meta_ads,DE
CUST_002861,2025-10-17 10:34:29,organic_search,US
CUST_002862,2024-09-29 02:33:53,meta_ads,US
CUST_002863,2025-12-12 01:09:34,meta_ads,US
CUST_002864,2025-04-27 15:35:21,meta_ads,US
CUST_002865,2025-01-22 11:06:54,organic_search,US
CUST_002866,2025-04-11 12:56:07,meta_ads,US
CUST_002867,2025-03-24 10:58:31,organic_search,US
CUST_002868,2025-08-07 19:06:23,google_ads,US
CUST_002869,2024-09-20 13:42:52,meta_ads,US
CUST_002870,2024-11-28 11:08:09,google_ads,US
CUST_002871,2025-11-15 15:59:54,meta_ads,US
CUST_002872,2025-12-21 17:49:34,google_ads,US
CUST_002873,2025-10-27 19:31:17,creator_network,US
CUST_002874,2024-12-11 07:56:06,google_ads,US
CUST_002875,2025-08-09 11:42:09,meta_ads,US
CUST_002876,2025-02-08 05:09:47,creator_network,DE
CUST_002877,2025-02-26 23:17:57,organic_search,CA
CUST_002878,2024-07-12 18:42:05,creator_network,US
CUST_002879,2025-04-09 10:49:06,organic_search,US
CUST_002880,2024-06-28 10:15:58,meta_ads,US
CUST_002881,2024-10-29 20:48:56,organic_search,CA
CUST_002882,2025-10-14 07:30:23,meta_ads,US
CUST_002883,2024-07-01 04:01:09,meta_ads,CA
CUST_002884,2024-03-10 02:04:15,organic_search,US
CUST_002885,2024-03-07 08:02:56,direct,CA
CUST_002886,2025-11-14 20:51:50,creator_network,US
CUST_002887,2025-02-21 05:55:52,meta_ads,US
CUST_002888,2024-12-25 07:58:02,meta_ads,US
CUST_002889,2025-09-26 09:39:15,google_ads,US
CUST_002890,2025-09-13 03:25:15,organic_search,US
CUST_002891,2024-10-16 06:23:58,meta_ads,US
CUST_002892,2025-07-27 03:03:37,organic_search,CA
CUST_002893,2025-08-26 00:58:20,meta_ads,US
CUST_002894,2025-06-27 12:31:38,organic_search,US
CUST_002895,2024-05-27 19:06:37,direct,US
CUST_002896,2025-10-04 19:32:41,google_ads,US
CUST_002897,2025-03-20 04:24:36,meta_ads,US
CUST_002898,2024-09-09 19:39:51,organic_search,US
CUST_002899,2025-01-05 00:33:39,google_ads,US
CUST_002900,2024-02-08 20:08:36,creator_network,US
CUST_002901,2024-05-29 17:40:42,google_ads,US
CUST_002902,2025-08-17 08:56:43,meta_ads,US
CUST_002903,2024-01-20 14:57:28,organic_search,US
CUST_002904,2024-12-04 22:59:53,meta_ads,US
CUST_002905,2025-03-31 23:42:28,direct,US
CUST_002906,2024-02-05 03:05:08,meta_ads,GB
CUST_002907,2025-12-25 07:01:57,creator_network,CA
CUST_002908,2024-07-27 05:45:36,meta_ads,US
CUST_002909,2024-10-06 19:46:25,meta_ads,US
CUST_002910,2024-10-12 16:58:28,meta_ads,US
CUST_002911,2024-08-10 21:16:07,creator_network,US
CUST_002912,2024-01-04 16:19:09,google_ads,US
CUST_002913,2025-07-04 20:27:38,organic_search,US
CUST_002914,2025-12-05 07:04:57,meta_ads,US
CUST_002915,2024-07-06 11:59:19,creator_network,US
CUST_002916,2025-06-21 02:12:25,creator_network,US
CUST_002917,2025-08-14 21:43:55,meta_ads,US
CUST_002918,2025-10-29 03:06:27,google_ads,US
CUST_002919,2025-01-11 10:57:34,google_ads,GB
CUST_002920,2024-10-13 11:37:25,meta_ads,CA
CUST_002921,2024-10-13 04:53:39,meta_ads,DE
CUST_002922,2025-07-19 03:07:05,creator_network,CA
CUST_002923,2025-09-29 09:46:11,meta_ads,US
CUST_002924,2024-06-15 21:40:19,creator_network,DE
CUST_002925,2024-11-04 08:57:21,direct,DE
CUST_002926,2025-11-08 09:27:07,google_ads,US
CUST_002927,2025-09-22 04:58:27,google_ads,US
CUST_002928,2025-12-02 09:49:17,meta_ads,CA
CUST_002929,2025-08-25 23:47:36,organic_search,US
CUST_002930,2024-12-05 01:29:17,meta_ads,US
CUST_002931,2025-04-21 02:46:18,google_ads,US
CUST_002932,2025-06-02 02:37:02,direct,US
CUST_002933,2024-03-28 13:07:09,google_ads,US
CUST_002934,2025-03-07 20:39:49,creator_network,US
CUST_002935,2025-07-21 20:09:57,google_ads,US
CUST_002936,2024-06-01 17:39:35,meta_ads,US
CUST_002937,2025-08-11 19:52:18,creator_network,DE
CUST_002938,2025-04-22 09:14:27,meta_ads,US
CUST_002939,2025-12-02 08:07:04,creator_network,US
CUST_002940,2024-02-04 21:19:28,meta_ads,US
CUST_002941,2024-09-25 19:25:39,organic_search,US
CUST_002942,2025-05-03 02:13:10,meta_ads,US
CUST_002943,2024-09-23 22:55:44,google_ads,US
CUST_002944,2025-07-04 05:51:23,google_ads,US
CUST_002945,2025-08-13 17:26:21,google_ads,US
CUST_002946,2024-04-15 01:16:50,meta_ads,GB
CUST_002947,2025-03-01 10:21:05,google_ads,US
CUST_002948,2025-03-13 23:29:35,meta_ads,US
CUST_002949,2024-11-30 14:05:17,google_ads,US
CUST_002950,2025-11-21 02:58:15,meta_ads,US
CUST_002951,2025-09-19 00:23:18,google_ads,US
CUST_002952,2025-07-21 21:14:39,meta_ads,DE
CUST_002953,2025-07-26 16:59:31,direct,US
CUST_002954,2025-01-03 01:46:48,google_ads,US
CUST_002955,2025-11-01 00:58:17,meta_ads,CA
CUST_002956,2025-07-23 20:46:21,google_ads,CA
CUST_002957,2025-07-07 15:45:25,organic_search,US
CUST_002958,2025-10-18 23:24:15,meta_ads,US
CUST_002959,2024-09-28 12:46:22,creator_network,US
CUST_002960,2025-09-04 05:28:46,google_ads,US
CUST_002961,2024-07-20 08:36:06,meta_ads,GB
CUST_002962,2024-11-24 20:18:34,organic_search,US
CUST_002963,2024-10-25 06:26:25,meta_ads,US
CUST_002964,2025-12-20 09:36:34,meta_ads,US
CUST_002965,2025-10-27 12:21:47,organic_search,US
CUST_002966,2025-07-20 09:34:19,google_ads,US
CUST_002967,2025-07-22 21:12:52,organic_search,US
CUST_002968,2025-04-10 02:44:22,google_ads,US
CUST_002969,2025-12-28 09:45:07,creator_network,US
CUST_002970,2025-02-28 09:17:24,organic_search,US
CUST_002971,2024-11-29 02:50:08,meta_ads,US
CUST_002972,2024-06-25 23:40:06,creator_network,US
CUST_002973,2025-08-19 09:12:40,google_ads,US
CUST_002974,2025-07-15 11:05:16,meta_ads,US
CUST_002975,2024-12-06 21:13:47,google_ads,US
CUST_002976,2024-01-15 04:00:14,meta_ads,US
CUST_002977,2025-09-05 01:28:36,creator_network,GB
CUST_002978,2024-01-05 07:49:50,google_ads,US
CUST_002979,2025-07-09 20:15:09,direct,US
CUST_002980,2025-12-04 10:00:54,meta_ads,US
CUST_002981,2025-01-14 05:16:52,google_ads,US
CUST_002982,2024-08-21 01:50:05,meta_ads,US
CUST_002983,2025-07-13 04:29:05,google_ads,US
CUST_002984,2025-09-02 04:32:42,creator_network,CA
CUST_002985,2025-03-26 23:44:42,creator_network,US
CUST_002986,2025-12-01 00:41:25,organic_search,US
CUST_002987,2024-02-25 02:54:21,organic_search,US
CUST_002988,2025-02-20 14:42:47,meta_ads,US
CUST_002989,2025-07-18 08:10:47,meta_ads,CA
CUST_002990,2025-10-05 18:04:17,creator_network,US
CUST_002991,2024-06-18 20:09:16,google_ads,US
CUST_002992,2025-09-21 05:08:44,meta_ads,US
CUST_002993,2025-04-23 01:37:26,google_ads,CA
CUST_002994,2024-12-22 02:26:52,google_ads,US
CUST_002995,2024-05-18 01:19:27,google_ads,US
CUST_002996,2025-10-13 05:13:23,organic_search,US
CUST_002997,2024-06-30 22:14:16,google_ads,US
CUST_002998,2024-10-11 15:25:04,meta_ads,US
CUST_002999,2024-09-09 22:00:08,meta_ads,US
CUST_003000,2025-10-01 08:38:08,organic_search,US
CUST_003001,2025-06-05 06:02:15,direct,DE
CUST_003002,2025-09-05 11:51:31,creator_network,US
CUST_003003,2024-08-08 06:40:54,meta_ads,GB
CUST_003004,2025-05-10 12:20:47,direct,US
CUST_003005,2025-04-06 02:37:29,creator_network,US
CUST_003006,2025-09-10 07:24:19,organic_search,US
CUST_003007,2025-11-01 21:07:06,creator_network,US
CUST_003008,2024-01-29 09:41:12,meta_ads,US
CUST_003009,2025-06-21 13:18:01,google_ads,US
CUST_003010,2024-02-09 08:18:08,meta_ads,GB
CUST_003011,2025-03-01 16:06:05,meta_ads,US
CUST_003012,2024-09-05 15:16:53,creator_network,US
CUST_003013,2024-10-09 16:09:32,organic_search,US
CUST_003014,2024-11-25 04:27:17,creator_network,US
CUST_003015,2025-05-18 06:24:26,google_ads,US
CUST_003016,2024-10-02 13:48:27,meta_ads,US
CUST_003017,2025-07-28 01:29:01,meta_ads,US
CUST_003018,2024-12-04 07:20:40,meta_ads,US
CUST_003019,2024-03-14 17:08:13,google_ads,US
CUST_003020,2025-08-15 05:21:54,google_ads,US
CUST_003021,2024-09-01 13:40:10,meta_ads,GB
CUST_003022,2025-01-26 05:16:31,direct,US
CUST_003023,2025-06-09 16:49:18,meta_ads,GB
CUST_003024,2024-10-21 14:24:47,organic_search,US
CUST_003025,2024-02-10 09:20:45,google_ads,US
CUST_003026,2024-11-04 10:21:01,meta_ads,US
CUST_003027,2025-11-24 06:46:05,creator_network,US
CUST_003028,2025-05-18 16:59:50,creator_network,US
CUST_003029,2025-06-03 06:53:25,google_ads,CA
CUST_003030,2025-05-16 05:01:23,google_ads,US
CUST_003031,2024-07-04 20:08:14,meta_ads,US
CUST_003032,2024-12-11 02:54:28,creator_network,US
CUST_003033,2025-08-14 17:32:15,organic_search,US
CUST_003034,2024-04-20 18:20:36,meta_ads,CA
CUST_003035,2024-09-04 06:06:31,meta_ads,US
CUST_003036,2024-09-01 23:21:13,organic_search,US
CUST_003037,2025-01-04 22:03:43,meta_ads,US
CUST_003038,2025-12-05 22:25:09,creator_network,CA
CUST_003039,2024-03-24 23:38:25,google_ads,US
CUST_003040,2025-03-23 10:16:24,google_ads,US
CUST_003041,2024-06-03 13:12:24,google_ads,US
CUST_003042,2025-12-13 12:31:56,meta_ads,CA
CUST_003043,2024-04-23 19:15:54,meta_ads,CA
CUST_003044,2024-12-05 13:26:56,creator_network,US
CUST_003045,2025-07-22 23:29:40,creator_network,CA
CUST_003046,2025-07-27 07:27:18,creator_network,US
CUST_003047,2025-01-12 10:50:34,google_ads,US
CUST_003048,2024-11-14 00:56:48,meta_ads,CA
CUST_003049,2024-12-21 12:49:04,meta_ads,CA
CUST_003050,2024-09-04 07:35:09,organic_search,CA
CUST_003051,2024-07-20 16:22:54,google_ads,US
CUST_003052,2025-02-24 22:57:51,meta_ads,US
CUST_003053,2024-09-03 20:13:32,meta_ads,US
CUST_003054,2024-09-03 22:15:22,meta_ads,GB
CUST_003055,2025-06-04 10:55:52,meta_ads,US
CUST_003056,2025-12-17 02:45:49,organic_search,GB
CUST_003057,2025-05-28 23:07:38,organic_search,US
CUST_003058,2024-03-07 02:12:28,organic_search,US
CUST_003059,2024-03-11 07:01:35,direct,US
CUST_003060,2025-12-23 16:45:10,organic_search,US
CUST_003061,2024-09-10 14:08:02,google_ads,US
CUST_003062,2024-04-06 20:51:25,meta_ads,US
CUST_003063,2025-05-10 23:15:05,creator_network,US
CUST_003064,2025-05-11 04:12:16,meta_ads,US
CUST_003065,2025-06-14 18:56:54,meta_ads,US
CUST_003066,2024-09-28 05:25:07,meta_ads,US
CUST_003067,2024-01-04 16:57:07,google_ads,DE
CUST_003068,2025-12-27 00:39:02,meta_ads,GB
CUST_003069,2024-08-24 17:27:33,meta_ads,US
CUST_003070,2025-06-16 18:36:31,google_ads,US
CUST_003071,2025-07-30 00:42:19,organic_search,US
CUST_003072,2025-05-11 05:09:49,google_ads,US
CUST_003073,2024-10-20 00:59:51,organic_search,US
CUST_003074,2024-09-18 08:13:23,meta_ads,US
CUST_003075,2025-05-14 20:30:29,meta_ads,US
CUST_003076,2025-10-15 17:51:51,google_ads,US
CUST_003077,2025-12-30 23:26:43,google_ads,US
CUST_003078,2024-04-17 23:59:09,creator_network,CA
CUST_003079,2024-05-05 04:21:00,creator_network,US
CUST_003080,2025-11-26 06:47:59,creator_network,US
CUST_003081,2025-07-10 18:27:24,direct,US
CUST_003082,2025-10-13 08:50:29,google_ads,CA
CUST_003083,2024-07-26 21:22:26,meta_ads,DE
CUST_003084,2025-04-22 10:57:18,google_ads,GB
CUST_003085,2025-07-14 03:23:57,meta_ads,US
CUST_003086,2025-06-03 12:59:54,meta_ads,US
CUST_003087,2024-12-23 22:55:24,meta_ads,CA
CUST_003088,2024-01-30 08:54:21,google_ads,US
CUST_003089,2025-04-09 22:36:05,meta_ads,US
CUST_003090,2024-08-12 18:18:02,meta_ads,US
CUST_003091,2025-01-08 03:53:17,creator_network,CA
CUST_003092,2025-12-17 06:51:26,google_ads,US
CUST_003093,2024-12-09 21:01:31,creator_network,US
CUST_003094,2025-09-11 01:51:55,creator_network,US
CUST_003095,2024-06-11 18:20:50,meta_ads,US
CUST_003096,2025-06-06 18:03:52,meta_ads,US
CUST_003097,2025-12-05 10:51:44,meta_ads,CA
CUST_003098,2024-04-03 08:31:31,organic_search,US
CUST_003099,2024-01-11 06:36:55,creator_network,CA
CUST_003100,2025-01-09 06:58:21,meta_ads,US
CUST_003101,2024-04-26 20:57:57,meta_ads,US
CUST_003102,2025-08-09 23:23:05,direct,US
CUST_003103,2025-11-03 07:02:16,google_ads,US
CUST_003104,2025-01-26 08:04:39,organic_search,GB
CUST_003105,2024-08-25 05:54:43,meta_ads,US
CUST_003106,2025-01-22 20:18:03,meta_ads,US
CUST_003107,2025-07-09 09:29:21,creator_network,US
CUST_003108,2024-01-03 05:01:23,creator_network,US
CUST_003109,2025-04-04 21:50:01,creator_network,US
CUST_003110,2025-05-25 03:14:56,google_ads,US
CUST_003111,2025-05-09 17:14:31,google_ads,US
CUST_003112,2024-08-20 13:57:51,creator_network,CA
CUST_003113,2025-07-21 06:30:03,meta_ads,US
CUST_003114,2024-04-07 03:44:15,meta_ads,US
CUST_003115,2024-07-06 20:51:08,organic_search,US
CUST_003116,2025-10-26 11:47:58,meta_ads,US
CUST_003117,2025-07-08 11:34:30,google_ads,US
CUST_003118,2024-01-28 13:47:39,creator_network,US
CUST_003119,2024-08-09 07:17:53,direct,US
CUST_003120,2024-07-28 06:59:22,google_ads,US
CUST_003121,2024-09-02 07:34:37,google_ads,US
CUST_003122,2024-08-05 16:04:59,organic_search,US
CUST_003123,2024-03-08 12:35:50,organic_search,GB
CUST_003124,2025-01-29 18:37:26,creator_network,US
CUST_003125,2025-07-16 12:21:46,google_ads,US
CUST_003126,2025-05-01 15:26:24,meta_ads,CA
CUST_003127,2025-06-07 04:57:25,google_ads,US
CUST_003128,2024-03-28 17:35:17,organic_search,CA
CUST_003129,2025-12-28 10:23:44,organic_search,US
CUST_003130,2025-09-29 00:44:30,meta_ads,US
CUST_003131,2025-09-21 05:11:50,google_ads,US
CUST_003132,2025-09-28 17:12:18,google_ads,US
CUST_003133,2025-11-08 13:46:56,direct,US
CUST_003134,2025-03-04 02:41:21,creator_network,US
CUST_003135,2024-07-17 07:44:34,google_ads,US
CUST_003136,2025-05-26 12:35:17,meta_ads,US
CUST_003137,2025-08-12 13:05:02,google_ads,CA
CUST_003138,2025-07-29 02:52:17,meta_ads,CA
CUST_003139,2025-03-07 16:55:16,organic_search,US
CUST_003140,2024-03-20 13:13:40,creator_network,US
CUST_003141,2024-11-06 06:46:38,google_ads,GB
CUST_003142,2025-11-23 03:10:12,google_ads,US
CUST_003143,2025-04-27 04:14:53,organic_search,US
CUST_003144,2025-03-04 16:53:07,meta_ads,US
CUST_003145,2024-09-04 09:51:47,meta_ads,US
CUST_003146,2024-11-13 10:59:19,direct,US
CUST_003147,2025-11-20 20:44:04,organic_search,US
CUST_003148,2025-06-30 04:18:43,organic_search,US
CUST_003149,2025-08-06 02:28:38,meta_ads,US
CUST_003150,2025-01-10 05:56:42,meta_ads,US
CUST_003151,2025-05-09 06:25:34,meta_ads,CA
CUST_003152,2024-08-13 13:40:39,meta_ads,US
CUST_003153,2025-07-21 19:44:57,creator_network,US
CUST_003154,2025-01-30 03:07:51,meta_ads,GB
CUST_003155,2025-01-04 02:05:12,creator_network,US
CUST_003156,2025-06-05 17:46:08,meta_ads,US
CUST_003157,2025-11-15 15:00:40,google_ads,US
CUST_003158,2024-03-18 03:32:44,direct,US
CUST_003159,2025-09-24 08:06:53,meta_ads,US
CUST_003160,2024-09-30 03:00:06,meta_ads,US
CUST_003161,2025-01-14 04:29:18,meta_ads,CA
CUST_003162,2024-01-10 03:49:23,meta_ads,US
CUST_003163,2024-09-26 11:41:45,google_ads,US
CUST_003164,2025-02-11 03:45:10,meta_ads,US
CUST_003165,2024-02-17 06:04:24,creator_network,US
CUST_003166,2025-02-06 17:01:04,organic_search,US
CUST_003167,2025-11-19 00:18:33,google_ads,US
CUST_003168,2024-04-20 17:08:07,meta_ads,US
CUST_003169,2025-08-24 06:49:12,google_ads,US
CUST_003170,2024-12-01 06:07:26,meta_ads,US
CUST_003171,2025-06-05 18:02:12,google_ads,US
CUST_003172,2024-08-13 10:06:38,creator_network,DE
CUST_003173,2024-06-30 01:26:40,meta_ads,US
CUST_003174,2024-06-24 17:02:36,organic_search,US
CUST_003175,2024-03-29 00:40:55,organic_search,US
CUST_003176,2024-06-21 15:07:27,organic_search,US
CUST_003177,2025-06-22 00:51:01,meta_ads,US
CUST_003178,2025-10-16 20:50:12,google_ads,US
CUST_003179,2025-09-26 06:41:18,organic_search,US
CUST_003180,2025-06-27 14:53:15,meta_ads,US
CUST_003181,2024-04-04 21:20:40,organic_search,US
CUST_003182,2024-09-23 12:35:32,meta_ads,CA
CUST_003183,2024-10-30 08:33:00,meta_ads,US
CUST_003184,2024-08-11 20:36:40,creator_network,US
CUST_003185,2025-03-21 14:10:20,creator_network,US
CUST_003186,2025-03-30 00:24:22,creator_network,US
CUST_003187,2024-11-10 10:12:57,direct,US
CUST_003188,2024-11-19 04:02:18,meta_ads,US
CUST_003189,2025-09-02 00:52:57,meta_ads,US
CUST_003190,2025-08-18 00:53:17,organic_search,US
CUST_003191,2024-10-03 19:11:57,meta_ads,US
CUST_003192,2025-11-25 00:29:35,creator_network,US
CUST_003193,2025-12-02 02:02:55,google_ads,US
CUST_003194,2024-10-20 21:23:12,meta_ads,US
CUST_003195,2024-11-23 02:06:00,meta_ads,US
CUST_003196,2025-02-09 21:10:45,google_ads,US
CUST_003197,2025-11-18 21:05:24,organic_search,US
CUST_003198,2025-10-07 17:36:11,creator_network,GB
CUST_003199,2024-04-26 05:47:03,google_ads,US
CUST_003200,2024-12-19 07:54:20,google_ads,US
CUST_003201,2025-04-25 15:26:18,meta_ads,US
CUST_003202,2025-02-10 01:41:26,meta_ads,US
CUST_003203,2024-07-28 05:14:54,google_ads,GB
CUST_003204,2025-10-08 00:50:43,meta_ads,US
CUST_003205,2025-06-17 01:41:55,meta_ads,US
CUST_003206,2025-09-26 14:54:02,google_ads,US
CUST_003207,2025-10-22 09:05:17,google_ads,US
CUST_003208,2025-08-12 19:44:00,meta_ads,US
CUST_003209,2025-01-01 17:43:43,google_ads,US
CUST_003210,2025-05-20 07:22:00,google_ads,US
CUST_003211,2024-06-04 20:18:30,meta_ads,US
CUST_003212,2025-06-21 13:28:58,direct,GB
CUST_003213,2024-06-16 21:26:06,meta_ads,CA
CUST_003214,2025-07-09 00:09:13,organic_search,US
CUST_003215,2024-08-30 03:46:52,meta_ads,US
CUST_003216,2024-04-13 11:25:54,organic_search,US
CUST_003217,2024-06-08 15:19:06,meta_ads,US
CUST_003218,2024-01-12 00:44:53,creator_network,US
CUST_003219,2025-07-20 15:09:14,meta_ads,US
CUST_003220,2025-07-15 23:53:54,creator_network,GB
CUST_003221,2025-03-06 19:00:02,google_ads,US
CUST_003222,2024-06-20 06:11:31,meta_ads,GB
CUST_003223,2024-03-02 11:41:24,creator_network,US
CUST_003224,2024-01-06 14:48:32,meta_ads,GB
CUST_003225,2024-06-05 01:02:55,direct,US
CUST_003226,2025-10-27 17:31:18,meta_ads,US
CUST_003227,2024-08-08 13:13:09,google_ads,US
CUST_003228,2024-11-09 05:01:23,creator_network,GB
CUST_003229,2024-04-10 15:12:00,google_ads,US
CUST_003230,2024-07-18 01:02:19,meta_ads,DE
CUST_003231,2025-03-15 22:55:33,creator_network,GB
CUST_003232,2025-05-25 06:25:30,creator_network,US
CUST_003233,2024-08-17 03:33:59,direct,US
CUST_003234,2024-02-27 11:31:39,meta_ads,US
CUST_003235,2024-12-21 21:05:26,google_ads,GB
CUST_003236,2024-08-25 14:29:43,meta_ads,US
CUST_003237,2024-07-29 09:56:59,meta_ads,CA
CUST_003238,2025-12-03 20:32:49,creator_network,US
CUST_003239,2025-05-05 08:44:37,meta_ads,US
CUST_003240,2025-04-07 08:12:09,google_ads,CA
CUST_003241,2024-12-18 14:56:28,google_ads,US
CUST_003242,2025-01-02 20:38:19,creator_network,US
CUST_003243,2025-03-08 16:40:52,organic_search,US
CUST_003244,2025-07-17 07:49:55,creator_network,US
CUST_003245,2025-07-16 01:08:30,google_ads,US
CUST_003246,2024-06-17 13:30:37,creator_network,US
CUST_003247,2025-02-13 20:40:05,google_ads,US
CUST_003248,2024-12-26 05:47:58,meta_ads,US
CUST_003249,2025-10-02 14:15:14,meta_ads,US
CUST_003250,2025-05-09 02:07:56,meta_ads,US
CUST_003251,2025-03-17 18:26:03,google_ads,US
CUST_003252,2024-04-24 16:57:25,organic_search,US
CUST_003253,2025-05-23 20:46:29,meta_ads,GB
CUST_003254,2024-04-18 15:05:22,google_ads,US
CUST_003255,2024-10-31 14:12:21,organic_search,GB
CUST_003256,2024-05-19 19:21:56,organic_search,CA
CUST_003257,2025-07-27 17:52:27,creator_network,US
CUST_003258,2024-07-12 16:12:53,meta_ads,US
CUST_003259,2024-12-30 13:32:01,meta_ads,US
CUST_003260,2025-11-20 21:12:38,meta_ads,DE
CUST_003261,2024-07-30 06:42:01,meta_ads,US
CUST_003262,2025-03-15 17:06:21,meta_ads,US
CUST_003263,2024-12-29 21:54:15,google_ads,US
CUST_003264,2024-01-21 18:48:40,meta_ads,US
CUST_003265,2025-09-27 10:18:38,meta_ads,US
CUST_003266,2024-03-11 10:52:15,meta_ads,US
CUST_003267,2025-02-06 11:42:26,google_ads,US
CUST_003268,2025-04-24 04:34:16,google_ads,US
CUST_003269,2025-05-14 19:36:18,google_ads,CA
CUST_003270,2025-06-30 03:03:54,meta_ads,DE
CUST_003271,2024-08-31 17:25:18,meta_ads,US
CUST_003272,2024-01-06 02:40:42,meta_ads,US
CUST_003273,2025-07-18 14:01:23,meta_ads,US
CUST_003274,2025-03-20 13:45:08,organic_search,US
CUST_003275,2025-09-12 18:23:01,direct,US
CUST_003276,2025-09-25 12:06:31,google_ads,US
CUST_003277,2025-10-20 00:03:53,organic_search,US
CUST_003278,2025-02-05 21:47:46,google_ads,US
CUST_003279,2024-10-02 09:35:03,meta_ads,US
CUST_003280,2025-09-30 18:35:41,direct,US
CUST_003281,2025-01-30 18:38:01,meta_ads,US
CUST_003282,2024-06-19 08:02:37,creator_network,US
CUST_003283,2025-10-17 01:11:28,meta_ads,US
CUST_003284,2025-10-06 05:51:31,google_ads,US
CUST_003285,2025-02-14 07:58:42,google_ads,US
CUST_003286,2024-03-12 05:02:41,google_ads,US
CUST_003287,2024-12-08 02:24:54,meta_ads,US
CUST_003288,2025-09-29 08:30:41,meta_ads,US
CUST_003289,2025-11-08 12:05:51,meta_ads,CA
CUST_003290,2024-07-05 15:23:53,direct,US
CUST_003291,2024-03-04 15:42:41,creator_network,GB
CUST_003292,2025-10-17 01:06:14,google_ads,CA
CUST_003293,2024-12-22 11:07:52,meta_ads,US
CUST_003294,2025-03-22 21:14:05,organic_search,US
CUST_003295,2025-12-09 10:49:26,meta_ads,US
CUST_003296,2024-03-06 03:07:26,meta_ads,US
CUST_003297,2025-06-06 23:19:15,meta_ads,CA
CUST_003298,2024-03-10 03:35:49,organic_search,CA
CUST_003299,2024-11-04 22:13:32,meta_ads,US
CUST_003300,2025-09-20 13:15:40,meta_ads,US
CUST_003301,2025-01-20 19:02:50,google_ads,US
CUST_003302,2025-12-01 05:29:56,meta_ads,US
CUST_003303,2025-04-01 15:20:51,google_ads,CA
CUST_003304,2024-10-24 10:10:09,google_ads,CA
CUST_003305,2024-07-03 01:22:05,google_ads,CA
CUST_003306,2024-11-01 10:57:48,meta_ads,US
CUST_003307,2024-11-30 19:56:26,meta_ads,CA
CUST_003308,2024-03-06 03:23:05,organic_search,US
CUST_003309,2024-11-09 09:44:29,organic_search,CA
CUST_003310,2025-02-05 07:31:53,meta_ads,US
CUST_003311,2025-07-26 14:10:13,meta_ads,US
CUST_003312,2025-06-04 05:45:15,meta_ads,GB
CUST_003313,2025-07-06 03:16:48,google_ads,US
CUST_003314,2024-01-18 18:38:25,creator_network,US
CUST_003315,2024-07-12 19:30:19,meta_ads,GB
CUST_003316,2025-06-19 03:05:56,creator_network,US
CUST_003317,2025-02-02 09:42:20,creator_network,US
CUST_003318,2024-01-06 09:26:57,direct,DE
CUST_003319,2025-09-05 00:44:57,meta_ads,CA
CUST_003320,2025-08-24 15:01:26,meta_ads,US
CUST_003321,2025-03-23 19:23:47,meta_ads,US
CUST_003322,2024-03-10 21:49:36,organic_search,US
CUST_003323,2025-08-14 16:23:39,creator_network,CA
CUST_003324,2025-04-20 18:07:13,google_ads,CA
CUST_003325,2025-08-26 19:49:47,meta_ads,US
CUST_003326,2025-08-27 17:40:15,meta_ads,GB
CUST_003327,2025-09-12 23:45:32,meta_ads,US
CUST_003328,2025-03-26 06:42:11,google_ads,US
CUST_003329,2024-05-21 04:05:38,meta_ads,US
CUST_003330,2025-06-06 00:12:35,meta_ads,US
CUST_003331,2025-05-29 00:29:56,creator_network,CA
CUST_003332,2025-08-20 18:48:33,meta_ads,US
CUST_003333,2024-06-06 10:42:57,google_ads,US
CUST_003334,2024-07-27 21:35:11,meta_ads,US
CUST_003335,2025-10-11 14:13:23,organic_search,DE
CUST_003336,2025-08-16 04:07:18,google_ads,US
CUST_003337,2025-11-14 19:21:43,organic_search,US
CUST_003338,2025-08-22 10:48:27,google_ads,US
CUST_003339,2025-05-19 23:48:35,direct,US
CUST_003340,2025-06-25 15:23:41,organic_search,US
CUST_003341,2025-10-13 20:08:48,google_ads,US
CUST_003342,2025-04-21 23:34:51,direct,GB
CUST_003343,2025-05-21 17:21:09,meta_ads,US
CUST_003344,2024-05-23 11:50:32,meta_ads,US
CUST_003345,2025-02-01 05:54:37,meta_ads,US
CUST_003346,2025-07-25 08:57:15,google_ads,US
CUST_003347,2024-09-26 11:08:18,creator_network,US
CUST_003348,2024-07-01 02:26:18,creator_network,US
CUST_003349,2024-10-28 21:55:10,meta_ads,US
CUST_003350,2024-08-31 13:38:01,google_ads,US
CUST_003351,2024-07-22 03:26:12,meta_ads,GB
CUST_003352,2025-01-18 20:22:33,creator_network,US
CUST_003353,2025-11-20 05:03:45,meta_ads,GB
CUST_003354,2025-02-12 02:14:24,organic_search,US
CUST_003355,2024-06-26 18:17:32,meta_ads,DE
CUST_003356,2024-03-14 12:13:26,meta_ads,US
CUST_003357,2025-07-24 20:01:43,organic_search,US
CUST_003358,2024-12-05 15:53:50,google_ads,US
CUST_003359,2025-09-23 17:43:08,meta_ads,US
CUST_003360,2025-06-15 00:44:23,google_ads,US
CUST_003361,2025-09-24 05:25:46,meta_ads,US
CUST_003362,2024-09-15 00:00:38,direct,DE
CUST_003363,2025-07-15 02:28:40,google_ads,US
CUST_003364,2024-09-12 23:20:44,meta_ads,GB
CUST_003365,2025-11-07 10:08:59,google_ads,US
CUST_003366,2025-05-22 19:06:33,meta_ads,US
CUST_003367,2024-10-16 03:09:58,creator_network,US
CUST_003368,2024-09-13 04:06:12,direct,US
CUST_003369,2024-06-29 21:12:06,organic_search,US
CUST_003370,2025-07-29 18:23:13,meta_ads,CA
CUST_003371,2024-07-09 15:20:20,meta_ads,US
CUST_003372,2025-04-08 17:50:58,meta_ads,US
CUST_003373,2024-09-09 08:18:37,creator_network,US
CUST_003374,2025-06-28 19:27:51,google_ads,US
CUST_003375,2025-09-17 12:23:06,google_ads,US
CUST_003376,2025-08-25 15:51:29,organic_search,CA
CUST_003377,2025-08-01 13:04:15,meta_ads,US
CUST_003378,2024-06-29 04:54:33,meta_ads,US
CUST_003379,2024-03-30 13:29:42,meta_ads,US
CUST_003380,2025-07-26 18:37:32,meta_ads,CA
CUST_003381,2024-11-29 19:55:06,meta_ads,US
CUST_003382,2025-01-18 03:19:59,google_ads,US
CUST_003383,2024-02-05 23:40:49,meta_ads,GB
CUST_003384,2024-08-01 17:17:29,meta_ads,US
CUST_003385,2024-02-13 02:07:27,creator_network,US
CUST_003386,2025-10-11 17:32:33,meta_ads,US
CUST_003387,2024-08-01 22:28:39,creator_network,US
CUST_003388,2025-04-28 23:47:05,meta_ads,US
CUST_003389,2024-02-26 08:36:40,google_ads,DE
CUST_003390,2025-06-07 17:05:25,direct,US
CUST_003391,2024-10-31 19:17:52,meta_ads,US
CUST_003392,2025-11-12 16:57:29,google_ads,GB
CUST_003393,2025-10-28 11:22:37,organic_search,US
CUST_003394,2024-10-30 18:48:34,google_ads,GB
CUST_003395,2025-11-25 02:42:27,meta_ads,US
CUST_003396,2025-12-07 07:23:39,google_ads,CA
CUST_003397,2025-09-03 02:02:18,creator_network,CA
CUST_003398,2025-10-20 15:41:40,organic_search,US
CUST_003399,2024-08-16 03:08:43,meta_ads,US
CUST_003400,2025-04-24 22:42:48,meta_ads,US
CUST_003401,2024-03-01 14:59:16,meta_ads,US
CUST_003402,2024-04-25 05:26:06,meta_ads,GB
CUST_003403,2025-12-01 14:39:36,meta_ads,US
CUST_003404,2024-10-31 23:19:07,meta_ads,US
CUST_003405,2025-08-09 09:46:12,meta_ads,US
CUST_003406,2025-09-22 14:15:13,meta_ads,GB
CUST_003407,2025-10-29 21:38:40,direct,GB
CUST_003408,2025-12-28 10:50:21,meta_ads,US
CUST_003409,2024-08-07 21:12:43,meta_ads,US
CUST_003410,2024-02-22 04:56:37,meta_ads,US
CUST_003411,2024-12-23 01:27:16,direct,US
CUST_003412,2024-05-10 05:18:29,creator_network,US
CUST_003413,2024-01-15 10:42:28,creator_network,US
CUST_003414,2024-11-11 10:51:00,meta_ads,US
CUST_003415,2025-08-29 07:10:22,organic_search,GB
CUST_003416,2025-04-28 09:43:05,google_ads,DE
CUST_003417,2024-10-21 00:49:47,meta_ads,US
CUST_003418,2025-06-15 05:08:41,google_ads,US
CUST_003419,2024-08-05 13:21:59,organic_search,US
CUST_003420,2024-01-01 10:26:43,creator_network,US
CUST_003421,2025-08-26 19:09:38,organic_search,US
CUST_003422,2025-05-26 01:22:08,direct,US
CUST_003423,2025-08-21 03:49:37,meta_ads,US
CUST_003424,2024-02-24 19:27:53,google_ads,US
CUST_003425,2025-09-02 01:11:01,meta_ads,US
CUST_003426,2025-05-29 10:21:46,organic_search,US
CUST_003427,2025-04-15 21:55:59,meta_ads,US
CUST_003428,2025-05-03 17:34:07,organic_search,US
CUST_003429,2025-10-09 09:53:04,meta_ads,CA
CUST_003430,2025-04-18 01:20:56,meta_ads,US
CUST_003431,2025-04-28 23:02:42,meta_ads,US
CUST_003432,2025-12-27 20:04:51,meta_ads,US
CUST_003433,2025-08-17 03:20:23,organic_search,US
CUST_003434,2025-01-28 17:28:39,meta_ads,US
CUST_003435,2025-07-30 05:53:05,google_ads,US
CUST_003436,2024-12-15 17:07:10,meta_ads,US
CUST_003437,2024-08-23 14:34:55,meta_ads,US
CUST_003438,2025-04-14 21:17:48,meta_ads,GB
CUST_003439,2025-11-23 20:24:24,meta_ads,US
CUST_003440,2025-11-04 19:55:42,organic_search,GB
CUST_003441,2024-11-30 08:08:10,google_ads,US
CUST_003442,2025-03-09 14:05:03,meta_ads,US
CUST_003443,2024-07-27 15:04:40,google_ads,US
CUST_003444,2025-12-21 02:33:45,meta_ads,US
CUST_003445,2025-12-29 07:52:33,meta_ads,US
CUST_003446,2025-06-04 05:03:23,google_ads,US
CUST_003447,2025-09-03 17:40:17,meta_ads,GB
CUST_003448,2025-07-11 04:41:07,creator_network,CA
CUST_003449,2025-04-01 06:53:49,google_ads,US
CUST_003450,2024-02-07 08:26:48,creator_network,US
CUST_003451,2025-01-21 15:18:51,direct,US
CUST_003452,2025-06-18 21:20:55,meta_ads,US
CUST_003453,2025-06-24 17:40:12,meta_ads,US
CUST_003454,2024-11-21 19:13:02,meta_ads,US
CUST_003455,2025-11-10 03:13:06,meta_ads,US
CUST_003456,2024-06-07 00:27:05,organic_search,US
CUST_003457,2025-02-13 10:19:14,creator_network,US
CUST_003458,2025-06-22 04:57:51,google_ads,US
CUST_003459,2025-07-06 02:31:48,google_ads,US
CUST_003460,2025-06-09 23:07:20,meta_ads,US
CUST_003461,2024-09-03 04:00:33,google_ads,US
CUST_003462,2024-05-30 10:26:39,creator_network,DE
CUST_003463,2025-05-09 11:29:20,google_ads,US
CUST_003464,2025-05-27 17:17:40,meta_ads,US
CUST_003465,2024-06-04 23:46:45,creator_network,US
CUST_003466,2025-07-23 14:42:03,meta_ads,US
CUST_003467,2025-01-06 17:24:13,google_ads,US
CUST_003468,2025-06-14 20:42:21,google_ads,US
CUST_003469,2025-09-05 22:34:01,google_ads,US
CUST_003470,2024-06-06 22:16:42,creator_network,US
CUST_003471,2024-01-24 22:42:28,organic_search,US
CUST_003472,2025-08-15 14:06:57,meta_ads,US
CUST_003473,2025-05-21 17:36:44,direct,US
CUST_003474,2025-07-09 14:54:54,google_ads,US
CUST_003475,2025-09-08 09:54:49,creator_network,US
CUST_003476,2025-09-11 03:48:06,organic_search,DE
CUST_003477,2025-12-14 01:20:54,google_ads,US
CUST_003478,2025-03-23 06:04:17,organic_search,CA
CUST_003479,2025-02-01 10:04:43,meta_ads,GB
CUST_003480,2024-12-13 12:05:40,meta_ads,CA
CUST_003481,2024-05-24 05:23:32,creator_network,US
CUST_003482,2025-04-24 01:10:31,organic_search,GB
CUST_003483,2024-09-26 03:09:09,organic_search,US
CUST_003484,2025-11-01 17:29:45,google_ads,CA
CUST_003485,2025-04-23 13:48:45,google_ads,GB
CUST_003486,2025-04-05 16:59:46,meta_ads,CA
CUST_003487,2024-11-30 05:31:16,direct,US
CUST_003488,2024-02-21 10:40:57,meta_ads,US
CUST_003489,2024-02-09 17:12:56,creator_network,CA
CUST_003490,2025-01-30 22:13:05,google_ads,DE
CUST_003491,2024-03-25 01:15:38,google_ads,US
CUST_003492,2025-05-28 09:50:46,google_ads,US
CUST_003493,2025-10-05 06:47:12,direct,US
CUST_003494,2025-10-28 21:24:56,google_ads,US
CUST_003495,2025-06-22 20:36:55,direct,US
CUST_003496,2024-07-10 07:39:14,meta_ads,US
CUST_003497,2025-10-03 10:27:47,google_ads,GB
CUST_003498,2025-10-14 12:48:26,creator_network,US
CUST_003499,2024-07-12 19:11:20,creator_network,US
CUST_003500,2025-07-12 05:06:16,organic_search,US
CUST_003501,2024-09-20 16:54:14,meta_ads,US
CUST_003502,2025-09-07 15:18:46,meta_ads,US
CUST_003503,2025-12-15 06:18:50,google_ads,US
CUST_003504,2024-02-11 04:52:48,meta_ads,CA
CUST_003505,2025-11-18 19:49:20,direct,US
CUST_003506,2025-05-13 05:35:22,meta_ads,US
CUST_003507,2025-12-13 17:11:29,google_ads,US
CUST_003508,2025-02-12 22:34:36,meta_ads,US
CUST_003509,2025-10-22 01:25:26,google_ads,US
CUST_003510,2024-03-19 00:46:26,meta_ads,US
CUST_003511,2024-10-14 04:33:37,meta_ads,US
CUST_003512,2024-03-16 23:16:15,meta_ads,US
CUST_003513,2025-12-30 13:56:49,google_ads,US
CUST_003514,2025-09-18 12:12:01,direct,US
CUST_003515,2025-10-04 02:00:47,meta_ads,CA
CUST_003516,2025-11-16 05:35:46,google_ads,US
CUST_003517,2024-03-31 14:18:27,direct,US
CUST_003518,2024-12-13 13:32:03,creator_network,US
CUST_003519,2024-03-10 19:54:39,direct,DE
CUST_003520,2024-07-07 05:28:54,direct,US
CUST_003521,2024-08-24 18:44:48,google_ads,DE
CUST_003522,2025-02-14 08:32:46,creator_network,US
CUST_003523,2024-09-08 08:41:28,meta_ads,US
CUST_003524,2024-04-22 10:23:52,google_ads,US
CUST_003525,2024-06-03 06:14:57,organic_search,US
CUST_003526,2024-05-25 11:34:48,google_ads,CA
CUST_003527,2025-12-17 19:13:19,creator_network,US
CUST_003528,2025-08-27 10:48:29,creator_network,DE
CUST_003529,2025-12-25 07:41:22,meta_ads,US
CUST_003530,2025-01-07 05:56:45,organic_search,US
CUST_003531,2024-09-15 10:25:10,google_ads,US
CUST_003532,2025-09-28 22:40:22,meta_ads,US
CUST_003533,2024-10-15 11:44:22,organic_search,US
CUST_003534,2024-09-14 16:04:13,google_ads,US
CUST_003535,2024-08-18 05:12:40,creator_network,GB
CUST_003536,2024-05-16 00:54:03,google_ads,US
CUST_003537,2024-08-10 05:23:31,google_ads,US
CUST_003538,2024-11-03 22:16:08,organic_search,US
CUST_003539,2025-06-15 00:20:58,google_ads,US
CUST_003540,2024-03-27 03:45:28,google_ads,GB
CUST_003541,2024-07-20 22:22:24,meta_ads,US
CUST_003542,2025-09-04 19:00:07,organic_search,US
CUST_003543,2024-05-03 21:50:37,meta_ads,US
CUST_003544,2024-11-15 03:06:19,organic_search,US
CUST_003545,2025-10-10 02:13:24,meta_ads,CA
CUST_003546,2024-05-24 23:54:07,google_ads,GB
CUST_003547,2024-03-17 21:45:51,direct,DE
CUST_003548,2025-02-17 09:06:31,meta_ads,US
CUST_003549,2024-10-20 03:29:51,google_ads,GB
CUST_003550,2025-04-21 01:08:53,creator_network,GB
CUST_003551,2025-09-05 23:54:57,creator_network,CA
CUST_003552,2024-05-21 06:26:36,google_ads,US
CUST_003553,2025-04-23 15:06:17,google_ads,US
CUST_003554,2025-02-16 07:16:38,creator_network,US
CUST_003555,2024-05-12 07:19:23,organic_search,US
CUST_003556,2025-05-16 23:41:15,creator_network,US
CUST_003557,2024-09-26 03:04:53,meta_ads,US
CUST_003558,2025-02-01 13:19:00,direct,US
CUST_003559,2024-03-11 14:30:01,google_ads,US
CUST_003560,2025-01-25 23:17:25,meta_ads,CA
CUST_003561,2024-10-29 09:47:05,meta_ads,GB
CUST_003562,2025-09-12 01:10:41,meta_ads,US
CUST_003563,2024-02-06 10:33:33,meta_ads,US
CUST_003564,2024-12-25 17:59:32,meta_ads,US
CUST_003565,2025-01-15 13:58:03,meta_ads,CA
CUST_003566,2025-07-16 06:58:09,creator_network,CA
CUST_003567,2025-04-26 18:15:50,meta_ads,US
CUST_003568,2025-06-28 15:35:33,meta_ads,CA
CUST_003569,2025-08-30 13:57:12,meta_ads,US
CUST_003570,2025-10-30 22:53:14,meta_ads,US
CUST_003571,2024-10-12 13:08:03,meta_ads,US
CUST_003572,2025-03-30 23:37:08,google_ads,US
CUST_003573,2025-09-17 23:49:53,direct,US
CUST_003574,2025-12-02 07:45:17,organic_search,CA
CUST_003575,2025-10-17 04:53:05,organic_search,US
CUST_003576,2024-11-16 16:00:50,meta_ads,GB
CUST_003577,2024-07-26 15:30:13,meta_ads,US
CUST_003578,2025-02-18 01:56:08,meta_ads,GB
CUST_003579,2025-08-16 10:01:59,creator_network,US
CUST_003580,2025-02-13 11:53:14,meta_ads,CA
CUST_003581,2025-02-24 16:29:36,google_ads,US
CUST_003582,2025-09-01 22:46:56,meta_ads,GB
CUST_003583,2024-11-10 21:52:17,meta_ads,US
CUST_003584,2025-10-05 21:23:26,direct,US
CUST_003585,2024-12-30 08:21:30,creator_network,CA
CUST_003586,2024-10-05 17:59:35,organic_search,US
CUST_003587,2025-01-15 20:41:09,google_ads,CA
CUST_003588,2025-08-23 21:00:50,organic_search,US
CUST_003589,2024-05-07 08:50:58,google_ads,US
CUST_003590,2024-07-26 17:27:21,direct,DE
CUST_003591,2025-12-07 02:23:55,meta_ads,US
CUST_003592,2024-06-11 19:10:17,google_ads,US
CUST_003593,2025-04-10 20:20:12,creator_network,CA
CUST_003594,2025-04-06 15:19:13,google_ads,US
CUST_003595,2025-02-13 11:24:19,organic_search,US
CUST_003596,2025-06-24 08:51:38,direct,US
CUST_003597,2024-08-15 06:37:16,google_ads,US
CUST_003598,2025-04-16 07:13:55,google_ads,US
CUST_003599,2024-11-01 20:08:16,google_ads,US
CUST_003600,2025-06-18 08:42:26,organic_search,CA
CUST_003601,2024-05-30 07:07:24,google_ads,US
CUST_003602,2025-04-30 09:32:21,meta_ads,DE
CUST_003603,2024-06-30 18:21:16,google_ads,US
CUST_003604,2024-09-23 18:05:09,meta_ads,US
CUST_003605,2024-07-08 19:15:56,creator_network,US
CUST_003606,2024-06-22 20:20:26,meta_ads,US
CUST_003607,2025-09-11 01:10:26,google_ads,US
CUST_003608,2024-09-14 07:30:03,creator_network,US
CUST_003609,2025-11-04 16:15:27,meta_ads,US
CUST_003610,2025-12-01 01:31:45,meta_ads,US
CUST_003611,2025-04-13 14:12:29,google_ads,US
CUST_003612,2024-05-28 03:18:48,meta_ads,US
CUST_003613,2024-11-14 10:18:31,meta_ads,US
CUST_003614,2025-09-24 07:01:52,direct,US
CUST_003615,2024-11-15 21:39:54,organic_search,US
CUST_003616,2024-03-17 19:34:06,organic_search,US
CUST_003617,2025-04-13 02:31:21,direct,US
CUST_003618,2025-10-10 11:12:58,meta_ads,US
CUST_003619,2025-09-14 07:14:44,meta_ads,US
CUST_003620,2024-06-10 19:02:49,meta_ads,US
CUST_003621,2025-06-13 08:57:12,organic_search,US
CUST_003622,2024-07-04 07:21:11,creator_network,DE
CUST_003623,2024-07-06 18:56:51,meta_ads,US
CUST_003624,2025-10-01 11:07:42,meta_ads,GB
CUST_003625,2024-08-30 22:14:59,google_ads,CA
CUST_003626,2024-08-19 19:14:43,google_ads,GB
CUST_003627,2024-01-14 07:11:27,organic_search,US
CUST_003628,2025-10-19 04:56:42,google_ads,CA
CUST_003629,2025-09-04 15:00:56,organic_search,US
CUST_003630,2025-05-15 12:05:27,google_ads,US
CUST_003631,2025-08-01 08:06:25,creator_network,US
CUST_003632,2024-05-21 12:03:38,direct,US
CUST_003633,2025-01-11 00:27:11,organic_search,US
CUST_003634,2024-11-29 21:41:45,meta_ads,GB
CUST_003635,2024-04-07 09:51:12,meta_ads,US
CUST_003636,2025-02-19 18:41:53,google_ads,US
CUST_003637,2025-11-03 02:14:17,google_ads,US
CUST_003638,2024-02-15 05:57:30,google_ads,US
CUST_003639,2024-09-03 14:26:25,direct,US
CUST_003640,2024-07-02 00:41:04,meta_ads,US
CUST_003641,2024-08-10 08:12:46,google_ads,US
CUST_003642,2025-11-20 22:28:58,meta_ads,US
CUST_003643,2025-02-16 19:47:16,organic_search,US
CUST_003644,2025-02-02 15:11:38,direct,CA
CUST_003645,2025-08-24 04:35:07,google_ads,US
CUST_003646,2024-05-14 13:25:26,meta_ads,CA
CUST_003647,2025-02-20 20:51:44,creator_network,US
CUST_003648,2025-01-08 15:52:58,creator_network,US
CUST_003649,2025-04-24 23:18:33,meta_ads,US
CUST_003650,2025-12-24 12:28:15,organic_search,US
CUST_003651,2025-08-03 20:52:59,direct,US
CUST_003652,2024-12-22 02:47:24,google_ads,GB
CUST_003653,2025-09-10 05:56:16,google_ads,US
CUST_003654,2024-06-05 00:36:32,meta_ads,US
CUST_003655,2024-02-26 08:48:02,google_ads,GB
CUST_003656,2024-07-11 09:07:16,google_ads,US
CUST_003657,2024-10-04 01:44:11,meta_ads,GB
CUST_003658,2025-03-18 09:10:06,meta_ads,US
CUST_003659,2025-05-18 01:47:44,meta_ads,US
CUST_003660,2025-11-27 12:30:40,meta_ads,US
CUST_003661,2025-03-22 15:04:42,google_ads,DE
CUST_003662,2025-02-26 04:23:03,google_ads,US
CUST_003663,2024-02-16 04:06:29,google_ads,US
CUST_003664,2024-02-02 08:11:22,google_ads,US
CUST_003665,2025-03-09 13:23:07,google_ads,US
CUST_003666,2025-01-14 00:22:01,organic_search,DE
CUST_003667,2025-09-21 19:03:24,google_ads,DE
CUST_003668,2024-06-11 18:25:27,direct,GB
CUST_003669,2024-01-21 02:48:56,google_ads,CA
CUST_003670,2025-01-29 22:03:22,google_ads,US
CUST_003671,2024-08-28 12:35:32,meta_ads,US
CUST_003672,2024-02-19 08:17:18,creator_network,DE
CUST_003673,2025-07-26 10:05:50,organic_search,US
CUST_003674,2024-04-26 11:21:37,direct,US
CUST_003675,2025-05-30 12:09:35,direct,US
CUST_003676,2024-09-20 14:08:57,meta_ads,US
CUST_003677,2024-06-23 03:20:25,google_ads,CA
CUST_003678,2024-11-12 19:07:12,google_ads,US
CUST_003679,2025-09-22 01:50:47,google_ads,US
CUST_003680,2024-12-17 11:16:02,meta_ads,US
CUST_003681,2025-08-15 01:30:30,organic_search,US
CUST_003682,2024-05-08 16:48:07,organic_search,US
CUST_003683,2025-08-17 15:59:50,google_ads,US
CUST_003684,2024-08-24 18:46:57,meta_ads,US
CUST_003685,2025-06-08 10:44:31,meta_ads,US
CUST_003686,2025-04-24 19:47:37,creator_network,DE
CUST_003687,2025-11-20 00:45:28,meta_ads,GB
CUST_003688,2024-12-24 09:58:49,organic_search,US
CUST_003689,2024-03-22 17:17:28,creator_network,US
CUST_003690,2024-01-11 21:20:51,google_ads,US
CUST_003691,2025-09-26 22:26:15,google_ads,US
CUST_003692,2025-03-10 07:14:45,meta_ads,US
CUST_003693,2025-08-13 17:38:13,direct,US
CUST_003694,2024-08-25 07:15:56,google_ads,GB
CUST_003695,2024-11-04 01:04:36,direct,US
CUST_003696,2024-02-28 12:42:57,google_ads,US
CUST_003697,2025-12-07 04:20:41,creator_network,US
CUST_003698,2025-06-20 23:42:20,meta_ads,GB
CUST_003699,2025-11-25 00:59:48,google_ads,DE
CUST_003700,2024-09-10 21:27:25,creator_network,DE
CUST_003701,2025-05-06 14:58:17,creator_network,US
CUST_003702,2025-06-12 15:23:47,creator_network,US
CUST_003703,2024-10-10 05:37:22,meta_ads,US
CUST_003704,2025-10-30 23:28:45,direct,DE
CUST_003705,2025-12-08 02:26:10,direct,CA
CUST_003706,2025-10-30 02:54:26,meta_ads,CA
CUST_003707,2025-07-06 02:04:12,direct,US
CUST_003708,2024-09-12 04:01:18,meta_ads,CA
CUST_003709,2024-09-21 01:33:31,creator_network,US
CUST_003710,2025-12-23 05:11:47,meta_ads,US
CUST_003711,2024-01-02 11:18:04,direct,US
CUST_003712,2025-07-28 02:29:11,meta_ads,US
CUST_003713,2025-07-03 17:27:11,google_ads,US
CUST_003714,2025-05-23 04:19:34,google_ads,CA
CUST_003715,2025-12-08 21:33:51,meta_ads,US
CUST_003716,2024-10-27 08:31:40,google_ads,US
CUST_003717,2024-10-16 14:55:11,meta_ads,US
CUST_003718,2024-03-24 12:59:42,creator_network,US
CUST_003719,2025-01-31 12:51:40,direct,US
CUST_003720,2024-08-01 18:08:08,organic_search,US
CUST_003721,2024-11-21 15:10:45,organic_search,US
CUST_003722,2025-09-09 14:06:57,meta_ads,US
CUST_003723,2025-11-17 18:25:01,meta_ads,US
CUST_003724,2024-06-26 14:24:17,google_ads,DE
CUST_003725,2024-11-09 08:32:41,meta_ads,US
CUST_003726,2025-11-08 17:33:55,direct,US
CUST_003727,2024-03-01 08:19:52,meta_ads,US
CUST_003728,2024-04-21 06:30:42,organic_search,DE
CUST_003729,2024-06-26 07:42:43,meta_ads,US
CUST_003730,2025-04-02 11:37:22,organic_search,US
CUST_003731,2024-05-15 08:37:56,meta_ads,US
CUST_003732,2025-12-09 05:28:54,meta_ads,US
CUST_003733,2025-01-28 11:06:20,creator_network,CA
CUST_003734,2025-02-20 20:23:35,meta_ads,US
CUST_003735,2024-08-02 02:52:14,creator_network,US
CUST_003736,2025-02-08 19:20:56,google_ads,US
CUST_003737,2025-06-13 00:49:21,meta_ads,DE
CUST_003738,2025-08-02 21:04:35,direct,US
CUST_003739,2025-08-12 20:40:47,google_ads,US
CUST_003740,2025-04-14 20:06:01,creator_network,US
CUST_003741,2025-11-27 02:28:02,google_ads,US
CUST_003742,2025-09-17 12:26:48,google_ads,DE
CUST_003743,2025-08-05 22:36:50,meta_ads,CA
CUST_003744,2024-02-18 07:26:50,meta_ads,US
CUST_003745,2024-01-23 03:40:17,google_ads,US
CUST_003746,2024-07-28 12:34:32,google_ads,CA
CUST_003747,2025-06-30 23:04:13,google_ads,CA
CUST_003748,2024-12-02 11:32:08,creator_network,US
CUST_003749,2024-12-19 12:08:24,creator_network,US
CUST_003750,2025-10-06 16:55:22,meta_ads,US
CUST_003751,2025-11-27 13:58:13,meta_ads,US
CUST_003752,2025-11-09 19:32:48,google_ads,US
CUST_003753,2024-10-22 22:25:02,meta_ads,US
CUST_003754,2025-06-20 07:54:36,meta_ads,CA
CUST_003755,2024-09-01 16:56:41,meta_ads,US
CUST_003756,2024-06-25 12:29:00,direct,US
CUST_003757,2024-06-26 18:35:48,creator_network,US
CUST_003758,2024-11-02 10:47:04,meta_ads,US
CUST_003759,2025-01-17 22:41:55,meta_ads,US
CUST_003760,2025-09-22 19:56:52,creator_network,GB
CUST_003761,2024-04-21 17:14:56,google_ads,US
CUST_003762,2025-07-27 17:40:23,creator_network,US
CUST_003763,2025-03-30 19:03:56,direct,US
CUST_003764,2024-09-24 14:21:43,google_ads,US
CUST_003765,2025-02-14 18:01:22,meta_ads,US
CUST_003766,2024-09-13 08:44:14,creator_network,US
CUST_003767,2025-04-13 10:18:23,direct,US
CUST_003768,2025-01-01 00:12:23,google_ads,US
CUST_003769,2024-06-24 21:58:22,creator_network,US
CUST_003770,2024-04-28 12:40:53,meta_ads,US
CUST_003771,2025-03-07 11:28:22,google_ads,US
CUST_003772,2025-11-10 08:51:38,creator_network,US
CUST_003773,2024-11-17 04:58:09,direct,US
CUST_003774,2025-07-10 20:35:06,google_ads,US
CUST_003775,2025-06-15 01:34:16,creator_network,US
CUST_003776,2025-11-07 01:25:47,meta_ads,US
CUST_003777,2025-09-29 03:43:49,meta_ads,US
CUST_003778,2025-04-07 07:59:24,google_ads,CA
CUST_003779,2025-06-11 23:15:46,meta_ads,GB
CUST_003780,2025-11-07 04:51:16,google_ads,CA
CUST_003781,2024-12-19 14:37:22,meta_ads,US
CUST_003782,2024-10-06 05:36:55,creator_network,DE
CUST_003783,2024-01-17 15:34:58,organic_search,CA
CUST_003784,2025-09-04 10:54:36,google_ads,GB
CUST_003785,2025-09-10 16:31:15,meta_ads,US
CUST_003786,2024-04-21 01:20:44,google_ads,US
CUST_003787,2025-04-12 06:50:30,direct,US
CUST_003788,2025-02-07 12:11:55,google_ads,US
CUST_003789,2024-04-02 01:20:39,meta_ads,GB
CUST_003790,2025-12-19 12:57:40,meta_ads,CA
CUST_003791,2024-07-10 09:14:20,meta_ads,US
CUST_003792,2024-03-20 23:04:19,meta_ads,US
CUST_003793,2025-04-08 09:47:43,organic_search,US
CUST_003794,2025-07-10 18:31:01,organic_search,US
CUST_003795,2024-02-25 09:25:14,meta_ads,CA
CUST_003796,2025-06-19 17:50:08,meta_ads,US
CUST_003797,2025-03-06 06:20:14,meta_ads,US
CUST_003798,2024-04-09 18:24:11,organic_search,CA
CUST_003799,2024-06-14 18:48:33,google_ads,US
CUST_003800,2025-04-28 04:11:49,creator_network,US
CUST_003801,2024-09-28 00:35:24,google_ads,CA
CUST_003802,2025-11-04 01:41:29,google_ads,US
CUST_003803,2025-09-29 11:41:23,google_ads,US
CUST_003804,2025-12-22 22:07:54,meta_ads,US
CUST_003805,2024-08-02 06:02:53,google_ads,US
CUST_003806,2025-12-16 23:20:31,google_ads,GB
CUST_003807,2025-01-08 05:58:14,meta_ads,US
CUST_003808,2024-11-04 00:39:57,meta_ads,US
CUST_003809,2024-02-20 22:42:01,meta_ads,US
CUST_003810,2024-02-10 19:27:18,google_ads,US
CUST_003811,2025-07-09 04:25:50,google_ads,US
CUST_003812,2025-01-20 16:42:42,organic_search,CA
CUST_003813,2024-07-31 17:28:46,meta_ads,US
CUST_003814,2025-05-05 00:03:55,meta_ads,DE
CUST_003815,2024-08-09 04:07:16,meta_ads,US
CUST_003816,2025-04-15 05:55:08,google_ads,US
CUST_003817,2024-11-05 18:29:52,google_ads,CA
CUST_003818,2025-09-11 12:58:38,creator_network,US
CUST_003819,2025-09-06 19:12:16,meta_ads,US
CUST_003820,2025-02-25 20:01:08,google_ads,GB
CUST_003821,2024-11-26 09:48:31,organic_search,CA
CUST_003822,2024-11-29 11:44:22,organic_search,DE
CUST_003823,2025-09-20 15:20:23,direct,GB
CUST_003824,2024-10-14 16:21:17,creator_network,CA
CUST_003825,2024-07-04 20:19:07,organic_search,US
CUST_003826,2024-03-07 00:28:27,meta_ads,US
CUST_003827,2025-02-19 23:34:35,meta_ads,US
CUST_003828,2025-02-16 00:45:20,meta_ads,US
CUST_003829,2025-10-06 21:30:28,creator_network,DE
CUST_003830,2024-07-27 15:01:55,direct,US
CUST_003831,2024-12-14 10:09:58,meta_ads,US
CUST_003832,2025-09-03 00:32:19,google_ads,US
CUST_003833,2025-09-30 20:20:51,creator_network,US
CUST_003834,2024-12-12 18:58:42,direct,US
CUST_003835,2025-01-04 08:33:27,google_ads,GB
CUST_003836,2024-10-28 03:33:58,direct,DE
CUST_003837,2025-11-05 15:20:59,meta_ads,US
CUST_003838,2024-04-09 18:01:10,meta_ads,US
CUST_003839,2025-11-27 08:05:32,google_ads,US
CUST_003840,2025-06-18 16:29:15,google_ads,CA
CUST_003841,2025-03-21 18:47:28,meta_ads,US
CUST_003842,2024-02-02 11:13:12,creator_network,DE
CUST_003843,2025-02-18 05:00:13,creator_network,US
CUST_003844,2024-12-04 02:30:41,creator_network,US
CUST_003845,2024-06-11 12:10:27,meta_ads,US
CUST_003846,2025-06-04 09:27:58,google_ads,US
CUST_003847,2025-12-21 23:21:03,meta_ads,US
CUST_003848,2025-04-30 16:23:20,meta_ads,US
CUST_003849,2025-07-28 23:08:34,google_ads,US
CUST_003850,2024-03-31 03:59:34,meta_ads,US
CUST_003851,2024-12-10 04:15:17,meta_ads,US
CUST_003852,2024-04-12 20:39:56,creator_network,US
CUST_003853,2025-05-19 17:45:07,meta_ads,DE
CUST_003854,2025-11-11 00:17:32,direct,US
CUST_003855,2025-06-12 07:08:19,google_ads,US
CUST_003856,2024-03-19 16:57:45,direct,US
CUST_003857,2024-11-13 20:45:28,meta_ads,DE
CUST_003858,2025-03-02 13:06:37,google_ads,CA
CUST_003859,2024-12-01 06:39:02,meta_ads,US
CUST_003860,2025-09-25 06:11:59,organic_search,US
CUST_003861,2025-09-08 07:32:00,meta_ads,US
CUST_003862,2025-05-04 08:09:31,meta_ads,US
CUST_003863,2024-11-10 21:30:01,organic_search,US
CUST_003864,2024-08-19 22:51:44,meta_ads,US
CUST_003865,2024-04-29 21:06:34,meta_ads,US
CUST_003866,2024-11-30 22:51:49,google_ads,US
CUST_003867,2024-12-07 00:19:02,creator_network,US
CUST_003868,2025-06-08 18:41:06,meta_ads,US
CUST_003869,2025-06-02 01:08:43,google_ads,GB
CUST_003870,2024-03-19 11:24:27,meta_ads,US
CUST_003871,2024-12-11 20:41:44,google_ads,US
CUST_003872,2024-06-13 15:19:33,creator_network,US
CUST_003873,2024-06-22 02:33:46,google_ads,US
CUST_003874,2025-09-02 09:59:02,google_ads,US
CUST_003875,2024-02-14 01:04:35,meta_ads,US
CUST_003876,2024-12-11 18:59:44,meta_ads,CA
CUST_003877,2024-06-29 20:09:58,meta_ads,US
CUST_003878,2025-10-27 18:36:38,google_ads,US
CUST_003879,2025-04-22 21:31:50,google_ads,US
CUST_003880,2024-08-08 20:02:48,direct,US
CUST_003881,2025-02-07 09:26:45,meta_ads,CA
CUST_003882,2025-07-02 05:06:34,google_ads,CA
CUST_003883,2025-12-22 06:37:54,google_ads,US
CUST_003884,2024-07-08 06:34:30,google_ads,US
CUST_003885,2025-10-25 04:22:48,organic_search,US
CUST_003886,2025-11-26 08:33:56,meta_ads,US
CUST_003887,2025-11-21 14:48:46,meta_ads,US
CUST_003888,2025-05-15 14:28:05,creator_network,US
CUST_003889,2025-05-12 17:51:26,meta_ads,US
CUST_003890,2024-12-30 11:13:31,meta_ads,US
CUST_003891,2025-08-06 19:00:38,meta_ads,US
CUST_003892,2025-03-21 21:20:44,meta_ads,US
CUST_003893,2025-06-02 12:25:32,google_ads,US
CUST_003894,2025-01-01 15:47:47,meta_ads,US
CUST_003895,2025-07-12 08:18:23,google_ads,US
CUST_003896,2025-09-14 12:55:09,google_ads,US
CUST_003897,2024-05-28 08:21:41,google_ads,US
CUST_003898,2025-09-24 01:12:31,direct,GB
CUST_003899,2025-03-28 06:09:39,meta_ads,US
CUST_003900,2025-10-27 01:14:15,direct,US
CUST_003901,2025-01-30 15:26:31,google_ads,US
CUST_003902,2024-11-29 09:54:51,creator_network,US
CUST_003903,2025-11-22 03:56:46,google_ads,CA
CUST_003904,2024-08-28 10:17:44,google_ads,US
CUST_003905,2025-10-27 05:42:57,organic_search,US
CUST_003906,2025-02-18 22:30:46,organic_search,US
CUST_003907,2025-03-19 07:11:17,meta_ads,CA
CUST_003908,2024-10-26 22:52:55,meta_ads,US
CUST_003909,2025-04-06 00:04:17,google_ads,US
CUST_003910,2024-10-29 08:14:31,organic_search,GB
CUST_003911,2024-02-21 08:55:16,meta_ads,CA
CUST_003912,2024-09-27 06:20:39,creator_network,US
CUST_003913,2024-01-16 10:49:06,creator_network,US
CUST_003914,2025-12-12 18:08:31,creator_network,CA
CUST_003915,2025-12-21 08:34:02,google_ads,US
CUST_003916,2024-12-27 05:56:06,google_ads,DE
CUST_003917,2025-07-26 01:41:20,direct,GB
CUST_003918,2024-11-20 08:52:22,google_ads,US
CUST_003919,2025-06-01 00:05:29,creator_network,US
CUST_003920,2025-09-04 01:30:46,meta_ads,US
CUST_003921,2025-12-31 18:23:24,creator_network,US
CUST_003922,2024-12-19 04:07:02,meta_ads,US
CUST_003923,2025-08-21 06:07:41,meta_ads,US
CUST_003924,2024-09-03 09:58:14,creator_network,US
CUST_003925,2025-12-09 07:51:09,google_ads,DE
CUST_003926,2024-01-21 06:00:39,creator_network,GB
CUST_003927,2025-05-29 21:24:05,meta_ads,CA
CUST_003928,2025-06-18 01:16:25,google_ads,US
CUST_003929,2025-06-26 00:01:56,google_ads,US
CUST_003930,2024-04-23 18:10:36,google_ads,US
CUST_003931,2025-11-14 19:16:34,meta_ads,US
CUST_003932,2024-06-28 14:48:47,creator_network,DE
CUST_003933,2025-05-22 10:36:51,organic_search,US
CUST_003934,2024-07-25 11:18:47,meta_ads,US
CUST_003935,2024-10-28 04:16:46,meta_ads,US
CUST_003936,2025-03-19 17:48:06,creator_network,US
CUST_003937,2024-12-06 18:45:51,creator_network,DE
CUST_003938,2024-06-22 16:53:16,creator_network,US
CUST_003939,2024-06-03 19:31:24,creator_network,US
CUST_003940,2024-12-30 07:55:47,google_ads,US
CUST_003941,2025-08-16 00:38:45,google_ads,US
CUST_003942,2025-11-29 05:52:29,meta_ads,GB
CUST_003943,2024-03-13 23:31:41,meta_ads,US
CUST_003944,2024-12-20 04:08:28,creator_network,GB
CUST_003945,2024-04-06 20:01:52,meta_ads,US
CUST_003946,2024-01-05 18:50:55,direct,US
CUST_003947,2025-06-20 15:17:00,organic_search,US
CUST_003948,2025-05-25 12:26:59,organic_search,US
CUST_003949,2024-06-20 19:53:19,organic_search,GB
CUST_003950,2024-08-01 19:11:38,google_ads,CA
CUST_003951,2024-01-25 03:30:31,organic_search,DE
CUST_003952,2025-09-23 16:48:33,meta_ads,US
CUST_003953,2025-12-04 19:20:59,meta_ads,US
CUST_003954,2024-05-26 08:01:23,creator_network,US
CUST_003955,2024-08-08 08:57:14,meta_ads,US
CUST_003956,2025-10-13 21:40:55,direct,US
CUST_003957,2025-11-09 22:46:05,creator_network,US
CUST_003958,2024-12-01 23:13:15,creator_network,CA
CUST_003959,2024-02-14 06:25:28,meta_ads,CA
CUST_003960,2024-02-19 14:29:35,creator_network,US
CUST_003961,2025-04-23 06:18:47,meta_ads,US
CUST_003962,2024-12-21 14:37:39,organic_search,US
CUST_003963,2024-01-24 02:05:30,meta_ads,US
CUST_003964,2025-04-22 08:10:09,creator_network,GB
CUST_003965,2024-01-31 16:25:30,meta_ads,CA
CUST_003966,2025-08-19 10:49:56,meta_ads,US
CUST_003967,2024-10-03 09:02:38,google_ads,US
CUST_003968,2024-02-25 21:19:29,meta_ads,US
CUST_003969,2025-04-29 07:05:47,creator_network,US
CUST_003970,2024-12-14 20:22:40,meta_ads,US
CUST_003971,2025-12-24 23:27:04,meta_ads,US
CUST_003972,2025-03-31 08:38:37,google_ads,GB
CUST_003973,2024-09-23 05:37:24,meta_ads,US
CUST_003974,2025-07-13 15:37:15,meta_ads,DE
CUST_003975,2024-09-19 06:09:06,organic_search,DE
CUST_003976,2025-11-11 18:06:01,meta_ads,US
CUST_003977,2024-11-14 16:05:00,meta_ads,GB
CUST_003978,2025-03-21 03:52:40,meta_ads,GB
CUST_003979,2024-02-01 05:33:25,google_ads,DE
CUST_003980,2025-01-16 16:11:56,google_ads,US
CUST_003981,2025-09-17 21:52:41,meta_ads,US
CUST_003982,2025-09-27 11:44:11,creator_network,US
CUST_003983,2024-07-04 19:09:58,meta_ads,US
CUST_003984,2024-07-02 16:09:04,google_ads,US
CUST_003985,2025-09-05 14:07:22,google_ads,GB
CUST_003986,2025-11-21 11:38:41,google_ads,US
CUST_003987,2024-04-19 19:57:55,direct,CA
CUST_003988,2025-01-22 10:47:39,google_ads,US
CUST_003989,2024-10-09 10:20:27,direct,US
CUST_003990,2025-10-16 10:18:58,meta_ads,CA
CUST_003991,2024-03-30 20:37:03,meta_ads,US
CUST_003992,2024-07-15 07:26:22,meta_ads,US
CUST_003993,2025-08-12 01:14:49,google_ads,DE
CUST_003994,2024-02-23 22:34:34,meta_ads,CA
CUST_003995,2025-02-10 18:48:50,meta_ads,CA
CUST_003996,2025-01-14 12:23:12,google_ads,US
CUST_003997,2024-10-27 05:40:42,meta_ads,CA
CUST_003998,2024-12-02 14:09:11,meta_ads,US
CUST_003999,2025-03-16 01:36:13,meta_ads,US
CUST_004000,2024-06-11 09:54:06,organic_search,CA
CUST_004001,2025-04-03 23:02:08,meta_ads,US
CUST_004002,2025-09-21 21:21:58,creator_network,GB
CUST_004003,2025-08-08 07:42:20,google_ads,US
CUST_004004,2024-05-31 04:04:07,google_ads,CA
CUST_004005,2024-05-25 01:47:40,meta_ads,CA
CUST_004006,2024-09-18 10:08:19,meta_ads,US
CUST_004007,2024-11-12 23:45:11,google_ads,US
CUST_004008,2024-12-05 13:17:52,meta_ads,US
CUST_004009,2025-06-12 05:19:49,meta_ads,CA
CUST_004010,2024-02-10 14:03:37,meta_ads,CA
CUST_004011,2024-02-20 01:49:30,organic_search,US
CUST_004012,2024-12-26 10:51:54,google_ads,US
CUST_004013,2025-07-27 23:32:13,google_ads,US
CUST_004014,2024-07-06 14:26:08,google_ads,CA
CUST_004015,2025-05-24 02:03:40,organic_search,US
CUST_004016,2024-08-15 01:10:57,google_ads,US
CUST_004017,2025-10-12 19:35:31,google_ads,US
CUST_004018,2025-11-04 11:29:13,direct,US
CUST_004019,2024-09-08 02:00:02,creator_network,US
CUST_004020,2024-08-18 17:27:15,meta_ads,US
CUST_004021,2024-12-14 13:33:29,meta_ads,US
CUST_004022,2024-08-26 18:10:10,creator_network,US
CUST_004023,2025-06-15 06:44:35,organic_search,US
CUST_004024,2025-09-18 03:44:09,google_ads,US
CUST_004025,2025-06-22 21:42:40,google_ads,GB
CUST_004026,2025-09-04 03:21:08,google_ads,US
CUST_004027,2024-12-31 12:54:31,google_ads,US
CUST_004028,2024-05-08 04:06:42,creator_network,US
CUST_004029,2025-07-20 23:18:14,meta_ads,CA
CUST_004030,2024-11-19 08:30:07,direct,US
CUST_004031,2025-06-27 10:45:00,creator_network,US
CUST_004032,2024-09-27 23:50:25,google_ads,GB
CUST_004033,2024-03-12 00:13:37,meta_ads,US
CUST_004034,2025-12-21 06:31:20,meta_ads,GB
CUST_004035,2024-05-22 09:03:31,google_ads,US
CUST_004036,2025-12-11 01:22:38,creator_network,US
CUST_004037,2025-12-13 16:23:26,google_ads,US
CUST_004038,2025-09-27 17:55:57,google_ads,CA
CUST_004039,2025-06-12 05:26:36,google_ads,GB
CUST_004040,2025-04-09 09:24:17,organic_search,US
CUST_004041,2025-10-12 06:59:28,meta_ads,US
CUST_004042,2024-09-30 19:27:09,google_ads,US
CUST_004043,2025-02-08 03:26:24,creator_network,GB
CUST_004044,2025-05-28 23:56:50,google_ads,US
CUST_004045,2024-12-19 20:32:58,creator_network,US
CUST_004046,2025-01-20 23:08:48,google_ads,CA
CUST_004047,2024-10-13 16:49:15,direct,US
CUST_004048,2025-04-17 01:28:14,meta_ads,US
CUST_004049,2025-10-03 04:23:56,google_ads,CA
CUST_004050,2024-07-14 13:36:18,meta_ads,CA
CUST_004051,2025-11-25 02:37:33,meta_ads,US
CUST_004052,2025-06-30 14:49:37,google_ads,US
CUST_004053,2025-09-17 09:57:44,meta_ads,US
CUST_004054,2025-04-14 19:29:55,direct,US
CUST_004055,2025-08-25 01:35:30,direct,US
CUST_004056,2024-01-18 07:19:19,meta_ads,US
CUST_004057,2025-09-04 22:55:34,google_ads,US
CUST_004058,2024-02-17 19:42:25,google_ads,DE
CUST_004059,2025-10-31 22:38:40,organic_search,US
CUST_004060,2025-12-04 15:04:44,google_ads,CA
CUST_004061,2024-09-26 02:29:06,meta_ads,US
CUST_004062,2024-07-31 03:03:40,creator_network,US
CUST_004063,2025-08-05 00:08:43,creator_network,US
CUST_004064,2024-08-09 15:17:56,google_ads,US
CUST_004065,2025-10-16 22:43:54,organic_search,US
CUST_004066,2024-04-24 06:11:04,organic_search,US
CUST_004067,2024-05-09 22:07:17,google_ads,US
CUST_004068,2025-12-06 14:43:37,google_ads,US
CUST_004069,2025-06-14 11:23:14,direct,US
CUST_004070,2025-10-23 16:18:43,meta_ads,CA
CUST_004071,2024-10-02 21:35:07,meta_ads,US
CUST_004072,2025-06-21 04:41:15,meta_ads,US
CUST_004073,2025-04-29 22:54:01,organic_search,US
CUST_004074,2025-05-07 00:48:45,creator_network,US
CUST_004075,2025-06-30 05:26:53,meta_ads,US
CUST_004076,2025-04-01 17:45:03,direct,US
CUST_004077,2025-01-12 04:36:56,creator_network,CA
CUST_004078,2024-09-29 09:26:24,organic_search,US
CUST_004079,2025-08-29 21:16:02,meta_ads,CA
CUST_004080,2024-07-21 12:28:26,google_ads,US
CUST_004081,2025-07-16 05:51:05,creator_network,US
CUST_004082,2024-08-04 01:51:43,google_ads,US
CUST_004083,2025-05-17 20:30:54,creator_network,CA
CUST_004084,2025-08-04 20:52:39,organic_search,US
CUST_004085,2024-07-24 14:01:00,meta_ads,US
CUST_004086,2024-03-26 04:25:41,organic_search,US
CUST_004087,2024-05-10 15:26:30,meta_ads,US
CUST_004088,2025-05-23 08:28:27,meta_ads,US
CUST_004089,2025-10-11 23:18:46,meta_ads,US
CUST_004090,2024-02-13 19:11:05,meta_ads,US
CUST_004091,2025-07-17 16:02:58,meta_ads,US
CUST_004092,2024-11-18 00:55:43,organic_search,US
CUST_004093,2025-02-25 05:59:07,creator_network,US
CUST_004094,2025-11-21 17:48:11,google_ads,CA
CUST_004095,2024-10-26 13:14:43,creator_network,US
CUST_004096,2025-02-08 04:08:55,meta_ads,US
CUST_004097,2024-01-30 09:02:54,meta_ads,US
CUST_004098,2024-03-02 07:55:07,google_ads,US
CUST_004099,2024-08-09 04:36:22,google_ads,US
CUST_004100,2024-01-21 08:30:46,creator_network,US
CUST_004101,2025-05-18 15:14:55,google_ads,US
CUST_004102,2025-01-02 23:43:44,creator_network,US
CUST_004103,2025-03-08 05:50:09,creator_network,US
CUST_004104,2024-06-09 11:44:50,direct,US
CUST_004105,2024-09-08 09:08:37,meta_ads,US
CUST_004106,2025-06-28 15:54:07,google_ads,US
CUST_004107,2025-12-26 21:30:53,google_ads,US
CUST_004108,2024-02-12 09:03:31,direct,US
CUST_004109,2025-10-25 16:27:37,meta_ads,US
CUST_004110,2025-04-22 01:34:56,google_ads,US
CUST_004111,2025-04-22 03:27:05,meta_ads,CA
CUST_004112,2025-02-08 06:00:40,google_ads,US
CUST_004113,2024-03-08 20:30:24,meta_ads,US
CUST_004114,2024-03-30 13:05:50,meta_ads,US
CUST_004115,2025-05-26 13:47:44,google_ads,US
CUST_004116,2024-11-25 21:26:53,meta_ads,US
CUST_004117,2025-11-18 20:05:52,meta_ads,CA
CUST_004118,2024-12-30 06:50:52,meta_ads,DE
CUST_004119,2024-05-13 03:01:15,meta_ads,US
CUST_004120,2025-07-10 01:32:46,direct,US
CUST_004121,2024-09-04 10:44:50,google_ads,CA
CUST_004122,2025-03-24 00:44:06,organic_search,US
CUST_004123,2025-07-25 08:08:59,google_ads,US
CUST_004124,2025-11-02 14:53:51,organic_search,US
CUST_004125,2025-09-24 13:00:51,google_ads,US
CUST_004126,2025-06-13 02:17:01,google_ads,US
CUST_004127,2025-06-10 01:26:29,google_ads,US
CUST_004128,2025-12-16 03:08:53,creator_network,US
CUST_004129,2024-09-24 11:21:47,google_ads,US
CUST_004130,2024-01-22 11:01:19,meta_ads,US
CUST_004131,2024-09-16 22:31:42,meta_ads,GB
CUST_004132,2024-07-17 23:08:49,google_ads,CA
CUST_004133,2025-06-19 07:35:55,google_ads,US
CUST_004134,2025-05-09 22:41:58,meta_ads,US
CUST_004135,2025-04-22 02:04:58,google_ads,US
CUST_004136,2024-01-04 12:16:20,google_ads,US
CUST_004137,2025-07-25 16:38:31,organic_search,US
CUST_004138,2024-10-09 16:40:49,meta_ads,GB
CUST_004139,2025-06-03 01:12:22,meta_ads,US
CUST_004140,2025-04-19 06:48:08,organic_search,US
CUST_004141,2024-11-22 12:35:59,google_ads,US
CUST_004142,2024-05-28 14:52:05,meta_ads,US
CUST_004143,2024-04-21 12:28:54,organic_search,US
CUST_004144,2025-09-07 06:16:02,google_ads,US
CUST_004145,2025-11-20 16:05:02,google_ads,US
CUST_004146,2025-06-21 10:14:41,direct,US
CUST_004147,2024-04-08 11:05:27,direct,US
CUST_004148,2024-12-20 10:36:35,meta_ads,US
CUST_004149,2025-07-27 13:12:41,meta_ads,US
CUST_004150,2025-08-04 05:47:35,meta_ads,DE
CUST_004151,2024-04-28 03:32:27,meta_ads,US
CUST_004152,2024-01-18 14:21:24,meta_ads,US
CUST_004153,2025-07-14 01:43:10,google_ads,CA
CUST_004154,2024-11-07 22:15:16,direct,GB
CUST_004155,2024-08-20 01:38:39,organic_search,US
CUST_004156,2024-01-27 10:03:03,google_ads,US
CUST_004157,2025-03-21 00:04:49,google_ads,DE
CUST_004158,2025-10-05 17:30:41,meta_ads,US
CUST_004159,2025-12-18 04:41:59,meta_ads,US
CUST_004160,2025-04-03 20:41:24,meta_ads,US
CUST_004161,2025-03-10 11:20:37,creator_network,US
CUST_004162,2024-03-20 10:18:18,meta_ads,US
CUST_004163,2025-03-26 09:56:03,organic_search,DE
CUST_004164,2024-11-27 00:36:54,google_ads,US
CUST_004165,2025-05-20 04:04:47,meta_ads,DE
CUST_004166,2024-12-19 04:47:15,meta_ads,US
CUST_004167,2024-08-18 12:15:43,google_ads,US
CUST_004168,2024-04-08 19:24:06,organic_search,US
CUST_004169,2024-10-31 06:42:20,creator_network,CA
CUST_004170,2024-04-01 08:30:57,meta_ads,US
CUST_004171,2024-06-27 19:50:27,google_ads,US
CUST_004172,2025-12-20 13:44:54,meta_ads,US
CUST_004173,2025-01-10 03:20:59,direct,DE
CUST_004174,2025-03-02 22:09:47,creator_network,US
CUST_004175,2025-10-24 09:37:59,google_ads,US
CUST_004176,2025-12-22 18:34:35,google_ads,US
CUST_004177,2025-04-15 04:41:21,google_ads,US
CUST_004178,2025-09-09 02:16:41,meta_ads,US
CUST_004179,2024-10-25 08:42:10,meta_ads,US
CUST_004180,2024-10-15 23:00:02,google_ads,US
CUST_004181,2024-12-02 05:09:18,direct,US
CUST_004182,2025-06-02 14:50:18,google_ads,GB
CUST_004183,2025-06-17 08:35:08,meta_ads,US
CUST_004184,2024-10-03 15:04:19,organic_search,US
CUST_004185,2024-05-02 00:34:30,meta_ads,US
CUST_004186,2025-05-25 09:21:28,meta_ads,CA
CUST_004187,2024-05-20 06:20:56,meta_ads,US
CUST_004188,2025-04-28 23:14:55,google_ads,US
CUST_004189,2025-07-24 09:19:53,google_ads,US
CUST_004190,2025-07-12 06:51:54,google_ads,US
CUST_004191,2025-08-11 09:48:21,creator_network,US
CUST_004192,2025-10-27 05:10:09,meta_ads,CA
CUST_004193,2025-02-17 16:00:26,creator_network,US
CUST_004194,2025-07-06 03:06:11,meta_ads,CA
CUST_004195,2025-05-29 06:30:53,creator_network,US
CUST_004196,2024-06-11 04:21:45,creator_network,US
CUST_004197,2024-01-16 00:02:13,creator_network,US
CUST_004198,2024-09-07 09:45:32,google_ads,CA
CUST_004199,2025-01-22 15:38:25,creator_network,US
CUST_004200,2025-05-29 06:12:48,meta_ads,US
CUST_004201,2025-10-30 19:24:31,organic_search,US
CUST_004202,2024-07-02 12:51:10,meta_ads,US
CUST_004203,2024-05-20 12:13:34,meta_ads,US
CUST_004204,2025-12-31 10:16:08,google_ads,GB
CUST_004205,2024-04-05 13:02:34,creator_network,CA
CUST_004206,2025-02-26 14:01:34,meta_ads,US
CUST_004207,2025-04-03 11:57:44,direct,US
CUST_004208,2025-03-11 10:50:51,direct,CA
CUST_004209,2024-03-02 01:49:34,google_ads,US
CUST_004210,2024-02-20 08:26:52,google_ads,US
CUST_004211,2024-04-22 04:50:58,creator_network,US
CUST_004212,2025-04-30 16:13:45,meta_ads,US
CUST_004213,2025-03-05 10:22:37,google_ads,GB
CUST_004214,2024-08-21 11:17:37,organic_search,US
CUST_004215,2025-05-24 15:34:00,direct,US
CUST_004216,2025-09-02 07:28:46,direct,US
CUST_004217,2024-02-05 08:37:26,meta_ads,US
CUST_004218,2025-02-20 13:56:27,meta_ads,DE
CUST_004219,2025-06-08 18:36:02,meta_ads,US
CUST_004220,2024-08-23 17:49:00,google_ads,US
CUST_004221,2024-10-20 15:45:45,meta_ads,US
CUST_004222,2025-05-12 18:31:08,meta_ads,US
CUST_004223,2025-11-29 02:37:13,google_ads,US
CUST_004224,2025-09-12 00:26:55,creator_network,US
CUST_004225,2025-04-20 15:20:21,creator_network,US
CUST_004226,2025-07-23 20:53:49,organic_search,US
CUST_004227,2024-11-08 22:24:50,meta_ads,US
CUST_004228,2025-05-10 22:03:57,meta_ads,CA
CUST_004229,2025-02-12 16:00:23,creator_network,US
CUST_004230,2024-06-21 16:53:36,google_ads,US
CUST_004231,2025-07-10 12:34:01,google_ads,US
CUST_004232,2025-04-10 05:50:14,meta_ads,US
CUST_004233,2024-11-06 04:29:36,meta_ads,US
CUST_004234,2025-11-07 05:07:02,google_ads,CA
CUST_004235,2024-01-03 00:36:55,organic_search,US
CUST_004236,2024-10-17 20:41:22,organic_search,CA
CUST_004237,2024-02-14 10:51:04,google_ads,US
CUST_004238,2025-08-31 11:53:10,google_ads,US
CUST_004239,2025-07-05 18:13:38,organic_search,GB
CUST_004240,2024-10-28 15:19:02,google_ads,GB
CUST_004241,2025-06-25 16:53:11,google_ads,US
CUST_004242,2024-12-23 21:15:31,organic_search,CA
CUST_004243,2025-08-05 11:35:39,creator_network,US
CUST_004244,2025-01-31 03:06:36,organic_search,US
CUST_004245,2024-12-01 12:39:40,meta_ads,CA
CUST_004246,2025-11-02 15:03:01,google_ads,CA
CUST_004247,2024-08-18 17:57:11,organic_search,GB
CUST_004248,2024-04-16 19:42:57,meta_ads,US
CUST_004249,2025-04-26 02:49:06,creator_network,US
CUST_004250,2025-12-12 04:31:53,meta_ads,US
CUST_004251,2024-11-26 02:35:24,organic_search,GB
CUST_004252,2024-03-04 09:32:39,google_ads,US
CUST_004253,2024-10-20 14:05:59,meta_ads,DE
CUST_004254,2025-02-20 14:43:26,google_ads,US
CUST_004255,2024-06-18 08:24:51,creator_network,US
CUST_004256,2025-06-11 13:42:52,google_ads,US
CUST_004257,2025-12-24 14:18:59,google_ads,US
CUST_004258,2025-01-06 13:25:24,organic_search,US
CUST_004259,2024-11-06 16:43:27,google_ads,US
CUST_004260,2024-12-26 00:59:31,google_ads,US
CUST_004261,2024-04-21 13:10:19,meta_ads,US
CUST_004262,2025-10-22 08:30:24,direct,CA
CUST_004263,2024-12-16 05:09:24,meta_ads,US
CUST_004264,2024-12-09 14:34:40,google_ads,DE
CUST_004265,2025-06-03 22:49:15,organic_search,US
CUST_004266,2025-01-07 02:30:06,meta_ads,US
CUST_004267,2025-06-26 04:25:08,google_ads,CA
CUST_004268,2024-03-23 05:00:49,meta_ads,US
CUST_004269,2025-09-27 18:42:39,creator_network,US
CUST_004270,2025-11-23 23:53:28,google_ads,US
CUST_004271,2025-06-29 23:57:25,organic_search,GB
CUST_004272,2025-12-15 14:15:15,organic_search,GB
CUST_004273,2024-05-18 05:59:16,google_ads,US
CUST_004274,2025-02-07 03:03:38,creator_network,GB
CUST_004275,2025-05-26 13:21:11,google_ads,US
CUST_004276,2025-04-18 07:44:09,google_ads,US
CUST_004277,2024-12-03 04:11:55,google_ads,CA
CUST_004278,2024-10-20 06:44:01,organic_search,US
CUST_004279,2024-05-22 17:47:59,google_ads,US
CUST_004280,2024-12-10 20:39:41,meta_ads,US
CUST_004281,2024-06-22 18:40:03,google_ads,US
CUST_004282,2025-07-27 03:55:43,google_ads,US
CUST_004283,2024-07-18 19:21:02,meta_ads,CA
CUST_004284,2024-02-04 19:55:21,google_ads,US
CUST_004285,2025-04-30 16:36:18,google_ads,CA
CUST_004286,2025-04-23 20:33:13,google_ads,US
CUST_004287,2025-10-23 18:47:39,meta_ads,US
CUST_004288,2025-04-08 15:36:00,google_ads,US
CUST_004289,2024-11-19 16:03:39,organic_search,US
CUST_004290,2025-09-26 04:07:40,direct,US
CUST_004291,2025-03-15 10:25:29,google_ads,DE
CUST_004292,2024-03-04 15:06:29,meta_ads,US
CUST_004293,2025-04-11 15:03:19,direct,US
CUST_004294,2025-11-02 13:21:52,creator_network,US
CUST_004295,2024-12-18 18:48:11,meta_ads,US
CUST_004296,2024-09-14 09:07:40,meta_ads,GB
CUST_004297,2024-05-21 16:06:54,meta_ads,US
CUST_004298,2024-05-27 15:18:43,meta_ads,US
CUST_004299,2025-01-08 16:25:16,meta_ads,DE
CUST_004300,2025-04-15 17:43:18,organic_search,US
CUST_004301,2024-03-03 04:39:21,google_ads,US
CUST_004302,2025-11-28 13:16:10,creator_network,US
CUST_004303,2025-08-08 13:35:38,organic_search,DE
CUST_004304,2025-04-02 00:41:40,creator_network,US
CUST_004305,2025-09-08 13:47:23,organic_search,US
CUST_004306,2024-03-07 03:16:45,direct,US
CUST_004307,2025-02-20 14:25:07,google_ads,US
CUST_004308,2025-05-31 02:47:39,direct,DE
CUST_004309,2025-09-10 00:50:33,creator_network,US
CUST_004310,2025-08-27 08:36:35,meta_ads,US
CUST_004311,2024-09-12 20:54:04,creator_network,US
CUST_004312,2025-11-17 06:15:37,creator_network,US
CUST_004313,2024-05-26 02:54:28,organic_search,CA
CUST_004314,2025-10-17 23:53:56,meta_ads,US
CUST_004315,2025-12-27 04:26:26,google_ads,US
CUST_004316,2024-06-16 02:20:50,meta_ads,CA
CUST_004317,2025-07-20 12:09:11,meta_ads,US
CUST_004318,2024-02-11 22:21:16,meta_ads,US
CUST_004319,2024-12-03 07:15:32,google_ads,US
CUST_004320,2025-03-30 19:03:02,organic_search,US
CUST_004321,2025-04-25 07:36:40,meta_ads,US
CUST_004322,2025-11-30 08:02:26,google_ads,US
CUST_004323,2025-06-03 08:23:19,meta_ads,DE
CUST_004324,2025-02-16 05:19:48,meta_ads,US
CUST_004325,2025-09-01 02:29:35,google_ads,US
CUST_004326,2025-12-14 19:59:57,meta_ads,US
CUST_004327,2024-01-03 02:25:32,google_ads,GB
CUST_004328,2025-12-29 06:44:33,meta_ads,US
CUST_004329,2024-03-13 07:19:19,meta_ads,US
CUST_004330,2025-09-04 21:53:44,google_ads,GB
CUST_004331,2024-09-05 05:29:40,google_ads,US
CUST_004332,2024-05-21 01:58:42,meta_ads,GB
CUST_004333,2025-01-02 13:21:10,google_ads,US
CUST_004334,2025-06-12 00:35:16,organic_search,GB
CUST_004335,2024-12-02 10:46:47,creator_network,US
CUST_004336,2024-02-15 15:23:37,meta_ads,US
CUST_004337,2025-05-21 23:00:03,google_ads,US
CUST_004338,2025-11-28 14:57:06,creator_network,US
CUST_004339,2024-12-27 07:25:38,meta_ads,US
CUST_004340,2024-07-15 16:34:25,organic_search,US
CUST_004341,2025-01-15 07:28:59,organic_search,US
CUST_004342,2024-02-19 22:35:01,organic_search,US
CUST_004343,2025-09-10 07:32:31,organic_search,US
CUST_004344,2025-09-06 20:14:33,creator_network,US
CUST_004345,2025-04-05 17:23:43,google_ads,US
CUST_004346,2024-11-19 16:08:12,creator_network,US
CUST_004347,2025-09-08 18:05:50,organic_search,CA
CUST_004348,2025-04-25 14:41:25,creator_network,US
CUST_004349,2025-09-26 17:41:46,meta_ads,US
CUST_004350,2025-05-27 19:10:30,meta_ads,US
CUST_004351,2025-08-08 10:04:07,organic_search,CA
CUST_004352,2025-05-15 07:56:43,meta_ads,CA
CUST_004353,2024-12-10 13:56:15,creator_network,US
CUST_004354,2025-12-27 18:16:12,direct,US
CUST_004355,2025-03-21 23:41:03,creator_network,US
CUST_004356,2025-05-23 14:32:49,direct,CA
CUST_004357,2024-07-24 00:03:48,creator_network,US
CUST_004358,2025-05-19 06:26:39,meta_ads,US
CUST_004359,2025-04-04 22:05:27,organic_search,US
CUST_004360,2024-06-06 17:28:05,meta_ads,US
CUST_004361,2024-03-14 20:11:14,google_ads,US
CUST_004362,2025-05-06 19:55:29,meta_ads,US
CUST_004363,2025-08-09 23:45:19,meta_ads,US
CUST_004364,2025-03-26 17:49:16,google_ads,CA
CUST_004365,2024-07-28 01:14:19,meta_ads,US
CUST_004366,2025-06-19 11:23:21,google_ads,DE
CUST_004367,2024-03-18 23:06:42,organic_search,DE
CUST_004368,2025-01-12 16:55:09,meta_ads,US
CUST_004369,2024-06-30 09:41:28,meta_ads,CA
CUST_004370,2024-06-06 08:48:32,creator_network,US
CUST_004371,2024-07-22 06:41:47,creator_network,CA
CUST_004372,2024-12-16 04:08:34,organic_search,GB
CUST_004373,2024-02-29 18:08:46,meta_ads,CA
CUST_004374,2024-12-18 23:49:42,organic_search,US
CUST_004375,2025-03-19 00:22:25,google_ads,US
CUST_004376,2025-02-16 11:05:00,google_ads,US
CUST_004377,2024-12-10 08:10:32,meta_ads,US
CUST_004378,2025-09-21 01:24:57,google_ads,US
CUST_004379,2024-05-02 17:40:34,meta_ads,CA
CUST_004380,2025-02-27 21:09:05,meta_ads,GB
CUST_004381,2024-03-17 17:25:54,google_ads,US
CUST_004382,2024-03-25 10:06:19,organic_search,US
CUST_004383,2025-04-01 21:02:00,creator_network,US
CUST_004384,2025-04-19 19:54:15,google_ads,GB
CUST_004385,2025-10-07 20:22:59,google_ads,CA
CUST_004386,2025-04-06 23:14:57,google_ads,CA
CUST_004387,2025-12-05 08:00:36,direct,US
CUST_004388,2024-02-03 01:09:06,google_ads,US
CUST_004389,2024-04-03 12:12:50,meta_ads,US
CUST_004390,2024-02-24 21:36:44,meta_ads,CA
CUST_004391,2024-06-10 06:05:25,google_ads,US
CUST_004392,2025-03-19 20:15:57,google_ads,US
CUST_004393,2025-06-12 20:54:09,meta_ads,US
CUST_004394,2024-02-04 12:28:59,organic_search,US
CUST_004395,2025-12-12 18:21:59,creator_network,US
CUST_004396,2025-10-02 07:23:42,creator_network,US
CUST_004397,2024-09-21 11:17:56,meta_ads,US
CUST_004398,2024-03-19 08:22:53,meta_ads,DE
CUST_004399,2024-06-12 18:45:04,direct,US
CUST_004400,2024-05-22 14:11:21,organic_search,US
CUST_004401,2024-05-01 15:07:08,meta_ads,US
CUST_004402,2025-03-04 08:38:04,meta_ads,GB
CUST_004403,2024-08-15 10:45:33,google_ads,US
CUST_004404,2024-11-24 15:43:04,meta_ads,US
CUST_004405,2025-12-13 09:41:37,creator_network,US
CUST_004406,2025-06-22 02:19:47,direct,CA
CUST_004407,2025-12-29 08:25:42,meta_ads,GB
CUST_004408,2024-05-11 14:34:36,meta_ads,US
CUST_004409,2024-12-10 20:15:36,organic_search,US
CUST_004410,2025-04-10 15:25:12,meta_ads,CA
CUST_004411,2024-03-14 05:33:03,direct,GB
CUST_004412,2024-01-19 14:45:42,creator_network,US
CUST_004413,2025-06-15 13:09:06,direct,US
CUST_004414,2025-05-08 04:59:19,meta_ads,US
CUST_004415,2024-12-27 00:36:53,meta_ads,US
CUST_004416,2025-02-12 13:24:39,google_ads,US
CUST_004417,2024-12-18 19:45:24,google_ads,GB
CUST_004418,2024-01-27 17:56:28,meta_ads,US
CUST_004419,2024-10-14 10:48:26,direct,US
CUST_004420,2024-06-27 21:57:55,organic_search,DE
CUST_004421,2024-04-11 22:32:10,creator_network,US
CUST_004422,2025-12-02 16:24:32,meta_ads,US
CUST_004423,2025-05-17 11:45:42,creator_network,US
CUST_004424,2025-07-22 16:26:31,creator_network,US
CUST_004425,2024-10-28 16:06:36,google_ads,US
CUST_004426,2024-12-23 03:31:36,direct,US
CUST_004427,2024-08-01 13:20:56,meta_ads,US
CUST_004428,2024-04-25 14:49:05,meta_ads,US
CUST_004429,2024-06-30 18:37:42,meta_ads,US
CUST_004430,2025-09-18 02:12:38,creator_network,US
CUST_004431,2025-06-02 06:53:53,google_ads,CA
CUST_004432,2025-03-07 12:30:53,meta_ads,US
CUST_004433,2025-02-05 15:53:57,meta_ads,US
CUST_004434,2025-11-24 13:12:46,meta_ads,US
CUST_004435,2024-03-23 19:04:56,meta_ads,US
CUST_004436,2024-09-12 11:40:20,google_ads,US
CUST_004437,2024-11-24 18:47:33,meta_ads,US
CUST_004438,2025-08-18 09:07:19,meta_ads,US
CUST_004439,2025-12-16 03:27:44,organic_search,US
CUST_004440,2024-08-09 17:18:43,google_ads,CA
CUST_004441,2025-10-26 13:39:41,creator_network,US
CUST_004442,2025-09-16 16:59:30,meta_ads,US
CUST_004443,2024-07-19 13:06:41,meta_ads,DE
CUST_004444,2024-12-15 03:35:17,google_ads,US
CUST_004445,2024-12-14 23:25:57,meta_ads,GB
CUST_004446,2025-12-06 20:45:06,meta_ads,GB
CUST_004447,2024-06-18 04:46:33,organic_search,US
CUST_004448,2025-09-22 20:15:34,direct,US
CUST_004449,2024-10-22 23:41:42,meta_ads,GB
CUST_004450,2025-07-10 13:14:05,meta_ads,US
CUST_004451,2024-12-17 10:01:25,direct,CA
CUST_004452,2025-04-17 14:56:32,meta_ads,US
CUST_004453,2025-09-15 21:50:01,google_ads,CA
CUST_004454,2025-09-23 23:38:14,direct,CA
CUST_004455,2025-10-15 18:13:07,direct,US
CUST_004456,2024-03-15 19:23:22,google_ads,US
CUST_004457,2025-07-09 07:48:53,meta_ads,US
CUST_004458,2024-05-23 03:48:40,meta_ads,US
CUST_004459,2024-12-19 05:39:54,organic_search,GB
CUST_004460,2025-03-06 12:27:25,organic_search,DE
CUST_004461,2024-12-17 07:07:12,google_ads,US
CUST_004462,2025-03-13 07:27:57,creator_network,CA
CUST_004463,2025-12-13 13:05:53,creator_network,US
CUST_004464,2024-05-25 13:21:37,creator_network,CA
CUST_004465,2025-06-02 18:47:59,organic_search,CA
CUST_004466,2024-12-01 12:05:18,creator_network,US
CUST_004467,2024-05-17 23:53:42,google_ads,US
CUST_004468,2024-06-24 14:23:45,meta_ads,US
CUST_004469,2025-12-24 16:12:47,creator_network,CA
CUST_004470,2025-10-09 10:45:19,google_ads,US
CUST_004471,2025-11-19 07:04:39,meta_ads,US
CUST_004472,2025-12-06 12:50:28,organic_search,US
CUST_004473,2024-07-02 00:56:06,creator_network,CA
CUST_004474,2024-11-17 05:16:15,direct,US
CUST_004475,2025-06-06 03:15:40,meta_ads,US
CUST_004476,2025-02-21 01:25:28,google_ads,DE
CUST_004477,2024-12-30 15:33:03,meta_ads,US
CUST_004478,2024-11-07 02:23:48,organic_search,GB
CUST_004479,2025-04-19 16:26:08,meta_ads,US
CUST_004480,2025-04-13 07:18:34,creator_network,US
CUST_004481,2024-06-03 22:12:28,creator_network,GB
CUST_004482,2025-02-02 05:00:15,meta_ads,US
CUST_004483,2025-04-01 14:40:17,direct,US
CUST_004484,2025-04-27 18:02:39,organic_search,US
CUST_004485,2024-07-18 03:14:22,meta_ads,US
CUST_004486,2025-08-16 22:33:54,meta_ads,GB
CUST_004487,2024-01-08 00:06:16,meta_ads,CA
CUST_004488,2024-11-22 22:27:01,meta_ads,CA
CUST_004489,2025-08-01 01:57:34,organic_search,US
CUST_004490,2025-04-14 23:59:00,direct,US
CUST_004491,2024-08-06 04:44:14,meta_ads,US
CUST_004492,2025-07-26 09:34:55,google_ads,US
CUST_004493,2025-04-27 22:34:33,google_ads,CA
CUST_004494,2025-09-08 16:47:10,meta_ads,US
CUST_004495,2025-07-09 20:16:06,meta_ads,US
CUST_004496,2025-05-20 21:37:07,meta_ads,DE
CUST_004497,2025-02-02 12:04:49,google_ads,US
CUST_004498,2024-05-13 02:35:53,creator_network,US
CUST_004499,2024-08-25 06:10:44,creator_network,CA
CUST_004500,2024-12-29 13:31:09,meta_ads,US
CUST_004501,2025-05-10 06:19:08,organic_search,US
CUST_004502,2025-03-12 17:22:06,creator_network,US
CUST_004503,2024-09-09 01:29:47,organic_search,GB
CUST_004504,2024-01-09 09:11:39,google_ads,US
CUST_004505,2025-02-25 00:37:55,organic_search,US
CUST_004506,2024-09-12 01:46:25,organic_search,DE
CUST_004507,2025-07-01 00:59:29,google_ads,US
CUST_004508,2024-01-23 14:46:10,google_ads,US
CUST_004509,2025-04-25 19:50:27,direct,US
CUST_004510,2025-11-16 08:46:40,creator_network,US
CUST_004511,2024-06-09 07:20:25,direct,DE
CUST_004512,2025-02-19 22:15:02,creator_network,GB
CUST_004513,2024-04-01 13:58:15,google_ads,US
CUST_004514,2025-05-17 06:39:18,meta_ads,CA
CUST_004515,2025-03-24 06:03:48,meta_ads,US
CUST_004516,2024-12-07 15:42:45,direct,US
CUST_004517,2025-03-22 07:46:02,meta_ads,US
CUST_004518,2025-11-02 17:48:19,meta_ads,US
CUST_004519,2024-07-25 18:44:55,creator_network,US
CUST_004520,2024-01-17 16:51:15,creator_network,CA
CUST_004521,2025-10-18 21:36:27,meta_ads,US
CUST_004522,2025-04-11 13:14:47,meta_ads,GB
CUST_004523,2025-10-18 03:12:49,google_ads,US
CUST_004524,2025-04-16 10:36:13,meta_ads,DE
CUST_004525,2025-09-30 09:38:28,creator_network,US
CUST_004526,2025-01-25 03:19:49,meta_ads,GB
CUST_004527,2025-08-28 10:56:38,organic_search,US
CUST_004528,2025-11-04 09:13:51,organic_search,GB
CUST_004529,2025-04-24 15:55:59,creator_network,US
CUST_004530,2024-06-08 18:39:09,meta_ads,US
CUST_004531,2024-09-15 11:34:59,google_ads,CA
CUST_004532,2024-07-10 11:07:04,google_ads,US
CUST_004533,2024-08-18 19:05:46,meta_ads,CA
CUST_004534,2024-10-18 10:38:04,organic_search,US
CUST_004535,2025-04-03 15:10:39,google_ads,US
CUST_004536,2025-04-06 05:11:03,organic_search,US
CUST_004537,2025-01-16 02:01:45,meta_ads,CA
CUST_004538,2025-05-27 17:46:46,meta_ads,US
CUST_004539,2024-03-26 23:03:54,direct,GB
CUST_004540,2024-03-09 01:58:29,google_ads,GB
CUST_004541,2024-06-28 22:32:54,google_ads,CA
CUST_004542,2025-03-19 05:47:23,google_ads,US
CUST_004543,2024-07-26 20:15:17,meta_ads,US
CUST_004544,2024-09-15 19:50:07,creator_network,GB
CUST_004545,2024-12-06 13:47:27,meta_ads,US
CUST_004546,2025-09-24 04:20:50,google_ads,US
CUST_004547,2024-01-25 19:36:39,google_ads,US
CUST_004548,2025-06-26 04:36:30,organic_search,DE
CUST_004549,2025-06-22 15:12:10,google_ads,CA
CUST_004550,2025-09-29 04:21:52,meta_ads,US
CUST_004551,2025-11-29 17:02:12,google_ads,US
CUST_004552,2024-01-24 23:28:37,meta_ads,GB
CUST_004553,2024-05-13 16:16:23,meta_ads,GB
CUST_004554,2025-10-15 09:56:21,meta_ads,US
CUST_004555,2025-01-09 22:06:41,google_ads,US
CUST_004556,2025-04-18 18:24:40,meta_ads,US
CUST_004557,2025-06-12 18:40:40,google_ads,US
CUST_004558,2025-06-01 14:11:48,direct,US
CUST_004559,2025-11-13 01:10:14,creator_network,US
CUST_004560,2025-12-06 21:23:58,meta_ads,GB
CUST_004561,2025-07-11 02:46:47,meta_ads,US
CUST_004562,2024-09-10 07:50:05,creator_network,US
CUST_004563,2025-10-16 07:45:47,organic_search,US
CUST_004564,2024-02-01 13:06:37,meta_ads,US
CUST_004565,2024-08-13 05:54:06,organic_search,US
CUST_004566,2025-11-14 02:09:07,google_ads,US
CUST_004567,2024-08-03 22:32:12,google_ads,US
CUST_004568,2024-07-04 23:13:07,direct,US
CUST_004569,2024-05-25 19:47:50,creator_network,CA
CUST_004570,2025-10-07 23:11:39,organic_search,GB
CUST_004571,2025-02-24 17:51:43,meta_ads,US
CUST_004572,2025-06-17 15:20:57,google_ads,US
CUST_004573,2024-08-17 15:28:17,google_ads,US
CUST_004574,2025-08-17 12:28:37,meta_ads,CA
CUST_004575,2025-08-25 16:23:44,google_ads,DE
CUST_004576,2024-10-07 15:17:58,meta_ads,US
CUST_004577,2024-12-16 12:09:08,meta_ads,US
CUST_004578,2024-07-29 12:40:38,meta_ads,US
CUST_004579,2025-12-28 07:46:20,creator_network,US
CUST_004580,2025-06-04 07:14:46,organic_search,US
CUST_004581,2025-11-20 12:01:18,google_ads,US
CUST_004582,2024-10-26 18:05:58,google_ads,US
CUST_004583,2025-08-05 17:40:36,meta_ads,US
CUST_004584,2025-08-27 04:33:23,organic_search,US
CUST_004585,2025-07-19 11:18:11,google_ads,CA
CUST_004586,2025-12-30 16:55:01,creator_network,US
CUST_004587,2024-12-15 11:15:03,creator_network,US
CUST_004588,2024-05-08 14:02:50,meta_ads,CA
CUST_004589,2025-06-16 22:51:18,google_ads,US
CUST_004590,2025-07-03 05:09:21,direct,US
CUST_004591,2025-04-08 00:04:23,meta_ads,US
CUST_004592,2024-07-31 01:50:46,creator_network,US
CUST_004593,2025-02-22 07:13:32,direct,US
CUST_004594,2024-10-22 22:11:29,meta_ads,US
CUST_004595,2025-01-02 11:38:17,organic_search,US
CUST_004596,2025-06-27 19:49:45,direct,US
CUST_004597,2025-08-15 03:50:07,creator_network,US
CUST_004598,2024-08-01 12:47:42,meta_ads,US
CUST_004599,2024-12-10 20:01:51,meta_ads,US
CUST_004600,2024-09-01 14:48:03,meta_ads,US
CUST_004601,2024-07-02 22:11:44,organic_search,CA
CUST_004602,2025-08-28 08:08:37,organic_search,US
CUST_004603,2025-11-24 22:34:02,google_ads,US
CUST_004604,2024-11-27 16:12:37,meta_ads,US
CUST_004605,2025-08-06 03:20:34,meta_ads,US
CUST_004606,2025-11-16 18:11:36,creator_network,US
CUST_004607,2025-10-24 11:02:15,creator_network,US
CUST_004608,2024-06-16 22:54:34,organic_search,CA
CUST_004609,2025-12-11 08:11:36,creator_network,US
CUST_004610,2024-11-22 17:49:40,organic_search,US
CUST_004611,2024-10-04 13:14:38,creator_network,US
CUST_004612,2024-03-29 23:23:44,google_ads,US
CUST_004613,2025-02-03 22:31:42,google_ads,US
CUST_004614,2024-04-23 04:27:37,organic_search,US
CUST_004615,2024-08-31 13:48:44,creator_network,US
CUST_004616,2024-10-09 12:01:32,google_ads,CA
CUST_004617,2025-09-15 23:32:11,meta_ads,US
CUST_004618,2025-10-03 18:52:34,meta_ads,US
CUST_004619,2024-10-13 09:53:38,google_ads,US
CUST_004620,2025-10-02 12:48:56,meta_ads,US
CUST_004621,2025-10-13 07:02:02,meta_ads,US
CUST_004622,2025-08-05 06:06:56,google_ads,US
CUST_004623,2024-05-16 06:08:57,meta_ads,US
CUST_004624,2025-06-18 06:01:56,organic_search,US
CUST_004625,2025-11-25 10:42:38,google_ads,US
CUST_004626,2025-06-22 22:56:33,google_ads,US
CUST_004627,2024-10-27 17:39:40,meta_ads,GB
CUST_004628,2025-02-19 09:30:12,meta_ads,GB
CUST_004629,2025-06-16 01:26:19,google_ads,GB
CUST_004630,2025-03-30 15:39:24,organic_search,US
CUST_004631,2024-04-05 21:49:07,creator_network,US
CUST_004632,2024-10-11 06:11:34,meta_ads,US
CUST_004633,2025-09-03 22:05:32,google_ads,US
CUST_004634,2025-10-06 15:16:46,meta_ads,US
CUST_004635,2024-05-29 10:23:31,direct,US
CUST_004636,2025-12-19 09:17:08,direct,CA
CUST_004637,2024-10-09 08:26:01,google_ads,US
CUST_004638,2025-06-14 06:29:14,creator_network,US
CUST_004639,2025-08-26 03:20:41,organic_search,US
CUST_004640,2025-09-23 15:34:27,creator_network,US
CUST_004641,2025-11-06 10:48:01,creator_network,US
CUST_004642,2024-10-03 00:49:00,direct,GB
CUST_004643,2025-10-07 17:55:56,google_ads,US
CUST_004644,2024-05-03 04:58:06,google_ads,DE
CUST_004645,2025-07-05 18:41:46,organic_search,US
CUST_004646,2025-08-04 02:43:07,creator_network,US
CUST_004647,2025-06-06 01:00:58,creator_network,CA
CUST_004648,2024-08-18 23:19:49,meta_ads,US
CUST_004649,2025-10-19 06:22:27,meta_ads,US
CUST_004650,2024-06-16 05:23:52,meta_ads,US
CUST_004651,2024-02-11 10:48:12,google_ads,US
CUST_004652,2025-07-08 02:18:21,google_ads,US
CUST_004653,2025-02-16 22:15:10,direct,US
CUST_004654,2025-10-07 08:03:19,google_ads,US
CUST_004655,2024-12-29 20:36:28,creator_network,GB
CUST_004656,2024-06-08 05:13:14,meta_ads,US
CUST_004657,2025-09-02 20:36:10,organic_search,US
CUST_004658,2025-03-24 01:00:04,google_ads,DE
CUST_004659,2024-06-05 17:25:36,creator_network,US
CUST_004660,2025-07-30 15:37:21,meta_ads,US
CUST_004661,2025-03-24 00:26:36,google_ads,US
CUST_004662,2025-05-14 02:42:37,google_ads,US
CUST_004663,2025-01-29 07:11:57,google_ads,US
CUST_004664,2025-09-14 09:15:06,organic_search,GB
CUST_004665,2025-09-09 07:51:41,organic_search,US
CUST_004666,2025-07-18 22:33:13,direct,US
CUST_004667,2024-04-14 19:30:43,creator_network,US
CUST_004668,2025-09-10 14:26:56,direct,US
CUST_004669,2025-06-10 19:20:38,organic_search,US
CUST_004670,2025-07-20 13:50:03,meta_ads,CA
CUST_004671,2024-11-23 22:58:41,google_ads,CA
CUST_004672,2025-10-29 22:32:57,meta_ads,US
CUST_004673,2025-07-13 23:11:12,meta_ads,DE
CUST_004674,2024-04-09 18:45:58,meta_ads,US
CUST_004675,2024-12-29 08:37:21,meta_ads,US
CUST_004676,2025-10-21 01:59:10,creator_network,US
CUST_004677,2024-02-07 06:12:26,google_ads,US
CUST_004678,2025-12-24 01:00:39,meta_ads,US
CUST_004679,2025-06-19 18:26:26,creator_network,US
CUST_004680,2025-05-10 20:01:51,organic_search,US
CUST_004681,2024-09-01 16:23:29,direct,US
CUST_004682,2024-08-10 04:58:48,google_ads,US
CUST_004683,2025-11-02 05:03:19,google_ads,US
CUST_004684,2024-09-11 19:49:44,meta_ads,US
CUST_004685,2025-08-03 21:11:28,meta_ads,US
CUST_004686,2024-12-21 12:25:38,meta_ads,CA
CUST_004687,2024-05-22 22:37:50,google_ads,US
CUST_004688,2024-01-06 10:51:41,direct,US
CUST_004689,2025-03-31 16:23:56,meta_ads,US
CUST_004690,2025-12-21 19:45:29,meta_ads,US
CUST_004691,2024-11-05 20:38:15,meta_ads,GB
CUST_004692,2024-11-07 16:48:07,creator_network,US
CUST_004693,2024-11-27 05:09:40,meta_ads,US
CUST_004694,2025-03-27 01:18:52,google_ads,US
CUST_004695,2025-01-31 20:52:04,meta_ads,US
CUST_004696,2025-10-03 09:03:59,google_ads,CA
CUST_004697,2025-02-03 13:52:47,meta_ads,US
CUST_004698,2025-03-08 10:27:46,google_ads,US
CUST_004699,2024-05-10 12:59:10,meta_ads,US
CUST_004700,2025-12-06 05:14:28,creator_network,US
CUST_004701,2024-08-17 12:45:55,google_ads,US
CUST_004702,2024-03-17 07:54:38,creator_network,US
CUST_004703,2025-06-28 08:01:37,google_ads,US
CUST_004704,2025-04-22 12:27:10,google_ads,US
CUST_004705,2024-12-01 18:54:21,meta_ads,GB
CUST_004706,2025-01-19 12:22:48,google_ads,US
CUST_004707,2025-08-23 17:40:07,google_ads,US
CUST_004708,2024-07-05 22:17:04,google_ads,US
CUST_004709,2025-09-30 20:05:02,creator_network,US
CUST_004710,2025-06-21 02:02:33,organic_search,US
CUST_004711,2024-12-20 00:00:13,creator_network,US
CUST_004712,2025-01-20 21:28:24,meta_ads,US
CUST_004713,2024-08-24 00:54:50,google_ads,US
CUST_004714,2025-08-03 11:18:18,meta_ads,US
CUST_004715,2025-03-27 19:18:29,creator_network,US
CUST_004716,2024-10-18 12:30:18,google_ads,US
CUST_004717,2025-04-06 15:25:29,meta_ads,US
CUST_004718,2025-12-11 20:17:59,organic_search,US
CUST_004719,2025-01-14 22:30:58,google_ads,US
CUST_004720,2025-11-22 05:22:23,meta_ads,US
CUST_004721,2024-11-22 04:58:44,meta_ads,DE
CUST_004722,2024-02-13 17:53:27,google_ads,US
CUST_004723,2024-07-23 19:57:36,direct,US
CUST_004724,2024-12-23 11:32:53,google_ads,US
CUST_004725,2024-07-13 14:49:46,direct,US
CUST_004726,2024-01-02 23:06:49,meta_ads,US
CUST_004727,2025-11-28 03:03:35,google_ads,CA
CUST_004728,2025-10-17 03:38:16,creator_network,US
CUST_004729,2025-08-08 15:35:56,google_ads,DE
CUST_004730,2024-06-05 13:29:08,meta_ads,US
CUST_004731,2024-04-25 21:21:27,google_ads,US
CUST_004732,2024-03-26 22:15:17,google_ads,US
CUST_004733,2025-07-26 15:45:46,creator_network,US
CUST_004734,2025-11-26 09:51:44,creator_network,US
CUST_004735,2025-01-25 06:57:47,creator_network,US
CUST_004736,2024-04-21 06:59:27,creator_network,US
CUST_004737,2025-03-27 18:37:08,meta_ads,US
CUST_004738,2024-11-11 07:00:04,google_ads,US
CUST_004739,2024-11-03 12:57:42,creator_network,US
CUST_004740,2025-05-11 00:18:13,direct,DE
CUST_004741,2025-07-29 11:29:52,meta_ads,US
CUST_004742,2024-04-25 20:34:06,google_ads,US
CUST_004743,2024-02-29 08:38:27,meta_ads,US
CUST_004744,2025-12-07 06:50:46,meta_ads,US
CUST_004745,2024-08-02 17:13:58,google_ads,US
CUST_004746,2024-02-11 00:31:09,google_ads,US
CUST_004747,2024-06-10 12:18:31,meta_ads,US
CUST_004748,2024-02-27 13:55:05,creator_network,US
CUST_004749,2024-12-28 14:36:38,organic_search,US
CUST_004750,2025-09-07 05:13:44,direct,US
CUST_004751,2024-11-28 01:57:58,meta_ads,US
CUST_004752,2025-01-30 10:20:12,google_ads,DE
CUST_004753,2025-06-17 17:43:23,google_ads,GB
CUST_004754,2025-03-16 21:35:16,meta_ads,DE
CUST_004755,2025-10-26 03:22:08,google_ads,US
CUST_004756,2025-10-31 07:39:38,creator_network,US
CUST_004757,2024-01-30 16:08:56,meta_ads,US
CUST_004758,2025-08-03 10:16:09,direct,DE
CUST_004759,2025-01-18 03:35:29,organic_search,US
CUST_004760,2025-12-30 13:27:04,creator_network,US
CUST_004761,2025-02-23 09:10:25,creator_network,US
CUST_004762,2025-12-14 00:17:26,google_ads,US
CUST_004763,2025-08-03 14:47:09,creator_network,US
CUST_004764,2024-08-16 22:46:08,google_ads,GB
CUST_004765,2025-03-15 05:35:25,organic_search,US
CUST_004766,2025-12-07 19:49:19,meta_ads,US
CUST_004767,2025-10-16 10:00:20,meta_ads,CA
CUST_004768,2024-04-06 06:53:29,google_ads,US
CUST_004769,2025-07-26 02:31:08,meta_ads,US
CUST_004770,2024-11-03 22:00:35,google_ads,US
CUST_004771,2024-01-08 17:12:43,google_ads,US
CUST_004772,2024-12-24 07:27:12,organic_search,US
CUST_004773,2024-08-27 09:33:53,google_ads,US
CUST_004774,2025-09-26 20:35:44,meta_ads,US
CUST_004775,2024-10-17 09:40:20,meta_ads,US
CUST_004776,2025-09-24 16:39:58,google_ads,US
CUST_004777,2024-01-15 08:18:42,google_ads,US
CUST_004778,2024-10-19 13:45:41,creator_network,US
CUST_004779,2024-08-08 07:03:14,meta_ads,US
CUST_004780,2024-08-17 14:23:26,meta_ads,CA
CUST_004781,2024-03-11 23:23:59,meta_ads,US
CUST_004782,2024-06-28 10:48:40,meta_ads,US
CUST_004783,2025-04-08 18:54:01,google_ads,US
CUST_004784,2024-09-23 18:01:58,creator_network,US
CUST_004785,2024-12-12 22:46:15,meta_ads,US
CUST_004786,2024-11-22 23:53:58,google_ads,US
CUST_004787,2025-10-04 10:04:17,google_ads,US
CUST_004788,2025-11-02 22:25:37,meta_ads,CA
CUST_004789,2025-02-19 15:52:01,creator_network,US
CUST_004790,2024-10-09 00:40:10,google_ads,US
CUST_004791,2024-04-27 05:58:35,google_ads,US
CUST_004792,2025-12-17 11:01:35,organic_search,US
CUST_004793,2024-03-15 10:46:25,meta_ads,US
CUST_004794,2024-09-30 14:55:37,organic_search,US
CUST_004795,2024-09-12 20:45:22,google_ads,US
CUST_004796,2024-10-01 19:36:50,google_ads,US
CUST_004797,2024-06-13 23:57:33,organic_search,US
CUST_004798,2025-08-03 05:22:32,organic_search,US
CUST_004799,2024-04-06 00:44:19,google_ads,US
CUST_004800,2025-05-29 04:53:52,creator_network,US
CUST_004801,2024-05-11 05:39:37,google_ads,US
CUST_004802,2024-03-17 15:36:13,google_ads,GB
CUST_004803,2025-11-04 12:32:40,meta_ads,DE
CUST_004804,2024-06-03 22:48:17,meta_ads,CA
CUST_004805,2025-09-07 06:30:19,organic_search,GB
CUST_004806,2025-03-06 09:52:37,meta_ads,US
CUST_004807,2024-03-22 12:21:56,meta_ads,GB
CUST_004808,2025-12-20 06:57:45,creator_network,US
CUST_004809,2024-08-29 22:23:28,meta_ads,US
CUST_004810,2025-10-24 19:40:47,meta_ads,US
CUST_004811,2024-06-29 19:20:56,google_ads,GB
CUST_004812,2025-10-23 12:40:54,google_ads,DE
CUST_004813,2024-01-14 07:05:34,creator_network,US
CUST_004814,2025-03-28 09:48:26,google_ads,US
CUST_004815,2025-08-12 19:55:17,google_ads,US
CUST_004816,2025-11-10 16:06:31,creator_network,DE
CUST_004817,2025-11-04 22:01:56,google_ads,US
CUST_004818,2025-09-13 08:36:18,google_ads,US
CUST_004819,2025-10-08 07:28:21,organic_search,US
CUST_004820,2024-07-25 23:12:23,google_ads,US
CUST_004821,2024-09-16 02:35:32,google_ads,US
CUST_004822,2024-09-13 01:18:02,meta_ads,GB
CUST_004823,2024-11-25 00:10:13,google_ads,US
CUST_004824,2024-12-21 17:04:57,meta_ads,US
CUST_004825,2025-03-11 05:34:43,google_ads,US
CUST_004826,2024-06-30 19:53:25,organic_search,DE
CUST_004827,2025-06-11 03:00:19,google_ads,US
CUST_004828,2024-06-24 08:06:13,meta_ads,US
CUST_004829,2024-10-06 07:28:40,creator_network,CA
CUST_004830,2025-02-07 19:52:12,meta_ads,CA
CUST_004831,2025-09-10 05:54:18,creator_network,US
CUST_004832,2025-07-06 05:20:19,google_ads,US
CUST_004833,2025-06-06 19:21:47,meta_ads,US
CUST_004834,2024-05-14 22:55:54,organic_search,US
CUST_004835,2025-03-19 16:57:13,meta_ads,US
CUST_004836,2024-03-26 05:15:57,direct,US
CUST_004837,2024-11-22 17:47:54,meta_ads,US
CUST_004838,2024-12-20 04:45:51,meta_ads,US
CUST_004839,2024-02-11 21:23:31,meta_ads,CA
CUST_004840,2024-09-07 18:26:37,meta_ads,US
CUST_004841,2025-12-30 10:49:58,creator_network,US
CUST_004842,2025-12-02 15:56:09,creator_network,DE
CUST_004843,2024-11-19 23:59:37,creator_network,CA
CUST_004844,2024-02-08 05:05:50,meta_ads,US
CUST_004845,2024-06-13 23:21:02,google_ads,CA
CUST_004846,2024-12-26 14:44:58,creator_network,US
CUST_004847,2025-12-18 12:42:22,google_ads,US
CUST_004848,2024-05-08 05:31:11,creator_network,US
CUST_004849,2025-08-19 00:51:18,google_ads,US
CUST_004850,2024-04-26 21:34:14,meta_ads,US
CUST_004851,2025-12-24 10:17:42,creator_network,US
CUST_004852,2024-12-08 10:12:28,creator_network,US
CUST_004853,2025-08-02 12:24:49,creator_network,US
CUST_004854,2024-11-11 02:57:27,meta_ads,DE
CUST_004855,2025-05-18 22:26:21,meta_ads,CA
CUST_004856,2024-07-19 18:26:00,google_ads,US
CUST_004857,2024-05-02 05:10:16,meta_ads,US
CUST_004858,2025-11-26 02:06:45,meta_ads,US
CUST_004859,2025-11-20 22:19:08,organic_search,US
CUST_004860,2025-10-10 11:15:38,google_ads,DE
CUST_004861,2025-05-06 02:23:32,google_ads,US
CUST_004862,2025-09-21 07:22:39,meta_ads,US
CUST_004863,2024-03-08 11:29:53,organic_search,CA
CUST_004864,2024-10-14 01:09:25,meta_ads,GB
CUST_004865,2024-10-06 14:23:10,creator_network,US
CUST_004866,2025-05-21 04:59:59,direct,US
CUST_004867,2024-11-01 12:54:21,creator_network,US
CUST_004868,2024-05-24 09:24:50,direct,US
CUST_004869,2025-04-18 22:07:19,creator_network,US
CUST_004870,2025-09-19 13:22:29,meta_ads,GB
CUST_004871,2024-12-13 07:41:23,meta_ads,US
CUST_004872,2024-05-19 22:02:10,meta_ads,GB
CUST_004873,2024-07-16 14:06:04,meta_ads,US
CUST_004874,2024-08-22 12:30:31,creator_network,GB
CUST_004875,2024-09-26 18:57:49,meta_ads,GB
CUST_004876,2025-05-10 06:13:45,organic_search,US
CUST_004877,2025-05-02 14:21:04,meta_ads,US
CUST_004878,2025-07-02 09:27:22,google_ads,US
CUST_004879,2024-11-21 04:33:21,direct,US
CUST_004880,2025-09-05 19:37:37,meta_ads,US
CUST_004881,2024-07-18 11:32:05,creator_network,DE
CUST_004882,2025-02-09 08:59:58,creator_network,US
CUST_004883,2025-09-08 06:02:35,meta_ads,US
CUST_004884,2024-06-07 02:56:41,google_ads,CA
CUST_004885,2024-04-19 12:59:47,meta_ads,US
CUST_004886,2025-10-06 08:18:33,creator_network,GB
CUST_004887,2024-11-23 14:24:53,google_ads,US
CUST_004888,2025-06-16 13:51:54,google_ads,US
CUST_004889,2024-01-07 03:30:24,creator_network,US
CUST_004890,2025-06-07 18:03:45,meta_ads,US
CUST_004891,2024-10-19 08:38:24,creator_network,US
CUST_004892,2024-02-05 09:59:13,organic_search,US
CUST_004893,2025-05-06 04:51:01,organic_search,US
CUST_004894,2024-08-16 03:45:01,creator_network,US
CUST_004895,2024-12-27 21:29:06,google_ads,US
CUST_004896,2024-03-29 08:27:40,direct,CA
CUST_004897,2024-05-28 16:39:30,meta_ads,US
CUST_004898,2024-09-03 19:31:49,google_ads,CA
CUST_004899,2024-03-24 12:46:17,meta_ads,US
CUST_004900,2025-11-28 17:17:24,direct,US
CUST_004901,2024-01-16 09:28:16,creator_network,US
CUST_004902,2025-02-03 21:36:06,creator_network,US
CUST_004903,2024-05-06 15:45:23,meta_ads,CA
CUST_004904,2024-10-26 15:12:14,creator_network,DE
CUST_004905,2025-11-05 23:21:15,creator_network,US
CUST_004906,2024-06-06 17:43:30,creator_network,US
CUST_004907,2025-12-10 08:20:22,meta_ads,GB
CUST_004908,2024-07-01 21:41:41,google_ads,US
CUST_004909,2025-08-06 22:52:13,meta_ads,US
CUST_004910,2025-03-01 22:56:15,google_ads,CA
CUST_004911,2025-10-01 05:14:23,meta_ads,US
CUST_004912,2025-04-04 06:11:45,meta_ads,GB
CUST_004913,2025-03-05 10:06:14,meta_ads,GB
CUST_004914,2024-07-21 08:49:27,meta_ads,US
CUST_004915,2024-06-05 04:38:19,meta_ads,US
CUST_004916,2025-11-29 06:13:45,organic_search,DE
CUST_004917,2024-10-13 09:31:22,google_ads,US
CUST_004918,2024-11-04 14:08:02,google_ads,US
CUST_004919,2025-08-16 09:54:52,google_ads,US
CUST_004920,2024-10-31 06:13:43,google_ads,US
CUST_004921,2025-12-26 13:57:41,direct,GB
CUST_004922,2025-07-24 07:41:32,meta_ads,US
CUST_004923,2025-05-02 21:00:58,meta_ads,US
CUST_004924,2025-10-29 01:15:01,direct,US
CUST_004925,2024-02-08 02:01:29,meta_ads,GB
CUST_004926,2024-08-08 01:59:50,meta_ads,US
CUST_004927,2025-02-06 10:07:20,meta_ads,US
CUST_004928,2024-07-26 00:40:45,meta_ads,US
CUST_004929,2025-08-28 15:06:26,direct,CA
CUST_004930,2025-11-04 09:29:55,meta_ads,US
CUST_004931,2025-01-05 19:48:21,direct,US
CUST_004932,2024-11-13 20:44:33,direct,US
CUST_004933,2025-12-20 19:13:48,google_ads,US
CUST_004934,2025-01-03 11:04:26,meta_ads,US
CUST_004935,2025-02-24 17:21:59,meta_ads,CA
CUST_004936,2024-11-15 03:13:10,google_ads,US
CUST_004937,2025-11-30 05:33:10,google_ads,US
CUST_004938,2025-04-01 19:29:12,google_ads,US
CUST_004939,2025-08-29 20:26:28,google_ads,US
CUST_004940,2025-09-03 16:30:37,direct,US
CUST_004941,2024-11-13 02:11:05,google_ads,CA
CUST_004942,2025-01-02 12:47:37,creator_network,US
CUST_004943,2025-10-28 10:23:42,organic_search,US
CUST_004944,2024-11-18 14:00:50,meta_ads,US
CUST_004945,2025-09-19 22:30:43,meta_ads,US
CUST_004946,2025-11-08 21:06:32,meta_ads,US
CUST_004947,2025-05-06 03:18:19,meta_ads,GB
CUST_004948,2025-08-28 06:33:04,google_ads,US
CUST_004949,2025-09-12 19:56:20,meta_ads,US
CUST_004950,2025-10-31 15:12:11,google_ads,US
CUST_004951,2024-12-17 20:26:21,direct,US
CUST_004952,2024-02-29 06:39:21,meta_ads,GB
CUST_004953,2024-12-31 21:57:26,google_ads,US
CUST_004954,2025-06-01 06:53:45,meta_ads,US
CUST_004955,2025-01-05 10:25:04,meta_ads,US
CUST_004956,2025-08-02 13:01:23,google_ads,US
CUST_004957,2024-11-25 07:51:39,direct,GB
CUST_004958,2025-05-24 01:16:16,google_ads,US
CUST_004959,2024-06-06 21:12:30,meta_ads,US
CUST_004960,2025-08-23 21:25:32,google_ads,US
CUST_004961,2025-03-25 16:30:18,meta_ads,US
CUST_004962,2024-07-31 00:18:05,meta_ads,US
CUST_004963,2024-09-09 00:24:47,google_ads,US
CUST_004964,2025-08-30 22:38:11,meta_ads,US
CUST_004965,2025-02-10 12:52:49,google_ads,GB
CUST_004966,2024-07-18 05:46:06,google_ads,US
CUST_004967,2025-12-14 00:51:19,google_ads,US
CUST_004968,2025-07-08 18:48:42,meta_ads,US
CUST_004969,2025-12-29 02:36:38,direct,GB
CUST_004970,2025-01-13 13:44:16,meta_ads,US
CUST_004971,2025-02-03 06:08:31,creator_network,US
CUST_004972,2025-11-19 14:36:22,meta_ads,US
CUST_004973,2025-03-14 13:10:30,google_ads,US
CUST_004974,2025-07-14 04:41:28,google_ads,US
CUST_004975,2024-08-05 10:02:54,meta_ads,DE
CUST_004976,2025-01-29 12:07:44,meta_ads,CA
CUST_004977,2024-05-05 13:13:54,meta_ads,US
CUST_004978,2024-07-02 10:38:11,organic_search,GB
CUST_004979,2024-01-20 14:55:26,creator_network,US
CUST_004980,2024-02-16 10:18:03,meta_ads,US
CUST_004981,2025-12-24 14:58:51,google_ads,US
CUST_004982,2024-08-15 14:12:01,organic_search,CA
CUST_004983,2025-06-27 00:29:19,creator_network,US
CUST_004984,2025-09-21 08:14:35,meta_ads,US
CUST_004985,2025-03-07 03:07:06,organic_search,US
CUST_004986,2024-05-08 00:20:34,meta_ads,US
CUST_004987,2025-07-05 13:50:26,google_ads,US
CUST_004988,2025-05-02 18:33:24,google_ads,US
CUST_004989,2025-07-16 01:09:54,organic_search,US
CUST_004990,2025-08-15 02:50:51,direct,US
CUST_004991,2025-12-30 18:59:56,direct,CA
CUST_004992,2025-04-19 19:34:26,meta_ads,US
CUST_004993,2024-11-21 03:48:48,direct,US
CUST_004994,2025-06-26 21:40:19,meta_ads,CA
CUST_004995,2024-03-16 20:44:23,meta_ads,US
CUST_004996,2025-11-29 18:53:29,google_ads,US
CUST_004997,2024-04-23 11:14:56,google_ads,US
CUST_004998,2024-10-14 12:45:42,google_ads,US
CUST_004999,2025-09-25 10:20:39,google_ads,DE
CUST_005000,2025-05-04 04:46:11,direct,US
CUST_005001,2024-12-03 06:28:09,meta_ads,US
CUST_005002,2025-02-21 12:32:34,meta_ads,US
CUST_005003,2025-10-15 19:17:47,direct,US
CUST_005004,2024-10-17 07:16:16,meta_ads,US
CUST_005005,2025-10-14 12:35:05,google_ads,US
CUST_005006,2024-03-02 12:27:07,creator_network,CA
CUST_005007,2025-08-15 12:12:10,google_ads,US
CUST_005008,2025-10-31 00:57:42,creator_network,US
CUST_005009,2024-06-11 14:01:19,meta_ads,US
CUST_005010,2025-01-25 12:33:10,organic_search,CA
CUST_005011,2024-06-25 13:24:02,meta_ads,US
CUST_005012,2025-07-24 03:24:48,google_ads,US
CUST_005013,2025-03-29 07:53:11,meta_ads,CA
CUST_005014,2025-05-08 14:35:50,google_ads,CA
CUST_005015,2024-07-31 00:01:18,creator_network,US
CUST_005016,2024-07-22 02:29:37,direct,US
CUST_005017,2024-02-27 19:47:45,creator_network,US
CUST_005018,2024-10-07 18:41:41,google_ads,US
CUST_005019,2025-04-18 23:30:50,direct,US
CUST_005020,2025-10-12 11:16:33,google_ads,US
CUST_005021,2025-06-27 16:52:45,google_ads,US
CUST_005022,2025-01-21 22:51:43,google_ads,US
CUST_005023,2025-12-02 12:34:02,google_ads,US
CUST_005024,2025-07-01 02:06:26,organic_search,DE
CUST_005025,2025-11-16 16:57:56,meta_ads,GB
CUST_005026,2025-03-20 04:10:20,google_ads,GB
CUST_005027,2024-08-04 20:50:43,creator_network,US
CUST_005028,2024-02-13 19:47:24,organic_search,CA
CUST_005029,2025-07-30 08:49:42,organic_search,US
CUST_005030,2024-04-10 23:40:40,google_ads,US
CUST_005031,2024-10-22 09:51:43,google_ads,US
CUST_005032,2025-03-21 14:46:40,google_ads,US
CUST_005033,2025-04-19 09:30:32,google_ads,US
CUST_005034,2025-05-22 11:55:14,organic_search,US
CUST_005035,2024-06-15 13:33:06,direct,US
CUST_005036,2024-11-26 08:19:55,organic_search,US
CUST_005037,2025-05-11 13:41:42,meta_ads,US
CUST_005038,2025-12-15 20:46:46,organic_search,US
CUST_005039,2025-07-26 14:45:20,direct,US
CUST_005040,2025-11-21 02:02:37,meta_ads,CA
CUST_005041,2025-08-08 22:05:07,google_ads,GB
CUST_005042,2025-04-15 01:16:04,creator_network,US
CUST_005043,2024-07-03 05:34:22,google_ads,CA
CUST_005044,2025-06-26 02:30:44,direct,DE
CUST_005045,2025-05-17 06:18:37,google_ads,US
CUST_005046,2025-05-04 19:26:50,creator_network,US
CUST_005047,2025-02-08 22:16:45,creator_network,US
CUST_005048,2025-03-28 10:29:47,google_ads,GB
CUST_005049,2024-10-09 22:57:59,organic_search,US
CUST_005050,2025-03-23 06:55:00,google_ads,US
CUST_005051,2024-07-17 16:05:24,google_ads,US
CUST_005052,2025-09-08 12:23:07,meta_ads,US
CUST_005053,2024-06-21 11:35:31,google_ads,US
CUST_005054,2024-03-29 21:52:59,creator_network,US
CUST_005055,2025-01-03 14:47:26,direct,CA
CUST_005056,2025-06-05 12:55:58,meta_ads,DE
CUST_005057,2025-01-10 23:51:33,meta_ads,US
CUST_005058,2024-09-11 17:41:07,meta_ads,US
CUST_005059,2025-04-16 02:25:18,creator_network,US
CUST_005060,2024-11-04 04:50:55,direct,US
CUST_005061,2025-11-23 18:07:17,google_ads,US
CUST_005062,2025-11-02 00:59:37,google_ads,GB
CUST_005063,2025-02-14 03:58:42,google_ads,US
CUST_005064,2024-10-22 14:17:22,meta_ads,US
CUST_005065,2025-07-20 20:57:27,creator_network,US
CUST_005066,2024-02-23 13:14:32,google_ads,US
CUST_005067,2025-02-17 00:49:53,creator_network,US
CUST_005068,2024-10-11 12:25:38,organic_search,US
CUST_005069,2025-11-28 15:37:27,creator_network,US
CUST_005070,2024-01-11 08:01:46,creator_network,US
CUST_005071,2025-04-29 18:16:08,direct,US
CUST_005072,2025-08-18 03:57:12,direct,US
CUST_005073,2025-02-22 07:05:19,google_ads,US
CUST_005074,2024-03-30 18:38:56,meta_ads,US
CUST_005075,2025-12-13 19:15:59,google_ads,US
CUST_005076,2025-03-04 17:51:47,creator_network,US
CUST_005077,2025-05-12 15:52:23,meta_ads,US
CUST_005078,2024-08-27 05:00:20,meta_ads,US
CUST_005079,2025-02-12 17:16:16,meta_ads,US
CUST_005080,2025-01-01 11:02:15,creator_network,GB
CUST_005081,2024-03-28 06:28:18,google_ads,US
CUST_005082,2024-04-22 11:46:51,meta_ads,US
CUST_005083,2025-09-23 15:44:28,meta_ads,US
CUST_005084,2024-08-12 03:14:11,creator_network,US
CUST_005085,2024-07-06 07:31:17,meta_ads,US
CUST_005086,2025-02-22 16:35:57,meta_ads,GB
CUST_005087,2025-08-27 05:28:02,creator_network,US
CUST_005088,2024-03-04 17:06:34,google_ads,US
CUST_005089,2025-04-07 03:33:30,meta_ads,US
CUST_005090,2024-04-20 08:25:35,google_ads,US
CUST_005091,2024-02-16 21:21:08,meta_ads,US
CUST_005092,2024-02-06 04:57:32,creator_network,US
CUST_005093,2025-09-07 17:07:43,meta_ads,US
CUST_005094,2024-04-21 12:19:57,meta_ads,US
CUST_005095,2024-02-13 11:37:40,creator_network,US
CUST_005096,2025-01-26 04:16:23,creator_network,US
CUST_005097,2025-10-09 13:30:16,meta_ads,US
CUST_005098,2024-08-31 18:37:04,meta_ads,US
CUST_005099,2024-12-05 20:27:00,organic_search,GB
CUST_005100,2024-02-17 19:56:16,creator_network,US
CUST_005101,2025-01-18 22:34:08,meta_ads,US
CUST_005102,2025-04-24 17:44:27,creator_network,US
CUST_005103,2025-04-06 12:16:04,meta_ads,US
CUST_005104,2024-10-22 11:07:27,google_ads,US
CUST_005105,2024-10-04 19:08:05,meta_ads,CA
CUST_005106,2024-04-30 17:16:54,google_ads,DE
CUST_005107,2024-11-19 01:56:58,meta_ads,US
CUST_005108,2024-04-16 00:06:29,google_ads,US
CUST_005109,2025-08-25 23:23:11,google_ads,GB
CUST_005110,2025-12-11 02:42:48,google_ads,US
CUST_005111,2025-12-28 03:05:17,meta_ads,CA
CUST_005112,2025-10-20 02:45:13,meta_ads,US
CUST_005113,2025-05-17 09:30:37,creator_network,US
CUST_005114,2025-07-21 01:28:52,meta_ads,DE
CUST_005115,2024-09-03 05:39:27,creator_network,US
CUST_005116,2025-05-08 14:51:20,meta_ads,US
CUST_005117,2025-01-13 19:57:43,google_ads,US
CUST_005118,2025-02-21 11:01:49,google_ads,US
CUST_005119,2025-08-17 18:52:13,direct,US
CUST_005120,2024-09-20 03:26:57,meta_ads,US
CUST_005121,2024-10-16 18:38:20,meta_ads,US
CUST_005122,2025-11-11 04:57:46,google_ads,US
CUST_005123,2024-02-03 11:53:57,direct,US
CUST_005124,2025-02-01 03:32:35,direct,US
CUST_005125,2025-11-12 18:57:14,google_ads,CA
CUST_005126,2025-05-18 16:18:15,google_ads,US
CUST_005127,2025-03-22 22:07:51,google_ads,US
CUST_005128,2024-08-23 22:49:51,google_ads,CA
CUST_005129,2024-11-04 04:11:57,google_ads,US
CUST_005130,2025-10-16 14:38:29,organic_search,US
CUST_005131,2025-04-16 18:42:43,creator_network,CA
CUST_005132,2025-03-17 01:59:44,google_ads,US
CUST_005133,2024-04-01 05:09:17,google_ads,CA
CUST_005134,2024-01-02 22:39:12,google_ads,DE
CUST_005135,2025-12-22 23:38:40,google_ads,US
CUST_005136,2024-11-14 01:18:13,google_ads,CA
CUST_005137,2025-05-19 09:03:25,meta_ads,US
CUST_005138,2024-03-14 22:44:20,meta_ads,US
CUST_005139,2025-06-05 10:52:55,google_ads,US
CUST_005140,2025-11-12 06:12:23,organic_search,GB
CUST_005141,2025-04-06 12:50:01,meta_ads,CA
CUST_005142,2024-05-02 09:33:05,google_ads,DE
CUST_005143,2025-04-15 00:31:39,meta_ads,US
CUST_005144,2025-08-20 03:53:03,meta_ads,GB
CUST_005145,2024-12-16 05:39:17,direct,US
CUST_005146,2025-10-22 12:21:27,organic_search,US
CUST_005147,2025-06-26 21:25:37,meta_ads,US
CUST_005148,2025-11-12 12:33:41,creator_network,US
CUST_005149,2025-05-16 14:05:11,meta_ads,US
CUST_005150,2024-05-19 08:03:42,direct,DE
CUST_005151,2024-10-12 23:06:09,meta_ads,US
CUST_005152,2024-07-03 06:19:51,meta_ads,US
CUST_005153,2025-11-02 12:04:38,google_ads,US
CUST_005154,2025-08-18 10:37:09,organic_search,US
CUST_005155,2025-06-13 08:42:54,meta_ads,US
CUST_005156,2024-09-04 06:23:00,creator_network,US
CUST_005157,2024-06-30 18:22:11,meta_ads,US
CUST_005158,2025-08-07 06:03:18,organic_search,US
CUST_005159,2025-02-03 02:39:49,meta_ads,US
CUST_005160,2024-07-26 13:23:42,organic_search,GB
CUST_005161,2025-05-03 15:43:35,google_ads,US
CUST_005162,2024-02-12 01:12:33,google_ads,GB
CUST_005163,2024-10-17 23:37:18,direct,US
CUST_005164,2025-02-26 11:49:06,direct,US
CUST_005165,2024-05-27 07:37:48,creator_network,US
CUST_005166,2025-12-20 20:09:59,meta_ads,US
CUST_005167,2024-07-20 03:03:44,google_ads,CA
CUST_005168,2024-05-12 16:59:54,google_ads,US
CUST_005169,2024-07-22 17:50:13,google_ads,US
CUST_005170,2025-08-15 03:42:45,google_ads,US
CUST_005171,2025-01-13 08:05:45,meta_ads,US
CUST_005172,2025-04-13 22:16:35,creator_network,US
CUST_005173,2024-01-19 18:40:39,creator_network,US
CUST_005174,2024-02-28 08:16:20,meta_ads,US
CUST_005175,2025-01-20 17:48:02,google_ads,GB
CUST_005176,2025-09-15 01:59:08,google_ads,US
CUST_005177,2025-10-28 18:52:01,creator_network,US
CUST_005178,2024-03-14 09:09:56,meta_ads,US
CUST_005179,2025-03-22 08:11:28,google_ads,US
CUST_005180,2025-11-05 10:21:50,meta_ads,US
CUST_005181,2024-12-09 07:10:09,google_ads,US
CUST_005182,2025-09-05 20:12:37,creator_network,CA
CUST_005183,2024-05-20 04:51:47,creator_network,US
CUST_005184,2025-11-21 23:51:34,meta_ads,US
CUST_005185,2025-08-22 12:57:34,google_ads,US
CUST_005186,2025-11-30 04:15:00,direct,US
CUST_005187,2025-06-07 23:42:29,meta_ads,US
CUST_005188,2024-11-28 12:41:03,organic_search,US
CUST_005189,2025-11-11 01:29:35,creator_network,US
CUST_005190,2024-09-01 00:22:20,creator_network,US
CUST_005191,2024-10-08 20:25:19,meta_ads,GB
CUST_005192,2025-07-28 08:54:48,meta_ads,US
CUST_005193,2025-08-01 20:34:23,organic_search,US
CUST_005194,2025-11-06 20:34:50,meta_ads,US
CUST_005195,2024-07-06 12:49:45,meta_ads,US
CUST_005196,2025-09-22 13:13:40,google_ads,US
CUST_005197,2025-07-09 13:34:40,meta_ads,US
CUST_005198,2024-03-28 06:46:21,creator_network,US
CUST_005199,2024-12-06 05:18:15,google_ads,GB
CUST_005200,2024-09-11 01:36:42,organic_search,US
CUST_005201,2024-10-02 22:25:05,creator_network,CA
CUST_005202,2025-12-21 05:15:21,meta_ads,US
CUST_005203,2025-05-20 04:10:16,google_ads,US
CUST_005204,2025-07-21 18:17:17,creator_network,US
CUST_005205,2025-12-23 19:40:22,google_ads,US
CUST_005206,2024-11-09 08:27:46,direct,US
CUST_005207,2025-09-24 13:23:21,creator_network,US
CUST_005208,2025-01-04 04:18:56,meta_ads,US
CUST_005209,2025-10-17 14:25:22,organic_search,US
CUST_005210,2024-06-26 09:02:53,meta_ads,US
CUST_005211,2025-12-23 16:39:29,meta_ads,US
CUST_005212,2024-07-28 09:11:07,creator_network,US
CUST_005213,2024-10-16 15:52:26,organic_search,US
CUST_005214,2025-08-28 01:34:07,google_ads,US
CUST_005215,2024-12-19 12:36:51,meta_ads,US
CUST_005216,2025-05-21 08:02:59,meta_ads,US
CUST_005217,2025-01-25 09:14:48,meta_ads,US
CUST_005218,2025-08-11 01:04:44,meta_ads,DE
CUST_005219,2024-08-22 08:47:29,meta_ads,US
CUST_005220,2024-02-05 03:03:56,google_ads,GB
CUST_005221,2024-09-28 20:45:56,organic_search,CA
CUST_005222,2025-02-07 15:46:17,meta_ads,US
CUST_005223,2024-06-02 11:03:26,meta_ads,US
CUST_005224,2024-11-23 17:10:24,organic_search,DE
CUST_005225,2024-12-15 01:44:37,creator_network,DE
CUST_005226,2024-02-07 06:33:33,direct,US
CUST_005227,2025-04-22 01:38:56,meta_ads,US
CUST_005228,2025-10-03 23:24:59,meta_ads,US
CUST_005229,2024-05-15 05:32:03,google_ads,US
CUST_005230,2025-05-12 19:03:00,google_ads,US
CUST_005231,2025-06-07 20:53:06,google_ads,US
CUST_005232,2024-12-01 23:52:27,google_ads,US
CUST_005233,2025-07-02 22:14:42,meta_ads,US
CUST_005234,2024-12-01 06:20:28,google_ads,US
CUST_005235,2025-02-08 20:32:28,creator_network,US
CUST_005236,2024-01-13 11:47:20,google_ads,US
CUST_005237,2025-07-30 18:12:58,creator_network,US
CUST_005238,2025-06-06 00:03:35,google_ads,US
CUST_005239,2024-02-01 00:45:05,meta_ads,US
CUST_005240,2024-11-16 08:40:33,meta_ads,US
CUST_005241,2025-12-27 20:29:45,google_ads,GB
CUST_005242,2024-12-10 01:19:03,meta_ads,US
CUST_005243,2025-02-13 20:44:56,creator_network,US
CUST_005244,2025-11-08 02:01:32,organic_search,GB
CUST_005245,2025-07-02 04:23:11,meta_ads,US
CUST_005246,2025-04-25 08:57:26,meta_ads,US
CUST_005247,2025-09-25 22:29:46,direct,US
CUST_005248,2025-10-04 12:40:31,meta_ads,US
CUST_005249,2025-01-03 02:50:30,meta_ads,US
CUST_005250,2025-02-26 23:52:58,meta_ads,US
CUST_005251,2024-12-10 23:21:16,creator_network,US
CUST_005252,2025-12-07 13:12:09,meta_ads,US
CUST_005253,2025-07-22 19:17:36,google_ads,US
CUST_005254,2024-03-08 15:29:13,google_ads,US
CUST_005255,2025-10-31 17:53:08,meta_ads,US
CUST_005256,2025-02-06 19:43:37,meta_ads,US
CUST_005257,2024-03-28 08:28:07,creator_network,US
CUST_005258,2025-03-26 17:57:37,google_ads,US
CUST_005259,2024-12-17 22:47:27,meta_ads,CA
CUST_005260,2025-10-31 16:58:58,meta_ads,US
CUST_005261,2024-07-02 12:22:34,google_ads,CA
CUST_005262,2025-09-01 02:33:12,organic_search,CA
CUST_005263,2025-04-10 10:14:40,meta_ads,US
CUST_005264,2024-02-02 21:51:49,google_ads,CA
CUST_005265,2025-12-07 13:03:24,meta_ads,US
CUST_005266,2025-03-09 21:10:58,meta_ads,CA
CUST_005267,2024-09-05 18:35:29,meta_ads,GB
CUST_005268,2025-02-26 04:45:04,creator_network,GB
CUST_005269,2025-10-15 07:52:21,google_ads,US
CUST_005270,2024-10-16 21:46:26,organic_search,US
CUST_005271,2024-07-18 20:33:37,creator_network,US
CUST_005272,2024-05-04 10:51:00,organic_search,US
CUST_005273,2024-09-19 06:56:10,meta_ads,GB
CUST_005274,2025-08-19 05:54:21,meta_ads,CA
CUST_005275,2025-02-27 19:27:17,direct,GB
CUST_005276,2024-08-24 06:15:46,creator_network,DE
CUST_005277,2024-06-25 08:29:31,organic_search,DE
CUST_005278,2024-10-19 22:13:30,meta_ads,US
CUST_005279,2025-11-12 04:14:31,meta_ads,CA
CUST_005280,2024-11-06 17:13:50,creator_network,CA
CUST_005281,2025-12-07 07:47:06,meta_ads,US
CUST_005282,2025-02-12 09:59:55,google_ads,US
CUST_005283,2024-06-04 10:49:20,google_ads,US
CUST_005284,2025-10-21 04:57:31,meta_ads,CA
CUST_005285,2025-01-10 22:49:09,meta_ads,US
CUST_005286,2025-07-05 11:31:40,meta_ads,US
CUST_005287,2025-12-21 20:08:13,meta_ads,US
CUST_005288,2024-02-09 17:14:22,google_ads,US
CUST_005289,2024-04-08 10:58:54,meta_ads,US
CUST_005290,2025-07-04 21:44:52,meta_ads,US
CUST_005291,2024-09-23 10:23:21,organic_search,US
CUST_005292,2024-06-08 00:42:47,google_ads,US
CUST_005293,2024-02-14 06:43:31,google_ads,US
CUST_005294,2024-01-03 18:34:53,creator_network,CA
CUST_005295,2025-08-15 07:15:50,organic_search,US
CUST_005296,2024-05-06 20:13:40,meta_ads,US
CUST_005297,2025-02-02 13:39:39,google_ads,CA
CUST_005298,2025-05-14 04:55:36,google_ads,GB
CUST_005299,2025-01-03 12:31:17,meta_ads,CA
CUST_005300,2024-01-09 17:27:56,creator_network,US
CUST_005301,2025-08-02 01:11:31,direct,US
CUST_005302,2024-01-09 11:13:48,direct,US
CUST_005303,2025-08-24 22:58:18,meta_ads,US
CUST_005304,2025-11-05 07:43:34,meta_ads,GB
CUST_005305,2025-01-24 14:06:07,direct,US
CUST_005306,2025-03-24 14:18:42,google_ads,CA
CUST_005307,2025-02-12 03:34:21,meta_ads,US
CUST_005308,2024-12-02 02:23:52,creator_network,US
CUST_005309,2025-10-08 18:21:44,meta_ads,US
CUST_005310,2025-11-20 02:44:59,meta_ads,US
CUST_005311,2024-10-05 01:15:02,organic_search,GB
CUST_005312,2025-05-28 20:06:38,meta_ads,US
CUST_005313,2025-11-21 05:04:04,meta_ads,US
CUST_005314,2025-12-27 19:07:07,meta_ads,US
CUST_005315,2025-03-28 14:21:03,google_ads,US
CUST_005316,2025-01-29 06:23:47,meta_ads,US
CUST_005317,2024-09-10 13:21:48,google_ads,US
CUST_005318,2025-12-03 19:40:19,google_ads,US
CUST_005319,2024-05-04 08:04:59,organic_search,US
CUST_005320,2025-04-23 21:33:19,meta_ads,CA
CUST_005321,2024-09-24 22:43:28,organic_search,DE
CUST_005322,2024-09-07 00:15:27,meta_ads,US
CUST_005323,2024-12-12 04:50:45,creator_network,US
CUST_005324,2025-12-02 05:52:01,google_ads,DE
CUST_005325,2024-02-04 04:42:44,meta_ads,CA
CUST_005326,2025-04-22 18:26:55,creator_network,CA
CUST_005327,2024-03-24 01:57:50,meta_ads,US
CUST_005328,2024-05-10 19:51:56,meta_ads,US
CUST_005329,2025-01-22 12:12:32,meta_ads,US
CUST_005330,2025-03-26 17:29:19,creator_network,US
CUST_005331,2024-08-14 07:19:52,meta_ads,US
CUST_005332,2024-10-04 01:49:06,meta_ads,CA
CUST_005333,2024-03-24 19:34:57,meta_ads,US
CUST_005334,2024-10-03 11:12:35,google_ads,US
CUST_005335,2025-12-25 12:10:51,google_ads,US
CUST_005336,2025-11-14 04:45:35,meta_ads,US
CUST_005337,2024-10-13 22:49:46,meta_ads,CA
CUST_005338,2025-04-14 23:55:54,google_ads,US
CUST_005339,2025-11-25 10:59:37,creator_network,CA
CUST_005340,2024-01-25 15:11:21,creator_network,DE
CUST_005341,2025-09-03 09:09:28,organic_search,US
CUST_005342,2025-12-04 13:08:43,meta_ads,US
CUST_005343,2024-04-25 20:11:31,direct,GB
CUST_005344,2024-06-29 22:40:45,meta_ads,CA
CUST_005345,2025-12-26 20:03:09,direct,US
CUST_005346,2025-03-27 12:31:34,meta_ads,US
CUST_005347,2024-01-24 16:14:13,google_ads,US
CUST_005348,2024-08-30 17:39:28,meta_ads,US
CUST_005349,2025-01-04 19:09:17,meta_ads,US
CUST_005350,2025-07-30 15:15:17,organic_search,US
CUST_005351,2025-07-05 09:40:55,creator_network,US
CUST_005352,2025-12-26 05:37:33,direct,US
CUST_005353,2024-09-04 02:13:16,google_ads,CA
CUST_005354,2025-03-03 05:29:31,google_ads,US
CUST_005355,2025-03-04 05:21:39,meta_ads,US
CUST_005356,2024-12-15 09:39:59,direct,US
CUST_005357,2024-06-26 06:23:39,google_ads,US
CUST_005358,2025-12-07 01:31:34,creator_network,GB
CUST_005359,2025-10-13 09:17:13,google_ads,US
CUST_005360,2025-02-02 17:22:53,google_ads,CA
CUST_005361,2025-05-28 17:12:32,direct,US
CUST_005362,2024-08-14 06:26:57,meta_ads,US
CUST_005363,2025-03-28 21:57:10,meta_ads,US
CUST_005364,2025-07-26 03:23:10,meta_ads,US
CUST_005365,2025-03-29 03:56:52,creator_network,US
CUST_005366,2025-12-16 15:33:51,meta_ads,CA
CUST_005367,2025-05-21 09:06:34,meta_ads,US
CUST_005368,2024-11-28 19:50:46,meta_ads,US
CUST_005369,2025-08-25 12:54:34,google_ads,US
CUST_005370,2024-06-21 12:42:29,google_ads,GB
CUST_005371,2024-12-18 07:57:51,meta_ads,US
CUST_005372,2024-11-30 19:53:57,direct,US
CUST_005373,2025-01-23 10:43:24,direct,US
CUST_005374,2025-08-09 00:47:19,meta_ads,US
CUST_005375,2025-02-23 03:56:54,creator_network,CA
CUST_005376,2025-09-13 17:36:53,google_ads,CA
CUST_005377,2025-04-06 04:17:37,meta_ads,US
CUST_005378,2024-11-18 00:32:56,meta_ads,US
CUST_005379,2025-09-03 03:02:01,google_ads,US
CUST_005380,2024-08-01 17:22:43,google_ads,CA
CUST_005381,2024-07-23 05:24:38,meta_ads,US
CUST_005382,2025-02-17 14:19:32,organic_search,CA
CUST_005383,2024-08-29 04:46:45,google_ads,DE
CUST_005384,2024-01-10 15:15:16,creator_network,US
CUST_005385,2025-06-28 13:13:16,meta_ads,US
CUST_005386,2025-03-12 22:49:55,google_ads,US
CUST_005387,2025-01-19 02:55:35,meta_ads,US
CUST_005388,2025-12-17 22:31:28,google_ads,US
CUST_005389,2025-04-28 06:31:17,creator_network,US
CUST_005390,2025-10-31 21:37:17,creator_network,CA
CUST_005391,2024-05-16 17:41:37,meta_ads,CA
CUST_005392,2025-04-11 12:17:45,creator_network,US
CUST_005393,2025-10-02 16:09:58,direct,GB
CUST_005394,2025-04-19 07:53:08,google_ads,CA
CUST_005395,2025-07-30 00:40:55,meta_ads,US
CUST_005396,2024-11-16 12:27:18,creator_network,US
CUST_005397,2024-04-23 22:42:13,meta_ads,US
CUST_005398,2025-01-29 04:31:55,organic_search,US
CUST_005399,2024-12-06 21:43:53,google_ads,US
CUST_005400,2025-10-23 09:43:12,google_ads,US
CUST_005401,2024-08-08 21:39:51,meta_ads,US
CUST_005402,2025-12-04 14:05:02,google_ads,US
CUST_005403,2025-12-31 14:09:10,organic_search,US
CUST_005404,2024-08-06 14:22:59,meta_ads,US
CUST_005405,2024-11-03 19:35:09,google_ads,CA
CUST_005406,2025-11-14 10:03:14,direct,US
CUST_005407,2025-12-14 23:47:30,google_ads,US
CUST_005408,2025-01-11 21:35:40,google_ads,CA
CUST_005409,2024-10-23 10:31:16,google_ads,GB
CUST_005410,2025-03-14 02:27:35,google_ads,GB
CUST_005411,2025-06-12 12:53:34,meta_ads,US
CUST_005412,2024-09-02 15:25:11,meta_ads,US
CUST_005413,2025-07-31 08:57:52,google_ads,DE
CUST_005414,2024-02-22 17:45:57,direct,US
CUST_005415,2024-02-20 08:23:28,meta_ads,US
CUST_005416,2024-12-01 03:10:52,meta_ads,US
CUST_005417,2024-11-01 11:38:56,meta_ads,US
CUST_005418,2024-10-28 12:40:10,organic_search,US
CUST_005419,2025-02-11 02:26:25,meta_ads,US
CUST_005420,2024-10-23 02:26:54,organic_search,US
CUST_005421,2024-07-18 10:11:27,meta_ads,GB
CUST_005422,2024-10-21 11:06:34,direct,US
CUST_005423,2025-12-30 23:00:12,google_ads,US
CUST_005424,2024-12-30 17:26:33,creator_network,GB
CUST_005425,2025-01-15 16:41:55,meta_ads,US
CUST_005426,2025-04-07 03:39:09,creator_network,US
CUST_005427,2025-12-24 16:37:29,meta_ads,US
CUST_005428,2024-08-06 22:16:52,meta_ads,DE
CUST_005429,2025-06-27 03:19:30,google_ads,US
CUST_005430,2025-07-02 20:39:03,organic_search,US
CUST_005431,2025-05-19 02:32:16,creator_network,US
CUST_005432,2024-03-09 15:46:39,google_ads,US
CUST_005433,2025-06-04 18:07:44,google_ads,US
CUST_005434,2024-03-11 14:26:15,meta_ads,US
CUST_005435,2025-04-14 02:34:11,organic_search,US
CUST_005436,2025-07-14 02:39:05,creator_network,US
CUST_005437,2024-07-28 07:57:27,creator_network,US
CUST_005438,2025-10-20 09:49:00,google_ads,GB
CUST_005439,2024-02-21 13:31:42,direct,US
CUST_005440,2025-10-07 02:30:10,organic_search,US
CUST_005441,2025-01-07 23:51:51,google_ads,US
CUST_005442,2024-07-12 20:19:04,meta_ads,US
CUST_005443,2024-05-10 13:28:28,google_ads,US
CUST_005444,2025-12-30 13:46:35,google_ads,CA
CUST_005445,2024-03-13 11:47:57,google_ads,US
CUST_005446,2024-07-02 21:16:29,meta_ads,US
CUST_005447,2024-11-20 02:22:25,google_ads,CA
CUST_005448,2025-05-20 02:37:17,google_ads,CA
CUST_005449,2025-03-05 14:55:07,google_ads,GB
CUST_005450,2024-05-21 01:14:22,meta_ads,GB
CUST_005451,2024-09-16 14:29:58,creator_network,US
CUST_005452,2024-08-26 19:30:51,google_ads,US
CUST_005453,2024-07-02 15:07:51,meta_ads,US
CUST_005454,2024-12-29 14:30:54,meta_ads,CA
CUST_005455,2025-07-06 09:44:34,organic_search,GB
CUST_005456,2024-07-10 16:14:34,creator_network,CA
CUST_005457,2024-11-16 07:52:40,meta_ads,US
CUST_005458,2024-12-09 18:43:23,direct,US
CUST_005459,2025-12-04 14:36:32,meta_ads,US
CUST_005460,2025-12-10 06:48:10,direct,US
CUST_005461,2025-09-10 21:51:57,meta_ads,US
CUST_005462,2024-08-06 08:21:30,meta_ads,US
CUST_005463,2024-03-09 14:41:53,google_ads,US
CUST_005464,2024-10-06 08:50:42,meta_ads,US
CUST_005465,2024-09-11 14:31:06,google_ads,US
CUST_005466,2025-02-13 15:30:46,creator_network,US
CUST_005467,2025-08-03 12:02:11,organic_search,US
CUST_005468,2025-10-01 10:17:44,google_ads,US
CUST_005469,2025-10-07 16:44:05,google_ads,US
CUST_005470,2024-11-05 05:12:16,meta_ads,US
CUST_005471,2025-06-28 13:53:54,meta_ads,US
CUST_005472,2024-10-22 08:59:09,google_ads,US
CUST_005473,2024-03-18 22:28:28,meta_ads,US
CUST_005474,2025-07-05 05:06:22,creator_network,DE
CUST_005475,2024-01-07 20:55:00,google_ads,US
CUST_005476,2024-12-29 11:11:34,meta_ads,US
CUST_005477,2024-10-09 01:33:57,google_ads,US
CUST_005478,2025-07-02 01:39:34,meta_ads,US
CUST_005479,2025-08-13 03:44:57,google_ads,US
CUST_005480,2024-10-21 15:05:26,creator_network,US
CUST_005481,2025-09-19 12:07:55,google_ads,US
CUST_005482,2024-09-20 22:19:41,meta_ads,US
CUST_005483,2025-01-09 14:14:04,creator_network,GB
CUST_005484,2025-07-22 11:52:45,meta_ads,DE
CUST_005485,2025-07-12 07:40:31,creator_network,US
CUST_005486,2025-12-10 08:01:42,google_ads,US
CUST_005487,2024-07-17 22:22:53,google_ads,CA
CUST_005488,2025-06-03 11:07:19,organic_search,US
CUST_005489,2025-05-01 21:08:00,creator_network,CA
CUST_005490,2025-11-17 10:47:36,meta_ads,US
CUST_005491,2024-05-03 01:29:48,meta_ads,US
CUST_005492,2025-08-06 01:54:36,organic_search,US
CUST_005493,2025-04-25 08:47:44,meta_ads,US
CUST_005494,2024-09-23 21:21:18,google_ads,US
CUST_005495,2025-02-18 02:58:54,creator_network,US
CUST_005496,2024-10-07 14:09:50,google_ads,US
CUST_005497,2025-04-05 00:48:22,creator_network,CA
CUST_005498,2025-10-14 11:03:35,creator_network,DE
CUST_005499,2025-04-07 13:47:31,creator_network,US
CUST_005500,2025-05-16 17:49:00,organic_search,US
CUST_005501,2025-03-26 11:46:20,google_ads,US
CUST_005502,2024-02-23 02:48:59,google_ads,CA
CUST_005503,2024-08-15 13:59:38,google_ads,US
CUST_005504,2025-02-26 23:02:38,creator_network,US
CUST_005505,2024-10-28 04:01:35,organic_search,US
CUST_005506,2024-06-12 08:02:23,meta_ads,US
CUST_005507,2025-02-18 06:18:23,meta_ads,GB
CUST_005508,2024-10-30 05:19:53,direct,US
CUST_005509,2024-08-24 21:14:37,google_ads,US
CUST_005510,2025-02-12 04:13:38,meta_ads,CA
CUST_005511,2024-05-29 19:13:07,creator_network,US
CUST_005512,2025-11-11 06:44:41,direct,US
CUST_005513,2025-10-21 15:48:47,organic_search,CA
CUST_005514,2025-07-16 00:01:13,creator_network,US
CUST_005515,2024-04-01 11:12:09,meta_ads,US
CUST_005516,2025-08-26 19:35:05,organic_search,US
CUST_005517,2025-09-26 11:19:47,google_ads,US
CUST_005518,2025-08-01 00:04:39,organic_search,US
CUST_005519,2024-04-24 06:58:51,meta_ads,US
CUST_005520,2025-06-16 00:04:50,meta_ads,US
CUST_005521,2025-09-16 04:16:42,google_ads,US
CUST_005522,2025-04-01 23:12:22,meta_ads,US
CUST_005523,2025-06-19 19:06:51,creator_network,US
CUST_005524,2025-01-10 06:50:58,direct,US
CUST_005525,2025-03-08 15:31:54,creator_network,DE
CUST_005526,2024-02-13 00:29:17,organic_search,CA
CUST_005527,2025-05-13 07:45:15,google_ads,US
CUST_005528,2024-03-17 09:18:13,creator_network,GB
CUST_005529,2025-01-20 08:12:38,organic_search,US
CUST_005530,2024-09-26 05:45:32,creator_network,US
CUST_005531,2025-03-17 06:30:57,google_ads,US
CUST_005532,2024-05-22 04:01:07,google_ads,US
CUST_005533,2025-07-31 05:59:46,creator_network,US
CUST_005534,2025-09-30 12:17:25,meta_ads,US
CUST_005535,2024-06-04 14:29:14,organic_search,US
CUST_005536,2024-04-09 23:42:42,direct,US
CUST_005537,2024-05-15 18:03:00,google_ads,US
CUST_005538,2025-10-01 08:39:31,creator_network,US
CUST_005539,2025-03-12 01:36:37,creator_network,US
CUST_005540,2025-02-16 02:09:06,creator_network,CA
CUST_005541,2024-04-03 06:45:16,google_ads,US
CUST_005542,2025-06-15 21:24:53,organic_search,US
CUST_005543,2025-10-02 02:41:13,google_ads,DE
CUST_005544,2025-09-27 13:30:13,meta_ads,US
CUST_005545,2025-05-16 05:47:09,organic_search,US
CUST_005546,2024-03-02 20:18:27,creator_network,US
CUST_005547,2024-04-14 23:07:51,organic_search,US
CUST_005548,2024-02-24 07:23:26,meta_ads,US
CUST_005549,2024-08-03 10:17:10,meta_ads,US
CUST_005550,2024-05-23 20:21:51,direct,US
CUST_005551,2024-08-24 15:11:30,meta_ads,US
CUST_005552,2024-12-08 09:47:33,organic_search,US
CUST_005553,2025-11-19 05:29:42,organic_search,US
CUST_005554,2025-05-14 00:05:32,creator_network,US
CUST_005555,2025-09-13 05:10:16,meta_ads,GB
CUST_005556,2025-07-03 05:58:44,creator_network,US
CUST_005557,2024-04-25 19:08:25,organic_search,US
CUST_005558,2025-07-03 01:49:13,google_ads,US
CUST_005559,2024-09-05 02:49:43,google_ads,CA
CUST_005560,2025-05-12 08:00:35,google_ads,US
CUST_005561,2024-11-20 05:43:19,meta_ads,US
CUST_005562,2025-12-12 02:42:41,organic_search,US
CUST_005563,2024-08-14 15:16:55,organic_search,US
CUST_005564,2024-09-24 13:29:04,direct,US
CUST_005565,2025-11-13 16:20:59,google_ads,US
CUST_005566,2024-01-06 05:33:26,creator_network,US
CUST_005567,2025-07-17 10:53:24,meta_ads,CA
CUST_005568,2025-07-26 05:52:20,creator_network,US
CUST_005569,2025-09-26 16:36:56,google_ads,US
CUST_005570,2025-12-13 23:16:53,organic_search,US
CUST_005571,2025-12-29 19:58:09,organic_search,US
CUST_005572,2024-03-28 05:20:27,direct,CA
CUST_005573,2025-09-12 13:36:48,organic_search,US
CUST_005574,2025-06-24 18:23:05,organic_search,US
CUST_005575,2025-06-08 11:35:29,meta_ads,US
CUST_005576,2024-05-24 07:00:03,organic_search,US
CUST_005577,2025-06-27 14:43:34,google_ads,US
CUST_005578,2025-12-28 17:22:14,google_ads,US
CUST_005579,2025-11-08 03:53:13,meta_ads,US
CUST_005580,2025-01-10 12:00:46,creator_network,US
CUST_005581,2024-02-04 04:25:28,meta_ads,US
CUST_005582,2024-11-29 22:43:34,google_ads,US
CUST_005583,2025-09-23 06:46:12,creator_network,US
CUST_005584,2025-07-24 00:26:03,organic_search,US
CUST_005585,2025-01-31 23:21:18,organic_search,US
CUST_005586,2024-02-04 04:41:43,google_ads,US
CUST_005587,2025-01-29 03:55:34,google_ads,US
CUST_005588,2025-02-06 22:52:07,meta_ads,US
CUST_005589,2025-11-09 00:46:06,meta_ads,US
CUST_005590,2025-05-14 18:23:22,meta_ads,DE
CUST_005591,2024-10-13 07:19:20,direct,US
CUST_005592,2025-03-06 12:19:09,google_ads,US
CUST_005593,2024-03-12 10:24:33,meta_ads,US
CUST_005594,2025-12-07 20:18:12,meta_ads,US
CUST_005595,2024-11-17 09:11:16,google_ads,US
CUST_005596,2025-02-01 06:16:07,google_ads,US
CUST_005597,2024-11-11 00:33:20,meta_ads,US
CUST_005598,2025-06-21 22:32:00,direct,GB
CUST_005599,2025-06-05 01:25:16,meta_ads,CA
CUST_005600,2025-07-25 07:07:37,meta_ads,US
CUST_005601,2024-09-26 19:14:47,meta_ads,CA
CUST_005602,2024-10-18 02:09:45,google_ads,US
CUST_005603,2024-05-03 15:53:03,meta_ads,US
CUST_005604,2025-06-08 07:35:59,meta_ads,US
CUST_005605,2024-02-29 04:49:56,meta_ads,CA
CUST_005606,2025-05-31 16:49:54,google_ads,DE
CUST_005607,2025-10-15 14:52:09,meta_ads,US
CUST_005608,2025-10-29 12:30:50,meta_ads,CA
CUST_005609,2025-01-14 04:17:13,google_ads,US
CUST_005610,2025-01-16 10:51:53,meta_ads,US
CUST_005611,2024-03-09 03:35:46,google_ads,US
CUST_005612,2025-06-16 18:01:22,meta_ads,US
CUST_005613,2025-09-25 18:47:27,meta_ads,CA
CUST_005614,2024-08-08 10:03:56,google_ads,US
CUST_005615,2024-12-04 06:00:50,meta_ads,GB
CUST_005616,2025-09-04 15:27:24,meta_ads,US
CUST_005617,2025-10-17 02:25:14,google_ads,US
CUST_005618,2024-08-26 15:02:28,organic_search,DE
CUST_005619,2025-03-13 22:25:25,creator_network,US
CUST_005620,2024-07-19 20:20:44,organic_search,US
CUST_005621,2024-04-16 12:29:13,organic_search,US
CUST_005622,2025-11-28 08:40:54,direct,CA
CUST_005623,2025-09-19 15:43:28,creator_network,US
CUST_005624,2025-08-24 23:38:18,google_ads,US
CUST_005625,2024-02-07 23:58:29,meta_ads,US
CUST_005626,2025-10-30 23:11:51,meta_ads,CA
CUST_005627,2025-01-20 04:05:20,creator_network,DE
CUST_005628,2024-11-20 15:51:03,direct,US
CUST_005629,2025-03-15 01:48:55,google_ads,US
CUST_005630,2024-04-08 01:42:36,creator_network,GB
CUST_005631,2025-08-18 11:44:36,google_ads,US
CUST_005632,2025-04-05 14:11:00,google_ads,US
CUST_005633,2024-06-18 06:55:42,google_ads,DE
CUST_005634,2024-06-22 07:38:05,google_ads,US
CUST_005635,2024-06-10 17:59:30,meta_ads,US
CUST_005636,2024-02-24 18:59:14,creator_network,US
CUST_005637,2025-04-14 01:42:20,organic_search,US
CUST_005638,2025-09-01 17:11:20,organic_search,US
CUST_005639,2024-01-22 07:04:20,meta_ads,US
CUST_005640,2024-02-07 15:12:21,organic_search,US
CUST_005641,2025-04-13 07:23:35,meta_ads,US
CUST_005642,2025-09-13 21:40:04,meta_ads,GB
CUST_005643,2024-10-16 08:35:01,creator_network,US
CUST_005644,2024-11-23 13:23:20,meta_ads,US
CUST_005645,2025-04-22 04:10:34,meta_ads,GB
CUST_005646,2024-09-12 21:12:40,meta_ads,US
CUST_005647,2024-01-06 00:38:21,creator_network,US
CUST_005648,2025-07-03 03:54:33,meta_ads,DE
CUST_005649,2025-05-07 14:20:28,google_ads,US
CUST_005650,2025-04-27 17:47:55,creator_network,US
CUST_005651,2025-08-11 05:12:53,creator_network,US
CUST_005652,2025-06-13 23:53:13,organic_search,US
CUST_005653,2024-07-23 17:49:38,google_ads,US
CUST_005654,2024-11-17 11:32:35,meta_ads,US
CUST_005655,2024-05-23 04:24:16,meta_ads,CA
CUST_005656,2024-05-31 05:35:51,google_ads,US
CUST_005657,2025-06-20 18:59:51,creator_network,US
CUST_005658,2025-10-16 03:55:29,meta_ads,CA
CUST_005659,2025-12-06 19:52:40,meta_ads,US
CUST_005660,2025-05-21 11:52:40,creator_network,GB
CUST_005661,2024-06-17 05:41:55,creator_network,CA
CUST_005662,2024-04-14 22:27:11,creator_network,US
CUST_005663,2025-09-24 10:36:31,organic_search,US
CUST_005664,2025-04-15 01:09:18,creator_network,GB
CUST_005665,2025-05-29 16:21:22,creator_network,US
CUST_005666,2025-08-05 16:10:38,google_ads,US
CUST_005667,2025-07-19 01:48:10,direct,US
CUST_005668,2025-09-02 19:23:44,google_ads,US
CUST_005669,2024-02-12 07:54:13,meta_ads,US
CUST_005670,2025-08-16 23:35:56,meta_ads,US
CUST_005671,2025-10-04 19:13:23,creator_network,CA
CUST_005672,2024-09-29 05:15:20,direct,CA
CUST_005673,2025-05-06 00:20:32,meta_ads,US
CUST_005674,2024-10-28 20:58:09,meta_ads,US
CUST_005675,2025-12-22 16:58:30,organic_search,DE
CUST_005676,2024-02-01 19:58:18,organic_search,US
CUST_005677,2025-04-27 12:58:50,meta_ads,US
CUST_005678,2024-06-02 08:44:48,meta_ads,US
CUST_005679,2025-07-07 06:59:13,creator_network,US
CUST_005680,2024-06-21 03:37:48,meta_ads,CA
CUST_005681,2024-08-15 20:30:56,organic_search,US
CUST_005682,2025-02-18 03:55:11,meta_ads,US
CUST_005683,2025-11-08 01:32:03,meta_ads,US
CUST_005684,2024-07-21 14:49:09,meta_ads,US
CUST_005685,2024-05-02 10:09:13,meta_ads,US
CUST_005686,2025-08-23 11:35:30,meta_ads,CA
CUST_005687,2025-02-08 05:41:45,meta_ads,US
CUST_005688,2025-11-30 17:05:41,creator_network,GB
CUST_005689,2024-05-11 17:44:19,meta_ads,US
CUST_005690,2025-06-12 09:23:02,organic_search,US
CUST_005691,2024-08-11 02:16:52,meta_ads,US
CUST_005692,2024-06-28 05:04:43,creator_network,US
CUST_005693,2025-06-24 13:55:18,meta_ads,US
CUST_005694,2025-04-11 06:58:09,meta_ads,US
CUST_005695,2025-08-09 11:02:29,google_ads,US
CUST_005696,2024-10-18 17:49:32,google_ads,US
CUST_005697,2025-01-28 22:28:14,creator_network,US
CUST_005698,2024-12-04 08:42:43,creator_network,US
CUST_005699,2025-12-25 08:10:28,creator_network,US
CUST_005700,2024-09-12 02:31:25,google_ads,GB
CUST_005701,2024-09-05 10:40:55,organic_search,US
CUST_005702,2024-11-20 15:51:18,google_ads,US
CUST_005703,2025-04-09 12:02:48,direct,GB
CUST_005704,2024-08-17 01:34:25,organic_search,GB
CUST_005705,2025-11-15 02:19:19,meta_ads,US
CUST_005706,2024-09-22 15:16:58,meta_ads,US
CUST_005707,2025-11-21 04:59:45,google_ads,US
CUST_005708,2024-04-08 15:41:25,creator_network,US
CUST_005709,2025-06-29 20:12:58,google_ads,CA
CUST_005710,2025-11-09 11:17:01,creator_network,US
CUST_005711,2024-06-26 19:29:34,meta_ads,US
CUST_005712,2025-12-20 16:02:26,meta_ads,US
CUST_005713,2025-01-05 10:15:39,meta_ads,US
CUST_005714,2025-11-02 13:05:41,google_ads,GB
CUST_005715,2025-06-14 18:32:02,creator_network,US
CUST_005716,2024-09-30 21:42:32,meta_ads,US
CUST_005717,2024-06-17 03:23:45,google_ads,GB
CUST_005718,2024-10-25 07:18:33,meta_ads,US
CUST_005719,2024-04-10 15:45:34,meta_ads,US
CUST_005720,2024-05-02 20:48:38,creator_network,US
CUST_005721,2024-04-12 08:52:52,meta_ads,US
CUST_005722,2025-01-11 18:33:15,creator_network,US
CUST_005723,2025-09-23 01:18:15,organic_search,US
CUST_005724,2024-05-06 17:12:10,organic_search,US
CUST_005725,2024-05-22 23:26:54,meta_ads,DE
CUST_005726,2025-05-19 19:37:55,google_ads,GB
CUST_005727,2024-07-11 00:48:17,creator_network,CA
CUST_005728,2024-04-22 22:55:13,creator_network,US
CUST_005729,2024-06-27 11:50:36,creator_network,US
CUST_005730,2025-11-16 10:20:38,meta_ads,US
CUST_005731,2025-09-30 00:51:18,meta_ads,US
CUST_005732,2024-11-02 01:06:10,google_ads,US
CUST_005733,2025-06-23 09:52:59,creator_network,US
CUST_005734,2025-03-21 03:53:26,meta_ads,CA
CUST_005735,2025-06-19 22:04:37,meta_ads,GB
CUST_005736,2025-06-10 03:48:35,creator_network,US
CUST_005737,2025-05-19 11:31:40,meta_ads,CA
CUST_005738,2024-09-21 13:08:48,meta_ads,CA
CUST_005739,2024-02-01 14:54:24,meta_ads,CA
CUST_005740,2025-01-04 17:51:06,meta_ads,US
CUST_005741,2025-10-01 08:59:53,google_ads,US
CUST_005742,2025-04-04 03:07:34,meta_ads,US
CUST_005743,2025-09-07 05:17:09,meta_ads,US
CUST_005744,2025-12-19 17:58:59,meta_ads,US
CUST_005745,2024-06-22 08:30:17,meta_ads,US
CUST_005746,2025-07-02 13:26:13,creator_network,US
CUST_005747,2025-06-23 02:38:39,meta_ads,US
CUST_005748,2025-12-10 08:18:17,google_ads,CA
CUST_005749,2025-12-30 17:23:04,meta_ads,CA
CUST_005750,2025-06-26 10:31:57,meta_ads,US
CUST_005751,2024-08-13 04:56:18,meta_ads,US
CUST_005752,2025-09-22 02:26:31,meta_ads,US
CUST_005753,2024-04-28 23:52:15,creator_network,GB
CUST_005754,2025-08-24 12:14:37,google_ads,US
CUST_005755,2025-11-15 06:56:50,organic_search,GB
CUST_005756,2024-12-20 09:54:23,meta_ads,US
CUST_005757,2025-05-07 22:30:41,meta_ads,CA
CUST_005758,2025-01-14 18:54:47,meta_ads,CA
CUST_005759,2025-01-06 02:25:04,creator_network,CA
CUST_005760,2024-10-23 01:36:26,meta_ads,US
CUST_005761,2025-08-14 13:25:53,google_ads,US
CUST_005762,2025-11-22 06:25:18,meta_ads,US
CUST_005763,2025-11-01 05:55:27,meta_ads,US
CUST_005764,2024-06-27 03:56:42,direct,US
CUST_005765,2025-10-30 20:33:55,google_ads,US
CUST_005766,2025-07-25 08:54:14,creator_network,US
CUST_005767,2024-08-19 12:07:08,creator_network,US
CUST_005768,2024-03-06 13:36:55,google_ads,US
CUST_005769,2024-09-01 15:36:55,meta_ads,US
CUST_005770,2025-11-06 17:23:59,google_ads,US
CUST_005771,2025-05-12 06:03:46,meta_ads,DE
CUST_005772,2025-07-21 12:26:10,google_ads,US
CUST_005773,2024-08-19 10:52:08,google_ads,US
CUST_005774,2025-07-18 10:26:47,creator_network,US
CUST_005775,2024-01-10 22:49:22,creator_network,US
CUST_005776,2024-11-02 00:28:57,creator_network,US
CUST_005777,2025-05-31 17:50:59,meta_ads,US
CUST_005778,2024-05-17 02:20:39,meta_ads,US
CUST_005779,2025-09-28 07:21:47,meta_ads,US
CUST_005780,2024-08-09 08:02:40,creator_network,US
CUST_005781,2025-06-19 11:15:52,direct,US
CUST_005782,2024-12-02 02:38:59,meta_ads,CA
CUST_005783,2025-04-01 14:58:08,meta_ads,US
CUST_005784,2024-04-08 00:30:54,google_ads,CA
CUST_005785,2024-01-22 10:35:08,organic_search,US
CUST_005786,2025-11-03 21:55:07,google_ads,US
CUST_005787,2024-09-09 15:37:03,meta_ads,GB
CUST_005788,2025-09-19 08:34:30,direct,US
CUST_005789,2025-12-27 08:03:36,organic_search,US
CUST_005790,2024-07-09 23:56:49,meta_ads,DE
CUST_005791,2024-09-25 00:44:36,direct,US
CUST_005792,2025-06-21 18:50:00,google_ads,US
CUST_005793,2025-12-10 10:56:36,meta_ads,US
CUST_005794,2025-11-22 20:51:00,google_ads,US
CUST_005795,2025-02-05 04:46:05,organic_search,US
CUST_005796,2025-09-05 10:18:26,creator_network,US
CUST_005797,2024-05-12 18:57:18,meta_ads,US
CUST_005798,2025-12-24 02:24:11,direct,US
CUST_005799,2025-12-14 22:54:11,meta_ads,US
CUST_005800,2024-06-14 13:00:28,creator_network,US
CUST_005801,2024-09-30 15:50:20,google_ads,US
CUST_005802,2024-04-20 14:56:41,meta_ads,GB
CUST_005803,2024-09-02 17:43:31,meta_ads,GB
CUST_005804,2025-09-17 23:29:17,organic_search,US
CUST_005805,2024-11-04 02:45:39,google_ads,US
CUST_005806,2024-03-19 04:37:00,creator_network,US
CUST_005807,2024-11-14 01:59:41,google_ads,DE
CUST_005808,2025-12-11 16:43:26,creator_network,GB
CUST_005809,2025-05-22 05:01:36,google_ads,US
CUST_005810,2024-12-21 23:59:04,meta_ads,US
CUST_005811,2024-06-04 21:04:24,meta_ads,US
CUST_005812,2025-12-26 13:27:25,organic_search,US
CUST_005813,2025-09-14 02:55:08,google_ads,CA
CUST_005814,2024-09-05 14:18:58,meta_ads,US
CUST_005815,2024-03-09 18:04:15,direct,GB
CUST_005816,2024-02-09 17:14:18,creator_network,CA
CUST_005817,2024-04-01 14:24:39,meta_ads,US
CUST_005818,2025-04-30 04:29:19,direct,US
CUST_005819,2025-11-03 03:45:56,creator_network,CA
CUST_005820,2025-02-27 09:48:00,meta_ads,US
CUST_005821,2025-10-11 10:57:26,meta_ads,US
CUST_005822,2025-01-31 22:52:29,creator_network,US
CUST_005823,2025-07-06 13:30:09,creator_network,US
CUST_005824,2025-07-31 19:29:28,meta_ads,CA
CUST_005825,2024-06-17 16:52:56,meta_ads,GB
CUST_005826,2024-11-07 18:40:24,meta_ads,GB
CUST_005827,2025-05-19 00:13:36,google_ads,US
CUST_005828,2024-03-13 12:45:35,meta_ads,US
CUST_005829,2024-11-12 03:50:15,meta_ads,US
CUST_005830,2025-03-01 21:07:22,creator_network,CA
CUST_005831,2025-12-25 07:21:19,creator_network,US
CUST_005832,2025-02-07 16:17:36,google_ads,CA
CUST_005833,2025-09-02 09:09:27,meta_ads,US
CUST_005834,2025-01-13 13:30:25,google_ads,US
CUST_005835,2025-09-03 05:39:37,google_ads,US
CUST_005836,2025-04-22 14:05:49,direct,US
CUST_005837,2025-10-09 18:04:41,creator_network,DE
CUST_005838,2024-12-12 05:12:28,meta_ads,US
CUST_005839,2025-05-13 10:26:34,google_ads,DE
CUST_005840,2025-05-10 08:05:08,google_ads,US
CUST_005841,2024-12-22 05:23:43,google_ads,US
CUST_005842,2024-05-01 18:12:32,google_ads,US
CUST_005843,2024-04-20 08:05:18,organic_search,US
CUST_005844,2024-01-04 21:14:01,creator_network,US
CUST_005845,2025-10-15 15:22:04,google_ads,US
CUST_005846,2024-08-20 17:51:29,organic_search,US
CUST_005847,2024-07-23 09:04:09,creator_network,US
CUST_005848,2025-07-14 18:39:20,creator_network,CA
CUST_005849,2024-10-23 16:27:07,direct,US
CUST_005850,2025-02-21 16:08:51,meta_ads,CA
CUST_005851,2024-06-16 17:43:21,meta_ads,US
CUST_005852,2025-12-25 12:29:58,organic_search,US
CUST_005853,2025-10-19 07:54:49,creator_network,US
CUST_005854,2025-10-04 15:26:01,direct,US
CUST_005855,2024-12-31 15:33:31,meta_ads,CA
CUST_005856,2025-08-02 19:34:19,google_ads,DE
CUST_005857,2024-05-23 03:30:20,meta_ads,US
CUST_005858,2024-01-10 16:42:15,google_ads,US
CUST_005859,2024-01-19 20:29:19,meta_ads,US
CUST_005860,2025-04-01 17:48:26,meta_ads,US
CUST_005861,2025-01-14 12:31:40,meta_ads,US
CUST_005862,2025-03-06 14:05:23,google_ads,US
CUST_005863,2024-01-28 03:27:34,meta_ads,US
CUST_005864,2025-01-02 07:08:43,meta_ads,US
CUST_005865,2025-07-16 13:40:10,meta_ads,US
CUST_005866,2025-01-25 10:41:08,meta_ads,US
CUST_005867,2025-07-07 12:39:32,direct,US
CUST_005868,2024-08-17 05:55:40,meta_ads,GB
CUST_005869,2025-09-05 19:45:07,meta_ads,CA
CUST_005870,2025-04-26 21:46:07,organic_search,US
CUST_005871,2024-07-22 06:55:49,google_ads,US
CUST_005872,2024-08-29 15:32:15,creator_network,US
CUST_005873,2025-05-06 06:01:17,google_ads,GB
CUST_005874,2025-09-30 15:58:31,direct,US
CUST_005875,2024-12-05 04:06:01,meta_ads,US
CUST_005876,2024-08-13 14:16:51,direct,US
CUST_005877,2025-10-04 09:28:49,organic_search,US
CUST_005878,2025-06-07 14:33:32,google_ads,CA
CUST_005879,2025-01-08 12:46:49,creator_network,US
CUST_005880,2025-02-02 15:02:17,google_ads,US
CUST_005881,2024-07-03 09:54:17,meta_ads,US
CUST_005882,2025-05-14 11:05:07,meta_ads,US
CUST_005883,2024-11-10 17:51:10,direct,US
CUST_005884,2025-12-03 14:52:49,google_ads,GB
CUST_005885,2025-02-25 11:16:24,meta_ads,US
CUST_005886,2025-02-02 18:20:29,creator_network,US
CUST_005887,2025-04-04 21:51:03,google_ads,US
CUST_005888,2025-11-18 17:33:41,meta_ads,US
CUST_005889,2025-09-12 22:39:00,creator_network,US
CUST_005890,2025-01-08 11:56:11,creator_network,US
CUST_005891,2025-07-28 13:00:31,meta_ads,US
CUST_005892,2025-04-12 03:30:28,direct,US
CUST_005893,2025-02-10 04:20:39,meta_ads,GB
CUST_005894,2024-07-25 17:26:26,google_ads,CA
CUST_005895,2025-01-22 19:39:54,meta_ads,US
CUST_005896,2024-08-27 11:07:01,google_ads,CA
CUST_005897,2025-11-03 14:13:09,meta_ads,US
CUST_005898,2024-10-19 02:05:05,meta_ads,US
CUST_005899,2025-12-17 15:34:47,organic_search,US
CUST_005900,2025-03-21 04:00:16,meta_ads,US
CUST_005901,2025-05-09 19:10:34,creator_network,US
CUST_005902,2025-03-07 20:27:13,google_ads,CA
CUST_005903,2024-05-05 23:15:29,direct,CA
CUST_005904,2024-11-19 03:39:24,google_ads,US
CUST_005905,2024-04-11 13:00:04,meta_ads,DE
CUST_005906,2025-05-02 12:43:56,meta_ads,US
CUST_005907,2025-01-01 16:24:35,organic_search,GB
CUST_005908,2025-08-15 16:45:03,organic_search,US
CUST_005909,2024-07-12 15:47:27,meta_ads,CA
CUST_005910,2024-06-21 14:27:05,google_ads,US
CUST_005911,2024-12-05 11:03:40,google_ads,DE
CUST_005912,2025-11-17 06:15:28,direct,US
CUST_005913,2025-07-15 13:09:38,direct,US
CUST_005914,2024-12-10 14:58:00,direct,US
CUST_005915,2025-03-31 23:35:31,organic_search,US
CUST_005916,2024-03-12 09:46:56,organic_search,CA
CUST_005917,2025-12-22 12:33:39,meta_ads,DE
CUST_005918,2025-06-15 23:44:45,organic_search,US
CUST_005919,2024-09-25 15:30:20,creator_network,DE
CUST_005920,2025-04-23 03:24:24,direct,DE
CUST_005921,2024-04-20 22:47:29,google_ads,US
CUST_005922,2025-12-24 01:28:10,meta_ads,US
CUST_005923,2024-06-22 00:30:19,google_ads,US
CUST_005924,2025-06-01 07:26:23,creator_network,US
CUST_005925,2024-08-16 05:02:20,meta_ads,US
CUST_005926,2025-07-17 05:26:20,google_ads,CA
CUST_005927,2025-08-14 02:56:59,google_ads,US
CUST_005928,2025-06-04 07:57:50,meta_ads,US
CUST_005929,2025-05-02 02:15:46,meta_ads,US
CUST_005930,2025-10-12 08:45:44,meta_ads,US
CUST_005931,2024-03-31 16:44:23,direct,US
CUST_005932,2024-10-29 09:55:20,creator_network,US
CUST_005933,2024-08-28 03:46:46,meta_ads,US
CUST_005934,2025-12-29 06:11:56,creator_network,US
CUST_005935,2024-12-05 19:53:00,creator_network,US
CUST_005936,2025-07-29 19:38:44,meta_ads,DE
CUST_005937,2025-06-04 19:22:49,meta_ads,US
CUST_005938,2024-07-12 18:41:11,google_ads,US
CUST_005939,2024-08-23 04:00:22,google_ads,DE
CUST_005940,2024-09-03 19:13:13,creator_network,US
CUST_005941,2024-12-17 16:43:36,google_ads,US
CUST_005942,2024-08-16 10:54:24,meta_ads,DE
CUST_005943,2024-01-10 05:38:06,direct,US
CUST_005944,2025-10-15 07:25:30,meta_ads,US
CUST_005945,2025-12-11 14:55:37,creator_network,DE
CUST_005946,2024-11-05 00:48:14,meta_ads,DE
CUST_005947,2024-10-01 13:34:56,meta_ads,US
CUST_005948,2024-01-09 21:42:32,google_ads,DE
CUST_005949,2025-06-26 23:29:55,meta_ads,US
CUST_005950,2025-09-14 13:19:53,google_ads,US
CUST_005951,2024-05-19 15:55:14,meta_ads,CA
CUST_005952,2024-06-22 04:04:00,google_ads,DE
CUST_005953,2025-09-03 09:59:10,creator_network,US
CUST_005954,2025-05-27 05:41:02,meta_ads,US
CUST_005955,2024-02-16 14:58:48,organic_search,US
CUST_005956,2025-05-11 04:38:32,meta_ads,US
CUST_005957,2024-10-15 02:53:17,meta_ads,US
CUST_005958,2024-11-10 12:33:16,creator_network,US
CUST_005959,2025-08-30 21:28:40,google_ads,US
CUST_005960,2025-09-17 11:21:16,google_ads,US
CUST_005961,2024-12-21 01:52:27,meta_ads,GB
CUST_005962,2025-12-24 09:51:37,organic_search,US
CUST_005963,2024-12-07 12:14:39,google_ads,US
CUST_005964,2025-08-03 21:19:58,meta_ads,CA
CUST_005965,2025-02-21 08:24:30,meta_ads,US
CUST_005966,2025-11-06 06:36:41,organic_search,US
CUST_005967,2025-11-09 21:33:08,google_ads,US
CUST_005968,2024-03-27 02:16:12,meta_ads,CA
CUST_005969,2025-11-25 11:06:31,meta_ads,US
CUST_005970,2025-09-17 08:48:46,meta_ads,US
CUST_005971,2025-09-04 21:39:47,google_ads,US
CUST_005972,2024-07-05 01:43:44,organic_search,US
CUST_005973,2025-09-06 20:28:40,google_ads,US
CUST_005974,2025-10-10 10:26:13,google_ads,US
CUST_005975,2024-09-20 07:15:07,organic_search,US
CUST_005976,2025-12-14 22:00:32,google_ads,US
CUST_005977,2024-02-09 02:53:24,google_ads,US
CUST_005978,2024-05-12 20:38:29,meta_ads,US
CUST_005979,2025-03-11 04:28:34,google_ads,US
CUST_005980,2025-04-23 16:54:33,google_ads,US
CUST_005981,2025-06-21 16:40:28,google_ads,CA
CUST_005982,2024-01-28 17:04:02,direct,US
CUST_005983,2025-12-13 19:21:52,organic_search,US
CUST_005984,2024-02-04 15:01:14,creator_network,GB
CUST_005985,2024-05-12 04:06:15,google_ads,US
CUST_005986,2024-01-29 16:57:59,google_ads,US
CUST_005987,2025-04-24 04:52:41,meta_ads,DE
CUST_005988,2025-11-06 07:06:58,meta_ads,US
CUST_005989,2025-06-02 15:32:26,creator_network,US
CUST_005990,2025-09-13 05:07:48,google_ads,US
CUST_005991,2024-01-11 08:27:47,organic_search,US
CUST_005992,2025-03-15 00:15:18,meta_ads,US
CUST_005993,2025-01-04 11:49:23,google_ads,US
CUST_005994,2025-02-09 06:06:05,google_ads,CA
CUST_005995,2024-03-24 06:40:07,google_ads,US
CUST_005996,2025-06-24 08:39:54,organic_search,US
CUST_005997,2025-02-17 14:46:42,direct,US
CUST_005998,2025-08-26 21:44:16,meta_ads,US
CUST_005999,2025-02-12 17:31:31,meta_ads,US
CUST_006000,2024-05-09 09:31:23,meta_ads,US
CUST_006001,2025-06-17 19:35:07,creator_network,US
CUST_006002,2024-06-02 02:07:30,meta_ads,US
CUST_006003,2025-10-16 08:46:12,creator_network,DE
CUST_006004,2025-05-24 22:52:49,google_ads,GB
CUST_006005,2024-06-09 21:51:13,google_ads,US
CUST_006006,2025-12-03 03:31:48,creator_network,US
CUST_006007,2025-03-08 15:31:36,google_ads,DE
CUST_006008,2024-03-01 01:34:47,google_ads,US
CUST_006009,2025-05-28 11:25:44,meta_ads,US
CUST_006010,2024-08-05 16:14:52,google_ads,DE
CUST_006011,2025-09-20 07:26:54,google_ads,US
CUST_006012,2025-09-29 02:53:58,google_ads,US
CUST_006013,2025-12-25 05:27:41,organic_search,US
CUST_006014,2025-02-21 00:02:53,organic_search,US
CUST_006015,2025-01-10 16:39:27,organic_search,US
CUST_006016,2025-08-21 23:36:38,meta_ads,US
CUST_006017,2024-05-26 22:21:39,creator_network,GB
CUST_006018,2025-03-20 23:48:24,google_ads,US
CUST_006019,2025-03-22 02:45:42,meta_ads,US
CUST_006020,2024-03-06 03:39:31,meta_ads,US
CUST_006021,2024-12-29 22:55:25,meta_ads,DE
CUST_006022,2025-10-31 04:31:52,meta_ads,US
CUST_006023,2025-10-25 04:52:41,google_ads,CA
CUST_006024,2024-04-12 08:13:41,direct,US
CUST_006025,2024-03-18 02:42:17,meta_ads,GB
CUST_006026,2024-08-28 20:53:44,organic_search,US
CUST_006027,2025-10-15 07:56:52,meta_ads,CA
CUST_006028,2024-05-17 04:03:03,meta_ads,US
CUST_006029,2025-07-04 17:52:17,google_ads,GB
CUST_006030,2024-04-14 02:30:34,creator_network,GB
CUST_006031,2025-05-13 04:59:09,meta_ads,US
CUST_006032,2024-11-18 00:30:04,meta_ads,US
CUST_006033,2025-08-01 18:23:10,google_ads,US
CUST_006034,2024-08-05 11:50:56,meta_ads,US
CUST_006035,2025-05-14 07:34:47,creator_network,US
CUST_006036,2024-08-03 14:06:52,google_ads,US
CUST_006037,2025-07-18 06:35:20,meta_ads,GB
CUST_006038,2025-10-17 00:42:03,organic_search,US
CUST_006039,2024-05-03 02:07:10,meta_ads,US
CUST_006040,2025-10-07 02:18:49,creator_network,US
CUST_006041,2025-04-09 11:08:23,creator_network,US
CUST_006042,2024-05-16 17:51:19,direct,CA
CUST_006043,2025-01-28 01:48:40,google_ads,US
CUST_006044,2024-06-12 23:27:17,google_ads,US
CUST_006045,2025-07-08 19:54:20,meta_ads,US
CUST_006046,2025-08-08 20:18:43,creator_network,US
CUST_006047,2024-04-25 13:03:15,google_ads,US
CUST_006048,2025-02-03 04:34:51,google_ads,DE
CUST_006049,2025-09-06 15:11:13,organic_search,US
CUST_006050,2025-11-05 20:22:18,meta_ads,CA
CUST_006051,2025-03-17 07:48:27,organic_search,US
CUST_006052,2025-12-01 11:32:48,organic_search,US
CUST_006053,2025-03-22 22:06:53,google_ads,US
CUST_006054,2024-12-12 18:57:55,google_ads,US
CUST_006055,2025-10-12 19:36:36,meta_ads,US
CUST_006056,2025-02-07 20:37:01,direct,US
CUST_006057,2025-02-05 18:59:10,meta_ads,US
CUST_006058,2025-02-11 21:08:14,google_ads,US
CUST_006059,2025-10-02 07:17:12,creator_network,US
CUST_006060,2025-09-23 11:33:14,direct,US
CUST_006061,2024-12-16 05:10:17,creator_network,US
CUST_006062,2024-10-02 03:29:01,google_ads,US
CUST_006063,2025-02-02 11:47:19,meta_ads,CA
CUST_006064,2025-04-18 20:13:20,meta_ads,US
CUST_006065,2024-08-23 17:12:25,meta_ads,US
CUST_006066,2025-09-29 22:31:05,organic_search,US
CUST_006067,2025-02-17 00:19:07,creator_network,US
CUST_006068,2024-10-30 19:30:42,creator_network,US
CUST_006069,2024-04-04 13:36:48,creator_network,US
CUST_006070,2024-08-06 19:18:24,google_ads,US
CUST_006071,2025-12-14 07:30:04,meta_ads,GB
CUST_006072,2024-10-22 01:42:54,meta_ads,US
CUST_006073,2024-06-01 20:58:16,meta_ads,CA
CUST_006074,2025-01-12 11:14:56,creator_network,US
CUST_006075,2024-10-29 20:41:36,meta_ads,US
CUST_006076,2024-02-12 02:20:51,creator_network,US
CUST_006077,2024-10-20 14:28:15,creator_network,US
CUST_006078,2025-03-30 01:27:55,google_ads,US
CUST_006079,2025-04-02 23:25:13,meta_ads,US
CUST_006080,2024-11-29 05:10:14,meta_ads,US
CUST_006081,2025-01-14 05:35:31,meta_ads,GB
CUST_006082,2025-12-17 03:04:01,creator_network,US
CUST_006083,2024-11-02 10:59:51,meta_ads,US
CUST_006084,2024-08-08 03:38:27,organic_search,US
CUST_006085,2024-08-17 09:18:30,creator_network,US
CUST_006086,2025-01-30 15:45:18,meta_ads,US
CUST_006087,2025-08-30 03:58:15,creator_network,US
CUST_006088,2024-07-24 15:42:41,creator_network,US
CUST_006089,2025-07-19 11:17:22,creator_network,US
CUST_006090,2024-01-09 22:20:04,meta_ads,US
CUST_006091,2024-12-29 17:39:36,meta_ads,US
CUST_006092,2025-08-02 00:02:21,meta_ads,US
CUST_006093,2024-10-19 17:29:31,meta_ads,CA
CUST_006094,2025-04-07 07:09:45,creator_network,US
CUST_006095,2024-07-17 14:42:37,creator_network,US
CUST_006096,2025-08-27 00:01:25,direct,US
CUST_006097,2024-02-08 22:23:31,meta_ads,US
CUST_006098,2025-10-25 22:34:07,meta_ads,US
CUST_006099,2024-07-25 13:19:32,creator_network,GB
CUST_006100,2025-10-05 21:56:18,meta_ads,US
CUST_006101,2024-11-03 16:16:08,meta_ads,US
CUST_006102,2025-07-29 04:24:30,google_ads,US
CUST_006103,2024-10-21 01:38:41,meta_ads,US
CUST_006104,2025-11-24 08:06:55,google_ads,CA
CUST_006105,2024-05-22 06:44:16,meta_ads,GB
CUST_006106,2024-06-21 08:31:11,google_ads,US
CUST_006107,2025-02-21 10:54:44,organic_search,US
CUST_006108,2024-03-19 19:54:53,meta_ads,US
CUST_006109,2024-07-20 04:48:31,direct,US
CUST_006110,2025-11-20 03:47:12,google_ads,US
CUST_006111,2025-12-05 05:01:45,direct,GB
CUST_006112,2024-11-28 00:47:05,meta_ads,US
CUST_006113,2025-11-15 11:26:18,google_ads,US
CUST_006114,2025-03-19 03:37:57,google_ads,CA
CUST_006115,2024-09-15 23:59:01,creator_network,US
CUST_006116,2025-07-12 09:08:45,google_ads,US
CUST_006117,2025-06-22 07:50:53,google_ads,US
CUST_006118,2025-12-18 13:00:53,organic_search,US
CUST_006119,2024-09-19 22:53:43,meta_ads,US
CUST_006120,2025-06-03 01:26:23,meta_ads,GB
CUST_006121,2024-02-13 01:14:51,google_ads,US
CUST_006122,2024-04-11 09:36:07,google_ads,US
CUST_006123,2024-01-07 07:23:30,google_ads,CA
CUST_006124,2025-12-29 08:27:14,google_ads,GB
CUST_006125,2025-09-19 19:40:34,direct,US
CUST_006126,2025-08-14 11:49:40,creator_network,US
CUST_006127,2025-03-14 11:07:19,meta_ads,US
CUST_006128,2024-09-15 17:47:30,meta_ads,US
CUST_006129,2024-05-15 04:41:47,direct,US
CUST_006130,2024-09-05 06:26:34,creator_network,GB
CUST_006131,2024-11-09 06:29:59,organic_search,US
CUST_006132,2025-08-13 01:54:52,meta_ads,US
CUST_006133,2025-03-14 11:15:44,creator_network,GB
CUST_006134,2024-03-04 11:13:16,creator_network,US
CUST_006135,2024-01-13 12:03:24,meta_ads,US
CUST_006136,2024-04-30 20:48:04,google_ads,US
CUST_006137,2024-12-25 12:49:40,google_ads,US
CUST_006138,2025-11-21 21:39:22,google_ads,US
CUST_006139,2025-05-05 14:16:16,organic_search,US
CUST_006140,2025-09-01 13:10:04,organic_search,US
CUST_006141,2025-02-20 19:31:17,organic_search,DE
CUST_006142,2024-11-21 07:23:27,organic_search,US
CUST_006143,2024-04-24 13:03:21,google_ads,GB
CUST_006144,2025-10-30 22:23:34,google_ads,US
CUST_006145,2025-08-27 12:47:11,organic_search,CA
CUST_006146,2024-06-09 12:20:31,google_ads,US
CUST_006147,2025-03-29 07:39:33,meta_ads,US
CUST_006148,2025-02-07 18:07:38,google_ads,GB
CUST_006149,2025-05-24 02:43:02,meta_ads,US
CUST_006150,2025-12-15 01:19:34,creator_network,US
CUST_006151,2025-04-21 15:40:00,meta_ads,US
CUST_006152,2025-03-19 05:35:48,meta_ads,US
CUST_006153,2024-02-08 09:07:33,direct,CA
CUST_006154,2024-03-17 22:31:24,creator_network,US
CUST_006155,2024-06-12 11:32:42,creator_network,US
CUST_006156,2024-02-22 13:24:54,google_ads,CA
CUST_006157,2025-08-09 02:52:33,organic_search,DE
CUST_006158,2025-07-04 03:34:31,creator_network,US
CUST_006159,2024-05-29 06:01:10,google_ads,US
CUST_006160,2025-09-01 03:42:02,direct,US
CUST_006161,2024-05-30 00:02:32,meta_ads,US
CUST_006162,2024-09-02 22:30:39,direct,US
CUST_006163,2024-08-22 21:27:50,google_ads,US
CUST_006164,2024-11-19 11:46:36,google_ads,GB
CUST_006165,2024-08-28 11:04:40,meta_ads,US
CUST_006166,2025-02-05 11:00:06,google_ads,GB
CUST_006167,2024-12-21 04:01:04,google_ads,DE
CUST_006168,2025-12-27 21:43:09,direct,DE
CUST_006169,2024-02-04 20:56:22,direct,GB
CUST_006170,2024-05-12 14:58:52,direct,CA
CUST_006171,2024-02-20 12:40:01,meta_ads,GB
CUST_006172,2025-05-31 10:56:13,direct,US
CUST_006173,2024-02-13 15:16:41,google_ads,US
CUST_006174,2025-09-27 21:37:43,organic_search,US
CUST_006175,2025-03-11 22:40:28,meta_ads,US
CUST_006176,2025-03-26 01:02:20,google_ads,US
CUST_006177,2025-04-20 20:39:47,direct,US
CUST_006178,2024-06-23 22:57:30,direct,US
CUST_006179,2024-07-25 16:12:08,creator_network,CA
CUST_006180,2024-10-31 12:07:02,creator_network,US
CUST_006181,2025-04-22 18:55:11,meta_ads,DE
CUST_006182,2024-07-02 02:25:35,creator_network,US
CUST_006183,2024-04-15 23:57:14,google_ads,US
CUST_006184,2025-12-28 09:41:58,meta_ads,US
CUST_006185,2024-01-22 16:42:26,meta_ads,US
CUST_006186,2025-09-07 07:30:11,meta_ads,US
CUST_006187,2025-08-28 14:14:01,creator_network,CA
CUST_006188,2024-09-24 00:38:13,meta_ads,US
CUST_006189,2024-05-10 21:28:22,google_ads,US
CUST_006190,2024-05-25 04:24:08,meta_ads,US
CUST_006191,2025-07-17 04:22:39,google_ads,GB
CUST_006192,2025-05-05 19:12:06,creator_network,US
CUST_006193,2025-08-01 17:57:07,creator_network,US
CUST_006194,2025-11-29 18:22:56,google_ads,US
CUST_006195,2025-07-23 04:17:17,google_ads,US
CUST_006196,2024-05-20 08:02:09,google_ads,US
CUST_006197,2024-08-07 21:00:40,organic_search,GB
CUST_006198,2025-10-20 03:40:34,meta_ads,US
CUST_006199,2024-07-28 12:39:59,meta_ads,US
CUST_006200,2024-03-03 07:58:04,creator_network,US
CUST_006201,2025-07-29 02:07:50,meta_ads,US
CUST_006202,2024-12-07 00:44:26,organic_search,US
CUST_006203,2025-11-09 11:27:27,meta_ads,DE
CUST_006204,2025-06-30 06:16:48,creator_network,US
CUST_006205,2024-03-06 11:26:54,meta_ads,US
CUST_006206,2025-12-11 05:45:35,google_ads,US
CUST_006207,2024-08-21 08:07:08,meta_ads,US
CUST_006208,2024-10-08 22:29:07,organic_search,US
CUST_006209,2024-12-05 00:09:14,direct,CA
CUST_006210,2024-02-12 07:42:29,google_ads,CA
CUST_006211,2025-02-26 17:47:56,organic_search,US
CUST_006212,2024-05-08 14:11:54,creator_network,US
CUST_006213,2024-12-11 21:40:41,direct,CA
CUST_006214,2024-11-17 10:47:47,organic_search,DE
CUST_006215,2025-08-26 15:14:56,meta_ads,DE
CUST_006216,2025-09-30 12:20:49,creator_network,US
CUST_006217,2024-05-09 14:18:35,google_ads,US
CUST_006218,2024-11-14 09:53:02,meta_ads,US
CUST_006219,2024-11-11 17:42:00,meta_ads,US
CUST_006220,2024-05-26 05:41:57,direct,US
CUST_006221,2025-09-20 19:11:05,direct,GB
CUST_006222,2025-07-26 08:10:56,creator_network,US
CUST_006223,2024-06-05 18:09:06,direct,US
CUST_006224,2024-11-20 18:06:42,organic_search,US
CUST_006225,2024-04-03 08:38:26,meta_ads,US
CUST_006226,2025-05-11 20:23:10,meta_ads,US
CUST_006227,2024-04-24 16:51:05,meta_ads,US
CUST_006228,2025-12-09 17:02:04,meta_ads,US
CUST_006229,2025-08-22 00:43:17,meta_ads,US
CUST_006230,2024-12-23 17:23:03,google_ads,US
CUST_006231,2025-04-29 13:57:20,organic_search,DE
CUST_006232,2025-11-29 22:09:07,organic_search,US
CUST_006233,2025-04-29 06:16:40,google_ads,US
CUST_006234,2024-06-09 00:51:14,direct,CA
CUST_006235,2024-11-25 08:34:18,google_ads,GB
CUST_006236,2025-10-07 16:10:26,organic_search,US
CUST_006237,2025-06-21 00:42:40,google_ads,US
CUST_006238,2025-06-23 06:50:52,meta_ads,US
CUST_006239,2025-10-29 17:46:57,organic_search,US
CUST_006240,2025-11-09 18:29:08,google_ads,US
CUST_006241,2025-11-06 10:05:24,google_ads,US
CUST_006242,2024-04-14 23:51:48,meta_ads,CA
CUST_006243,2025-03-31 15:30:45,creator_network,US
CUST_006244,2025-08-27 10:38:30,direct,US
CUST_006245,2025-08-28 05:03:52,meta_ads,US
CUST_006246,2025-05-07 14:26:58,organic_search,CA
CUST_006247,2024-06-14 15:59:08,meta_ads,CA
CUST_006248,2025-09-12 20:52:00,meta_ads,US
CUST_006249,2025-07-28 01:30:52,meta_ads,US
CUST_006250,2024-03-07 08:42:41,creator_network,US
CUST_006251,2025-01-16 23:54:04,meta_ads,DE
CUST_006252,2024-06-07 16:33:26,google_ads,US
CUST_006253,2024-10-24 11:26:14,meta_ads,US
CUST_006254,2024-01-29 19:37:35,meta_ads,US
CUST_006255,2024-12-05 22:38:57,creator_network,US
CUST_006256,2025-03-22 16:57:15,meta_ads,CA
CUST_006257,2025-05-01 14:00:30,meta_ads,US
CUST_006258,2025-06-06 06:32:55,meta_ads,US
CUST_006259,2025-09-21 03:54:22,google_ads,US
CUST_006260,2024-07-30 17:17:38,creator_network,US
CUST_006261,2024-04-26 03:47:14,meta_ads,US
CUST_006262,2025-10-25 11:21:50,meta_ads,US
CUST_006263,2024-05-27 21:04:35,google_ads,US
CUST_006264,2025-12-27 18:59:43,meta_ads,US
CUST_006265,2025-10-16 10:57:10,organic_search,DE
CUST_006266,2025-02-23 21:01:47,creator_network,US
CUST_006267,2025-12-03 07:10:26,google_ads,US
CUST_006268,2024-04-05 22:33:03,meta_ads,US
CUST_006269,2024-10-25 03:05:02,creator_network,US
CUST_006270,2025-05-06 05:02:30,organic_search,US
CUST_006271,2024-11-29 07:55:52,google_ads,US
CUST_006272,2025-11-13 22:54:23,creator_network,US
CUST_006273,2024-03-01 04:00:10,creator_network,US
CUST_006274,2025-03-21 04:09:28,google_ads,US
CUST_006275,2025-04-21 23:00:08,meta_ads,US
CUST_006276,2025-06-09 11:49:41,creator_network,US
CUST_006277,2024-08-19 00:39:23,meta_ads,US
CUST_006278,2024-11-05 07:37:16,creator_network,CA
CUST_006279,2025-10-27 02:28:16,organic_search,US
CUST_006280,2024-07-28 16:13:05,organic_search,US
CUST_006281,2025-09-14 11:00:53,google_ads,US
CUST_006282,2025-04-07 21:32:18,meta_ads,US
CUST_006283,2025-08-23 14:14:39,meta_ads,US
CUST_006284,2025-07-04 14:25:01,creator_network,US
CUST_006285,2024-07-29 05:33:58,organic_search,US
CUST_006286,2025-04-12 10:36:47,creator_network,US
CUST_006287,2025-10-03 09:49:31,meta_ads,US
CUST_006288,2025-01-14 14:00:03,direct,US
CUST_006289,2025-12-20 12:14:48,direct,US
CUST_006290,2025-01-07 20:18:27,google_ads,US
CUST_006291,2024-05-06 11:06:14,google_ads,US
CUST_006292,2024-12-03 05:43:01,creator_network,US
CUST_006293,2025-12-06 01:07:05,creator_network,US
CUST_006294,2024-10-31 19:18:09,direct,US
CUST_006295,2025-10-12 23:02:32,meta_ads,US
CUST_006296,2025-10-26 08:45:07,google_ads,US
CUST_006297,2024-11-22 17:26:24,creator_network,GB
CUST_006298,2024-03-29 06:50:16,organic_search,US
CUST_006299,2025-07-04 04:19:05,organic_search,US
CUST_006300,2024-10-30 21:18:14,direct,DE
CUST_006301,2025-08-24 06:24:07,google_ads,US
CUST_006302,2025-01-17 19:09:43,organic_search,US
CUST_006303,2025-02-27 03:32:17,google_ads,US
CUST_006304,2025-08-27 03:05:51,google_ads,US
CUST_006305,2024-12-08 18:56:15,meta_ads,GB
CUST_006306,2025-01-23 03:48:18,organic_search,US
CUST_006307,2024-11-04 03:37:30,direct,US
CUST_006308,2024-11-30 19:50:38,meta_ads,CA
CUST_006309,2025-03-02 20:55:21,meta_ads,US
CUST_006310,2025-09-10 20:47:28,organic_search,US
CUST_006311,2024-11-09 17:11:47,google_ads,US
CUST_006312,2025-03-09 08:32:17,direct,US
CUST_006313,2025-06-15 18:03:38,meta_ads,US
CUST_006314,2024-09-03 19:29:43,meta_ads,US
CUST_006315,2024-09-28 11:40:43,google_ads,US
CUST_006316,2025-11-24 03:03:05,meta_ads,US
CUST_006317,2025-07-25 21:20:40,meta_ads,US
CUST_006318,2025-04-09 13:14:00,meta_ads,US
CUST_006319,2025-06-23 07:55:52,meta_ads,US
CUST_006320,2024-02-09 12:54:13,meta_ads,US
CUST_006321,2025-05-23 13:29:36,direct,US
CUST_006322,2025-03-16 18:15:42,meta_ads,US
CUST_006323,2025-03-30 05:45:05,google_ads,US
CUST_006324,2024-11-03 16:26:41,organic_search,GB
CUST_006325,2024-03-10 23:37:47,creator_network,US
CUST_006326,2024-07-20 21:40:10,google_ads,CA
CUST_006327,2025-12-19 01:01:59,creator_network,US
CUST_006328,2024-12-15 12:41:43,organic_search,US
CUST_006329,2025-02-14 12:12:19,organic_search,US
CUST_006330,2024-02-09 14:58:17,google_ads,US
CUST_006331,2024-02-02 06:49:29,organic_search,US
CUST_006332,2025-07-04 07:22:23,google_ads,US
CUST_006333,2025-03-18 07:20:12,meta_ads,DE
CUST_006334,2025-03-15 15:46:04,organic_search,US
CUST_006335,2024-08-24 03:14:18,google_ads,US
CUST_006336,2025-08-25 04:00:10,organic_search,GB
CUST_006337,2024-06-15 07:44:41,meta_ads,US
CUST_006338,2024-06-06 19:50:57,google_ads,US
CUST_006339,2025-01-22 09:11:24,direct,US
CUST_006340,2024-09-19 16:44:12,meta_ads,US
CUST_006341,2024-08-29 07:12:18,direct,US
CUST_006342,2025-06-03 11:51:32,direct,US
CUST_006343,2025-06-30 03:55:11,organic_search,US
CUST_006344,2025-09-19 13:19:46,google_ads,US
CUST_006345,2024-12-03 08:48:56,google_ads,CA
CUST_006346,2024-03-12 18:43:33,organic_search,US
CUST_006347,2024-09-17 14:43:45,creator_network,US
CUST_006348,2025-12-01 08:57:15,google_ads,US
CUST_006349,2025-04-28 09:04:28,direct,US
CUST_006350,2025-07-21 13:42:26,creator_network,US
CUST_006351,2024-01-12 15:54:57,direct,US
CUST_006352,2025-03-04 02:18:27,meta_ads,US
CUST_006353,2024-02-24 02:51:42,meta_ads,US
CUST_006354,2025-04-11 23:30:10,google_ads,GB
CUST_006355,2025-11-16 03:48:59,google_ads,US
CUST_006356,2025-12-24 22:33:41,creator_network,US
CUST_006357,2025-03-23 10:28:27,meta_ads,US
CUST_006358,2025-01-04 08:02:47,direct,US
CUST_006359,2025-11-16 04:07:08,meta_ads,DE
CUST_006360,2025-06-14 11:00:30,google_ads,US
CUST_006361,2024-03-21 09:36:34,meta_ads,US
CUST_006362,2025-02-02 18:25:21,google_ads,US
CUST_006363,2024-08-11 07:44:25,meta_ads,US
CUST_006364,2025-02-09 10:56:09,meta_ads,DE
CUST_006365,2025-01-11 18:56:16,creator_network,US
CUST_006366,2025-04-09 17:08:20,meta_ads,US
CUST_006367,2024-11-04 20:58:48,meta_ads,US
CUST_006368,2024-06-30 11:46:16,creator_network,US
CUST_006369,2025-02-11 16:01:19,meta_ads,US
CUST_006370,2025-09-16 06:12:02,google_ads,US
CUST_006371,2025-06-12 13:39:05,meta_ads,US
CUST_006372,2024-10-05 17:24:49,meta_ads,US
CUST_006373,2025-11-06 13:51:56,creator_network,US
CUST_006374,2025-11-20 02:03:23,meta_ads,DE
CUST_006375,2024-07-05 11:43:49,organic_search,US
CUST_006376,2024-02-11 20:00:42,organic_search,DE
CUST_006377,2025-08-17 14:00:04,meta_ads,US
CUST_006378,2025-09-30 21:39:10,direct,US
CUST_006379,2025-12-09 06:00:17,meta_ads,US
CUST_006380,2025-10-09 19:48:48,meta_ads,US
CUST_006381,2025-05-18 12:03:35,meta_ads,GB
CUST_006382,2025-03-28 07:56:58,google_ads,US
CUST_006383,2024-01-05 18:57:05,google_ads,US
CUST_006384,2024-08-05 01:55:54,meta_ads,US
CUST_006385,2025-01-18 17:30:15,organic_search,US
CUST_006386,2025-05-14 21:49:53,creator_network,US
CUST_006387,2025-04-23 19:31:29,meta_ads,US
CUST_006388,2025-08-15 07:06:04,creator_network,US
CUST_006389,2024-09-30 18:14:17,direct,GB
CUST_006390,2025-04-16 16:23:42,meta_ads,CA
CUST_006391,2024-03-29 21:36:24,meta_ads,US
CUST_006392,2024-12-24 19:59:38,google_ads,US
CUST_006393,2025-08-02 05:11:43,google_ads,CA
CUST_006394,2025-07-20 00:31:32,google_ads,GB
CUST_006395,2025-12-14 22:25:49,meta_ads,US
CUST_006396,2024-09-22 18:37:05,creator_network,US
CUST_006397,2025-02-10 22:38:38,google_ads,US
CUST_006398,2024-10-31 21:41:28,google_ads,GB
CUST_006399,2025-01-31 16:26:16,meta_ads,US
CUST_006400,2025-10-09 21:08:12,google_ads,GB
CUST_006401,2025-06-10 05:20:25,meta_ads,US
CUST_006402,2025-10-21 19:41:39,google_ads,US
CUST_006403,2024-07-08 02:04:07,direct,GB
CUST_006404,2025-10-06 00:41:00,google_ads,US
CUST_006405,2024-03-15 05:35:03,meta_ads,US
CUST_006406,2025-10-11 21:06:16,google_ads,US
CUST_006407,2024-10-06 13:42:06,organic_search,US
CUST_006408,2024-10-24 22:27:45,creator_network,US
CUST_006409,2025-03-22 20:37:55,google_ads,US
CUST_006410,2025-11-02 01:12:48,meta_ads,US
CUST_006411,2024-02-26 17:11:31,google_ads,US
CUST_006412,2024-11-30 02:38:42,google_ads,US
CUST_006413,2025-10-01 23:22:21,direct,GB
CUST_006414,2024-12-17 15:02:35,google_ads,US
CUST_006415,2024-07-23 19:31:05,creator_network,US
CUST_006416,2025-01-12 23:46:22,google_ads,US
CUST_006417,2024-12-23 08:39:45,meta_ads,US
CUST_006418,2025-11-12 15:13:46,organic_search,US
CUST_006419,2025-08-21 06:04:42,google_ads,US
CUST_006420,2025-02-08 01:54:43,direct,US
CUST_006421,2025-12-06 07:51:33,google_ads,CA
CUST_006422,2025-02-13 18:15:10,meta_ads,CA
CUST_006423,2024-02-28 02:48:24,creator_network,DE
CUST_006424,2024-08-31 00:48:45,meta_ads,US
CUST_006425,2025-01-20 01:29:31,meta_ads,US
CUST_006426,2024-06-25 22:51:17,meta_ads,DE
CUST_006427,2025-12-05 19:42:59,creator_network,CA
CUST_006428,2025-08-17 00:13:39,google_ads,US
CUST_006429,2024-09-08 14:39:32,meta_ads,US
CUST_006430,2025-04-05 04:07:37,google_ads,US
CUST_006431,2025-07-14 01:35:51,google_ads,US
CUST_006432,2025-11-27 23:57:56,direct,US
CUST_006433,2025-10-31 00:44:16,google_ads,CA
CUST_006434,2025-03-21 07:20:18,creator_network,US
CUST_006435,2025-08-27 22:23:52,meta_ads,US
CUST_006436,2025-04-26 09:05:20,creator_network,US
CUST_006437,2025-04-08 00:57:40,creator_network,US
CUST_006438,2024-04-19 10:17:32,organic_search,US
CUST_006439,2024-05-01 23:38:09,meta_ads,US
CUST_006440,2025-03-25 17:59:43,google_ads,US
CUST_006441,2024-09-12 08:05:00,creator_network,US
CUST_006442,2024-01-09 13:31:39,meta_ads,US
CUST_006443,2025-07-31 07:41:34,google_ads,US
CUST_006444,2024-02-15 09:39:35,direct,CA
CUST_006445,2025-04-21 22:16:30,google_ads,US
CUST_006446,2025-03-29 09:33:49,direct,US
CUST_006447,2025-12-04 07:34:56,meta_ads,US
CUST_006448,2025-02-17 13:32:03,creator_network,CA
CUST_006449,2024-03-04 09:56:23,google_ads,US
CUST_006450,2025-04-22 22:32:09,google_ads,US
CUST_006451,2025-10-15 23:19:47,direct,US
CUST_006452,2025-12-30 11:08:26,meta_ads,US
CUST_006453,2025-01-09 20:07:03,organic_search,US
CUST_006454,2024-10-13 21:39:48,creator_network,GB
CUST_006455,2025-11-02 09:46:08,meta_ads,US
CUST_006456,2024-06-29 12:11:18,organic_search,US
CUST_006457,2025-05-23 22:59:57,google_ads,CA
CUST_006458,2024-12-09 00:58:54,organic_search,US
CUST_006459,2024-02-09 06:02:00,google_ads,CA
CUST_006460,2024-11-15 23:32:36,organic_search,US
CUST_006461,2024-09-06 11:41:34,google_ads,US
CUST_006462,2025-06-24 18:57:33,meta_ads,US
CUST_006463,2025-12-18 07:32:47,google_ads,US
CUST_006464,2024-09-18 03:59:09,meta_ads,US
CUST_006465,2025-09-02 23:50:45,google_ads,GB
CUST_006466,2024-02-16 17:36:52,meta_ads,US
CUST_006467,2025-03-16 08:11:17,meta_ads,GB
CUST_006468,2024-03-14 15:56:31,meta_ads,US
CUST_006469,2025-11-14 03:01:04,google_ads,US
CUST_006470,2025-08-22 00:09:01,google_ads,US
CUST_006471,2025-06-23 06:52:39,google_ads,US
CUST_006472,2025-09-30 15:29:21,meta_ads,US
CUST_006473,2025-06-18 22:07:48,creator_network,US
CUST_006474,2025-12-25 11:05:19,creator_network,US
CUST_006475,2025-07-05 20:33:30,meta_ads,US
CUST_006476,2025-11-09 08:46:48,organic_search,US
CUST_006477,2025-03-25 14:42:39,google_ads,US
CUST_006478,2024-04-26 05:19:23,creator_network,US
CUST_006479,2025-03-18 05:45:26,meta_ads,US
CUST_006480,2024-05-11 21:24:43,meta_ads,DE
CUST_006481,2025-04-26 12:20:37,organic_search,US
CUST_006482,2025-02-11 15:48:29,organic_search,US
CUST_006483,2025-05-23 07:45:32,meta_ads,US
CUST_006484,2024-01-28 06:49:30,meta_ads,US
CUST_006485,2024-07-07 10:37:07,creator_network,US
CUST_006486,2025-02-26 14:23:27,creator_network,US
CUST_006487,2025-12-21 11:47:20,organic_search,US
CUST_006488,2024-12-17 18:10:00,meta_ads,DE
CUST_006489,2025-01-06 22:12:15,google_ads,CA
CUST_006490,2025-07-02 23:44:50,meta_ads,GB
CUST_006491,2025-05-25 03:10:16,google_ads,US
CUST_006492,2024-09-07 13:14:38,meta_ads,CA
CUST_006493,2024-12-01 22:53:46,organic_search,US
CUST_006494,2024-07-30 10:53:25,google_ads,US
CUST_006495,2025-12-30 12:59:44,organic_search,DE
CUST_006496,2024-05-19 01:50:21,meta_ads,GB
CUST_006497,2024-11-10 11:15:45,meta_ads,CA
CUST_006498,2024-01-16 07:57:36,meta_ads,CA
CUST_006499,2024-07-27 04:14:41,google_ads,US
CUST_006500,2025-08-06 18:45:41,organic_search,US
CUST_006501,2024-07-06 13:44:35,google_ads,US
CUST_006502,2024-03-15 00:30:23,meta_ads,US
CUST_006503,2025-02-25 13:51:15,meta_ads,GB
CUST_006504,2024-01-04 03:38:39,meta_ads,US
CUST_006505,2024-03-14 07:29:03,creator_network,US
CUST_006506,2025-09-22 14:11:50,google_ads,CA
CUST_006507,2025-08-03 06:19:41,creator_network,CA
CUST_006508,2025-11-04 23:39:03,creator_network,CA
CUST_006509,2025-10-07 17:15:26,meta_ads,US
CUST_006510,2025-06-13 12:16:51,meta_ads,CA
CUST_006511,2024-02-18 05:38:20,creator_network,US
CUST_006512,2025-08-29 18:00:37,creator_network,US
CUST_006513,2025-10-28 08:43:50,meta_ads,CA
CUST_006514,2025-09-11 18:56:11,meta_ads,US
CUST_006515,2025-03-23 00:04:19,meta_ads,US
CUST_006516,2024-08-01 04:22:13,meta_ads,US
CUST_006517,2025-10-18 22:32:09,meta_ads,GB
CUST_006518,2025-07-01 15:52:53,meta_ads,US
CUST_006519,2025-12-02 20:17:38,google_ads,US
CUST_006520,2024-05-02 10:08:48,meta_ads,CA
CUST_006521,2024-07-09 01:42:50,meta_ads,US
CUST_006522,2024-07-08 23:51:59,organic_search,US
CUST_006523,2025-09-04 16:54:09,google_ads,US
CUST_006524,2024-06-07 03:13:29,direct,US
CUST_006525,2024-03-09 19:40:18,meta_ads,CA
CUST_006526,2025-12-04 05:58:51,creator_network,US
CUST_006527,2024-01-03 22:38:39,meta_ads,US
CUST_006528,2025-09-25 23:58:00,google_ads,US
CUST_006529,2024-11-01 12:43:52,meta_ads,US
CUST_006530,2025-10-29 07:09:50,meta_ads,GB
CUST_006531,2025-04-26 01:58:58,direct,CA
CUST_006532,2025-11-07 22:44:24,google_ads,US
CUST_006533,2025-11-01 20:35:01,direct,US
CUST_006534,2024-01-24 14:37:59,meta_ads,US
CUST_006535,2024-03-13 01:33:35,meta_ads,US
CUST_006536,2024-08-17 07:25:25,google_ads,US
CUST_006537,2025-06-18 10:20:46,creator_network,US
CUST_006538,2025-10-11 03:55:42,google_ads,DE
CUST_006539,2025-01-14 04:15:18,direct,US
CUST_006540,2025-05-22 12:26:18,meta_ads,DE
CUST_006541,2024-06-03 00:20:50,creator_network,GB
CUST_006542,2025-09-16 10:44:38,meta_ads,US
CUST_006543,2025-12-14 06:18:42,meta_ads,US
CUST_006544,2024-09-13 10:00:42,google_ads,DE
CUST_006545,2025-02-13 17:49:41,google_ads,US
CUST_006546,2024-03-19 19:01:15,meta_ads,US
CUST_006547,2025-04-29 17:06:12,meta_ads,US
CUST_006548,2025-02-26 03:03:48,google_ads,DE
CUST_006549,2024-05-20 15:43:19,google_ads,US
CUST_006550,2025-01-08 01:14:21,meta_ads,CA
CUST_006551,2024-10-29 00:35:18,meta_ads,US
CUST_006552,2025-03-06 02:02:38,meta_ads,US
CUST_006553,2025-04-26 15:38:11,direct,GB
CUST_006554,2024-01-25 17:33:35,direct,US
CUST_006555,2025-08-30 08:46:12,google_ads,US
CUST_006556,2025-07-13 08:18:47,direct,US
CUST_006557,2024-11-09 23:47:18,creator_network,GB
CUST_006558,2024-02-03 10:38:09,meta_ads,US
CUST_006559,2025-08-10 08:30:00,meta_ads,US
CUST_006560,2025-12-07 01:56:48,organic_search,US
CUST_006561,2024-08-02 03:30:45,google_ads,GB
CUST_006562,2024-10-06 02:30:15,organic_search,US
CUST_006563,2024-06-18 07:54:25,organic_search,US
CUST_006564,2025-04-24 23:45:28,google_ads,US
CUST_006565,2024-05-20 10:18:14,meta_ads,CA
CUST_006566,2024-11-04 00:12:14,meta_ads,US
CUST_006567,2025-07-25 13:39:06,meta_ads,US
CUST_006568,2025-04-01 04:50:59,meta_ads,US
CUST_006569,2024-12-07 11:53:41,google_ads,US
CUST_006570,2024-12-02 06:25:35,meta_ads,US
CUST_006571,2025-04-08 19:01:40,meta_ads,US
CUST_006572,2024-01-18 10:31:33,google_ads,US
CUST_006573,2024-03-11 01:36:26,meta_ads,US
CUST_006574,2025-10-06 22:15:31,google_ads,US
CUST_006575,2024-03-10 15:57:44,google_ads,CA
CUST_006576,2025-07-12 22:52:20,google_ads,US
CUST_006577,2025-11-12 18:47:01,direct,CA
CUST_006578,2024-09-18 05:12:41,meta_ads,US
CUST_006579,2024-11-05 00:24:15,meta_ads,DE
CUST_006580,2025-04-03 13:06:46,organic_search,US
CUST_006581,2025-10-10 16:26:12,google_ads,CA
CUST_006582,2025-11-03 14:17:49,creator_network,US
CUST_006583,2025-07-13 11:20:16,meta_ads,US
CUST_006584,2024-03-19 22:37:34,organic_search,CA
CUST_006585,2025-06-03 00:57:37,direct,CA
CUST_006586,2024-12-22 11:57:17,google_ads,US
CUST_006587,2025-02-03 14:04:55,meta_ads,US
CUST_006588,2024-02-17 21:02:44,organic_search,US
CUST_006589,2024-06-16 17:03:44,creator_network,US
CUST_006590,2025-09-20 22:54:18,creator_network,DE
CUST_006591,2025-01-02 08:27:06,meta_ads,US
CUST_006592,2024-10-07 21:05:22,creator_network,CA
CUST_006593,2024-12-28 20:31:07,meta_ads,US
CUST_006594,2025-10-07 03:05:10,meta_ads,US
CUST_006595,2025-08-15 21:16:50,google_ads,US
CUST_006596,2024-09-09 03:07:44,meta_ads,GB
CUST_006597,2024-04-04 15:00:25,creator_network,US
CUST_006598,2024-08-07 00:25:00,google_ads,DE
CUST_006599,2025-11-06 00:13:34,meta_ads,US
CUST_006600,2025-04-11 15:59:30,creator_network,CA
CUST_006601,2025-03-17 01:41:26,direct,US
CUST_006602,2025-04-18 09:40:32,meta_ads,GB
CUST_006603,2024-11-02 08:22:21,google_ads,US
CUST_006604,2025-09-29 22:49:46,meta_ads,US
CUST_006605,2025-03-27 11:43:50,google_ads,US
CUST_006606,2024-04-21 00:01:07,meta_ads,US
CUST_006607,2024-05-11 03:40:32,meta_ads,US
CUST_006608,2025-03-19 11:44:51,meta_ads,US
CUST_006609,2025-11-11 20:14:49,direct,US
CUST_006610,2024-10-19 03:52:10,google_ads,US
CUST_006611,2025-10-28 17:53:22,google_ads,GB
CUST_006612,2025-08-04 17:37:27,google_ads,US
CUST_006613,2024-08-01 17:26:51,google_ads,US
CUST_006614,2024-02-02 04:37:45,google_ads,US
CUST_006615,2024-04-28 10:15:43,meta_ads,GB
CUST_006616,2025-07-29 18:06:20,google_ads,DE
CUST_006617,2024-07-25 07:12:07,meta_ads,GB
CUST_006618,2024-11-02 15:34:18,meta_ads,US
CUST_006619,2025-02-05 01:42:19,google_ads,US
CUST_006620,2025-07-07 22:07:14,organic_search,US
CUST_006621,2024-04-16 19:36:50,meta_ads,US
CUST_006622,2024-12-28 10:48:07,meta_ads,US
CUST_006623,2025-02-18 20:09:46,meta_ads,DE
CUST_006624,2025-03-14 12:09:05,direct,US
CUST_006625,2025-09-21 07:27:00,organic_search,DE
CUST_006626,2024-06-03 13:22:25,google_ads,US
CUST_006627,2025-09-14 10:24:59,direct,US
CUST_006628,2025-07-20 09:44:08,google_ads,US
CUST_006629,2025-04-12 14:02:20,direct,US
CUST_006630,2025-07-27 19:10:44,meta_ads,DE
CUST_006631,2024-12-24 14:05:34,meta_ads,US
CUST_006632,2024-05-18 18:04:16,google_ads,CA
CUST_006633,2025-06-19 17:21:42,meta_ads,GB
CUST_006634,2025-03-31 02:40:05,google_ads,US
CUST_006635,2025-05-12 06:08:53,meta_ads,US
CUST_006636,2024-10-01 07:46:07,google_ads,US
CUST_006637,2025-11-15 18:14:07,meta_ads,US
CUST_006638,2025-04-20 00:52:31,meta_ads,US
CUST_006639,2024-03-07 14:20:52,organic_search,US
CUST_006640,2025-01-28 04:31:48,organic_search,CA
CUST_006641,2025-08-23 06:36:15,direct,US
CUST_006642,2025-09-30 17:55:52,creator_network,US
CUST_006643,2025-02-11 18:08:46,creator_network,GB
CUST_006644,2025-11-21 13:33:13,google_ads,US
CUST_006645,2024-09-23 01:38:51,meta_ads,US
CUST_006646,2024-12-25 18:18:59,meta_ads,US
CUST_006647,2025-11-22 07:31:04,meta_ads,US
CUST_006648,2025-11-22 07:40:15,organic_search,US
CUST_006649,2025-06-21 01:49:09,meta_ads,US
CUST_006650,2025-10-02 14:22:19,direct,CA
CUST_006651,2024-03-27 02:55:05,google_ads,CA
CUST_006652,2025-10-29 22:15:29,creator_network,US
CUST_006653,2024-10-12 08:13:41,meta_ads,CA
CUST_006654,2024-06-08 05:25:38,meta_ads,CA
CUST_006655,2024-08-05 21:17:25,direct,US
CUST_006656,2024-12-19 03:16:33,meta_ads,US
CUST_006657,2024-08-23 06:38:56,meta_ads,US
CUST_006658,2024-10-11 09:16:50,meta_ads,US
CUST_006659,2024-05-07 18:25:52,meta_ads,US
CUST_006660,2024-09-16 06:11:50,meta_ads,CA
CUST_006661,2025-04-12 12:23:07,google_ads,US
CUST_006662,2025-01-13 11:54:50,google_ads,US
CUST_006663,2024-11-25 10:13:50,google_ads,US
CUST_006664,2025-08-23 20:17:18,meta_ads,US
CUST_006665,2025-11-12 14:44:04,organic_search,US
CUST_006666,2025-08-07 06:00:33,creator_network,US
CUST_006667,2024-10-06 14:46:27,meta_ads,US
CUST_006668,2025-08-15 17:01:01,google_ads,CA
CUST_006669,2024-05-07 05:45:42,meta_ads,US
CUST_006670,2024-05-18 19:33:36,creator_network,US
CUST_006671,2024-11-21 04:09:11,creator_network,GB
CUST_006672,2025-09-11 11:20:28,organic_search,US
CUST_006673,2024-08-27 03:40:42,meta_ads,US
CUST_006674,2024-03-30 03:50:23,google_ads,US
CUST_006675,2024-05-05 02:18:01,meta_ads,GB
CUST_006676,2025-10-16 11:24:11,meta_ads,US
CUST_006677,2025-05-08 15:54:43,google_ads,CA
CUST_006678,2024-08-08 11:58:44,meta_ads,CA
CUST_006679,2025-04-01 23:45:58,creator_network,US
CUST_006680,2025-03-12 12:31:16,google_ads,US
CUST_006681,2025-06-09 23:04:57,organic_search,US
CUST_006682,2024-08-21 00:49:25,meta_ads,CA
CUST_006683,2025-10-09 12:43:48,organic_search,US
CUST_006684,2024-10-20 11:22:35,direct,DE
CUST_006685,2025-07-30 09:20:25,organic_search,US
CUST_006686,2024-01-19 07:03:13,creator_network,US
CUST_006687,2024-11-24 23:01:34,organic_search,US
CUST_006688,2024-11-08 23:13:51,google_ads,US
CUST_006689,2025-03-05 07:23:37,meta_ads,US
CUST_006690,2024-03-18 08:49:26,creator_network,US
CUST_006691,2025-09-04 05:04:26,creator_network,CA
CUST_006692,2024-07-08 18:16:07,direct,US
CUST_006693,2025-06-26 12:28:09,google_ads,US
CUST_006694,2025-09-22 15:04:31,meta_ads,US
CUST_006695,2025-04-25 22:50:26,creator_network,US
CUST_006696,2025-08-19 06:40:39,direct,US
CUST_006697,2025-06-27 23:58:16,meta_ads,CA
CUST_006698,2024-11-07 14:14:29,meta_ads,US
CUST_006699,2025-09-15 04:39:51,google_ads,US
CUST_006700,2024-09-07 21:47:09,meta_ads,US
CUST_006701,2025-04-22 07:41:25,meta_ads,US
CUST_006702,2025-08-07 21:16:38,meta_ads,US
CUST_006703,2024-11-13 05:29:20,organic_search,US
CUST_006704,2024-10-19 19:34:29,meta_ads,US
CUST_006705,2025-01-15 19:38:43,google_ads,CA
CUST_006706,2025-09-06 15:43:44,creator_network,US
CUST_006707,2025-11-19 04:09:23,direct,US
CUST_006708,2025-03-21 16:07:08,direct,US
CUST_006709,2025-06-17 17:59:51,google_ads,US
CUST_006710,2025-11-23 17:09:50,direct,US
CUST_006711,2024-04-22 20:02:05,meta_ads,US
CUST_006712,2024-08-09 03:33:25,creator_network,US
CUST_006713,2025-07-19 07:35:31,google_ads,US
CUST_006714,2025-09-25 03:40:25,meta_ads,US
CUST_006715,2025-10-29 16:35:55,google_ads,US
CUST_006716,2024-12-31 23:10:08,meta_ads,US
CUST_006717,2024-03-14 03:46:24,organic_search,US
CUST_006718,2025-01-30 15:38:28,meta_ads,US
CUST_006719,2024-08-02 10:00:29,google_ads,US
CUST_006720,2024-09-14 08:00:58,meta_ads,GB
CUST_006721,2025-08-22 01:19:28,meta_ads,US
CUST_006722,2024-03-15 01:26:17,direct,US
CUST_006723,2025-09-07 08:51:23,creator_network,US
CUST_006724,2025-01-02 15:37:41,direct,US
CUST_006725,2025-04-28 11:03:22,meta_ads,GB
CUST_006726,2024-03-16 20:49:40,meta_ads,GB
CUST_006727,2024-10-25 17:57:32,google_ads,US
CUST_006728,2024-03-03 17:22:57,google_ads,US
CUST_006729,2025-12-06 12:22:49,meta_ads,GB
CUST_006730,2025-09-01 21:34:01,creator_network,US
CUST_006731,2025-01-25 15:47:12,meta_ads,US
CUST_006732,2024-07-11 01:32:10,meta_ads,CA
CUST_006733,2025-11-28 06:25:28,meta_ads,US
CUST_006734,2024-11-04 08:19:58,google_ads,US
CUST_006735,2024-06-06 18:18:06,creator_network,CA
CUST_006736,2025-04-09 09:48:40,google_ads,US
CUST_006737,2025-11-16 09:23:39,google_ads,CA
CUST_006738,2024-01-23 15:44:22,meta_ads,US
CUST_006739,2024-08-04 00:59:18,organic_search,US
CUST_006740,2025-11-11 20:30:34,direct,US
CUST_006741,2024-06-21 02:37:40,creator_network,US
CUST_006742,2024-04-06 18:12:38,meta_ads,CA
CUST_006743,2025-04-30 15:59:20,google_ads,US
CUST_006744,2025-10-26 04:43:31,google_ads,US
CUST_006745,2025-02-15 00:33:40,direct,CA
CUST_006746,2025-12-04 21:05:19,direct,CA
CUST_006747,2025-06-25 13:15:42,organic_search,CA
CUST_006748,2024-03-30 10:40:51,meta_ads,US
CUST_006749,2025-12-13 05:45:54,direct,US
CUST_006750,2024-12-16 22:37:52,google_ads,US
CUST_006751,2024-09-13 16:48:09,organic_search,US
CUST_006752,2025-04-22 18:24:05,google_ads,US
CUST_006753,2024-10-24 13:57:41,meta_ads,US
CUST_006754,2024-03-29 04:02:47,google_ads,US
CUST_006755,2024-01-07 00:24:50,meta_ads,US
CUST_006756,2025-01-01 07:53:46,meta_ads,US
CUST_006757,2025-09-10 09:27:28,organic_search,US
CUST_006758,2025-04-27 08:48:43,meta_ads,US
CUST_006759,2025-12-17 17:01:26,meta_ads,CA
CUST_006760,2024-09-24 06:51:27,meta_ads,US
CUST_006761,2024-09-30 20:32:09,google_ads,US
CUST_006762,2024-06-30 23:10:51,direct,CA
CUST_006763,2024-06-18 23:12:17,meta_ads,US
CUST_006764,2024-09-10 06:55:40,meta_ads,GB
CUST_006765,2025-09-09 06:22:23,organic_search,US
CUST_006766,2025-11-27 21:16:25,organic_search,US
CUST_006767,2025-12-16 19:26:20,meta_ads,US
CUST_006768,2024-08-25 12:18:42,creator_network,CA
CUST_006769,2025-10-25 08:14:18,creator_network,US
CUST_006770,2024-10-23 07:45:48,creator_network,US
CUST_006771,2024-04-11 07:42:29,google_ads,US
CUST_006772,2025-10-07 07:24:38,direct,GB
CUST_006773,2025-05-11 11:18:29,meta_ads,US
CUST_006774,2024-06-20 01:42:48,meta_ads,US
CUST_006775,2025-01-18 13:04:36,google_ads,GB
CUST_006776,2024-09-25 21:28:53,google_ads,CA
CUST_006777,2025-07-19 18:47:31,direct,US
CUST_006778,2025-01-16 23:09:20,google_ads,GB
CUST_006779,2025-12-05 05:25:03,meta_ads,US
CUST_006780,2024-02-03 00:55:05,google_ads,DE
CUST_006781,2024-11-28 10:58:57,google_ads,DE
CUST_006782,2025-02-11 12:29:13,direct,US
CUST_006783,2025-02-17 14:21:39,google_ads,US
CUST_006784,2024-10-12 23:11:13,google_ads,US
CUST_006785,2025-07-25 23:53:12,creator_network,US
CUST_006786,2025-10-17 23:05:17,creator_network,US
CUST_006787,2025-11-24 09:53:49,google_ads,DE
CUST_006788,2025-09-22 16:21:58,meta_ads,US
CUST_006789,2025-10-15 04:17:10,organic_search,CA
CUST_006790,2025-03-17 19:57:24,creator_network,US
CUST_006791,2025-09-29 15:07:35,creator_network,GB
CUST_006792,2024-10-08 02:39:57,direct,US
CUST_006793,2024-12-25 03:44:25,organic_search,US
CUST_006794,2024-10-17 07:38:07,organic_search,GB
CUST_006795,2025-02-20 02:14:37,direct,CA
CUST_006796,2024-09-19 03:36:04,meta_ads,CA
CUST_006797,2025-12-27 01:00:02,google_ads,US
CUST_006798,2024-10-01 19:54:12,google_ads,US
CUST_006799,2024-04-14 18:13:05,meta_ads,US
CUST_006800,2025-03-30 11:52:14,organic_search,US
CUST_006801,2024-02-15 22:46:25,creator_network,GB
CUST_006802,2024-04-25 13:42:19,creator_network,US
CUST_006803,2024-07-02 23:33:28,direct,CA
CUST_006804,2025-02-28 11:38:12,meta_ads,US
CUST_006805,2025-01-30 19:21:16,creator_network,US
CUST_006806,2025-09-01 09:16:25,google_ads,US
CUST_006807,2025-07-06 13:52:24,meta_ads,GB
CUST_006808,2025-01-13 02:55:14,meta_ads,US
CUST_006809,2024-10-07 13:08:38,organic_search,US
CUST_006810,2024-10-31 16:59:38,google_ads,US
CUST_006811,2025-08-01 21:17:37,organic_search,GB
CUST_006812,2024-02-22 00:02:47,google_ads,US
CUST_006813,2024-01-06 10:59:03,meta_ads,US
CUST_006814,2025-09-08 17:04:38,meta_ads,US
CUST_006815,2025-02-23 02:29:42,google_ads,US
CUST_006816,2024-05-30 21:09:36,direct,US
CUST_006817,2024-08-21 20:21:16,meta_ads,US
CUST_006818,2025-11-06 05:52:14,direct,CA
CUST_006819,2025-10-11 04:13:58,direct,US
CUST_006820,2025-07-08 12:56:36,direct,US
CUST_006821,2025-02-02 08:13:58,google_ads,US
CUST_006822,2025-03-21 17:01:25,direct,US
CUST_006823,2025-12-12 15:53:46,google_ads,US
CUST_006824,2025-12-10 09:10:07,meta_ads,US
CUST_006825,2024-07-26 17:33:02,meta_ads,US
CUST_006826,2025-09-04 00:33:35,direct,DE
CUST_006827,2024-07-03 14:58:21,meta_ads,US
CUST_006828,2024-07-10 06:46:29,google_ads,US
CUST_006829,2025-06-11 04:47:11,meta_ads,US
CUST_006830,2024-12-29 12:43:15,meta_ads,US
CUST_006831,2025-11-23 03:58:14,meta_ads,US
CUST_006832,2024-03-21 23:35:44,organic_search,US
CUST_006833,2025-03-17 14:11:07,google_ads,US
CUST_006834,2025-11-23 06:35:04,organic_search,US
CUST_006835,2025-11-14 17:29:09,creator_network,US
CUST_006836,2024-05-06 12:10:16,direct,US
CUST_006837,2024-11-30 04:34:39,google_ads,US
CUST_006838,2025-05-05 21:23:54,google_ads,US
CUST_006839,2024-06-29 15:30:33,google_ads,US
CUST_006840,2025-12-15 02:07:38,google_ads,US
CUST_006841,2025-11-27 22:26:41,organic_search,CA
CUST_006842,2024-06-23 14:26:01,google_ads,CA
CUST_006843,2024-04-20 17:20:08,organic_search,US
CUST_006844,2024-03-20 06:15:10,creator_network,US
CUST_006845,2025-11-14 19:54:24,meta_ads,CA
CUST_006846,2024-07-02 23:53:00,creator_network,GB
CUST_006847,2024-12-13 01:30:44,meta_ads,DE
CUST_006848,2025-01-21 19:15:44,google_ads,US
CUST_006849,2025-05-16 06:28:47,creator_network,US
CUST_006850,2024-03-03 07:10:26,direct,US
CUST_006851,2024-07-25 04:05:07,meta_ads,US
CUST_006852,2025-11-24 06:56:15,meta_ads,DE
CUST_006853,2025-11-04 01:03:37,meta_ads,US
CUST_006854,2025-08-14 20:47:33,google_ads,US
CUST_006855,2024-01-22 14:22:35,organic_search,US
CUST_006856,2024-10-23 22:36:26,organic_search,US
CUST_006857,2025-05-13 01:08:39,creator_network,US
CUST_006858,2024-09-03 18:16:17,organic_search,US
CUST_006859,2025-11-23 09:57:17,meta_ads,US
CUST_006860,2025-05-23 10:17:53,meta_ads,US
CUST_006861,2024-03-02 14:47:02,meta_ads,US
CUST_006862,2025-11-19 17:20:02,organic_search,GB
CUST_006863,2025-12-10 16:33:24,creator_network,CA
CUST_006864,2024-03-02 15:47:14,creator_network,US
CUST_006865,2025-03-23 15:03:57,meta_ads,US
CUST_006866,2024-10-06 20:49:13,meta_ads,US
CUST_006867,2024-12-08 04:47:04,direct,US
CUST_006868,2024-06-20 00:03:54,meta_ads,US
CUST_006869,2025-04-03 22:58:48,creator_network,US
CUST_006870,2025-12-07 13:46:02,meta_ads,US
CUST_006871,2025-02-21 00:01:06,meta_ads,US
CUST_006872,2024-03-14 16:01:24,creator_network,US
CUST_006873,2025-05-10 12:48:51,meta_ads,GB
CUST_006874,2024-10-17 15:13:05,creator_network,US
CUST_006875,2025-10-18 09:37:36,creator_network,US
CUST_006876,2025-01-03 23:01:53,google_ads,US
CUST_006877,2024-07-25 00:00:02,creator_network,US
CUST_006878,2024-06-16 00:12:43,google_ads,US
CUST_006879,2025-08-19 03:02:01,meta_ads,US
CUST_006880,2024-09-03 23:25:43,creator_network,US
CUST_006881,2025-08-31 00:41:15,google_ads,US
CUST_006882,2024-07-09 19:52:13,meta_ads,US
CUST_006883,2024-10-20 21:17:00,organic_search,US
CUST_006884,2025-02-18 19:34:42,google_ads,US
CUST_006885,2025-11-15 01:01:01,organic_search,CA
CUST_006886,2025-11-11 22:57:55,organic_search,US
CUST_006887,2024-07-13 01:42:59,google_ads,DE
CUST_006888,2024-11-29 06:09:48,google_ads,US
CUST_006889,2024-05-20 11:35:38,google_ads,US
CUST_006890,2025-03-01 12:49:12,google_ads,US
CUST_006891,2025-01-04 01:04:03,organic_search,US
CUST_006892,2025-11-28 21:33:05,creator_network,US
CUST_006893,2025-11-08 03:17:25,meta_ads,US
CUST_006894,2024-12-11 17:32:30,google_ads,DE
CUST_006895,2025-02-27 04:53:27,direct,US
CUST_006896,2025-11-21 02:31:29,google_ads,US
CUST_006897,2025-09-14 08:50:20,creator_network,GB
CUST_006898,2024-01-21 05:54:01,creator_network,CA
CUST_006899,2024-10-11 08:57:46,meta_ads,US
CUST_006900,2025-01-21 13:00:37,meta_ads,GB
CUST_006901,2024-08-19 14:30:01,creator_network,US
CUST_006902,2024-07-12 03:05:59,google_ads,US
CUST_006903,2024-02-02 22:57:20,google_ads,US
CUST_006904,2025-05-15 14:54:14,creator_network,US
CUST_006905,2024-08-18 06:16:14,creator_network,US
CUST_006906,2024-02-04 14:15:29,meta_ads,CA
CUST_006907,2024-08-02 01:16:30,meta_ads,US
CUST_006908,2025-09-11 19:02:28,meta_ads,CA
CUST_006909,2025-10-14 01:28:21,google_ads,US
CUST_006910,2025-02-09 17:37:41,meta_ads,US
CUST_006911,2024-12-05 06:48:11,google_ads,US
CUST_006912,2025-12-06 09:41:12,meta_ads,US
CUST_006913,2024-07-31 04:48:48,google_ads,US
CUST_006914,2024-07-19 15:14:48,meta_ads,US
CUST_006915,2024-09-16 09:04:08,google_ads,US
CUST_006916,2024-06-02 14:28:52,google_ads,US
CUST_006917,2024-11-06 19:58:51,meta_ads,GB
CUST_006918,2025-11-27 00:56:28,organic_search,CA
CUST_006919,2025-05-06 18:21:47,meta_ads,GB
CUST_006920,2024-12-24 22:51:07,creator_network,US
CUST_006921,2025-11-17 14:39:02,direct,US
CUST_006922,2024-02-24 10:56:21,google_ads,US
CUST_006923,2024-07-10 14:02:01,organic_search,US
CUST_006924,2025-04-20 07:59:57,meta_ads,US
CUST_006925,2025-05-30 04:16:50,google_ads,US
CUST_006926,2024-02-13 03:11:35,google_ads,CA
CUST_006927,2024-12-19 03:49:51,meta_ads,US
CUST_006928,2025-06-27 14:27:30,google_ads,US
CUST_006929,2025-07-13 22:54:03,meta_ads,US
CUST_006930,2025-05-15 23:34:33,creator_network,DE
CUST_006931,2024-10-19 14:46:31,direct,US
CUST_006932,2024-04-09 19:07:50,meta_ads,US
CUST_006933,2025-01-17 19:47:26,meta_ads,US
CUST_006934,2024-05-10 17:43:46,google_ads,US
CUST_006935,2025-12-12 16:59:53,google_ads,US
CUST_006936,2025-02-18 20:40:35,creator_network,US
CUST_006937,2024-10-05 19:49:00,google_ads,US
CUST_006938,2025-08-29 02:33:10,meta_ads,US
CUST_006939,2025-02-04 02:21:24,creator_network,US
CUST_006940,2024-10-30 20:18:08,organic_search,CA
CUST_006941,2025-09-05 18:36:20,google_ads,US
CUST_006942,2025-10-19 16:35:11,google_ads,US
CUST_006943,2025-06-22 15:31:09,meta_ads,US
CUST_006944,2024-02-29 15:38:55,meta_ads,US
CUST_006945,2025-04-21 14:58:16,meta_ads,US
CUST_006946,2025-08-07 01:11:42,google_ads,US
CUST_006947,2024-05-19 05:15:08,direct,GB
CUST_006948,2024-08-03 17:44:47,google_ads,GB
CUST_006949,2025-10-10 14:29:28,meta_ads,GB
CUST_006950,2024-01-08 14:59:46,meta_ads,US
CUST_006951,2025-08-29 11:47:57,google_ads,CA
CUST_006952,2025-02-06 15:55:55,google_ads,CA
CUST_006953,2025-01-01 21:39:54,google_ads,US
CUST_006954,2024-01-12 18:02:30,google_ads,CA
CUST_006955,2025-09-19 02:11:32,google_ads,GB
CUST_006956,2024-11-24 20:11:30,meta_ads,US
CUST_006957,2025-03-15 18:15:13,meta_ads,US
CUST_006958,2025-06-02 02:09:34,meta_ads,GB
CUST_006959,2025-07-04 20:55:24,meta_ads,US
CUST_006960,2025-12-10 12:55:21,meta_ads,DE
CUST_006961,2025-03-24 18:33:56,meta_ads,US
CUST_006962,2024-12-23 15:01:09,creator_network,US
CUST_006963,2025-12-09 16:25:32,creator_network,US
CUST_006964,2025-05-30 07:19:08,google_ads,US
CUST_006965,2024-09-14 08:36:13,organic_search,US
CUST_006966,2024-05-06 04:37:01,meta_ads,DE
CUST_006967,2025-10-14 06:15:47,organic_search,US
CUST_006968,2024-11-12 15:27:51,google_ads,US
CUST_006969,2025-06-02 06:16:47,google_ads,US
CUST_006970,2025-02-24 18:52:40,google_ads,US
CUST_006971,2024-07-05 04:34:29,meta_ads,US
CUST_006972,2025-05-01 03:14:38,direct,US
CUST_006973,2024-03-03 12:41:39,meta_ads,US
CUST_006974,2024-12-06 23:25:28,meta_ads,US
CUST_006975,2025-03-15 01:56:11,meta_ads,US
CUST_006976,2025-01-14 14:33:13,meta_ads,US
CUST_006977,2025-08-30 02:13:05,meta_ads,US
CUST_006978,2025-09-29 08:21:59,meta_ads,US
CUST_006979,2025-08-05 23:07:49,meta_ads,US
CUST_006980,2024-02-07 05:20:31,organic_search,US
CUST_006981,2024-07-13 08:39:03,meta_ads,US
CUST_006982,2025-03-08 16:23:03,meta_ads,CA
CUST_006983,2025-11-27 22:09:55,google_ads,US
CUST_006984,2025-09-13 05:24:01,direct,US
CUST_006985,2025-10-17 21:15:59,meta_ads,US
CUST_006986,2024-10-28 09:01:46,meta_ads,US
CUST_006987,2025-01-14 02:30:33,direct,US
CUST_006988,2025-02-25 17:58:25,meta_ads,US
CUST_006989,2024-06-28 16:58:25,google_ads,US
CUST_006990,2024-02-03 06:36:30,meta_ads,US
CUST_006991,2025-12-13 09:34:46,direct,US
CUST_006992,2024-08-22 00:43:13,direct,CA
CUST_006993,2024-08-17 15:26:42,organic_search,US
CUST_006994,2024-03-10 21:51:56,meta_ads,US
CUST_006995,2025-11-29 18:49:24,google_ads,US
CUST_006996,2025-04-17 05:36:26,meta_ads,US
CUST_006997,2025-06-07 04:58:42,organic_search,DE
CUST_006998,2025-11-05 08:46:08,organic_search,US
CUST_006999,2024-11-03 09:15:13,google_ads,US
CUST_007000,2025-05-28 11:25:43,creator_network,DE
CUST_007001,2024-02-13 15:38:37,meta_ads,US
CUST_007002,2024-06-18 21:23:18,google_ads,US
CUST_007003,2025-09-19 07:13:49,google_ads,US
CUST_007004,2025-08-10 02:04:49,google_ads,US
CUST_007005,2024-11-16 07:02:36,meta_ads,CA
CUST_007006,2024-11-18 13:22:44,meta_ads,US
CUST_007007,2025-03-28 11:40:28,organic_search,US
CUST_007008,2024-01-06 15:20:42,organic_search,CA
CUST_007009,2024-08-16 00:53:32,direct,GB
CUST_007010,2024-07-16 14:14:06,creator_network,CA
CUST_007011,2024-08-30 21:44:55,google_ads,US
CUST_007012,2025-09-13 08:09:08,meta_ads,GB
CUST_007013,2024-09-12 08:32:06,direct,DE
CUST_007014,2024-07-15 01:01:38,google_ads,DE
CUST_007015,2025-02-15 05:25:53,creator_network,US
CUST_007016,2025-10-25 04:15:26,creator_network,DE
CUST_007017,2024-08-28 02:35:49,organic_search,US
CUST_007018,2024-03-06 09:12:24,meta_ads,US
CUST_007019,2024-11-13 17:23:06,meta_ads,US
CUST_007020,2025-08-07 17:33:02,creator_network,CA
CUST_007021,2025-03-25 16:42:47,organic_search,US
CUST_007022,2025-09-22 19:37:40,creator_network,DE
CUST_007023,2025-12-27 05:26:19,google_ads,US
CUST_007024,2025-09-11 02:34:10,meta_ads,CA
CUST_007025,2025-05-19 16:04:15,creator_network,US
CUST_007026,2025-02-15 07:50:36,creator_network,CA
CUST_007027,2024-02-18 15:24:48,google_ads,US
CUST_007028,2025-12-23 12:36:40,meta_ads,US
CUST_007029,2024-12-11 15:53:19,direct,US
CUST_007030,2024-05-08 02:31:46,google_ads,GB
CUST_007031,2025-06-26 07:20:33,creator_network,US
CUST_007032,2024-09-10 11:59:57,meta_ads,CA
CUST_007033,2025-04-26 08:49:01,meta_ads,US
CUST_007034,2025-04-05 16:07:33,organic_search,US
CUST_007035,2025-01-10 13:21:08,meta_ads,GB
CUST_007036,2025-09-30 18:57:50,google_ads,US
CUST_007037,2024-09-24 15:18:14,google_ads,US
CUST_007038,2025-01-14 19:18:25,creator_network,US
CUST_007039,2025-03-17 07:17:14,meta_ads,US
CUST_007040,2025-06-10 18:00:40,meta_ads,US
CUST_007041,2025-08-29 04:39:09,direct,US
CUST_007042,2024-12-12 09:19:11,google_ads,US
CUST_007043,2025-06-03 01:59:19,meta_ads,US
CUST_007044,2024-05-10 13:43:09,meta_ads,CA
CUST_007045,2025-11-02 00:24:22,direct,US
CUST_007046,2024-12-01 16:10:15,meta_ads,CA
CUST_007047,2025-07-03 03:13:48,google_ads,US
CUST_007048,2024-01-12 08:40:47,google_ads,US
CUST_007049,2024-07-04 06:39:03,organic_search,US
CUST_007050,2025-02-12 04:44:06,creator_network,US
CUST_007051,2025-10-12 14:29:35,google_ads,US
CUST_007052,2025-03-30 17:25:42,meta_ads,US
CUST_007053,2025-11-12 21:40:52,organic_search,US
CUST_007054,2025-02-09 00:33:24,google_ads,US
CUST_007055,2025-02-27 10:16:54,direct,US
CUST_007056,2024-04-03 11:28:32,google_ads,US
CUST_007057,2025-09-18 09:23:51,creator_network,US
CUST_007058,2024-08-20 16:21:32,meta_ads,US
CUST_007059,2025-11-16 15:16:56,creator_network,US
CUST_007060,2025-11-03 04:04:35,meta_ads,DE
CUST_007061,2025-11-24 09:11:03,meta_ads,US
CUST_007062,2025-03-07 14:05:32,meta_ads,GB
CUST_007063,2025-06-26 20:12:35,meta_ads,US
CUST_007064,2025-08-04 10:26:13,meta_ads,US
CUST_007065,2024-05-03 16:22:17,meta_ads,CA
CUST_007066,2025-05-30 02:12:15,organic_search,US
CUST_007067,2024-02-09 22:09:57,meta_ads,US
CUST_007068,2025-02-16 23:49:31,creator_network,GB
CUST_007069,2024-05-21 07:01:49,meta_ads,US
CUST_007070,2024-06-21 18:42:35,google_ads,US
CUST_007071,2024-11-25 19:34:32,google_ads,GB
CUST_007072,2025-01-20 02:32:05,direct,US
CUST_007073,2025-05-05 08:03:05,organic_search,US
CUST_007074,2024-03-28 05:45:02,google_ads,US
CUST_007075,2025-02-16 07:29:59,creator_network,GB
CUST_007076,2024-06-25 01:57:52,meta_ads,US
CUST_007077,2025-04-06 11:35:25,google_ads,US
CUST_007078,2025-05-02 08:58:07,meta_ads,US
CUST_007079,2025-04-30 07:32:20,meta_ads,US
CUST_007080,2025-07-10 16:11:57,meta_ads,US
CUST_007081,2024-10-30 06:53:00,creator_network,US
CUST_007082,2025-08-25 07:39:38,google_ads,US
CUST_007083,2025-01-12 07:39:04,creator_network,US
CUST_007084,2025-02-12 12:55:34,google_ads,US
CUST_007085,2025-06-08 20:41:30,meta_ads,US
CUST_007086,2024-01-06 10:51:32,creator_network,US
CUST_007087,2025-06-21 12:20:35,organic_search,US
CUST_007088,2025-05-24 23:58:54,organic_search,CA
CUST_007089,2024-10-19 07:57:47,google_ads,DE
CUST_007090,2024-03-28 14:43:33,creator_network,GB
CUST_007091,2024-04-27 22:57:49,creator_network,US
CUST_007092,2025-11-30 02:25:35,meta_ads,US
CUST_007093,2025-06-16 20:29:02,meta_ads,US
CUST_007094,2024-05-18 17:51:18,meta_ads,US
CUST_007095,2024-11-03 20:51:50,meta_ads,DE
CUST_007096,2025-04-23 05:33:12,google_ads,US
CUST_007097,2025-09-23 08:07:44,direct,US
CUST_007098,2024-02-09 05:31:16,google_ads,DE
CUST_007099,2024-08-09 20:45:32,creator_network,US
CUST_007100,2025-10-25 14:31:26,creator_network,US
CUST_007101,2024-01-21 22:58:54,meta_ads,US
CUST_007102,2024-07-06 17:14:18,meta_ads,US
CUST_007103,2025-12-29 14:03:56,google_ads,US
CUST_007104,2025-05-15 23:59:39,creator_network,US
CUST_007105,2024-08-25 17:25:51,direct,US
CUST_007106,2024-03-12 12:52:43,meta_ads,CA
CUST_007107,2024-01-18 09:24:05,organic_search,US
CUST_007108,2024-08-31 09:01:41,google_ads,CA
CUST_007109,2025-10-10 06:13:57,creator_network,GB
CUST_007110,2024-12-02 00:12:25,google_ads,US
CUST_007111,2025-07-14 10:26:21,meta_ads,US
CUST_007112,2025-11-21 11:07:57,meta_ads,US
CUST_007113,2024-12-04 08:16:57,meta_ads,US
CUST_007114,2024-06-17 13:38:36,meta_ads,GB
CUST_007115,2025-03-18 19:23:17,creator_network,US
CUST_007116,2025-11-19 04:59:23,meta_ads,DE
CUST_007117,2025-09-28 05:06:41,google_ads,US
CUST_007118,2024-03-06 04:45:45,meta_ads,US
CUST_007119,2025-07-09 13:19:08,creator_network,US
CUST_007120,2025-04-27 19:14:39,creator_network,US
CUST_007121,2025-11-01 01:43:30,creator_network,US
CUST_007122,2024-04-27 18:22:03,google_ads,US
CUST_007123,2025-03-16 10:07:06,meta_ads,DE
CUST_007124,2025-10-25 21:05:51,organic_search,US
CUST_007125,2024-12-08 13:12:11,meta_ads,US
CUST_007126,2025-02-06 08:09:11,meta_ads,US
CUST_007127,2024-03-16 13:52:12,meta_ads,DE
CUST_007128,2024-09-28 05:43:28,creator_network,US
CUST_007129,2024-10-13 18:47:24,creator_network,CA
CUST_007130,2025-11-27 02:46:27,creator_network,US
CUST_007131,2024-09-13 05:23:08,google_ads,US
CUST_007132,2025-01-26 20:39:42,meta_ads,DE
CUST_007133,2025-06-21 06:54:03,organic_search,US
CUST_007134,2024-06-29 20:50:49,google_ads,US
CUST_007135,2025-02-02 00:51:19,google_ads,US
CUST_007136,2025-07-22 03:22:47,google_ads,GB
CUST_007137,2025-10-29 05:55:05,meta_ads,US
CUST_007138,2025-05-15 02:32:46,meta_ads,US
CUST_007139,2025-06-11 22:46:33,google_ads,GB
CUST_007140,2024-05-05 03:23:19,meta_ads,US
CUST_007141,2025-11-17 20:16:28,meta_ads,US
CUST_007142,2024-05-29 09:19:50,organic_search,DE
CUST_007143,2025-08-07 00:35:39,google_ads,US
CUST_007144,2024-09-10 11:27:53,google_ads,US
CUST_007145,2025-11-02 11:03:41,creator_network,US
CUST_007146,2025-07-17 12:06:08,direct,US
CUST_007147,2025-08-16 19:14:14,meta_ads,US
CUST_007148,2024-07-21 19:55:45,organic_search,US
CUST_007149,2025-01-25 13:42:32,google_ads,US
CUST_007150,2025-05-10 12:13:43,meta_ads,US
CUST_007151,2025-08-04 08:17:33,meta_ads,US
CUST_007152,2024-04-14 12:19:33,google_ads,US
CUST_007153,2025-12-08 00:07:28,creator_network,DE
CUST_007154,2025-10-13 02:02:49,meta_ads,US
CUST_007155,2024-09-07 09:35:08,google_ads,US
CUST_007156,2025-09-25 10:11:00,creator_network,US
CUST_007157,2025-03-25 16:20:58,google_ads,US
CUST_007158,2025-01-09 08:37:30,organic_search,CA
CUST_007159,2024-10-29 03:35:21,organic_search,US
CUST_007160,2025-04-27 13:28:27,google_ads,US
CUST_007161,2025-07-31 09:40:45,direct,US
CUST_007162,2024-12-15 07:34:38,meta_ads,US
CUST_007163,2025-05-17 09:06:30,meta_ads,CA
CUST_007164,2025-07-16 17:58:24,google_ads,US
CUST_007165,2025-07-13 04:12:22,google_ads,US
CUST_007166,2024-02-17 11:31:59,google_ads,US
CUST_007167,2025-10-08 16:24:06,google_ads,US
CUST_007168,2025-01-31 12:34:43,meta_ads,US
CUST_007169,2024-08-02 15:36:15,meta_ads,CA
CUST_007170,2024-08-23 22:43:04,organic_search,US
CUST_007171,2025-02-18 09:45:59,organic_search,US
CUST_007172,2025-10-28 21:51:25,creator_network,US
CUST_007173,2024-11-08 12:52:12,creator_network,GB
CUST_007174,2025-08-21 01:17:51,google_ads,US
CUST_007175,2024-04-18 14:14:23,meta_ads,US
CUST_007176,2025-02-28 12:47:13,google_ads,US
CUST_007177,2025-12-02 15:07:30,creator_network,US
CUST_007178,2025-08-25 01:28:10,google_ads,US
CUST_007179,2024-07-24 07:52:31,meta_ads,US
CUST_007180,2025-02-03 20:31:59,direct,CA
CUST_007181,2024-08-30 05:23:07,organic_search,US
CUST_007182,2024-12-24 00:00:19,meta_ads,CA
CUST_007183,2025-08-17 18:28:55,google_ads,CA
CUST_007184,2025-08-27 01:13:45,direct,DE
CUST_007185,2024-08-25 20:34:22,meta_ads,GB
CUST_007186,2025-11-05 11:05:06,google_ads,US
CUST_007187,2025-04-04 16:32:46,google_ads,US
CUST_007188,2024-11-21 11:05:11,google_ads,US
CUST_007189,2025-02-21 13:49:53,organic_search,US
CUST_007190,2025-05-07 20:15:06,google_ads,CA
CUST_007191,2025-04-12 05:55:02,meta_ads,GB
CUST_007192,2025-02-22 01:11:43,meta_ads,US
CUST_007193,2025-02-23 14:19:01,meta_ads,US
CUST_007194,2024-06-27 00:57:44,google_ads,US
CUST_007195,2025-09-23 15:14:51,creator_network,US
CUST_007196,2025-03-11 13:43:51,meta_ads,US
CUST_007197,2024-05-25 04:14:45,google_ads,US
CUST_007198,2025-08-31 10:33:57,creator_network,CA
CUST_007199,2025-11-27 03:18:22,meta_ads,US
CUST_007200,2025-12-19 17:43:34,google_ads,US
CUST_007201,2024-11-18 11:15:40,creator_network,CA
CUST_007202,2024-05-17 10:44:14,google_ads,US
CUST_007203,2025-03-09 22:33:07,meta_ads,US
CUST_007204,2024-04-24 14:36:40,google_ads,US
CUST_007205,2025-11-15 14:35:19,direct,DE
CUST_007206,2024-06-13 14:21:14,google_ads,CA
CUST_007207,2024-08-28 18:13:01,google_ads,US
CUST_007208,2024-12-21 06:05:31,google_ads,US
CUST_007209,2024-12-05 16:06:09,meta_ads,CA
CUST_007210,2025-09-02 02:08:49,google_ads,US
CUST_007211,2025-01-12 21:02:18,meta_ads,US
CUST_007212,2024-06-29 06:08:04,meta_ads,US
CUST_007213,2024-09-11 15:33:18,google_ads,US
CUST_007214,2025-03-17 15:17:06,meta_ads,US
CUST_007215,2024-05-26 09:10:38,google_ads,US
CUST_007216,2025-05-06 23:37:39,meta_ads,US
CUST_007217,2025-04-13 12:34:35,meta_ads,US
CUST_007218,2025-07-09 17:54:36,organic_search,US
CUST_007219,2025-11-15 06:42:03,organic_search,US
CUST_007220,2025-11-07 20:25:50,meta_ads,US
CUST_007221,2025-12-12 14:13:58,google_ads,US
CUST_007222,2024-08-09 15:14:13,meta_ads,GB
CUST_007223,2024-05-26 17:20:23,google_ads,US
CUST_007224,2024-10-16 23:50:07,google_ads,US
CUST_007225,2025-11-23 21:14:58,meta_ads,US
CUST_007226,2025-12-22 20:08:09,creator_network,US
CUST_007227,2025-10-13 14:36:57,meta_ads,US
CUST_007228,2024-04-29 15:09:26,meta_ads,US
CUST_007229,2025-12-08 20:54:48,creator_network,US
CUST_007230,2025-01-26 06:14:18,creator_network,US
CUST_007231,2024-01-12 22:42:53,google_ads,US
CUST_007232,2025-01-22 09:23:15,google_ads,US
CUST_007233,2024-02-01 21:25:21,google_ads,US
CUST_007234,2025-03-20 02:10:00,google_ads,CA
CUST_007235,2024-10-05 15:46:31,google_ads,US
CUST_007236,2025-02-08 11:43:49,google_ads,US
CUST_007237,2025-05-12 19:38:48,google_ads,US
CUST_007238,2025-10-19 14:13:59,creator_network,US
CUST_007239,2025-06-21 12:40:21,creator_network,DE
CUST_007240,2025-01-10 09:34:52,meta_ads,US
CUST_007241,2025-09-11 06:49:39,google_ads,GB
CUST_007242,2025-11-17 22:37:45,meta_ads,US
CUST_007243,2024-04-11 01:42:38,google_ads,GB
CUST_007244,2025-03-03 05:58:07,google_ads,US
CUST_007245,2024-09-26 11:25:50,organic_search,US
CUST_007246,2024-02-09 20:12:10,creator_network,US
CUST_007247,2025-06-06 16:50:50,organic_search,US
CUST_007248,2025-10-18 07:59:02,creator_network,US
CUST_007249,2024-06-21 09:07:47,direct,US
CUST_007250,2025-09-25 19:59:34,google_ads,US
CUST_007251,2025-10-13 12:27:31,direct,US
CUST_007252,2025-11-04 06:32:44,meta_ads,US
CUST_007253,2024-09-02 10:11:18,meta_ads,GB
CUST_007254,2025-11-23 07:58:21,google_ads,US
CUST_007255,2024-10-07 22:04:28,direct,US
CUST_007256,2025-04-28 21:38:09,google_ads,US
CUST_007257,2024-02-13 18:24:21,meta_ads,US
CUST_007258,2024-02-18 16:47:35,google_ads,US
CUST_007259,2025-07-11 23:05:25,google_ads,US
CUST_007260,2025-01-28 01:51:13,meta_ads,US
CUST_007261,2024-08-15 10:48:30,creator_network,US
CUST_007262,2024-06-06 12:40:12,direct,CA
CUST_007263,2025-06-23 06:10:40,organic_search,US
CUST_007264,2024-01-15 01:06:48,meta_ads,US
CUST_007265,2025-09-15 01:26:33,meta_ads,US
CUST_007266,2024-03-02 06:45:05,meta_ads,US
CUST_007267,2024-07-21 11:39:53,google_ads,GB
CUST_007268,2024-12-02 10:42:00,meta_ads,US
CUST_007269,2025-02-23 09:14:03,creator_network,US
CUST_007270,2024-11-20 05:49:27,meta_ads,CA
CUST_007271,2024-10-02 17:22:16,organic_search,US
CUST_007272,2025-12-10 01:23:43,direct,US
CUST_007273,2025-05-14 23:07:48,meta_ads,US
CUST_007274,2024-01-09 08:15:56,direct,GB
CUST_007275,2025-01-21 03:50:59,creator_network,GB
CUST_007276,2025-10-23 23:26:06,google_ads,US
CUST_007277,2024-09-06 20:27:14,google_ads,US
CUST_007278,2024-04-23 05:52:19,google_ads,US
CUST_007279,2025-08-18 20:31:02,meta_ads,US
CUST_007280,2025-05-15 03:36:51,google_ads,CA
CUST_007281,2025-04-13 13:22:22,meta_ads,US
CUST_007282,2024-02-28 03:17:46,google_ads,US
CUST_007283,2024-05-10 02:13:06,meta_ads,US
CUST_007284,2025-05-29 05:25:11,meta_ads,US
CUST_007285,2024-07-22 10:39:04,google_ads,US
CUST_007286,2025-02-06 09:12:10,google_ads,US
CUST_007287,2025-03-20 19:32:12,google_ads,US
CUST_007288,2024-09-06 16:10:59,meta_ads,US
CUST_007289,2025-12-29 04:51:17,organic_search,US
CUST_007290,2025-10-30 11:51:33,google_ads,US
CUST_007291,2025-07-01 07:11:02,meta_ads,US
CUST_007292,2024-03-21 14:02:37,google_ads,GB
CUST_007293,2024-04-05 05:06:25,google_ads,US
CUST_007294,2025-02-16 05:54:01,meta_ads,US
CUST_007295,2024-06-19 10:18:08,google_ads,US
CUST_007296,2025-12-06 07:54:20,organic_search,US
CUST_007297,2024-06-14 13:13:37,creator_network,US
CUST_007298,2025-02-17 11:52:47,meta_ads,CA
CUST_007299,2024-11-16 05:13:02,organic_search,US
CUST_007300,2025-05-17 08:33:45,meta_ads,GB
CUST_007301,2024-05-04 07:36:32,direct,US
CUST_007302,2025-01-30 05:25:56,meta_ads,US
CUST_007303,2024-09-25 05:16:56,google_ads,GB
CUST_007304,2025-10-30 17:40:58,google_ads,US
CUST_007305,2024-02-29 23:05:17,meta_ads,GB
CUST_007306,2025-11-24 02:24:52,creator_network,US
CUST_007307,2025-09-04 05:25:12,google_ads,US
CUST_007308,2024-09-09 01:05:14,meta_ads,US
CUST_007309,2025-08-13 22:43:38,google_ads,US
CUST_007310,2024-02-07 09:58:19,google_ads,US
CUST_007311,2025-12-04 07:05:25,meta_ads,CA
CUST_007312,2025-03-23 04:02:52,direct,US
CUST_007313,2024-10-21 13:36:17,organic_search,CA
CUST_007314,2024-11-21 12:16:21,meta_ads,US
CUST_007315,2024-03-26 05:40:28,google_ads,US
CUST_007316,2025-12-21 08:07:44,meta_ads,GB
CUST_007317,2024-02-04 15:00:56,creator_network,US
CUST_007318,2025-06-18 02:00:37,direct,US
CUST_007319,2025-01-05 05:27:20,meta_ads,US
CUST_007320,2025-12-26 01:59:39,organic_search,US
CUST_007321,2024-08-02 18:28:38,google_ads,US
CUST_007322,2025-03-17 11:43:13,google_ads,US
CUST_007323,2025-02-10 18:05:56,direct,US
CUST_007324,2025-07-25 21:57:08,google_ads,US
CUST_007325,2024-03-01 11:04:33,google_ads,US
CUST_007326,2024-07-15 00:41:11,creator_network,US
CUST_007327,2024-07-27 08:08:39,meta_ads,US
CUST_007328,2025-07-17 13:12:35,meta_ads,US
CUST_007329,2024-06-06 05:58:54,direct,GB
CUST_007330,2025-04-25 03:22:58,creator_network,US
CUST_007331,2024-07-23 21:13:28,organic_search,US
CUST_007332,2025-10-13 06:59:24,meta_ads,US
CUST_007333,2025-11-19 18:37:17,google_ads,DE
CUST_007334,2025-03-23 00:59:36,direct,US
CUST_007335,2024-11-13 22:16:02,meta_ads,GB
CUST_007336,2024-08-03 23:06:29,meta_ads,US
CUST_007337,2024-02-10 21:09:53,google_ads,CA
CUST_007338,2024-09-13 07:03:28,google_ads,US
CUST_007339,2025-06-24 21:39:43,meta_ads,US
CUST_007340,2025-03-09 12:29:16,organic_search,GB
CUST_007341,2025-11-23 12:53:06,direct,CA
CUST_007342,2024-12-10 13:14:58,google_ads,US
CUST_007343,2025-07-19 23:16:41,creator_network,GB
CUST_007344,2025-02-05 06:35:40,organic_search,US
CUST_007345,2025-03-03 01:54:30,creator_network,CA
CUST_007346,2024-09-27 20:01:58,meta_ads,US
CUST_007347,2025-01-13 10:46:51,meta_ads,US
CUST_007348,2025-02-12 00:58:35,meta_ads,US
CUST_007349,2025-07-28 14:12:47,meta_ads,US
CUST_007350,2025-11-11 15:44:37,meta_ads,US
CUST_007351,2024-10-10 06:36:39,google_ads,CA
CUST_007352,2024-02-09 23:47:14,meta_ads,US
CUST_007353,2025-02-10 00:57:50,meta_ads,US
CUST_007354,2025-03-18 20:35:18,google_ads,US
CUST_007355,2024-06-21 09:50:05,meta_ads,CA
CUST_007356,2025-08-04 07:34:26,creator_network,US
CUST_007357,2025-12-09 15:44:03,meta_ads,CA
CUST_007358,2025-11-24 00:45:47,organic_search,US
CUST_007359,2024-07-04 13:08:46,direct,US
CUST_007360,2025-10-25 19:00:01,creator_network,GB
CUST_007361,2025-07-21 11:03:14,creator_network,CA
CUST_007362,2025-01-24 17:29:49,direct,CA
CUST_007363,2025-03-27 05:51:08,meta_ads,CA
CUST_007364,2025-10-22 03:12:12,direct,DE
CUST_007365,2025-02-26 20:26:14,creator_network,US
CUST_007366,2024-11-17 13:26:15,creator_network,US
CUST_007367,2025-02-04 05:55:39,meta_ads,CA
CUST_007368,2025-04-11 01:45:35,google_ads,US
CUST_007369,2024-06-05 09:14:07,creator_network,DE
CUST_007370,2025-11-07 20:10:33,google_ads,CA
CUST_007371,2025-06-19 03:58:22,creator_network,US
CUST_007372,2025-05-18 23:00:36,meta_ads,US
CUST_007373,2024-04-02 16:30:15,meta_ads,DE
CUST_007374,2025-05-14 15:43:46,google_ads,US
CUST_007375,2024-04-06 12:34:45,meta_ads,US
CUST_007376,2024-03-21 23:39:43,meta_ads,US
CUST_007377,2025-03-09 22:30:36,meta_ads,GB
CUST_007378,2024-12-08 11:13:46,meta_ads,US
CUST_007379,2025-04-16 13:12:56,google_ads,US
CUST_007380,2024-03-13 15:09:56,meta_ads,US
CUST_007381,2025-01-12 14:53:54,direct,US
CUST_007382,2024-06-12 18:07:00,creator_network,US
CUST_007383,2025-12-19 23:52:00,creator_network,GB
CUST_007384,2025-04-25 20:50:51,meta_ads,CA
CUST_007385,2025-06-06 03:18:52,google_ads,US
CUST_007386,2024-10-21 18:34:10,google_ads,US
CUST_007387,2024-04-18 23:00:59,direct,CA
CUST_007388,2025-12-10 20:31:52,creator_network,US
CUST_007389,2024-09-26 11:46:48,google_ads,US
CUST_007390,2025-01-02 13:15:04,organic_search,US
CUST_007391,2025-06-04 06:58:11,meta_ads,US
CUST_007392,2024-01-13 00:52:21,meta_ads,US
CUST_007393,2025-09-27 22:50:12,creator_network,CA
CUST_007394,2025-03-08 00:26:49,meta_ads,US
CUST_007395,2024-09-16 09:32:13,meta_ads,US
CUST_007396,2024-03-08 15:44:58,creator_network,US
CUST_007397,2024-06-21 06:11:43,meta_ads,DE
CUST_007398,2025-11-18 18:18:52,google_ads,DE
CUST_007399,2025-06-21 19:27:13,organic_search,US
CUST_007400,2024-08-15 12:33:29,meta_ads,CA
CUST_007401,2024-03-31 18:46:08,meta_ads,US
CUST_007402,2025-06-11 02:07:19,meta_ads,US
CUST_007403,2025-04-18 19:23:08,meta_ads,DE
CUST_007404,2024-12-13 14:11:00,meta_ads,US
CUST_007405,2024-11-28 09:02:42,meta_ads,US
CUST_007406,2024-07-09 03:54:52,google_ads,US
CUST_007407,2025-06-11 05:01:35,meta_ads,US
CUST_007408,2025-12-05 09:23:11,creator_network,US
CUST_007409,2024-06-14 07:41:02,organic_search,CA
CUST_007410,2025-05-10 04:45:45,creator_network,GB
CUST_007411,2025-01-13 18:22:08,google_ads,GB
CUST_007412,2025-01-12 04:57:10,meta_ads,US
CUST_007413,2024-08-21 15:43:22,creator_network,US
CUST_007414,2025-09-13 06:03:01,meta_ads,CA
CUST_007415,2025-02-18 02:55:49,meta_ads,US
CUST_007416,2025-03-16 03:11:27,organic_search,CA
CUST_007417,2024-10-20 09:40:15,meta_ads,US
CUST_007418,2024-06-03 05:24:11,meta_ads,US
CUST_007419,2024-03-29 00:12:16,organic_search,US
CUST_007420,2025-07-04 00:03:52,organic_search,US
CUST_007421,2024-07-05 10:42:03,meta_ads,US
CUST_007422,2025-06-06 06:48:34,meta_ads,US
CUST_007423,2024-12-08 00:06:04,google_ads,US
CUST_007424,2024-12-27 02:24:07,creator_network,GB
CUST_007425,2025-02-21 21:59:12,meta_ads,US
CUST_007426,2024-11-21 23:41:51,google_ads,US
CUST_007427,2024-04-13 23:45:26,direct,US
CUST_007428,2024-10-08 17:31:07,meta_ads,CA
CUST_007429,2025-06-29 18:20:51,organic_search,US
CUST_007430,2025-06-24 11:46:28,direct,US
CUST_007431,2024-09-24 16:09:47,meta_ads,US
CUST_007432,2025-01-31 17:33:27,creator_network,GB
CUST_007433,2024-07-23 15:36:25,meta_ads,US
CUST_007434,2024-07-16 10:45:10,creator_network,US
CUST_007435,2024-01-29 05:54:44,creator_network,US
CUST_007436,2025-11-15 03:30:27,meta_ads,CA
CUST_007437,2024-07-13 05:07:09,creator_network,US
CUST_007438,2024-08-13 08:32:20,organic_search,US
CUST_007439,2024-09-21 23:52:53,meta_ads,US
CUST_007440,2024-05-22 12:49:17,meta_ads,US
CUST_007441,2025-05-23 03:30:46,meta_ads,GB
CUST_007442,2024-03-02 05:00:34,google_ads,US
CUST_007443,2024-05-06 02:17:33,direct,US
CUST_007444,2025-06-07 06:06:39,organic_search,GB
CUST_007445,2024-10-23 04:17:23,google_ads,US
CUST_007446,2025-07-29 22:36:24,google_ads,DE
CUST_007447,2025-04-22 04:42:59,meta_ads,US
CUST_007448,2024-08-10 03:57:40,meta_ads,GB
CUST_007449,2025-06-10 07:23:26,google_ads,US
CUST_007450,2024-04-18 06:47:24,google_ads,CA
CUST_007451,2025-03-11 08:59:51,google_ads,US
CUST_007452,2025-01-25 21:42:57,direct,US
CUST_007453,2024-09-30 09:37:44,google_ads,US
CUST_007454,2025-05-19 02:35:02,google_ads,CA
CUST_007455,2025-10-31 21:32:18,meta_ads,US
CUST_007456,2025-12-25 05:58:28,direct,US
CUST_007457,2025-05-04 13:57:38,creator_network,US
CUST_007458,2024-12-24 16:52:57,organic_search,US
CUST_007459,2024-07-03 03:45:53,google_ads,US
CUST_007460,2024-08-16 16:31:06,google_ads,US
CUST_007461,2025-02-23 15:42:37,google_ads,US
CUST_007462,2024-11-11 06:59:21,meta_ads,CA
CUST_007463,2025-11-19 21:08:13,creator_network,US
CUST_007464,2024-11-20 14:01:12,organic_search,US
CUST_007465,2024-11-22 19:00:17,meta_ads,US
CUST_007466,2024-12-08 01:58:50,meta_ads,GB
CUST_007467,2025-09-16 22:11:15,creator_network,US
CUST_007468,2025-06-25 11:23:42,meta_ads,US
CUST_007469,2025-05-06 16:27:26,google_ads,US
CUST_007470,2024-10-19 01:39:33,creator_network,GB
CUST_007471,2025-09-03 04:47:41,meta_ads,US
CUST_007472,2024-02-16 22:37:30,organic_search,US
CUST_007473,2025-10-01 10:42:20,google_ads,US
CUST_007474,2025-03-28 18:55:32,organic_search,US
CUST_007475,2024-12-25 00:49:09,creator_network,US
CUST_007476,2025-02-09 07:04:37,organic_search,US
CUST_007477,2025-06-06 21:42:45,meta_ads,US
CUST_007478,2024-01-21 05:19:37,meta_ads,US
CUST_007479,2025-10-12 01:31:17,meta_ads,CA
CUST_007480,2025-01-24 17:24:09,google_ads,US
CUST_007481,2024-11-18 22:49:14,organic_search,GB
CUST_007482,2024-05-07 00:21:22,google_ads,US
CUST_007483,2025-01-23 10:06:21,organic_search,US
CUST_007484,2025-02-06 19:08:39,meta_ads,CA
CUST_007485,2024-12-12 07:37:34,meta_ads,DE
CUST_007486,2025-06-06 23:20:13,organic_search,US
CUST_007487,2024-12-07 23:11:58,google_ads,US
CUST_007488,2025-12-27 00:41:20,creator_network,DE
CUST_007489,2025-05-21 16:37:17,meta_ads,US
CUST_007490,2025-09-11 06:24:12,direct,US
CUST_007491,2024-04-08 20:00:38,google_ads,US
CUST_007492,2024-12-11 00:21:27,creator_network,DE
CUST_007493,2024-10-10 10:11:37,meta_ads,US
CUST_007494,2025-04-24 07:03:02,google_ads,US
CUST_007495,2025-10-18 05:39:25,organic_search,US
CUST_007496,2024-03-25 12:52:38,organic_search,US
CUST_007497,2024-03-11 15:23:54,meta_ads,US
CUST_007498,2025-10-01 11:24:14,meta_ads,GB
CUST_007499,2024-07-17 19:06:44,google_ads,US
CUST_007500,2025-06-27 09:57:58,meta_ads,US
CUST_007501,2025-03-03 09:49:28,creator_network,US
CUST_007502,2025-09-20 04:45:40,meta_ads,US
CUST_007503,2024-05-03 00:51:44,meta_ads,US
CUST_007504,2024-05-29 00:40:11,creator_network,US
CUST_007505,2025-04-24 21:15:39,google_ads,DE
CUST_007506,2025-12-13 21:07:25,creator_network,US
CUST_007507,2024-12-15 10:27:30,direct,GB
CUST_007508,2024-10-11 23:43:45,meta_ads,US
CUST_007509,2025-05-04 18:34:42,creator_network,DE
CUST_007510,2025-11-16 17:43:55,meta_ads,CA
CUST_007511,2025-09-10 05:36:17,google_ads,US
CUST_007512,2025-12-17 17:47:01,meta_ads,GB
CUST_007513,2024-01-09 11:23:39,meta_ads,US
CUST_007514,2024-04-08 19:15:02,meta_ads,US
CUST_007515,2025-05-18 09:46:23,meta_ads,US
CUST_007516,2025-09-29 00:50:35,organic_search,DE
CUST_007517,2024-09-27 17:03:21,creator_network,GB
CUST_007518,2024-08-02 11:16:27,direct,US
CUST_007519,2025-08-13 11:18:24,google_ads,US
CUST_007520,2024-02-28 03:36:29,meta_ads,US
CUST_007521,2024-11-21 03:55:38,meta_ads,US
CUST_007522,2025-02-12 06:00:18,meta_ads,US
CUST_007523,2025-04-21 14:19:55,meta_ads,US
CUST_007524,2025-07-20 08:03:44,creator_network,US
CUST_007525,2024-11-02 12:35:37,google_ads,US
CUST_007526,2025-05-30 07:02:15,google_ads,US
CUST_007527,2025-04-08 02:13:20,meta_ads,US
CUST_007528,2025-03-19 03:36:07,meta_ads,US
CUST_007529,2025-05-31 20:00:03,meta_ads,DE
CUST_007530,2024-08-29 18:42:38,meta_ads,US
CUST_007531,2024-03-01 22:15:35,creator_network,US
CUST_007532,2024-04-17 22:18:16,meta_ads,CA
CUST_007533,2024-07-26 14:31:41,creator_network,US
CUST_007534,2025-02-15 17:54:38,google_ads,US
CUST_007535,2025-09-04 22:24:53,meta_ads,US
CUST_007536,2025-07-04 08:46:11,organic_search,US
CUST_007537,2025-08-15 00:11:51,google_ads,US
CUST_007538,2024-11-27 06:04:49,meta_ads,US
CUST_007539,2024-12-16 11:25:26,organic_search,GB
CUST_007540,2024-12-08 02:05:11,meta_ads,GB
CUST_007541,2024-07-05 15:47:00,meta_ads,US
CUST_007542,2024-03-17 21:17:46,creator_network,US
CUST_007543,2025-04-15 16:10:34,creator_network,GB
CUST_007544,2025-12-03 09:34:47,meta_ads,US
CUST_007545,2024-06-25 18:13:22,meta_ads,CA
CUST_007546,2024-02-06 04:48:30,organic_search,US
CUST_007547,2025-08-06 21:25:13,meta_ads,US
CUST_007548,2024-08-24 05:56:26,meta_ads,US
CUST_007549,2025-09-28 17:24:02,google_ads,US
CUST_007550,2025-07-30 15:36:10,organic_search,US
CUST_007551,2025-11-01 16:05:41,meta_ads,US
CUST_007552,2024-12-08 14:01:05,creator_network,DE
CUST_007553,2025-06-08 05:35:07,google_ads,CA
CUST_007554,2025-02-24 23:37:02,google_ads,CA
CUST_007555,2025-05-19 09:35:56,creator_network,US
CUST_007556,2025-01-17 13:17:15,direct,US
CUST_007557,2024-06-12 03:15:34,meta_ads,US
CUST_007558,2025-03-28 12:00:53,meta_ads,US
CUST_007559,2025-03-29 03:22:31,organic_search,CA
CUST_007560,2025-09-09 04:27:54,creator_network,US
CUST_007561,2025-07-31 22:33:09,google_ads,US
CUST_007562,2025-06-06 04:55:33,google_ads,DE
CUST_007563,2024-04-03 03:51:59,creator_network,US
CUST_007564,2025-07-02 17:38:43,creator_network,US
CUST_007565,2025-02-03 06:41:33,organic_search,GB
CUST_007566,2025-11-29 11:47:52,google_ads,US
CUST_007567,2025-11-01 08:38:00,meta_ads,US
CUST_007568,2024-02-03 07:04:03,google_ads,US
CUST_007569,2025-09-25 20:45:11,google_ads,US
CUST_007570,2024-02-22 09:48:14,google_ads,CA
CUST_007571,2024-11-17 23:02:43,google_ads,US
CUST_007572,2025-03-07 21:27:27,meta_ads,US
CUST_007573,2024-05-21 22:54:55,google_ads,US
CUST_007574,2025-08-19 20:33:00,creator_network,US
CUST_007575,2024-01-30 13:28:12,creator_network,CA
CUST_007576,2024-06-04 08:22:09,google_ads,US
CUST_007577,2025-04-26 04:26:43,meta_ads,US
CUST_007578,2025-07-09 05:18:30,google_ads,US
CUST_007579,2025-11-07 17:38:19,creator_network,US
CUST_007580,2025-07-20 19:19:50,google_ads,US
CUST_007581,2025-06-09 05:52:50,creator_network,US
CUST_007582,2024-12-27 14:03:37,google_ads,US
CUST_007583,2024-01-25 04:58:40,meta_ads,CA
CUST_007584,2024-04-04 20:44:20,creator_network,US
CUST_007585,2025-03-29 10:59:12,meta_ads,GB
CUST_007586,2025-06-12 07:38:34,google_ads,DE
CUST_007587,2024-12-07 13:27:38,meta_ads,US
CUST_007588,2025-07-28 04:46:27,meta_ads,CA
CUST_007589,2025-03-10 23:28:07,google_ads,US
CUST_007590,2024-03-29 16:34:59,google_ads,US
CUST_007591,2024-07-28 13:58:18,creator_network,US
CUST_007592,2025-09-29 07:52:17,creator_network,US
CUST_007593,2025-07-11 10:39:23,creator_network,US
CUST_007594,2025-11-11 00:04:29,google_ads,US
CUST_007595,2024-04-03 15:36:07,google_ads,US
CUST_007596,2025-12-09 06:07:00,google_ads,CA
CUST_007597,2024-07-11 19:27:38,google_ads,US
CUST_007598,2024-01-19 15:21:48,google_ads,US
CUST_007599,2025-12-04 12:09:10,direct,GB
CUST_007600,2024-09-07 16:31:35,meta_ads,GB
CUST_007601,2025-06-10 03:00:53,organic_search,US
CUST_007602,2024-06-16 23:25:46,meta_ads,US
CUST_007603,2025-04-15 10:15:51,meta_ads,CA
CUST_007604,2025-11-13 21:47:28,meta_ads,US
CUST_007605,2024-10-14 11:22:26,google_ads,US
CUST_007606,2025-06-28 20:02:15,meta_ads,GB
CUST_007607,2024-06-19 06:23:58,organic_search,US
CUST_007608,2025-05-17 15:49:08,organic_search,US
CUST_007609,2024-10-19 06:06:47,creator_network,US
CUST_007610,2024-07-21 15:08:11,google_ads,US
CUST_007611,2024-10-11 15:30:01,direct,US
CUST_007612,2024-06-27 14:49:24,organic_search,US
CUST_007613,2025-11-04 00:47:03,google_ads,US
CUST_007614,2024-12-30 07:46:01,creator_network,CA
CUST_007615,2024-08-22 06:19:23,google_ads,US
CUST_007616,2025-01-15 01:58:05,google_ads,CA
CUST_007617,2024-10-20 22:49:46,meta_ads,US
CUST_007618,2025-08-25 23:11:08,google_ads,GB
CUST_007619,2025-12-22 16:07:08,meta_ads,US
CUST_007620,2025-01-11 16:35:16,meta_ads,CA
CUST_007621,2025-10-14 13:18:13,creator_network,US
CUST_007622,2025-04-03 07:13:41,direct,US
CUST_007623,2024-06-24 13:39:32,direct,US
CUST_007624,2025-06-28 12:38:20,google_ads,US
CUST_007625,2025-03-05 15:07:19,google_ads,DE
CUST_007626,2025-06-13 20:22:40,meta_ads,US
CUST_007627,2025-10-04 13:36:52,creator_network,US
CUST_007628,2025-01-08 22:22:33,meta_ads,GB
CUST_007629,2025-11-21 01:48:28,meta_ads,US
CUST_007630,2025-08-30 03:21:45,creator_network,US
CUST_007631,2025-02-09 12:05:22,meta_ads,GB
CUST_007632,2025-05-10 22:47:46,meta_ads,US
CUST_007633,2024-10-11 11:23:59,organic_search,US
CUST_007634,2025-12-18 04:49:21,meta_ads,CA
CUST_007635,2025-06-05 05:19:48,meta_ads,DE
CUST_007636,2024-02-07 20:48:01,meta_ads,US
CUST_007637,2024-10-05 07:38:26,meta_ads,US
CUST_007638,2025-05-27 05:42:28,meta_ads,US
CUST_007639,2024-02-22 08:06:11,creator_network,US
CUST_007640,2024-01-30 18:23:15,meta_ads,US
CUST_007641,2025-01-22 09:22:06,organic_search,US
CUST_007642,2024-10-17 01:13:28,meta_ads,US
CUST_007643,2025-01-03 19:45:57,google_ads,CA
CUST_007644,2024-08-03 19:04:58,creator_network,US
CUST_007645,2024-06-12 14:45:17,creator_network,US
CUST_007646,2025-06-25 02:14:36,google_ads,US
CUST_007647,2025-03-03 19:33:30,direct,US
CUST_007648,2024-07-02 02:16:13,meta_ads,US
CUST_007649,2024-10-14 13:26:19,google_ads,US
CUST_007650,2025-04-13 17:39:01,organic_search,US
CUST_007651,2024-03-18 23:30:46,meta_ads,CA
CUST_007652,2024-05-13 06:47:01,meta_ads,US
CUST_007653,2024-03-24 15:04:52,meta_ads,US
CUST_007654,2025-09-28 05:48:18,google_ads,US
CUST_007655,2025-08-27 17:20:37,meta_ads,US
CUST_007656,2025-08-02 12:23:18,meta_ads,US
CUST_007657,2025-07-14 09:21:29,google_ads,US
CUST_007658,2025-06-12 07:48:35,google_ads,US
CUST_007659,2025-02-10 14:51:29,meta_ads,GB
CUST_007660,2025-05-16 10:42:25,meta_ads,GB
CUST_007661,2024-02-17 01:32:52,google_ads,US
CUST_007662,2025-05-14 08:10:42,direct,US
CUST_007663,2025-08-15 05:24:32,creator_network,US
CUST_007664,2025-02-24 10:56:18,creator_network,DE
CUST_007665,2024-11-26 16:07:32,meta_ads,US
CUST_007666,2024-09-30 15:59:06,meta_ads,US
CUST_007667,2025-05-03 14:47:33,google_ads,GB
CUST_007668,2025-07-01 00:53:37,organic_search,US
CUST_007669,2025-10-25 11:25:06,google_ads,US
CUST_007670,2024-11-11 22:36:03,organic_search,US
CUST_007671,2025-08-11 19:53:08,direct,US
CUST_007672,2025-04-04 12:56:44,meta_ads,DE
CUST_007673,2025-10-26 21:07:11,meta_ads,DE
CUST_007674,2025-03-28 18:53:19,meta_ads,US
CUST_007675,2025-03-26 20:45:13,google_ads,US
CUST_007676,2025-04-10 17:57:23,meta_ads,US
CUST_007677,2025-08-31 13:33:29,organic_search,US
CUST_007678,2025-12-14 02:07:50,meta_ads,GB
CUST_007679,2024-03-01 13:41:14,meta_ads,US
CUST_007680,2024-02-26 11:34:05,meta_ads,CA
CUST_007681,2025-11-27 05:20:59,direct,US
CUST_007682,2025-03-12 21:33:48,creator_network,US
CUST_007683,2025-05-23 23:43:00,organic_search,US
CUST_007684,2025-02-18 21:56:51,direct,US
CUST_007685,2024-04-08 11:18:13,google_ads,US
CUST_007686,2025-08-26 00:30:16,meta_ads,US
CUST_007687,2025-08-07 22:30:10,meta_ads,US
CUST_007688,2024-10-01 09:26:28,meta_ads,GB
CUST_007689,2024-10-28 17:30:19,creator_network,US
CUST_007690,2025-09-07 04:20:04,meta_ads,US
CUST_007691,2024-03-16 03:57:28,meta_ads,US
CUST_007692,2025-10-31 22:55:31,google_ads,US
CUST_007693,2024-08-28 00:44:30,google_ads,US
CUST_007694,2025-04-28 14:06:03,creator_network,US
CUST_007695,2025-11-10 21:26:07,meta_ads,US
CUST_007696,2025-06-30 12:57:39,organic_search,GB
CUST_007697,2024-12-09 22:37:25,google_ads,GB
CUST_007698,2025-06-30 07:49:11,meta_ads,US
CUST_007699,2024-11-27 11:01:10,creator_network,US
CUST_007700,2024-09-11 07:46:21,direct,DE
CUST_007701,2025-12-11 05:01:17,meta_ads,CA
CUST_007702,2025-08-17 02:04:55,google_ads,US
CUST_007703,2025-06-01 15:22:49,google_ads,CA
CUST_007704,2024-11-12 06:41:07,meta_ads,CA
CUST_007705,2024-02-27 03:38:08,organic_search,US
CUST_007706,2024-02-20 09:54:26,meta_ads,US
CUST_007707,2025-04-03 13:25:32,creator_network,US
CUST_007708,2025-08-25 00:25:54,creator_network,US
CUST_007709,2025-03-21 16:55:26,google_ads,US
CUST_007710,2025-10-09 21:40:48,meta_ads,CA
CUST_007711,2024-02-12 19:39:33,meta_ads,US
CUST_007712,2024-11-28 07:23:16,meta_ads,US
CUST_007713,2024-08-24 02:37:54,meta_ads,CA
CUST_007714,2025-01-09 11:15:29,meta_ads,US
CUST_007715,2024-03-22 18:48:18,organic_search,US
CUST_007716,2025-12-26 06:38:05,meta_ads,US
CUST_007717,2024-07-21 11:28:10,creator_network,GB
CUST_007718,2025-11-23 13:48:45,google_ads,US
CUST_007719,2025-01-31 11:42:11,creator_network,US
CUST_007720,2025-12-20 11:46:21,direct,DE
CUST_007721,2025-04-17 19:57:52,meta_ads,US
CUST_007722,2025-11-08 06:41:34,organic_search,US
CUST_007723,2024-01-16 15:16:48,google_ads,US
CUST_007724,2025-08-04 15:02:33,organic_search,US
CUST_007725,2025-11-09 05:20:02,creator_network,US
CUST_007726,2024-05-31 23:21:23,google_ads,CA
CUST_007727,2024-04-05 07:58:57,meta_ads,US
CUST_007728,2025-01-21 04:00:36,meta_ads,US
CUST_007729,2025-11-26 20:03:53,google_ads,US
CUST_007730,2025-03-29 02:47:23,direct,US
CUST_007731,2025-03-21 14:53:56,creator_network,US
CUST_007732,2024-05-25 14:09:02,meta_ads,US
CUST_007733,2024-01-31 02:53:14,organic_search,US
CUST_007734,2025-09-17 00:37:30,creator_network,US
CUST_007735,2024-03-24 05:27:01,meta_ads,DE
CUST_007736,2025-05-16 16:59:00,meta_ads,US
CUST_007737,2025-11-16 13:01:36,meta_ads,GB
CUST_007738,2024-07-25 04:32:01,organic_search,DE
CUST_007739,2025-06-05 23:00:17,organic_search,US
CUST_007740,2024-03-09 21:18:50,meta_ads,US
CUST_007741,2025-05-11 09:47:51,meta_ads,US
CUST_007742,2024-06-27 02:41:02,creator_network,US
CUST_007743,2025-07-15 03:40:52,direct,GB
CUST_007744,2024-09-15 04:32:30,creator_network,US
CUST_007745,2025-01-10 06:45:58,google_ads,US
CUST_007746,2025-05-10 01:02:31,meta_ads,CA
CUST_007747,2024-06-02 02:21:31,google_ads,US
CUST_007748,2025-08-30 08:28:36,meta_ads,US
CUST_007749,2024-10-03 04:05:59,organic_search,CA
CUST_007750,2025-06-28 23:17:15,google_ads,US
CUST_007751,2024-06-15 03:31:35,organic_search,US
CUST_007752,2025-06-18 14:07:52,google_ads,US
CUST_007753,2024-05-14 09:08:58,organic_search,DE
CUST_007754,2025-01-14 03:16:24,meta_ads,CA
CUST_007755,2024-08-05 23:07:40,google_ads,US
CUST_007756,2025-08-06 01:50:20,google_ads,US
CUST_007757,2024-08-19 15:00:06,meta_ads,US
CUST_007758,2025-10-12 21:01:22,direct,CA
CUST_007759,2025-10-24 19:06:51,google_ads,US
CUST_007760,2024-07-03 10:28:34,google_ads,CA
CUST_007761,2025-05-23 01:50:53,organic_search,CA
CUST_007762,2024-03-15 05:58:07,organic_search,US
CUST_007763,2024-12-11 09:49:53,google_ads,US
CUST_007764,2025-07-05 09:33:17,direct,US
CUST_007765,2025-06-01 13:11:52,meta_ads,US
CUST_007766,2025-05-07 17:18:31,meta_ads,US
CUST_007767,2024-09-13 12:08:34,google_ads,CA
CUST_007768,2024-11-12 18:05:06,meta_ads,US
CUST_007769,2024-04-27 20:22:26,google_ads,US
CUST_007770,2025-07-24 00:31:53,meta_ads,US
CUST_007771,2025-02-22 15:51:16,google_ads,US
CUST_007772,2025-07-18 17:10:39,organic_search,US
CUST_007773,2024-08-06 02:05:33,google_ads,US
CUST_007774,2024-10-25 18:00:23,direct,US
CUST_007775,2024-10-28 08:26:51,creator_network,US
CUST_007776,2024-01-29 10:38:18,meta_ads,US
CUST_007777,2024-11-30 20:13:20,meta_ads,US
CUST_007778,2025-09-21 15:41:55,meta_ads,GB
CUST_007779,2025-11-06 18:58:17,organic_search,US
CUST_007780,2025-03-17 03:58:21,meta_ads,US
CUST_007781,2025-01-05 19:52:33,meta_ads,US
CUST_007782,2024-02-07 20:06:23,organic_search,US
CUST_007783,2025-10-14 00:09:57,google_ads,US
CUST_007784,2024-01-22 14:55:52,meta_ads,US
CUST_007785,2025-11-07 04:59:22,meta_ads,US
CUST_007786,2025-02-09 01:14:39,organic_search,DE
CUST_007787,2024-11-24 10:17:26,organic_search,US
CUST_007788,2025-11-08 12:57:58,meta_ads,US
CUST_007789,2024-01-10 03:27:05,google_ads,US
CUST_007790,2025-04-21 16:22:57,organic_search,US
CUST_007791,2025-03-25 23:03:48,creator_network,US
CUST_007792,2024-07-22 19:34:50,organic_search,US
CUST_007793,2025-01-27 04:38:53,google_ads,US
CUST_007794,2025-06-21 06:35:12,organic_search,US
CUST_007795,2025-07-22 07:28:01,meta_ads,DE
CUST_007796,2024-01-04 13:31:26,meta_ads,US
CUST_007797,2025-11-13 12:47:49,creator_network,US
CUST_007798,2024-06-07 16:37:06,google_ads,US
CUST_007799,2024-08-23 03:12:40,organic_search,US
CUST_007800,2024-08-05 13:56:40,meta_ads,DE
CUST_007801,2024-02-02 22:48:22,organic_search,US
CUST_007802,2024-04-17 22:47:59,meta_ads,US
CUST_007803,2025-12-01 12:01:11,creator_network,US
CUST_007804,2024-10-14 05:24:59,meta_ads,US
CUST_007805,2024-04-19 06:05:43,google_ads,DE
CUST_007806,2024-04-26 20:58:17,creator_network,DE
CUST_007807,2025-07-19 04:53:36,meta_ads,US
CUST_007808,2025-10-18 16:00:06,meta_ads,US
CUST_007809,2024-08-07 21:35:18,google_ads,US
CUST_007810,2024-01-15 23:57:01,organic_search,CA
CUST_007811,2024-07-27 18:04:46,meta_ads,US
CUST_007812,2024-02-23 14:13:09,meta_ads,US
CUST_007813,2024-04-10 04:20:09,meta_ads,US
CUST_007814,2025-01-02 05:50:28,direct,CA
CUST_007815,2024-08-06 02:33:36,meta_ads,US
CUST_007816,2025-03-03 05:42:30,meta_ads,CA
CUST_007817,2024-08-22 17:24:04,creator_network,US
CUST_007818,2025-11-23 01:29:44,creator_network,CA
CUST_007819,2025-11-19 19:54:15,meta_ads,CA
CUST_007820,2025-04-18 08:00:35,direct,US
CUST_007821,2024-11-23 17:36:45,google_ads,US
CUST_007822,2024-12-28 18:56:21,google_ads,US
CUST_007823,2024-12-30 22:29:00,google_ads,CA
CUST_007824,2025-07-06 13:49:20,organic_search,US
CUST_007825,2025-01-27 16:11:58,meta_ads,US
CUST_007826,2025-10-14 01:55:53,meta_ads,US
CUST_007827,2025-11-08 05:55:04,meta_ads,US
CUST_007828,2024-10-20 06:56:27,creator_network,US
CUST_007829,2025-04-24 02:04:37,google_ads,US
CUST_007830,2024-04-23 22:03:47,google_ads,US
CUST_007831,2024-07-30 00:12:31,meta_ads,US
CUST_007832,2024-12-01 17:17:37,creator_network,US
CUST_007833,2024-07-31 14:47:37,creator_network,CA
CUST_007834,2025-10-13 23:24:53,meta_ads,US
CUST_007835,2024-06-04 20:59:59,organic_search,US
CUST_007836,2025-01-11 16:12:05,meta_ads,US
CUST_007837,2025-05-11 17:43:47,creator_network,US
CUST_007838,2025-07-29 16:10:49,meta_ads,US
CUST_007839,2024-12-28 08:47:10,google_ads,US
CUST_007840,2025-10-19 22:03:49,direct,US
CUST_007841,2025-04-05 15:38:49,direct,US
CUST_007842,2025-01-24 05:50:24,meta_ads,US
CUST_007843,2024-03-04 15:25:40,google_ads,US
CUST_007844,2025-02-21 11:32:54,meta_ads,US
CUST_007845,2025-09-13 21:27:40,organic_search,GB
CUST_007846,2025-05-30 03:01:18,google_ads,US
CUST_007847,2025-09-02 18:09:41,google_ads,US
CUST_007848,2025-02-18 09:15:14,meta_ads,US
CUST_007849,2024-04-07 18:46:45,direct,US
CUST_007850,2024-01-04 08:11:59,google_ads,US
CUST_007851,2024-10-11 14:28:07,meta_ads,US
CUST_007852,2025-07-26 02:21:59,meta_ads,CA
CUST_007853,2025-09-26 17:42:07,meta_ads,US
CUST_007854,2024-09-16 04:04:08,google_ads,CA
CUST_007855,2025-02-15 23:42:50,direct,US
CUST_007856,2024-12-28 00:45:48,organic_search,US
CUST_007857,2024-12-15 11:45:26,google_ads,US
CUST_007858,2024-08-26 07:02:22,organic_search,GB
CUST_007859,2024-05-12 19:41:17,google_ads,DE
CUST_007860,2024-07-02 04:46:21,meta_ads,CA
CUST_007861,2024-02-10 23:46:16,direct,US
CUST_007862,2024-07-06 04:00:29,meta_ads,DE
CUST_007863,2024-01-03 17:48:59,meta_ads,US
CUST_007864,2025-05-02 09:04:48,direct,US
CUST_007865,2024-10-01 16:40:07,meta_ads,US
CUST_007866,2025-12-08 00:57:55,creator_network,US
CUST_007867,2024-07-02 14:35:29,direct,GB
CUST_007868,2024-11-07 15:02:32,google_ads,US
CUST_007869,2024-11-02 07:34:08,meta_ads,CA
CUST_007870,2024-01-10 00:41:02,meta_ads,US
CUST_007871,2025-09-24 06:47:10,meta_ads,US
CUST_007872,2024-02-14 08:53:34,google_ads,US
CUST_007873,2025-11-17 05:22:27,creator_network,CA
CUST_007874,2025-10-29 21:01:46,google_ads,US
CUST_007875,2025-03-29 07:22:19,google_ads,US
CUST_007876,2025-03-15 06:11:07,google_ads,US
CUST_007877,2025-06-16 17:21:33,google_ads,US
CUST_007878,2024-12-27 04:05:23,organic_search,US
CUST_007879,2025-06-07 09:23:49,meta_ads,CA
CUST_007880,2024-02-10 14:39:51,organic_search,US
CUST_007881,2024-02-24 20:52:31,google_ads,GB
CUST_007882,2025-01-18 14:30:37,meta_ads,US
CUST_007883,2025-03-22 07:31:32,meta_ads,US
CUST_007884,2025-10-10 11:33:58,meta_ads,US
CUST_007885,2024-04-18 23:12:48,google_ads,US
CUST_007886,2025-09-02 10:29:30,meta_ads,US
CUST_007887,2024-07-31 14:24:53,direct,US
CUST_007888,2024-12-22 19:57:51,google_ads,GB
CUST_007889,2024-10-09 15:03:35,direct,US
CUST_007890,2024-12-17 03:00:06,meta_ads,DE
CUST_007891,2024-05-19 01:19:26,meta_ads,US
CUST_007892,2025-02-09 11:33:01,meta_ads,GB
CUST_007893,2025-09-13 14:23:32,meta_ads,US
CUST_007894,2025-01-01 11:17:51,organic_search,US
CUST_007895,2025-02-11 19:26:40,meta_ads,US
CUST_007896,2025-10-14 06:40:19,google_ads,US
CUST_007897,2025-07-26 22:24:58,meta_ads,US
CUST_007898,2025-02-13 17:56:25,google_ads,CA
CUST_007899,2024-08-19 13:27:58,organic_search,GB
CUST_007900,2025-10-13 12:58:56,google_ads,CA
CUST_007901,2025-04-05 12:03:32,creator_network,US
CUST_007902,2024-07-07 19:02:30,meta_ads,US
CUST_007903,2024-09-21 16:07:50,direct,US
CUST_007904,2025-09-12 03:53:37,creator_network,US
CUST_007905,2024-02-15 23:01:10,google_ads,US
CUST_007906,2025-12-03 21:52:41,google_ads,GB
CUST_007907,2024-05-22 14:15:52,organic_search,US
CUST_007908,2025-09-12 14:07:02,google_ads,US
CUST_007909,2024-12-31 23:41:24,creator_network,US
CUST_007910,2025-02-15 08:59:52,google_ads,US
CUST_007911,2025-10-31 18:00:01,meta_ads,US
CUST_007912,2024-12-28 14:52:19,creator_network,US
CUST_007913,2025-03-16 13:59:28,google_ads,US
CUST_007914,2024-02-18 06:33:45,google_ads,US
CUST_007915,2024-01-07 16:48:21,google_ads,US
CUST_007916,2024-08-22 16:53:52,meta_ads,GB
CUST_007917,2025-06-17 23:57:03,creator_network,US
CUST_007918,2024-04-29 14:06:10,direct,GB
CUST_007919,2024-04-26 18:24:35,organic_search,US
CUST_007920,2024-12-08 07:27:04,meta_ads,US
CUST_007921,2025-06-19 19:45:57,google_ads,US
CUST_007922,2025-07-16 00:25:03,organic_search,CA
CUST_007923,2024-06-18 14:27:05,google_ads,US
CUST_007924,2024-03-02 03:52:27,google_ads,CA
CUST_007925,2025-11-23 05:40:00,direct,US
CUST_007926,2024-08-23 17:36:54,google_ads,US
CUST_007927,2025-10-20 02:37:18,google_ads,GB
CUST_007928,2025-10-14 05:16:31,meta_ads,US
CUST_007929,2025-08-09 18:17:03,meta_ads,US
CUST_007930,2024-06-21 11:58:57,meta_ads,GB
CUST_007931,2025-09-22 01:54:24,organic_search,US
CUST_007932,2025-08-17 18:15:21,google_ads,CA
CUST_007933,2025-04-29 10:05:11,google_ads,GB
CUST_007934,2024-10-23 07:32:34,organic_search,GB
CUST_007935,2024-08-05 17:33:10,google_ads,US
CUST_007936,2024-04-24 22:54:12,google_ads,CA
CUST_007937,2025-03-10 08:30:20,meta_ads,CA
CUST_007938,2025-04-03 13:05:31,organic_search,US
CUST_007939,2024-11-12 07:05:55,meta_ads,US
CUST_007940,2025-02-28 06:45:26,meta_ads,US
CUST_007941,2024-11-27 12:10:37,meta_ads,US
CUST_007942,2025-05-02 04:29:09,meta_ads,US
CUST_007943,2025-11-15 02:58:47,meta_ads,US
CUST_007944,2024-06-24 14:19:12,creator_network,US
CUST_007945,2024-12-01 04:49:22,meta_ads,US
CUST_007946,2024-05-19 03:03:16,creator_network,US
CUST_007947,2025-05-10 03:41:37,meta_ads,US
CUST_007948,2025-07-29 08:29:49,meta_ads,US
CUST_007949,2025-11-22 15:07:24,google_ads,DE
CUST_007950,2024-09-10 10:09:04,direct,US
CUST_007951,2025-12-09 21:42:14,organic_search,GB
CUST_007952,2024-03-19 04:09:40,direct,DE
CUST_007953,2025-05-14 10:30:19,creator_network,US
CUST_007954,2024-02-08 23:47:20,creator_network,US
CUST_007955,2025-11-01 14:22:16,google_ads,US
CUST_007956,2025-03-14 18:12:06,google_ads,US
CUST_007957,2025-06-23 18:30:50,meta_ads,CA
CUST_007958,2025-09-26 13:58:11,google_ads,US
CUST_007959,2024-05-29 11:55:36,google_ads,US
CUST_007960,2024-02-26 18:39:23,google_ads,CA
CUST_007961,2025-10-11 16:21:05,google_ads,US
CUST_007962,2024-10-24 08:52:41,meta_ads,US
CUST_007963,2024-05-25 01:31:44,meta_ads,GB
CUST_007964,2025-02-20 13:06:12,meta_ads,US
CUST_007965,2025-05-17 18:00:07,direct,US
CUST_007966,2024-02-13 06:11:29,meta_ads,US
CUST_007967,2024-09-14 03:24:31,meta_ads,CA
CUST_007968,2024-02-01 20:12:09,organic_search,US
CUST_007969,2024-12-04 13:29:33,google_ads,US
CUST_007970,2025-11-28 07:22:32,meta_ads,US
CUST_007971,2025-12-04 21:54:14,google_ads,DE
CUST_007972,2025-05-10 00:48:12,meta_ads,US
CUST_007973,2024-06-14 06:36:47,meta_ads,US
CUST_007974,2025-11-09 07:11:15,meta_ads,US
CUST_007975,2025-03-22 08:02:19,google_ads,GB
CUST_007976,2024-05-12 19:29:17,organic_search,US
CUST_007977,2025-11-22 15:39:15,google_ads,DE
CUST_007978,2025-08-14 14:47:29,google_ads,DE
CUST_007979,2025-07-29 19:39:22,meta_ads,US
CUST_007980,2025-07-03 02:25:26,meta_ads,US
CUST_007981,2024-07-28 16:44:18,organic_search,US
CUST_007982,2024-07-15 13:27:06,meta_ads,US
CUST_007983,2025-06-23 11:34:08,organic_search,CA
CUST_007984,2024-07-07 19:16:36,google_ads,US
CUST_007985,2025-01-05 07:11:56,organic_search,US
CUST_007986,2025-08-04 13:36:44,meta_ads,US
CUST_007987,2025-08-04 06:03:22,meta_ads,CA
CUST_007988,2025-01-25 07:04:06,creator_network,US
CUST_007989,2025-09-26 23:05:32,creator_network,CA
CUST_007990,2025-09-17 02:24:49,meta_ads,CA
CUST_007991,2025-06-26 01:17:00,direct,US
CUST_007992,2024-08-25 23:10:25,meta_ads,US
CUST_007993,2024-09-09 12:34:37,meta_ads,US
CUST_007994,2024-10-14 17:03:14,google_ads,US
CUST_007995,2024-04-17 14:16:43,creator_network,US
CUST_007996,2024-09-02 06:31:13,direct,US
CUST_007997,2024-07-02 07:06:48,google_ads,US
CUST_007998,2025-01-27 02:51:26,meta_ads,US
CUST_007999,2025-11-09 11:45:05,google_ads,US
CUST_008000,2024-04-29 12:32:28,meta_ads,US
CUST_008001,2025-07-03 21:39:21,google_ads,US
CUST_008002,2025-06-02 22:12:16,google_ads,DE
CUST_008003,2024-04-11 05:33:03,meta_ads,US
CUST_008004,2025-11-05 09:27:21,google_ads,US
CUST_008005,2025-04-21 23:34:19,google_ads,US
CUST_008006,2024-11-11 13:56:41,creator_network,CA
CUST_008007,2025-08-13 08:55:55,google_ads,US
CUST_008008,2024-08-30 11:07:37,meta_ads,GB
CUST_008009,2025-07-13 05:03:08,meta_ads,US
CUST_008010,2024-02-16 06:43:34,meta_ads,US
CUST_008011,2025-09-02 05:54:06,meta_ads,US
CUST_008012,2025-01-26 16:42:29,creator_network,GB
CUST_008013,2025-05-20 17:36:31,direct,US
CUST_008014,2024-07-14 05:58:41,creator_network,US
CUST_008015,2025-06-30 17:58:51,google_ads,US
CUST_008016,2025-08-10 00:32:53,google_ads,US
CUST_008017,2025-02-05 00:36:46,meta_ads,US
CUST_008018,2025-05-07 03:09:43,organic_search,CA
CUST_008019,2025-01-30 07:00:57,direct,GB
CUST_008020,2025-11-25 21:45:20,google_ads,US
CUST_008021,2025-02-07 08:03:06,meta_ads,US
CUST_008022,2025-10-17 14:42:21,creator_network,US
CUST_008023,2025-09-02 07:01:50,meta_ads,US
CUST_008024,2024-12-16 19:42:55,creator_network,US
CUST_008025,2024-08-26 17:04:15,organic_search,CA
CUST_008026,2024-12-20 09:26:32,meta_ads,US
CUST_008027,2025-09-07 22:34:07,direct,US
CUST_008028,2024-08-24 16:54:26,direct,US
CUST_008029,2025-03-31 12:32:26,direct,US
CUST_008030,2025-09-29 18:05:07,google_ads,GB
CUST_008031,2024-11-19 16:01:13,meta_ads,US
CUST_008032,2025-05-23 05:34:22,google_ads,US
CUST_008033,2024-08-15 00:43:03,google_ads,US
CUST_008034,2024-04-28 06:10:35,meta_ads,CA
CUST_008035,2025-09-15 03:51:09,google_ads,US
CUST_008036,2024-04-14 19:17:03,creator_network,CA
CUST_008037,2024-09-19 23:37:07,meta_ads,GB
CUST_008038,2025-10-22 05:53:56,meta_ads,US
CUST_008039,2024-11-01 16:38:15,meta_ads,GB
CUST_008040,2025-12-24 21:05:25,creator_network,CA
CUST_008041,2025-12-17 05:12:30,google_ads,US
CUST_008042,2024-09-08 14:18:47,meta_ads,US
CUST_008043,2024-02-23 03:44:13,direct,US
CUST_008044,2025-07-01 08:12:45,meta_ads,GB
CUST_008045,2025-01-01 17:41:03,google_ads,US
CUST_008046,2024-04-19 08:17:14,creator_network,US
CUST_008047,2025-07-03 04:59:45,creator_network,US
CUST_008048,2024-02-27 07:53:23,meta_ads,US
CUST_008049,2025-10-15 10:11:39,organic_search,US
CUST_008050,2024-05-06 19:31:16,organic_search,US
CUST_008051,2024-05-04 22:52:07,google_ads,US
CUST_008052,2024-06-26 20:38:14,google_ads,US
CUST_008053,2025-12-14 03:36:13,meta_ads,US
CUST_008054,2025-07-01 06:15:48,google_ads,US
CUST_008055,2025-09-05 03:44:36,google_ads,US
CUST_008056,2024-12-21 10:59:24,creator_network,US
CUST_008057,2024-10-01 14:51:23,google_ads,CA
CUST_008058,2024-08-11 20:34:19,creator_network,CA
CUST_008059,2025-02-24 04:35:41,meta_ads,US
CUST_008060,2025-04-16 14:42:14,meta_ads,US
CUST_008061,2025-05-21 07:54:19,meta_ads,US
CUST_008062,2024-08-11 17:59:15,meta_ads,US
CUST_008063,2025-12-19 14:15:08,google_ads,US
CUST_008064,2024-06-06 09:41:35,creator_network,CA
CUST_008065,2025-12-03 15:12:32,google_ads,US
CUST_008066,2024-01-19 05:43:01,google_ads,US
CUST_008067,2025-02-07 18:36:50,creator_network,US
CUST_008068,2024-10-01 17:11:03,meta_ads,CA
CUST_008069,2025-01-14 10:37:55,meta_ads,US
CUST_008070,2025-04-16 23:24:58,meta_ads,US
CUST_008071,2025-01-30 13:44:00,creator_network,US
CUST_008072,2024-12-29 08:39:19,meta_ads,US
CUST_008073,2025-07-21 19:40:59,meta_ads,US
CUST_008074,2025-06-26 23:53:20,google_ads,US
CUST_008075,2025-09-01 09:45:28,direct,US
CUST_008076,2024-08-25 20:27:34,google_ads,US
CUST_008077,2025-05-27 05:24:19,creator_network,GB
CUST_008078,2025-04-21 02:55:39,creator_network,US
CUST_008079,2024-11-23 21:18:22,google_ads,DE
CUST_008080,2025-02-05 06:07:11,creator_network,US
CUST_008081,2024-10-02 13:02:23,organic_search,US
CUST_008082,2024-05-19 06:25:16,meta_ads,US
CUST_008083,2024-07-29 05:38:40,meta_ads,US
CUST_008084,2024-04-16 04:38:16,meta_ads,US
CUST_008085,2025-06-19 18:43:46,google_ads,US
CUST_008086,2025-06-30 03:23:12,organic_search,GB
CUST_008087,2025-12-21 14:59:51,meta_ads,CA
CUST_008088,2025-07-28 18:46:04,meta_ads,US
CUST_008089,2024-02-04 00:48:27,organic_search,CA
CUST_008090,2025-10-24 02:06:14,google_ads,US
CUST_008091,2025-10-14 09:40:11,google_ads,US
CUST_008092,2025-01-29 08:48:34,organic_search,US
CUST_008093,2025-04-16 12:53:41,google_ads,DE
CUST_008094,2025-12-07 17:16:05,creator_network,US
CUST_008095,2025-03-08 08:10:46,meta_ads,US
CUST_008096,2025-11-21 23:03:49,meta_ads,US
CUST_008097,2024-03-18 02:03:28,google_ads,US
CUST_008098,2024-06-10 10:38:33,google_ads,US
CUST_008099,2025-01-20 22:49:41,direct,US
CUST_008100,2025-04-24 15:55:02,direct,US
CUST_008101,2025-09-04 14:23:34,organic_search,CA
CUST_008102,2025-12-02 09:39:00,meta_ads,US
CUST_008103,2024-12-27 07:54:21,direct,US
CUST_008104,2024-02-19 02:30:31,creator_network,US
CUST_008105,2025-09-18 15:31:18,google_ads,CA
CUST_008106,2025-05-19 17:15:21,creator_network,CA
CUST_008107,2024-07-02 10:38:40,meta_ads,US
CUST_008108,2025-02-14 10:09:19,meta_ads,US
CUST_008109,2025-08-31 00:18:21,organic_search,US
CUST_008110,2025-08-27 10:33:22,google_ads,US
CUST_008111,2025-02-25 20:06:50,meta_ads,US
CUST_008112,2024-10-29 23:59:44,google_ads,US
CUST_008113,2025-12-06 05:46:21,organic_search,US
CUST_008114,2025-06-03 12:01:54,google_ads,US
CUST_008115,2024-12-05 04:47:50,google_ads,US
CUST_008116,2024-09-10 16:58:48,meta_ads,DE
CUST_008117,2025-07-27 06:23:05,meta_ads,US
CUST_008118,2024-08-23 15:17:28,direct,US
CUST_008119,2024-06-05 10:01:06,google_ads,US
CUST_008120,2025-03-21 13:02:27,google_ads,US
CUST_008121,2024-09-13 14:04:38,google_ads,US
CUST_008122,2025-05-07 12:50:49,organic_search,US
CUST_008123,2024-04-30 00:46:34,google_ads,US
CUST_008124,2025-06-11 13:22:08,creator_network,US
CUST_008125,2024-09-13 01:08:11,google_ads,US
CUST_008126,2024-01-20 08:45:21,meta_ads,US
CUST_008127,2024-05-29 08:50:57,direct,US
CUST_008128,2025-11-07 19:50:24,direct,CA
CUST_008129,2025-10-26 07:11:12,direct,US
CUST_008130,2024-08-09 11:24:13,direct,GB
CUST_008131,2025-08-28 09:14:42,organic_search,US
CUST_008132,2025-05-02 17:19:33,creator_network,US
CUST_008133,2025-12-17 06:08:11,organic_search,CA
CUST_008134,2024-11-17 01:35:49,google_ads,US
CUST_008135,2025-06-16 07:06:47,meta_ads,US
CUST_008136,2024-03-30 13:45:02,google_ads,US
CUST_008137,2024-12-09 14:59:03,direct,DE
CUST_008138,2025-12-10 15:25:40,meta_ads,US
CUST_008139,2025-03-09 23:50:26,organic_search,US
CUST_008140,2024-09-23 14:36:25,meta_ads,GB
CUST_008141,2024-04-19 19:13:13,meta_ads,GB
CUST_008142,2025-07-06 22:04:48,meta_ads,US
CUST_008143,2025-06-24 14:04:54,meta_ads,US
CUST_008144,2024-11-14 00:48:40,meta_ads,US
CUST_008145,2025-12-25 16:25:19,meta_ads,US
CUST_008146,2024-01-14 10:09:39,organic_search,US
CUST_008147,2024-10-06 16:49:14,meta_ads,US
CUST_008148,2025-11-08 23:03:21,meta_ads,US
CUST_008149,2024-10-26 07:40:17,meta_ads,DE
CUST_008150,2024-08-06 00:53:21,creator_network,CA
CUST_008151,2025-03-20 04:37:54,google_ads,US
CUST_008152,2025-09-03 19:09:19,google_ads,US
CUST_008153,2024-04-12 06:49:17,meta_ads,US
CUST_008154,2025-11-01 22:59:23,meta_ads,CA
CUST_008155,2025-09-24 09:05:01,creator_network,CA
CUST_008156,2024-06-23 17:55:41,organic_search,US
CUST_008157,2025-07-13 00:20:00,meta_ads,DE
CUST_008158,2024-12-26 19:25:06,google_ads,US
CUST_008159,2024-12-08 10:19:35,meta_ads,US
CUST_008160,2025-08-09 18:23:43,meta_ads,US
CUST_008161,2025-12-21 03:44:04,creator_network,US
CUST_008162,2024-05-24 00:00:21,google_ads,US
CUST_008163,2024-12-21 01:51:52,meta_ads,US
CUST_008164,2025-02-15 09:22:17,meta_ads,US
CUST_008165,2024-11-29 02:22:16,direct,US
CUST_008166,2024-11-27 00:55:31,organic_search,US
CUST_008167,2024-02-12 22:38:18,organic_search,US
CUST_008168,2025-06-11 22:23:29,google_ads,US
CUST_008169,2025-01-22 03:41:05,google_ads,US
CUST_008170,2024-07-30 01:35:33,meta_ads,US
CUST_008171,2025-09-17 22:47:12,meta_ads,US
CUST_008172,2025-09-15 12:09:26,google_ads,US
CUST_008173,2025-02-28 22:36:03,google_ads,US
CUST_008174,2024-09-05 20:36:38,meta_ads,US
CUST_008175,2025-05-03 03:53:46,organic_search,CA
CUST_008176,2024-09-02 20:47:49,meta_ads,US
CUST_008177,2024-08-15 06:22:31,meta_ads,US
CUST_008178,2025-07-02 22:46:14,meta_ads,US
CUST_008179,2024-02-29 11:09:40,google_ads,DE
CUST_008180,2024-04-12 00:24:54,meta_ads,US
CUST_008181,2024-01-02 13:24:27,meta_ads,US
CUST_008182,2024-05-30 03:27:07,google_ads,DE
CUST_008183,2024-03-09 18:16:10,google_ads,US
CUST_008184,2025-12-08 18:42:05,google_ads,US
CUST_008185,2024-09-24 16:40:10,meta_ads,US
CUST_008186,2024-05-21 21:24:47,google_ads,US
CUST_008187,2024-08-17 02:03:08,google_ads,US
CUST_008188,2025-11-01 13:02:39,meta_ads,US
CUST_008189,2025-03-19 06:18:18,organic_search,US
CUST_008190,2024-11-16 15:58:58,google_ads,CA
CUST_008191,2025-10-29 21:15:45,meta_ads,US
CUST_008192,2024-12-24 11:43:11,direct,US
CUST_008193,2024-10-23 06:43:43,organic_search,US
CUST_008194,2024-07-18 17:46:14,direct,US
CUST_008195,2024-11-09 15:26:58,creator_network,US
CUST_008196,2024-10-25 00:12:58,meta_ads,US
CUST_008197,2025-06-29 06:12:56,meta_ads,US
CUST_008198,2024-09-25 05:14:43,creator_network,DE
CUST_008199,2025-04-11 20:17:05,direct,US
CUST_008200,2024-03-18 20:04:40,google_ads,US
CUST_008201,2024-06-05 16:09:10,organic_search,US
CUST_008202,2024-12-04 08:40:26,meta_ads,US
CUST_008203,2025-11-12 11:10:52,google_ads,US
CUST_008204,2024-11-11 18:14:04,organic_search,US
CUST_008205,2025-06-18 13:16:16,creator_network,US
CUST_008206,2024-08-30 16:05:49,direct,US
CUST_008207,2024-05-22 13:32:53,creator_network,GB
CUST_008208,2024-02-19 08:13:01,google_ads,CA
CUST_008209,2024-10-25 06:48:06,google_ads,GB
CUST_008210,2024-06-11 14:56:25,organic_search,GB
CUST_008211,2024-06-27 07:05:03,google_ads,GB
CUST_008212,2025-08-17 14:24:48,meta_ads,US
CUST_008213,2024-01-27 03:20:21,google_ads,US
CUST_008214,2025-04-09 22:53:28,google_ads,US
CUST_008215,2024-11-06 20:31:37,meta_ads,US
CUST_008216,2025-02-25 12:45:23,creator_network,CA
CUST_008217,2025-04-28 13:02:47,meta_ads,US
CUST_008218,2024-10-17 06:28:27,google_ads,US
CUST_008219,2024-09-13 06:38:16,organic_search,US
CUST_008220,2025-07-08 03:13:52,google_ads,US
CUST_008221,2025-10-08 02:48:44,organic_search,US
CUST_008222,2024-07-17 09:40:39,meta_ads,US
CUST_008223,2024-04-26 12:13:29,direct,DE
CUST_008224,2025-11-30 22:43:39,meta_ads,US
CUST_008225,2024-11-19 01:26:47,meta_ads,CA
CUST_008226,2025-03-16 10:43:13,organic_search,US
CUST_008227,2024-11-10 10:23:08,creator_network,GB
CUST_008228,2024-05-18 01:34:00,meta_ads,US
CUST_008229,2025-04-22 21:29:21,direct,US
CUST_008230,2025-03-23 03:05:25,google_ads,US
CUST_008231,2024-07-11 00:38:12,direct,US
CUST_008232,2025-01-18 12:36:27,google_ads,GB
CUST_008233,2025-09-26 12:56:47,google_ads,US
CUST_008234,2025-04-21 22:04:54,google_ads,US
CUST_008235,2024-04-24 17:39:01,meta_ads,US
CUST_008236,2025-03-26 06:04:39,google_ads,CA
CUST_008237,2025-07-22 07:37:10,google_ads,DE
CUST_008238,2025-09-08 23:54:43,meta_ads,US
CUST_008239,2025-05-06 17:41:53,meta_ads,US
CUST_008240,2024-05-08 05:49:05,meta_ads,US
CUST_008241,2025-07-16 20:11:12,organic_search,US
CUST_008242,2025-06-30 23:47:06,google_ads,DE
CUST_008243,2024-01-18 17:06:12,creator_network,US
CUST_008244,2024-12-19 08:04:27,direct,US
CUST_008245,2024-10-28 04:34:26,google_ads,US
CUST_008246,2025-06-21 12:05:39,direct,GB
CUST_008247,2024-07-27 17:55:02,meta_ads,US
CUST_008248,2025-04-05 08:38:32,meta_ads,US
CUST_008249,2025-11-29 00:10:36,google_ads,GB
CUST_008250,2025-09-22 14:46:04,google_ads,US
CUST_008251,2025-11-22 15:30:25,organic_search,US
CUST_008252,2025-12-31 18:47:04,google_ads,US
CUST_008253,2024-01-07 07:06:44,meta_ads,US
CUST_008254,2025-05-13 12:34:57,creator_network,US
CUST_008255,2024-12-23 00:27:46,google_ads,US
CUST_008256,2025-10-23 23:59:11,meta_ads,US
CUST_008257,2024-08-27 07:46:32,google_ads,US
CUST_008258,2025-12-08 17:18:58,organic_search,US
CUST_008259,2025-05-31 07:13:10,organic_search,US
CUST_008260,2025-09-26 06:58:57,google_ads,US
CUST_008261,2024-03-06 10:37:56,meta_ads,US
CUST_008262,2024-06-28 01:37:41,meta_ads,CA
CUST_008263,2025-08-26 12:16:56,google_ads,US
CUST_008264,2024-01-17 22:10:01,creator_network,US
CUST_008265,2025-09-16 14:26:49,meta_ads,US
CUST_008266,2024-01-14 16:41:19,meta_ads,US
CUST_008267,2025-06-13 14:05:17,direct,US
CUST_008268,2024-11-12 05:09:44,organic_search,US
CUST_008269,2025-05-19 20:42:14,google_ads,CA
CUST_008270,2025-07-08 13:21:41,meta_ads,GB
CUST_008271,2024-11-01 05:41:10,meta_ads,US
CUST_008272,2024-04-20 03:00:34,meta_ads,US
CUST_008273,2024-03-13 11:17:46,google_ads,US
CUST_008274,2025-04-18 22:33:55,meta_ads,GB
CUST_008275,2025-03-11 16:19:38,organic_search,US
CUST_008276,2025-08-26 21:48:16,direct,DE
CUST_008277,2025-03-22 07:39:04,meta_ads,GB
CUST_008278,2025-01-27 03:36:53,google_ads,US
CUST_008279,2024-12-05 02:24:28,creator_network,US
CUST_008280,2024-01-07 06:01:52,direct,US
CUST_008281,2024-10-22 13:09:50,organic_search,US
CUST_008282,2025-12-15 11:44:08,meta_ads,US
CUST_008283,2025-10-13 07:06:37,meta_ads,US
CUST_008284,2024-10-08 21:59:07,creator_network,CA
CUST_008285,2025-04-16 04:52:12,creator_network,US
CUST_008286,2025-10-18 20:55:30,meta_ads,US
CUST_008287,2025-01-05 09:57:09,google_ads,US
CUST_008288,2024-01-16 03:15:42,creator_network,CA
CUST_008289,2024-03-08 14:48:51,meta_ads,CA
CUST_008290,2025-03-05 08:16:46,organic_search,US
CUST_008291,2025-12-02 06:07:22,meta_ads,US
CUST_008292,2025-07-22 17:54:11,creator_network,US
CUST_008293,2024-03-21 07:09:15,google_ads,US
CUST_008294,2024-06-13 06:32:01,meta_ads,US
CUST_008295,2025-08-15 10:25:39,creator_network,US
CUST_008296,2025-10-15 15:36:00,creator_network,CA
CUST_008297,2025-05-27 09:19:38,direct,US
CUST_008298,2025-06-01 01:03:14,meta_ads,GB
CUST_008299,2024-01-02 07:29:40,creator_network,GB
CUST_008300,2025-09-01 01:27:09,google_ads,US
CUST_008301,2025-08-26 00:49:13,google_ads,US
CUST_008302,2024-08-01 04:51:12,organic_search,US
CUST_008303,2025-07-31 03:32:26,meta_ads,GB
CUST_008304,2024-07-11 02:42:45,meta_ads,US
CUST_008305,2024-02-21 23:25:43,google_ads,US
CUST_008306,2024-07-28 14:55:03,meta_ads,US
CUST_008307,2024-06-30 03:45:49,organic_search,CA
CUST_008308,2024-10-11 15:00:47,google_ads,US
CUST_008309,2024-12-05 10:33:16,google_ads,US
CUST_008310,2025-03-07 09:05:37,organic_search,US
CUST_008311,2025-02-07 05:56:34,google_ads,US
CUST_008312,2024-09-25 06:47:59,google_ads,CA
CUST_008313,2024-02-21 06:33:09,meta_ads,US
CUST_008314,2025-05-17 22:18:50,meta_ads,GB
CUST_008315,2024-12-24 12:31:45,meta_ads,US
CUST_008316,2024-09-08 08:20:57,creator_network,US
CUST_008317,2025-10-17 10:49:19,google_ads,US
CUST_008318,2025-08-30 16:02:12,meta_ads,GB
CUST_008319,2025-10-16 18:09:51,google_ads,US
CUST_008320,2025-02-24 07:35:19,meta_ads,US
CUST_008321,2024-05-15 07:43:30,direct,US
CUST_008322,2025-07-29 18:09:39,meta_ads,CA
CUST_008323,2024-07-23 17:20:22,organic_search,US
CUST_008324,2025-01-06 13:29:59,google_ads,US
CUST_008325,2024-03-12 14:45:21,google_ads,US
CUST_008326,2025-09-29 21:22:57,meta_ads,US
CUST_008327,2024-05-08 01:48:23,direct,US
CUST_008328,2025-11-29 19:56:19,meta_ads,US
CUST_008329,2025-10-01 14:15:21,google_ads,US
CUST_008330,2025-02-21 06:10:24,direct,US
CUST_008331,2025-08-06 14:49:34,organic_search,DE
CUST_008332,2025-05-13 16:31:22,google_ads,US
CUST_008333,2025-09-14 14:13:44,direct,US
CUST_008334,2025-01-29 22:04:18,creator_network,US
CUST_008335,2025-08-09 22:35:30,meta_ads,CA
CUST_008336,2025-01-06 12:35:01,google_ads,US
CUST_008337,2025-11-22 10:13:20,meta_ads,US
CUST_008338,2025-02-26 20:11:42,meta_ads,US
CUST_008339,2025-01-03 14:46:29,creator_network,US
CUST_008340,2025-08-12 07:55:32,google_ads,US
CUST_008341,2025-09-21 11:43:57,meta_ads,US
CUST_008342,2025-04-18 02:32:19,organic_search,US
CUST_008343,2024-06-13 12:48:28,meta_ads,GB
CUST_008344,2025-02-15 09:35:45,direct,US
CUST_008345,2025-12-19 16:54:26,direct,CA
CUST_008346,2025-08-23 08:38:20,direct,US
CUST_008347,2025-09-20 22:45:26,organic_search,US
CUST_008348,2024-02-29 14:10:05,meta_ads,US
CUST_008349,2025-02-26 07:00:18,google_ads,US
CUST_008350,2025-06-16 10:59:01,meta_ads,US
CUST_008351,2025-09-14 19:05:55,meta_ads,CA
CUST_008352,2024-02-04 02:25:59,google_ads,DE
CUST_008353,2025-10-01 16:43:35,meta_ads,CA
CUST_008354,2025-03-15 20:13:19,direct,US
CUST_008355,2024-07-06 20:16:21,organic_search,CA
CUST_008356,2024-10-07 12:05:15,google_ads,GB
CUST_008357,2024-09-10 11:24:43,google_ads,US
CUST_008358,2025-03-05 17:23:17,google_ads,US
CUST_008359,2024-02-12 23:48:58,organic_search,US
CUST_008360,2024-06-12 12:28:59,creator_network,US
CUST_008361,2025-09-19 12:42:28,meta_ads,GB
CUST_008362,2024-05-19 09:43:21,google_ads,US
CUST_008363,2024-08-25 19:46:04,google_ads,US
CUST_008364,2025-01-22 15:38:58,direct,US
CUST_008365,2025-03-24 06:00:31,meta_ads,GB
CUST_008366,2025-08-05 11:45:01,meta_ads,US
CUST_008367,2025-01-13 13:39:45,organic_search,US
CUST_008368,2025-09-28 20:17:03,organic_search,US
CUST_008369,2025-05-10 13:45:56,organic_search,US
CUST_008370,2024-04-02 17:24:12,google_ads,US
CUST_008371,2024-05-23 22:34:43,creator_network,CA
CUST_008372,2025-01-24 08:06:43,google_ads,US
CUST_008373,2024-12-24 16:17:02,meta_ads,US
CUST_008374,2025-08-05 20:27:43,google_ads,GB
CUST_008375,2025-04-18 23:03:34,meta_ads,US
CUST_008376,2024-12-12 01:25:01,meta_ads,US
CUST_008377,2024-06-24 19:05:35,direct,DE
CUST_008378,2024-07-04 11:16:08,meta_ads,US
CUST_008379,2025-04-02 19:49:18,direct,US
CUST_008380,2025-01-13 03:33:25,meta_ads,US
CUST_008381,2025-03-02 14:35:52,meta_ads,US
CUST_008382,2024-06-05 02:20:17,google_ads,GB
CUST_008383,2025-06-10 07:41:50,creator_network,US
CUST_008384,2025-10-07 01:00:03,google_ads,US
CUST_008385,2024-08-23 20:32:52,organic_search,CA
CUST_008386,2025-02-05 00:29:20,meta_ads,US
CUST_008387,2025-12-13 03:54:52,direct,GB
CUST_008388,2024-10-12 19:41:20,meta_ads,US
CUST_008389,2025-04-24 04:08:36,organic_search,US
CUST_008390,2024-03-15 12:15:22,google_ads,US
CUST_008391,2025-05-04 01:09:47,organic_search,GB
CUST_008392,2024-03-03 08:45:47,creator_network,US
CUST_008393,2025-12-13 03:44:20,meta_ads,US
CUST_008394,2025-07-21 12:25:18,organic_search,US
CUST_008395,2025-08-24 00:30:38,meta_ads,US
CUST_008396,2025-07-16 17:27:29,meta_ads,US
CUST_008397,2025-04-22 11:13:02,organic_search,US
CUST_008398,2025-01-17 01:43:02,meta_ads,US
CUST_008399,2025-10-23 04:31:24,meta_ads,US
CUST_008400,2025-12-20 13:31:49,google_ads,US
CUST_008401,2025-02-05 05:47:19,organic_search,US
CUST_008402,2025-11-04 03:20:06,meta_ads,CA
CUST_008403,2025-04-09 12:34:36,google_ads,US
CUST_008404,2025-03-11 04:44:20,creator_network,US
CUST_008405,2025-01-24 05:38:43,organic_search,US
CUST_008406,2024-07-16 20:48:40,direct,CA
CUST_008407,2024-01-26 08:29:17,creator_network,US
CUST_008408,2024-08-22 02:04:12,creator_network,US
CUST_008409,2025-03-01 07:45:43,google_ads,US
CUST_008410,2024-11-30 07:12:22,meta_ads,US
CUST_008411,2025-01-15 17:16:17,creator_network,US
CUST_008412,2025-12-03 04:38:59,direct,US
CUST_008413,2024-11-11 00:13:15,creator_network,DE
CUST_008414,2025-01-28 11:36:13,meta_ads,US
CUST_008415,2024-05-19 13:22:09,google_ads,US
CUST_008416,2024-02-11 09:40:26,google_ads,US
CUST_008417,2025-08-10 07:09:56,creator_network,CA
CUST_008418,2025-04-13 08:34:32,creator_network,CA
CUST_008419,2025-08-28 21:04:51,google_ads,CA
CUST_008420,2024-05-09 08:09:24,meta_ads,DE
CUST_008421,2025-04-23 12:12:13,direct,CA
CUST_008422,2024-08-02 11:01:27,creator_network,GB
CUST_008423,2024-08-27 22:12:48,meta_ads,US
CUST_008424,2024-01-06 06:05:49,meta_ads,US
CUST_008425,2024-05-01 13:38:08,direct,US
CUST_008426,2024-10-08 12:23:23,organic_search,US
CUST_008427,2024-04-03 19:40:21,google_ads,US
CUST_008428,2025-12-29 10:38:17,meta_ads,US
CUST_008429,2024-10-06 21:51:45,meta_ads,US
CUST_008430,2024-05-26 09:21:34,meta_ads,US
CUST_008431,2024-07-13 12:20:05,google_ads,US
CUST_008432,2025-04-07 22:26:02,google_ads,US
CUST_008433,2024-03-06 01:01:59,google_ads,US
CUST_008434,2025-10-17 12:37:09,creator_network,US
CUST_008435,2025-12-17 08:33:51,meta_ads,US
CUST_008436,2024-08-20 02:48:35,meta_ads,US
CUST_008437,2025-01-20 02:46:08,meta_ads,US
CUST_008438,2024-01-26 06:18:01,meta_ads,US
CUST_008439,2025-05-30 15:27:59,meta_ads,US
CUST_008440,2024-12-06 13:42:10,google_ads,US
CUST_008441,2024-09-16 02:17:18,organic_search,CA
CUST_008442,2024-07-04 15:24:38,creator_network,US
CUST_008443,2025-06-24 14:28:11,organic_search,CA
CUST_008444,2024-12-20 14:27:08,creator_network,US
CUST_008445,2024-06-21 08:51:22,creator_network,US
CUST_008446,2025-06-01 07:25:14,meta_ads,US
CUST_008447,2025-04-16 23:38:24,direct,US
CUST_008448,2025-10-11 09:27:34,meta_ads,CA
CUST_008449,2024-04-29 01:22:00,meta_ads,US
CUST_008450,2025-08-20 04:08:12,meta_ads,CA
CUST_008451,2025-06-15 10:12:24,direct,US
CUST_008452,2024-04-23 18:15:09,direct,US
CUST_008453,2025-07-10 19:35:17,creator_network,US
CUST_008454,2025-01-30 22:08:45,google_ads,US
CUST_008455,2025-11-11 12:59:18,google_ads,US
CUST_008456,2024-05-07 16:07:16,direct,US
CUST_008457,2025-05-31 17:09:18,creator_network,US
CUST_008458,2024-12-09 01:32:33,direct,US
CUST_008459,2025-12-30 21:27:31,meta_ads,US
CUST_008460,2024-10-07 00:19:23,meta_ads,US
CUST_008461,2025-12-01 14:25:47,organic_search,US
CUST_008462,2025-11-04 03:13:54,meta_ads,CA
CUST_008463,2024-09-06 23:53:16,direct,US
CUST_008464,2025-09-20 17:35:10,google_ads,US
CUST_008465,2025-12-05 20:07:54,direct,US
CUST_008466,2024-08-14 01:03:49,meta_ads,GB
CUST_008467,2025-01-07 10:38:08,creator_network,US
CUST_008468,2025-03-09 02:31:17,google_ads,US
CUST_008469,2024-09-01 11:42:57,google_ads,US
CUST_008470,2024-01-08 23:30:22,google_ads,US
CUST_008471,2024-07-12 23:45:25,direct,CA
CUST_008472,2024-09-30 14:46:19,creator_network,DE
CUST_008473,2025-01-07 17:11:44,meta_ads,US
CUST_008474,2024-06-09 09:35:57,organic_search,CA
CUST_008475,2025-10-03 12:51:14,meta_ads,US
CUST_008476,2025-07-13 12:05:13,meta_ads,US
CUST_008477,2024-03-02 03:29:54,meta_ads,US
CUST_008478,2025-06-21 11:09:50,organic_search,US
CUST_008479,2025-06-13 15:21:36,meta_ads,US
CUST_008480,2025-12-03 08:34:01,meta_ads,US
CUST_008481,2024-01-21 12:14:52,direct,US
CUST_008482,2024-08-12 13:19:09,organic_search,CA
CUST_008483,2025-11-26 01:15:53,meta_ads,CA
CUST_008484,2025-11-18 14:08:26,creator_network,US
CUST_008485,2025-07-11 03:47:30,organic_search,CA
CUST_008486,2025-08-23 04:15:07,meta_ads,US
CUST_008487,2024-04-22 20:06:18,organic_search,US
CUST_008488,2025-03-03 13:33:00,google_ads,US
CUST_008489,2024-08-15 08:18:06,creator_network,US
CUST_008490,2024-06-11 13:39:06,google_ads,US
CUST_008491,2025-09-22 03:54:44,creator_network,US
CUST_008492,2024-05-07 19:18:58,meta_ads,US
CUST_008493,2025-02-24 01:12:33,creator_network,US
CUST_008494,2025-11-23 18:16:09,meta_ads,US
CUST_008495,2024-06-24 05:47:52,google_ads,DE
CUST_008496,2025-12-07 18:58:40,meta_ads,US
CUST_008497,2025-12-27 00:22:31,organic_search,US
CUST_008498,2025-04-18 04:36:08,meta_ads,US
CUST_008499,2024-06-09 17:18:50,google_ads,US
CUST_008500,2024-10-11 15:15:30,google_ads,US
CUST_008501,2025-01-22 22:50:33,creator_network,US
CUST_008502,2024-10-18 23:36:53,google_ads,US
CUST_008503,2024-09-20 00:55:36,creator_network,CA
CUST_008504,2025-12-23 07:24:44,meta_ads,CA
CUST_008505,2024-05-23 16:04:40,meta_ads,US
CUST_008506,2025-07-11 16:19:45,google_ads,US
CUST_008507,2024-01-27 01:52:17,direct,US
CUST_008508,2025-04-01 22:55:31,meta_ads,CA
CUST_008509,2025-11-17 00:34:12,meta_ads,DE
CUST_008510,2024-09-07 21:08:52,meta_ads,US
CUST_008511,2024-06-24 16:19:18,google_ads,CA
CUST_008512,2025-06-17 15:55:52,google_ads,US
CUST_008513,2025-07-14 15:03:17,organic_search,CA
CUST_008514,2025-06-28 15:09:39,meta_ads,US
CUST_008515,2024-10-11 10:03:19,meta_ads,US
CUST_008516,2024-08-04 07:43:50,meta_ads,US
CUST_008517,2025-12-19 00:54:31,google_ads,US
CUST_008518,2025-11-21 08:27:35,creator_network,US
CUST_008519,2025-01-01 05:37:56,meta_ads,US
CUST_008520,2025-10-09 14:10:18,direct,US
CUST_008521,2025-01-29 07:40:18,meta_ads,US
CUST_008522,2025-01-05 17:06:09,creator_network,US
CUST_008523,2024-06-27 16:53:51,google_ads,US
CUST_008524,2025-01-27 07:55:46,meta_ads,US
CUST_008525,2025-03-24 13:23:23,organic_search,US
CUST_008526,2024-01-30 15:26:25,organic_search,DE
CUST_008527,2025-01-20 22:24:59,google_ads,US
CUST_008528,2025-08-27 04:02:56,google_ads,US
CUST_008529,2025-06-17 13:14:20,meta_ads,US
CUST_008530,2025-05-26 17:30:35,creator_network,US
CUST_008531,2025-11-08 19:45:53,meta_ads,US
CUST_008532,2024-01-29 01:14:31,organic_search,US
CUST_008533,2025-04-26 13:50:38,meta_ads,US
CUST_008534,2025-08-28 05:43:54,meta_ads,US
CUST_008535,2025-03-17 21:48:25,meta_ads,US
CUST_008536,2024-10-04 03:22:11,meta_ads,CA
CUST_008537,2024-05-07 00:24:04,google_ads,US
CUST_008538,2025-10-24 07:38:24,meta_ads,US
CUST_008539,2025-02-21 05:46:11,creator_network,US
CUST_008540,2025-10-05 16:23:47,meta_ads,US
CUST_008541,2025-04-08 21:52:27,creator_network,US
CUST_008542,2025-06-18 14:50:05,google_ads,DE
CUST_008543,2025-09-24 04:51:20,direct,GB
CUST_008544,2025-06-25 16:56:58,direct,US
CUST_008545,2024-12-29 03:37:27,organic_search,US
CUST_008546,2025-03-04 04:28:02,creator_network,CA
CUST_008547,2025-09-26 10:32:38,google_ads,US
CUST_008548,2024-11-12 13:12:28,creator_network,DE
CUST_008549,2024-12-13 21:27:27,direct,US
CUST_008550,2024-04-02 05:14:12,meta_ads,US
CUST_008551,2025-11-18 05:40:21,google_ads,US
CUST_008552,2024-04-10 14:06:56,meta_ads,CA
CUST_008553,2025-06-10 10:35:48,google_ads,US
CUST_008554,2024-12-19 19:57:08,google_ads,US
CUST_008555,2024-12-29 21:30:13,google_ads,US
CUST_008556,2025-06-16 06:47:14,google_ads,US
CUST_008557,2024-03-27 10:40:48,direct,US
CUST_008558,2025-04-11 11:33:55,google_ads,GB
CUST_008559,2025-08-06 15:47:18,organic_search,CA
CUST_008560,2025-09-08 23:20:55,meta_ads,US
CUST_008561,2024-06-17 15:03:07,google_ads,CA
CUST_008562,2025-11-26 09:17:04,google_ads,CA
CUST_008563,2025-06-12 20:43:48,meta_ads,US
CUST_008564,2025-10-16 23:41:29,meta_ads,US
CUST_008565,2025-02-24 14:21:27,google_ads,US
CUST_008566,2025-03-20 12:05:43,google_ads,CA
CUST_008567,2025-11-24 13:50:01,google_ads,US
CUST_008568,2025-11-18 16:44:25,meta_ads,US
CUST_008569,2025-01-01 17:03:42,meta_ads,US
CUST_008570,2024-09-16 00:31:34,google_ads,DE
CUST_008571,2024-12-09 03:40:25,meta_ads,US
CUST_008572,2024-12-25 07:48:45,meta_ads,US
CUST_008573,2024-09-08 17:37:28,meta_ads,US
CUST_008574,2024-09-18 09:16:10,meta_ads,US
CUST_008575,2025-10-03 08:58:09,meta_ads,US
CUST_008576,2024-03-17 13:15:59,meta_ads,CA
CUST_008577,2025-06-13 05:43:38,meta_ads,DE
CUST_008578,2024-06-17 13:57:16,creator_network,DE
CUST_008579,2024-11-24 19:11:22,meta_ads,CA
CUST_008580,2024-03-26 09:28:38,google_ads,US
CUST_008581,2024-09-29 22:57:43,organic_search,US
CUST_008582,2025-08-20 12:02:04,creator_network,CA
CUST_008583,2025-10-04 17:12:58,meta_ads,US
CUST_008584,2024-07-29 10:53:29,direct,US
CUST_008585,2025-01-26 08:53:59,meta_ads,CA
CUST_008586,2025-02-12 06:04:37,meta_ads,US
CUST_008587,2025-10-23 09:16:18,direct,US
CUST_008588,2025-08-06 09:05:31,organic_search,US
CUST_008589,2025-03-27 09:48:49,google_ads,GB
CUST_008590,2025-06-29 12:00:33,creator_network,US
CUST_008591,2025-10-10 13:43:37,creator_network,CA
CUST_008592,2024-01-04 07:46:07,meta_ads,CA
CUST_008593,2024-12-09 21:11:43,meta_ads,US
CUST_008594,2025-11-14 16:10:33,google_ads,GB
CUST_008595,2025-08-03 05:47:40,organic_search,US
CUST_008596,2025-03-26 21:54:12,meta_ads,US
CUST_008597,2025-03-19 00:53:33,creator_network,DE
CUST_008598,2024-11-18 18:54:13,meta_ads,US
CUST_008599,2025-03-09 04:08:26,google_ads,US
CUST_008600,2025-06-03 05:37:07,google_ads,US
CUST_008601,2024-12-15 18:12:57,creator_network,US
CUST_008602,2025-07-09 16:26:07,meta_ads,US
CUST_008603,2025-10-05 18:37:29,google_ads,CA
CUST_008604,2024-05-24 02:37:52,google_ads,US
CUST_008605,2025-01-21 11:26:19,meta_ads,US
CUST_008606,2024-12-17 06:33:30,meta_ads,DE
CUST_008607,2025-06-02 18:00:35,creator_network,US
CUST_008608,2024-08-14 22:52:53,google_ads,US
CUST_008609,2025-05-17 16:41:06,meta_ads,US
CUST_008610,2025-10-17 12:27:15,google_ads,US
CUST_008611,2024-12-17 00:56:26,organic_search,US
CUST_008612,2025-11-22 05:14:12,meta_ads,CA
CUST_008613,2025-12-12 14:17:47,google_ads,US
CUST_008614,2024-04-24 13:51:30,meta_ads,US
CUST_008615,2024-08-01 15:49:08,meta_ads,US
CUST_008616,2025-12-14 02:11:55,meta_ads,US
CUST_008617,2025-12-03 18:26:50,google_ads,GB
CUST_008618,2024-04-15 10:45:55,organic_search,US
CUST_008619,2024-01-22 19:52:30,meta_ads,US
CUST_008620,2024-06-02 09:57:18,google_ads,US
CUST_008621,2025-12-15 17:35:19,google_ads,GB
CUST_008622,2024-06-13 16:52:19,meta_ads,US
CUST_008623,2025-02-04 02:11:45,google_ads,US
CUST_008624,2025-10-08 14:01:12,creator_network,US
CUST_008625,2024-01-01 14:27:40,organic_search,US
CUST_008626,2025-05-27 21:11:37,organic_search,CA
CUST_008627,2024-09-30 12:17:39,meta_ads,GB
CUST_008628,2025-10-01 09:04:38,creator_network,US
CUST_008629,2024-09-18 23:29:25,meta_ads,DE
CUST_008630,2025-06-14 11:55:12,creator_network,CA
CUST_008631,2025-06-06 05:55:02,direct,GB
CUST_008632,2024-07-22 15:32:15,meta_ads,US
CUST_008633,2024-02-02 07:52:04,google_ads,US
CUST_008634,2024-12-21 07:34:36,google_ads,US
CUST_008635,2024-09-29 04:38:07,creator_network,US
CUST_008636,2025-09-13 19:55:01,meta_ads,CA
CUST_008637,2025-09-28 17:45:15,direct,US
CUST_008638,2025-01-14 22:28:01,google_ads,US
CUST_008639,2025-05-28 05:54:58,meta_ads,US
CUST_008640,2025-05-02 13:08:39,meta_ads,US
CUST_008641,2025-09-19 18:07:14,creator_network,US
CUST_008642,2025-01-03 04:55:26,meta_ads,CA
CUST_008643,2024-09-21 08:40:34,meta_ads,CA
CUST_008644,2024-09-29 00:06:14,google_ads,US
CUST_008645,2025-03-17 07:04:59,google_ads,US
CUST_008646,2025-01-10 22:22:12,creator_network,US
CUST_008647,2025-01-04 04:07:49,google_ads,US
CUST_008648,2024-04-12 12:28:58,creator_network,US
CUST_008649,2025-07-29 00:39:24,direct,US
CUST_008650,2024-07-20 02:10:21,meta_ads,US
CUST_008651,2024-07-14 23:00:43,creator_network,US
CUST_008652,2024-12-19 12:47:08,direct,US
CUST_008653,2024-08-22 17:57:53,creator_network,CA
CUST_008654,2025-04-25 09:43:46,creator_network,US
CUST_008655,2024-11-06 20:50:52,meta_ads,CA
CUST_008656,2025-01-26 08:39:41,google_ads,US
CUST_008657,2025-03-16 10:34:36,google_ads,US
CUST_008658,2024-07-13 10:30:44,creator_network,US
CUST_008659,2024-05-05 16:38:28,direct,US
CUST_008660,2025-10-01 03:08:05,meta_ads,US
CUST_008661,2025-01-14 06:38:21,meta_ads,US
CUST_008662,2024-12-05 02:34:22,meta_ads,US
CUST_008663,2024-02-17 10:14:26,creator_network,US
CUST_008664,2025-02-04 14:26:50,meta_ads,US
CUST_008665,2025-04-14 02:40:33,google_ads,US
CUST_008666,2025-04-10 11:14:34,meta_ads,DE
CUST_008667,2025-07-19 18:26:11,google_ads,US
CUST_008668,2024-06-12 21:07:36,meta_ads,US
CUST_008669,2024-08-17 06:56:15,organic_search,US
CUST_008670,2025-09-09 07:19:07,google_ads,US
CUST_008671,2025-12-14 08:03:23,direct,US
CUST_008672,2024-05-21 20:03:59,google_ads,US
CUST_008673,2025-02-03 19:23:01,meta_ads,US
CUST_008674,2024-07-08 13:17:54,meta_ads,GB
CUST_008675,2024-03-06 23:51:41,direct,US
CUST_008676,2024-10-18 05:51:52,creator_network,DE
CUST_008677,2024-05-29 05:07:14,meta_ads,US
CUST_008678,2025-07-09 02:39:20,creator_network,US
CUST_008679,2025-03-11 15:16:56,google_ads,US
CUST_008680,2024-05-22 06:00:26,meta_ads,US
CUST_008681,2024-01-04 17:46:08,meta_ads,GB
CUST_008682,2025-09-12 12:54:24,organic_search,GB
CUST_008683,2024-06-22 03:54:07,meta_ads,US
CUST_008684,2025-05-23 23:47:44,meta_ads,US
CUST_008685,2024-10-22 11:04:29,meta_ads,US
CUST_008686,2025-04-26 00:29:34,meta_ads,US
CUST_008687,2024-10-16 10:13:51,google_ads,CA
CUST_008688,2024-03-29 08:01:50,meta_ads,US
CUST_008689,2024-07-25 01:00:03,meta_ads,US
CUST_008690,2024-06-22 08:13:20,direct,CA
CUST_008691,2025-01-28 10:58:30,meta_ads,DE
CUST_008692,2025-06-20 18:37:39,meta_ads,CA
CUST_008693,2024-09-09 19:36:30,google_ads,GB
CUST_008694,2024-01-30 19:13:48,google_ads,DE
CUST_008695,2025-03-26 06:38:40,organic_search,US
CUST_008696,2025-05-04 22:24:08,meta_ads,CA
CUST_008697,2025-12-11 02:42:46,organic_search,US
CUST_008698,2025-04-18 07:24:35,creator_network,US
CUST_008699,2025-02-05 22:55:11,creator_network,US
CUST_008700,2025-04-17 06:56:24,meta_ads,US
CUST_008701,2025-11-21 17:49:36,meta_ads,CA
CUST_008702,2025-09-01 18:38:40,google_ads,US
CUST_008703,2024-10-07 03:20:30,organic_search,US
CUST_008704,2024-08-15 23:52:46,google_ads,US
CUST_008705,2024-08-08 23:03:55,meta_ads,US
CUST_008706,2025-02-27 00:36:33,meta_ads,US
CUST_008707,2025-08-23 16:00:07,creator_network,US
CUST_008708,2025-02-27 05:30:02,creator_network,US
CUST_008709,2024-03-26 17:57:06,meta_ads,US
CUST_008710,2025-07-02 12:02:49,meta_ads,CA
CUST_008711,2025-09-26 03:51:29,google_ads,US
CUST_008712,2024-09-01 21:16:58,google_ads,US
CUST_008713,2025-06-14 02:16:44,creator_network,CA
CUST_008714,2025-01-27 10:06:11,organic_search,US
CUST_008715,2025-10-24 02:10:14,google_ads,DE
CUST_008716,2025-10-08 21:05:56,meta_ads,US
CUST_008717,2025-03-25 23:21:13,creator_network,US
CUST_008718,2025-07-20 09:16:15,direct,US
CUST_008719,2025-10-08 07:59:54,organic_search,US
CUST_008720,2025-02-12 09:18:54,organic_search,US
CUST_008721,2024-10-21 13:15:00,meta_ads,US
CUST_008722,2025-08-17 11:13:10,creator_network,US
CUST_008723,2024-07-22 09:12:41,organic_search,GB
CUST_008724,2024-12-22 20:27:55,creator_network,US
CUST_008725,2025-10-21 14:41:42,meta_ads,CA
CUST_008726,2025-07-11 03:30:29,direct,DE
CUST_008727,2024-12-06 19:01:01,google_ads,US
CUST_008728,2024-07-20 18:03:49,meta_ads,US
CUST_008729,2024-11-05 22:18:44,meta_ads,DE
CUST_008730,2024-09-27 02:45:42,google_ads,US
CUST_008731,2024-06-02 02:25:28,google_ads,US
CUST_008732,2025-08-28 23:27:50,meta_ads,US
CUST_008733,2024-08-24 12:12:35,creator_network,GB
CUST_008734,2025-01-09 20:22:06,creator_network,US
CUST_008735,2024-12-28 13:26:22,creator_network,US
CUST_008736,2025-12-25 00:48:19,meta_ads,US
CUST_008737,2024-12-29 16:41:39,creator_network,DE
CUST_008738,2024-03-06 10:42:09,meta_ads,US
CUST_008739,2024-03-28 15:27:07,meta_ads,US
CUST_008740,2025-04-15 18:39:45,google_ads,US
CUST_008741,2025-05-21 08:41:03,organic_search,US
CUST_008742,2024-12-17 02:05:42,google_ads,US
CUST_008743,2025-01-31 10:15:41,meta_ads,US
CUST_008744,2024-02-02 12:51:00,meta_ads,US
CUST_008745,2025-03-24 08:42:23,google_ads,US
CUST_008746,2025-02-20 12:08:41,direct,US
CUST_008747,2024-05-01 21:50:46,direct,US
CUST_008748,2024-04-19 18:12:20,meta_ads,US
CUST_008749,2024-05-08 08:08:52,meta_ads,US
CUST_008750,2024-04-29 20:54:54,meta_ads,US
CUST_008751,2025-05-27 19:49:25,creator_network,CA
CUST_008752,2024-07-09 19:08:28,meta_ads,US
CUST_008753,2024-08-30 11:07:01,meta_ads,DE
CUST_008754,2024-06-01 08:12:21,google_ads,US
CUST_008755,2025-12-17 23:02:26,meta_ads,US
CUST_008756,2025-10-26 17:33:48,meta_ads,US
CUST_008757,2024-08-15 10:40:37,meta_ads,US
CUST_008758,2024-10-22 17:12:41,meta_ads,US
CUST_008759,2024-07-18 03:22:34,google_ads,US
CUST_008760,2025-02-10 08:05:07,direct,DE
CUST_008761,2024-01-30 14:59:05,meta_ads,US
CUST_008762,2025-06-05 21:58:16,meta_ads,DE
CUST_008763,2025-03-20 00:34:44,direct,US
CUST_008764,2025-11-18 01:02:02,organic_search,US
CUST_008765,2024-06-22 08:58:27,google_ads,US
CUST_008766,2025-09-26 12:03:39,creator_network,DE
CUST_008767,2025-09-06 13:55:10,meta_ads,US
CUST_008768,2024-05-23 22:05:07,creator_network,US
CUST_008769,2024-12-19 14:16:09,direct,US
CUST_008770,2024-06-04 15:44:05,google_ads,CA
CUST_008771,2024-08-29 21:39:40,google_ads,US
CUST_008772,2024-08-02 08:52:27,meta_ads,DE
CUST_008773,2025-04-13 17:18:40,google_ads,GB
CUST_008774,2024-12-13 04:17:55,google_ads,US
CUST_008775,2025-12-04 01:18:28,creator_network,US
CUST_008776,2024-05-25 12:20:52,meta_ads,DE
CUST_008777,2025-12-13 02:35:18,google_ads,US
CUST_008778,2024-08-28 01:02:08,google_ads,US
CUST_008779,2025-08-01 13:28:04,meta_ads,DE
CUST_008780,2024-10-04 19:27:37,meta_ads,US
CUST_008781,2024-05-01 13:44:54,meta_ads,US
CUST_008782,2025-10-20 14:51:09,creator_network,US
CUST_008783,2024-10-27 22:36:40,google_ads,US
CUST_008784,2025-06-06 17:27:32,organic_search,US
CUST_008785,2025-04-07 07:01:53,meta_ads,US
CUST_008786,2025-02-03 15:18:21,organic_search,US
CUST_008787,2025-02-16 23:30:03,creator_network,GB
CUST_008788,2025-07-12 21:17:47,google_ads,CA
CUST_008789,2024-03-24 15:44:15,meta_ads,US
CUST_008790,2025-06-13 14:12:11,meta_ads,CA
CUST_008791,2025-11-09 02:54:26,direct,US
CUST_008792,2024-02-20 19:09:29,meta_ads,US
CUST_008793,2024-05-20 23:19:49,meta_ads,US
CUST_008794,2025-07-16 22:01:54,meta_ads,US
CUST_008795,2025-01-23 07:38:31,organic_search,US
CUST_008796,2024-12-18 11:56:12,meta_ads,US
CUST_008797,2024-05-13 19:06:06,meta_ads,US
CUST_008798,2025-02-21 11:23:24,google_ads,US
CUST_008799,2024-05-12 01:19:37,google_ads,US
CUST_008800,2025-02-06 07:45:27,google_ads,GB
CUST_008801,2025-08-01 16:56:37,google_ads,US
CUST_008802,2024-08-23 03:25:04,organic_search,GB
CUST_008803,2025-02-20 07:18:35,organic_search,GB
CUST_008804,2025-12-18 07:39:01,creator_network,US
CUST_008805,2025-06-01 11:55:46,meta_ads,CA
CUST_008806,2025-10-17 19:21:15,creator_network,CA
CUST_008807,2024-12-31 21:51:38,meta_ads,GB
CUST_008808,2025-08-29 22:26:06,meta_ads,US
CUST_008809,2024-02-22 07:50:20,direct,DE
CUST_008810,2024-04-17 13:01:35,organic_search,CA
CUST_008811,2024-07-15 20:18:40,google_ads,US
CUST_008812,2024-12-26 21:24:13,organic_search,US
CUST_008813,2025-10-05 13:36:29,direct,US
CUST_008814,2024-11-19 06:22:54,google_ads,US
CUST_008815,2025-06-07 13:42:31,google_ads,US
CUST_008816,2025-07-28 19:14:54,creator_network,GB
CUST_008817,2025-04-21 08:53:47,meta_ads,DE
CUST_008818,2024-11-19 12:58:27,meta_ads,DE
CUST_008819,2025-04-14 01:49:11,creator_network,US
CUST_008820,2024-11-13 14:56:08,meta_ads,US
CUST_008821,2024-03-24 15:23:10,meta_ads,US
CUST_008822,2025-12-08 01:58:33,meta_ads,CA
CUST_008823,2024-05-03 13:48:04,meta_ads,US
CUST_008824,2024-03-09 05:13:36,direct,US
CUST_008825,2025-10-04 01:32:05,creator_network,GB
CUST_008826,2024-10-13 17:49:03,google_ads,CA
CUST_008827,2025-06-03 19:10:16,direct,US
CUST_008828,2024-10-03 11:26:11,organic_search,US
CUST_008829,2024-12-01 18:09:29,google_ads,US
CUST_008830,2024-08-16 15:19:15,organic_search,US
CUST_008831,2024-11-22 21:47:08,google_ads,US
CUST_008832,2024-12-08 11:14:52,meta_ads,US
CUST_008833,2025-07-29 01:14:43,meta_ads,GB
CUST_008834,2025-03-25 23:11:27,creator_network,CA
CUST_008835,2025-11-11 00:32:55,google_ads,US
CUST_008836,2024-02-23 13:09:55,creator_network,US
CUST_008837,2025-02-06 15:59:40,creator_network,CA
CUST_008838,2025-04-25 12:34:06,meta_ads,US
CUST_008839,2025-11-26 11:13:59,meta_ads,US
CUST_008840,2024-02-17 13:02:50,google_ads,GB
CUST_008841,2025-04-30 04:44:01,meta_ads,US
CUST_008842,2025-10-04 18:24:53,google_ads,US
CUST_008843,2024-08-23 03:57:51,google_ads,US
CUST_008844,2025-10-15 16:36:31,google_ads,US
CUST_008845,2024-01-08 12:23:55,meta_ads,US
CUST_008846,2025-07-06 08:24:59,google_ads,US
CUST_008847,2025-11-19 20:25:02,organic_search,US
CUST_008848,2025-06-15 04:44:02,direct,US
CUST_008849,2025-01-25 15:05:02,organic_search,DE
CUST_008850,2024-02-26 22:20:31,google_ads,GB
CUST_008851,2025-11-25 20:40:21,meta_ads,US
CUST_008852,2025-02-25 08:04:19,creator_network,US
CUST_008853,2024-01-02 12:58:23,direct,US
CUST_008854,2025-06-26 17:37:07,meta_ads,US
CUST_008855,2025-02-23 08:06:48,meta_ads,US
CUST_008856,2024-05-08 12:56:34,meta_ads,GB
CUST_008857,2024-07-01 22:51:27,creator_network,US
CUST_008858,2024-03-03 04:38:57,google_ads,US
CUST_008859,2025-04-04 23:07:38,meta_ads,US
CUST_008860,2025-05-22 11:22:03,organic_search,US
CUST_008861,2025-02-15 02:06:47,google_ads,US
CUST_008862,2025-09-02 19:41:43,meta_ads,US
CUST_008863,2025-10-13 10:26:51,meta_ads,CA
CUST_008864,2025-05-20 00:44:28,meta_ads,US
CUST_008865,2024-01-16 01:09:26,google_ads,US
CUST_008866,2025-07-30 00:44:01,meta_ads,US
CUST_008867,2024-12-03 02:29:22,google_ads,US
CUST_008868,2025-04-11 02:07:18,creator_network,US
CUST_008869,2025-06-26 23:39:17,creator_network,US
CUST_008870,2024-11-06 01:48:27,meta_ads,GB
CUST_008871,2025-11-06 13:12:52,google_ads,GB
CUST_008872,2024-05-28 19:20:50,organic_search,US
CUST_008873,2025-06-27 22:10:59,meta_ads,US
CUST_008874,2024-01-31 14:00:22,meta_ads,US
CUST_008875,2025-11-14 05:40:03,google_ads,US
CUST_008876,2024-04-23 02:48:11,google_ads,CA
CUST_008877,2024-04-24 20:36:08,meta_ads,US
CUST_008878,2024-10-24 01:03:21,creator_network,CA
CUST_008879,2024-11-16 09:18:16,google_ads,US
CUST_008880,2024-07-20 15:32:12,direct,US
CUST_008881,2025-04-12 14:18:48,meta_ads,US
CUST_008882,2025-01-08 15:29:34,creator_network,US
CUST_008883,2024-02-07 15:38:32,meta_ads,US
CUST_008884,2024-10-25 14:42:40,google_ads,GB
CUST_008885,2025-09-22 20:57:02,google_ads,CA
CUST_008886,2025-06-10 10:41:05,google_ads,US
CUST_008887,2025-07-04 18:44:37,organic_search,GB
CUST_008888,2025-07-28 13:55:13,meta_ads,US
CUST_008889,2024-10-31 07:57:10,google_ads,US
CUST_008890,2024-04-19 10:47:06,meta_ads,US
CUST_008891,2024-09-25 10:10:06,creator_network,DE
CUST_008892,2025-09-12 16:49:27,meta_ads,US
CUST_008893,2025-12-16 10:00:22,organic_search,US
CUST_008894,2025-02-12 11:30:59,organic_search,US
CUST_008895,2024-01-09 08:55:05,organic_search,US
CUST_008896,2024-05-08 12:23:08,meta_ads,US
CUST_008897,2024-10-28 09:36:16,google_ads,US
CUST_008898,2025-04-16 20:46:16,meta_ads,DE
CUST_008899,2024-03-19 10:23:56,organic_search,CA
CUST_008900,2025-11-25 13:50:27,creator_network,GB
CUST_008901,2024-11-15 18:49:35,google_ads,US
CUST_008902,2025-11-28 04:40:12,creator_network,US
CUST_008903,2025-08-13 04:01:24,meta_ads,US
CUST_008904,2025-08-04 07:07:14,google_ads,GB
CUST_008905,2025-05-04 16:50:48,meta_ads,US
CUST_008906,2025-05-13 07:19:17,direct,US
CUST_008907,2025-05-09 08:10:45,organic_search,US
CUST_008908,2025-05-03 04:22:25,creator_network,US
CUST_008909,2025-04-29 19:37:01,direct,US
CUST_008910,2025-12-18 07:15:25,meta_ads,US
CUST_008911,2025-07-13 21:48:02,organic_search,GB
CUST_008912,2025-08-09 17:32:03,meta_ads,US
CUST_008913,2025-10-04 07:36:52,creator_network,US
CUST_008914,2024-07-09 07:30:06,creator_network,US
CUST_008915,2024-03-10 22:21:09,meta_ads,US
CUST_008916,2025-02-18 19:53:37,meta_ads,CA
CUST_008917,2025-03-25 12:00:29,meta_ads,US
CUST_008918,2025-09-28 19:41:10,direct,US
CUST_008919,2025-01-10 02:26:07,meta_ads,US
CUST_008920,2025-04-05 01:31:21,google_ads,US
CUST_008921,2025-03-07 19:13:04,creator_network,US
CUST_008922,2024-02-22 06:32:16,meta_ads,US
CUST_008923,2025-05-07 19:44:07,google_ads,US
CUST_008924,2025-09-12 23:23:37,google_ads,US
CUST_008925,2024-06-17 12:21:44,meta_ads,CA
CUST_008926,2025-04-15 04:04:36,creator_network,US
CUST_008927,2025-04-25 03:33:57,meta_ads,CA
CUST_008928,2024-06-16 20:07:28,meta_ads,US
CUST_008929,2024-05-05 19:25:32,google_ads,US
CUST_008930,2025-12-02 06:47:58,google_ads,US
CUST_008931,2024-12-12 20:46:14,direct,CA
CUST_008932,2024-08-02 09:29:46,organic_search,US
CUST_008933,2024-06-09 20:29:16,google_ads,CA
CUST_008934,2025-06-19 13:49:52,meta_ads,DE
CUST_008935,2025-05-02 08:16:13,meta_ads,GB
CUST_008936,2025-05-08 17:05:20,meta_ads,US
CUST_008937,2024-03-17 21:35:59,google_ads,US
CUST_008938,2025-11-17 02:00:05,organic_search,CA
CUST_008939,2024-12-11 16:30:31,meta_ads,US
CUST_008940,2024-10-07 15:36:23,meta_ads,US
CUST_008941,2025-01-26 02:29:49,google_ads,US
CUST_008942,2024-12-12 06:05:51,meta_ads,US
CUST_008943,2025-10-02 15:41:11,creator_network,US
CUST_008944,2025-11-28 20:34:11,google_ads,GB
CUST_008945,2024-10-27 14:23:39,google_ads,US
CUST_008946,2025-10-05 02:45:03,meta_ads,US
CUST_008947,2025-08-15 10:00:29,organic_search,US
CUST_008948,2025-11-17 06:29:46,meta_ads,US
CUST_008949,2024-08-16 23:16:38,organic_search,US
CUST_008950,2025-04-20 10:33:26,meta_ads,US
CUST_008951,2024-09-18 19:37:48,organic_search,US
CUST_008952,2025-09-30 23:24:26,creator_network,US
CUST_008953,2024-01-24 04:27:29,meta_ads,US
CUST_008954,2025-04-16 00:48:35,organic_search,DE
CUST_008955,2024-10-02 23:41:04,creator_network,US
CUST_008956,2024-10-06 05:32:13,meta_ads,US
CUST_008957,2025-06-06 04:56:57,meta_ads,US
CUST_008958,2025-10-17 11:47:42,google_ads,US
CUST_008959,2025-05-24 15:22:10,creator_network,US
CUST_008960,2025-10-21 06:52:39,creator_network,GB
CUST_008961,2024-09-27 14:00:39,creator_network,GB
CUST_008962,2025-03-09 02:09:53,creator_network,US
CUST_008963,2025-01-07 11:15:41,creator_network,US
CUST_008964,2024-01-04 05:22:27,google_ads,US
CUST_008965,2025-04-29 06:06:23,meta_ads,US
CUST_008966,2025-06-19 18:45:08,organic_search,US
CUST_008967,2025-04-11 16:51:57,meta_ads,US
CUST_008968,2025-07-20 21:35:00,meta_ads,US
CUST_008969,2025-04-22 08:36:58,creator_network,GB
CUST_008970,2024-03-12 00:11:23,google_ads,US
CUST_008971,2024-04-30 14:11:44,meta_ads,US
CUST_008972,2025-04-05 20:49:48,meta_ads,US
CUST_008973,2024-09-03 14:51:43,google_ads,US
CUST_008974,2024-03-04 20:32:41,direct,US
CUST_008975,2025-01-13 21:23:30,google_ads,US
CUST_008976,2025-04-15 12:34:44,google_ads,US
CUST_008977,2024-10-13 20:33:12,meta_ads,US
CUST_008978,2025-07-09 23:46:07,meta_ads,US
CUST_008979,2025-06-27 22:18:36,meta_ads,GB
CUST_008980,2024-10-06 06:55:24,meta_ads,CA
CUST_008981,2025-08-11 12:42:21,google_ads,US
CUST_008982,2025-06-07 08:50:07,meta_ads,US
CUST_008983,2025-05-12 07:06:45,meta_ads,US
CUST_008984,2025-04-05 04:39:59,creator_network,US
CUST_008985,2024-01-03 04:13:50,organic_search,US
CUST_008986,2025-07-19 05:47:55,direct,US
CUST_008987,2024-11-10 01:14:03,google_ads,US
CUST_008988,2025-11-12 01:09:30,meta_ads,US
CUST_008989,2025-09-19 09:06:45,creator_network,US
CUST_008990,2025-04-01 01:20:06,meta_ads,US
CUST_008991,2024-08-23 04:37:42,creator_network,US
CUST_008992,2024-07-17 05:47:28,creator_network,US
CUST_008993,2024-10-13 01:40:42,creator_network,US
CUST_008994,2025-02-03 18:34:24,direct,US
CUST_008995,2024-09-30 16:28:43,creator_network,US
CUST_008996,2025-03-27 15:42:20,creator_network,US
CUST_008997,2024-06-25 15:44:41,meta_ads,CA
CUST_008998,2025-12-19 17:47:28,direct,US
CUST_008999,2024-04-18 10:59:10,meta_ads,US
CUST_009000,2025-11-11 02:11:54,organic_search,US
CUST_009001,2025-11-14 20:14:37,meta_ads,US
CUST_009002,2025-03-21 08:08:05,meta_ads,US
CUST_009003,2025-07-11 15:59:48,organic_search,US
CUST_009004,2025-01-27 18:26:45,meta_ads,US
CUST_009005,2025-05-09 23:53:49,organic_search,US
CUST_009006,2024-10-31 18:23:41,meta_ads,US
CUST_009007,2024-09-14 14:12:06,organic_search,US
CUST_009008,2025-04-20 20:51:52,creator_network,CA
CUST_009009,2025-02-06 08:42:20,creator_network,DE
CUST_009010,2025-04-23 07:54:53,meta_ads,CA
CUST_009011,2024-09-11 16:55:14,meta_ads,US
CUST_009012,2024-11-17 08:37:19,organic_search,US
CUST_009013,2024-03-08 21:27:21,meta_ads,US
CUST_009014,2024-02-25 22:57:40,meta_ads,GB
CUST_009015,2024-08-31 01:44:15,google_ads,GB
CUST_009016,2024-03-28 07:04:09,google_ads,US
CUST_009017,2024-04-30 20:11:03,meta_ads,US
CUST_009018,2025-09-03 14:58:16,meta_ads,US
CUST_009019,2024-02-08 04:56:03,meta_ads,US
CUST_009020,2025-06-07 01:12:27,organic_search,CA
CUST_009021,2024-09-23 22:55:24,meta_ads,US
CUST_009022,2025-10-24 13:07:25,direct,US
CUST_009023,2025-02-16 15:21:55,meta_ads,US
CUST_009024,2024-10-09 10:59:07,meta_ads,US
CUST_009025,2025-03-09 18:50:12,google_ads,CA
CUST_009026,2024-12-05 23:19:56,meta_ads,US
CUST_009027,2025-04-05 02:22:47,google_ads,US
CUST_009028,2024-04-23 16:54:15,organic_search,US
CUST_009029,2025-12-09 15:24:55,meta_ads,US
CUST_009030,2025-01-08 20:13:48,creator_network,CA
CUST_009031,2024-11-22 05:08:01,google_ads,US
CUST_009032,2025-07-27 07:23:10,meta_ads,CA
CUST_009033,2024-11-14 07:46:14,meta_ads,US
CUST_009034,2025-09-15 00:43:05,organic_search,US
CUST_009035,2025-01-31 11:23:00,meta_ads,US
CUST_009036,2025-07-16 19:20:40,organic_search,US
CUST_009037,2024-04-20 07:32:02,google_ads,US
CUST_009038,2025-10-09 12:05:25,meta_ads,US
CUST_009039,2025-07-05 10:35:16,google_ads,CA
CUST_009040,2024-07-26 07:36:32,organic_search,US
CUST_009041,2024-05-22 00:30:29,creator_network,US
CUST_009042,2024-10-28 01:44:36,google_ads,US
CUST_009043,2025-12-31 11:15:31,organic_search,US
CUST_009044,2024-08-29 16:44:28,meta_ads,US
CUST_009045,2025-01-29 14:05:22,organic_search,CA
CUST_009046,2024-02-29 01:51:47,organic_search,US
CUST_009047,2024-12-14 21:42:12,creator_network,US
CUST_009048,2025-04-13 05:15:58,organic_search,US
CUST_009049,2025-12-08 04:12:30,google_ads,US
CUST_009050,2025-03-11 03:57:51,creator_network,CA
CUST_009051,2025-09-21 12:14:27,google_ads,US
CUST_009052,2025-03-12 18:57:04,meta_ads,DE
CUST_009053,2024-02-18 02:31:02,google_ads,US
CUST_009054,2024-10-02 15:37:29,meta_ads,GB
CUST_009055,2025-04-06 10:23:59,google_ads,US
CUST_009056,2025-12-28 18:26:23,meta_ads,US
CUST_009057,2025-10-18 05:22:57,meta_ads,US
CUST_009058,2024-08-10 10:22:19,meta_ads,US
CUST_009059,2024-07-09 02:40:29,organic_search,US
CUST_009060,2024-07-24 05:25:38,google_ads,US
CUST_009061,2025-11-11 23:59:21,creator_network,US
CUST_009062,2025-10-15 13:18:31,meta_ads,GB
CUST_009063,2025-08-22 17:21:36,google_ads,US
CUST_009064,2024-12-13 08:14:20,meta_ads,US
CUST_009065,2025-02-16 15:38:53,meta_ads,GB
CUST_009066,2025-02-14 14:22:34,google_ads,CA
CUST_009067,2024-08-26 23:09:57,google_ads,US
CUST_009068,2025-02-27 18:42:03,meta_ads,US
CUST_009069,2024-02-23 23:34:26,google_ads,US
CUST_009070,2024-05-01 06:19:15,organic_search,US
CUST_009071,2025-10-13 08:02:45,meta_ads,US
CUST_009072,2025-08-06 12:50:22,meta_ads,US
CUST_009073,2025-01-14 19:11:31,creator_network,US
CUST_009074,2025-03-08 03:16:58,meta_ads,US
CUST_009075,2024-11-21 19:39:35,direct,US
CUST_009076,2025-08-27 16:07:46,google_ads,CA
CUST_009077,2025-08-23 04:16:09,google_ads,US
CUST_009078,2025-08-05 12:55:47,google_ads,US
CUST_009079,2025-07-05 08:59:27,google_ads,US
CUST_009080,2024-07-23 15:53:20,meta_ads,CA
CUST_009081,2024-10-01 19:26:39,direct,US
CUST_009082,2025-02-24 09:01:49,google_ads,US
CUST_009083,2024-10-31 12:44:15,meta_ads,US
CUST_009084,2025-08-11 07:10:29,google_ads,US
CUST_009085,2024-10-04 15:12:18,meta_ads,US
CUST_009086,2024-05-29 03:07:39,meta_ads,CA
CUST_009087,2024-12-13 08:26:20,google_ads,GB
CUST_009088,2025-12-28 06:49:09,google_ads,US
CUST_009089,2024-07-17 05:20:28,google_ads,US
CUST_009090,2025-05-30 18:13:45,meta_ads,CA
CUST_009091,2025-01-13 08:22:17,google_ads,US
CUST_009092,2024-03-18 08:21:20,meta_ads,US
CUST_009093,2025-02-22 21:58:16,google_ads,US
CUST_009094,2025-07-10 09:04:48,google_ads,US
CUST_009095,2025-03-12 04:12:43,creator_network,US
CUST_009096,2025-10-06 10:33:56,organic_search,US
CUST_009097,2024-09-06 06:47:24,organic_search,CA
CUST_009098,2024-03-08 06:36:20,direct,US
CUST_009099,2025-11-02 21:31:28,direct,US
CUST_009100,2024-11-29 23:45:12,creator_network,CA
CUST_009101,2025-04-08 06:52:38,direct,US
CUST_009102,2025-09-17 11:49:42,organic_search,US
CUST_009103,2024-10-22 02:45:34,creator_network,US
CUST_009104,2025-07-13 04:50:20,meta_ads,US
CUST_009105,2024-05-21 16:45:55,meta_ads,US
CUST_009106,2024-09-15 18:24:20,organic_search,US
CUST_009107,2024-05-21 14:59:42,google_ads,CA
CUST_009108,2025-09-17 14:40:52,organic_search,GB
CUST_009109,2024-07-12 15:59:07,meta_ads,US
CUST_009110,2025-07-28 08:55:48,google_ads,US
CUST_009111,2025-11-24 23:16:08,creator_network,US
CUST_009112,2025-03-30 04:17:04,organic_search,US
CUST_009113,2025-03-03 08:00:58,meta_ads,US
CUST_009114,2025-01-31 06:02:44,organic_search,US
CUST_009115,2024-10-21 13:55:40,creator_network,US
CUST_009116,2025-02-22 01:32:43,meta_ads,CA
CUST_009117,2025-05-18 13:26:14,meta_ads,DE
CUST_009118,2025-12-22 16:19:53,meta_ads,GB
CUST_009119,2025-11-24 21:29:17,meta_ads,US
CUST_009120,2025-10-23 04:04:13,google_ads,US
CUST_009121,2025-10-24 18:42:35,meta_ads,US
CUST_009122,2025-02-27 03:51:56,meta_ads,US
CUST_009123,2025-06-30 19:09:35,organic_search,US
CUST_009124,2025-11-11 04:30:13,google_ads,GB
CUST_009125,2024-12-18 07:52:08,google_ads,US
CUST_009126,2025-12-05 12:45:09,meta_ads,DE
CUST_009127,2024-12-26 19:28:50,organic_search,US
CUST_009128,2025-05-19 20:46:27,organic_search,US
CUST_009129,2025-07-09 10:23:11,google_ads,GB
CUST_009130,2025-12-06 15:32:48,organic_search,US
CUST_009131,2024-08-04 23:35:05,organic_search,US
CUST_009132,2025-08-04 06:58:41,creator_network,CA
CUST_009133,2025-03-11 20:57:45,creator_network,US
CUST_009134,2024-09-07 03:09:39,meta_ads,US
CUST_009135,2025-08-21 02:45:33,meta_ads,US
CUST_009136,2025-04-02 06:37:10,meta_ads,US
CUST_009137,2025-06-17 21:21:01,meta_ads,US
CUST_009138,2024-10-29 20:38:03,meta_ads,US
CUST_009139,2025-02-20 10:18:42,organic_search,US
CUST_009140,2025-05-16 20:43:14,meta_ads,US
CUST_009141,2024-12-26 13:41:34,direct,GB
CUST_009142,2024-07-15 23:41:50,google_ads,US
CUST_009143,2025-12-02 00:45:59,meta_ads,US
CUST_009144,2025-03-12 07:51:49,google_ads,US
CUST_009145,2025-07-18 06:21:36,meta_ads,US
CUST_009146,2024-12-19 16:17:00,direct,US
CUST_009147,2024-11-22 22:05:04,organic_search,CA
CUST_009148,2024-12-20 18:39:04,meta_ads,US
CUST_009149,2024-12-09 13:49:38,direct,GB
CUST_009150,2025-03-14 08:17:43,creator_network,US
CUST_009151,2025-03-01 00:14:59,meta_ads,US
CUST_009152,2025-02-25 18:23:53,creator_network,US
CUST_009153,2024-05-24 11:06:39,google_ads,US
CUST_009154,2025-02-02 14:36:32,meta_ads,CA
CUST_009155,2024-06-26 01:49:54,creator_network,US
CUST_009156,2024-05-03 04:46:16,meta_ads,US
CUST_009157,2025-11-05 13:54:34,google_ads,US
CUST_009158,2025-05-18 02:28:53,meta_ads,CA
CUST_009159,2025-06-06 16:01:58,direct,US
CUST_009160,2024-12-16 19:59:38,creator_network,US
CUST_009161,2025-11-02 18:55:12,meta_ads,US
CUST_009162,2025-05-22 05:07:21,meta_ads,US
CUST_009163,2025-08-10 19:05:07,meta_ads,US
CUST_009164,2024-11-09 21:51:12,creator_network,US
CUST_009165,2025-12-05 07:58:29,meta_ads,US
CUST_009166,2025-09-27 14:38:37,organic_search,US
CUST_009167,2025-10-11 09:00:08,direct,CA
CUST_009168,2024-06-13 14:12:44,creator_network,CA
CUST_009169,2024-09-25 06:54:39,meta_ads,GB
CUST_009170,2024-09-03 17:19:46,meta_ads,US
CUST_009171,2024-09-13 10:38:21,google_ads,US
CUST_009172,2025-10-25 00:42:21,google_ads,CA
CUST_009173,2024-02-29 12:51:55,creator_network,US
CUST_009174,2024-03-17 19:30:48,google_ads,US
CUST_009175,2024-09-06 04:24:40,meta_ads,US
CUST_009176,2024-07-24 12:39:17,organic_search,US
CUST_009177,2024-08-31 07:51:19,meta_ads,GB
CUST_009178,2025-09-13 18:39:08,google_ads,GB
CUST_009179,2025-04-25 16:32:11,creator_network,US
CUST_009180,2024-01-26 23:59:45,meta_ads,US
CUST_009181,2025-01-17 07:15:34,creator_network,US
CUST_009182,2024-12-10 03:35:01,organic_search,US
CUST_009183,2024-04-01 11:56:34,creator_network,US
CUST_009184,2025-06-23 12:51:31,meta_ads,US
CUST_009185,2025-07-07 18:36:58,meta_ads,US
CUST_009186,2025-07-11 10:55:09,meta_ads,US
CUST_009187,2025-07-20 02:19:20,meta_ads,US
CUST_009188,2024-01-27 19:32:40,direct,US
CUST_009189,2025-12-29 03:51:17,creator_network,US
CUST_009190,2025-09-12 07:29:53,meta_ads,GB
CUST_009191,2025-11-07 18:13:25,direct,US
CUST_009192,2024-01-15 12:30:25,creator_network,US
CUST_009193,2025-11-06 23:04:08,meta_ads,CA
CUST_009194,2025-09-05 10:38:49,meta_ads,US
CUST_009195,2025-09-28 10:47:53,meta_ads,US
CUST_009196,2024-04-27 00:48:19,direct,US
CUST_009197,2025-07-17 05:14:07,google_ads,US
CUST_009198,2025-12-13 09:51:56,organic_search,GB
CUST_009199,2025-06-19 03:07:02,meta_ads,US
CUST_009200,2025-04-02 07:18:07,organic_search,US
CUST_009201,2025-11-28 15:58:35,meta_ads,US
CUST_009202,2025-01-24 05:29:45,direct,US
CUST_009203,2025-05-12 23:25:36,organic_search,DE
CUST_009204,2025-02-04 02:55:20,meta_ads,US
CUST_009205,2025-11-09 21:18:13,creator_network,GB
CUST_009206,2024-03-29 01:01:27,creator_network,US
CUST_009207,2025-02-13 05:20:19,organic_search,US
CUST_009208,2025-06-04 09:15:57,meta_ads,US
CUST_009209,2025-09-19 15:05:37,google_ads,US
CUST_009210,2025-04-22 04:46:00,organic_search,US
CUST_009211,2025-11-15 16:16:51,creator_network,US
CUST_009212,2025-11-19 18:40:00,google_ads,US
CUST_009213,2024-03-09 12:12:43,organic_search,US
CUST_009214,2024-12-10 12:48:24,meta_ads,US
CUST_009215,2024-01-14 12:38:50,creator_network,DE
CUST_009216,2024-10-11 17:46:49,meta_ads,US
CUST_009217,2025-03-28 16:02:30,meta_ads,DE
CUST_009218,2025-11-28 12:51:35,google_ads,US
CUST_009219,2025-10-14 23:54:13,google_ads,US
CUST_009220,2024-05-06 08:20:37,google_ads,US
CUST_009221,2024-04-24 08:37:56,google_ads,US
CUST_009222,2025-04-25 10:18:18,meta_ads,US
CUST_009223,2025-03-29 16:43:50,meta_ads,US
CUST_009224,2024-09-13 18:11:41,creator_network,US
CUST_009225,2025-11-12 16:08:07,google_ads,US
CUST_009226,2025-11-14 23:22:33,google_ads,US
CUST_009227,2024-12-22 19:43:55,google_ads,US
CUST_009228,2025-10-14 08:06:46,organic_search,CA
CUST_009229,2024-12-04 18:28:44,creator_network,US
CUST_009230,2025-07-11 03:25:02,meta_ads,US
CUST_009231,2025-02-20 20:16:59,organic_search,CA
CUST_009232,2024-04-21 16:36:39,direct,US
CUST_009233,2025-11-04 19:47:48,google_ads,US
CUST_009234,2025-01-14 01:25:52,direct,GB
CUST_009235,2025-07-22 02:38:21,google_ads,US
CUST_009236,2024-11-13 05:53:26,google_ads,US
CUST_009237,2024-01-31 10:18:52,meta_ads,US
CUST_009238,2024-04-09 13:51:09,creator_network,GB
CUST_009239,2025-02-18 09:42:35,meta_ads,US
CUST_009240,2025-06-16 21:06:37,meta_ads,US
CUST_009241,2024-10-18 04:43:33,meta_ads,US
CUST_009242,2025-07-01 06:33:38,meta_ads,US
CUST_009243,2025-07-04 10:01:20,google_ads,US
CUST_009244,2025-07-18 12:15:02,google_ads,CA
CUST_009245,2025-02-15 04:42:24,meta_ads,US
CUST_009246,2025-11-08 02:11:50,direct,US
CUST_009247,2025-02-05 21:14:47,meta_ads,CA
CUST_009248,2025-01-25 16:42:10,google_ads,US
CUST_009249,2024-07-22 08:11:00,meta_ads,US
CUST_009250,2024-10-15 19:40:14,meta_ads,US
CUST_009251,2024-02-23 19:40:35,meta_ads,DE
CUST_009252,2025-05-28 05:35:31,google_ads,US
CUST_009253,2024-08-26 06:56:48,creator_network,GB
CUST_009254,2024-10-27 09:55:05,meta_ads,US
CUST_009255,2025-08-02 03:38:55,meta_ads,US
CUST_009256,2024-10-23 08:17:18,meta_ads,CA
CUST_009257,2024-08-04 02:43:26,organic_search,US
CUST_009258,2024-06-14 13:56:54,creator_network,US
CUST_009259,2025-08-09 03:46:37,meta_ads,DE
CUST_009260,2024-05-07 14:36:16,meta_ads,US
CUST_009261,2025-01-18 22:18:35,direct,US
CUST_009262,2025-02-23 19:33:12,google_ads,CA
CUST_009263,2025-06-22 14:27:42,google_ads,GB
CUST_009264,2025-05-13 12:17:43,meta_ads,US
CUST_009265,2025-09-14 02:57:43,google_ads,US
CUST_009266,2024-02-05 16:39:30,direct,US
CUST_009267,2024-09-19 06:59:37,direct,DE
CUST_009268,2024-09-15 04:49:56,creator_network,US
CUST_009269,2024-05-07 01:07:25,google_ads,GB
CUST_009270,2024-09-19 02:17:34,google_ads,DE
CUST_009271,2024-10-11 22:16:06,meta_ads,CA
CUST_009272,2025-03-24 12:03:21,direct,US
CUST_009273,2025-06-01 04:13:38,creator_network,US
CUST_009274,2024-12-30 04:38:17,google_ads,US
CUST_009275,2025-07-01 16:25:29,meta_ads,US
CUST_009276,2024-10-07 17:15:16,google_ads,US
CUST_009277,2024-09-29 22:21:21,direct,US
CUST_009278,2025-03-09 19:23:55,google_ads,CA
CUST_009279,2024-01-07 05:30:14,meta_ads,US
CUST_009280,2024-03-30 02:55:23,meta_ads,CA
CUST_009281,2024-12-29 07:49:59,meta_ads,DE
CUST_009282,2025-11-14 22:48:47,organic_search,US
CUST_009283,2025-07-11 17:41:30,direct,US
CUST_009284,2024-03-25 04:40:09,direct,US
CUST_009285,2025-10-09 01:23:49,creator_network,US
CUST_009286,2025-07-25 13:43:02,google_ads,US
CUST_009287,2025-05-30 19:19:35,google_ads,US
CUST_009288,2025-09-22 17:27:35,google_ads,US
CUST_009289,2024-12-14 16:13:00,creator_network,US
CUST_009290,2024-07-13 17:38:31,google_ads,US
CUST_009291,2025-03-04 01:40:41,creator_network,US
CUST_009292,2025-03-06 11:44:33,meta_ads,CA
CUST_009293,2025-03-03 03:52:19,meta_ads,DE
CUST_009294,2025-04-26 18:31:53,organic_search,US
CUST_009295,2025-12-17 01:55:57,organic_search,US
CUST_009296,2025-11-03 10:01:37,google_ads,US
CUST_009297,2025-10-29 17:10:56,meta_ads,DE
CUST_009298,2025-09-15 15:05:24,direct,US
CUST_009299,2025-11-21 14:12:46,creator_network,US
CUST_009300,2024-04-19 10:57:23,google_ads,US
CUST_009301,2024-09-14 17:26:27,google_ads,US
CUST_009302,2025-02-19 10:40:50,google_ads,US
CUST_009303,2025-10-26 11:26:45,google_ads,US
CUST_009304,2025-02-09 19:23:14,organic_search,US
CUST_009305,2025-08-19 03:57:35,meta_ads,US
CUST_009306,2024-05-03 14:15:45,meta_ads,US
CUST_009307,2024-08-27 06:36:35,meta_ads,US
CUST_009308,2025-07-26 18:55:52,meta_ads,CA
CUST_009309,2024-06-23 16:38:45,meta_ads,US
CUST_009310,2024-11-20 19:32:39,meta_ads,US
CUST_009311,2024-09-15 03:32:47,meta_ads,CA
CUST_009312,2024-11-17 20:07:31,meta_ads,CA
CUST_009313,2025-07-21 09:06:44,meta_ads,CA
CUST_009314,2024-11-15 17:44:59,meta_ads,US
CUST_009315,2025-04-20 23:34:39,google_ads,US
CUST_009316,2024-04-23 02:24:58,google_ads,US
CUST_009317,2025-09-30 00:16:12,meta_ads,DE
CUST_009318,2024-11-24 21:47:37,google_ads,GB
CUST_009319,2025-06-30 08:53:26,direct,US
CUST_009320,2025-07-07 23:10:52,direct,US
CUST_009321,2024-07-31 18:42:49,meta_ads,US
CUST_009322,2025-10-27 06:08:53,creator_network,US
CUST_009323,2025-05-06 19:38:18,meta_ads,US
CUST_009324,2025-01-06 09:28:44,meta_ads,CA
CUST_009325,2024-06-14 21:35:25,meta_ads,US
CUST_009326,2025-11-03 12:48:36,meta_ads,US
CUST_009327,2025-08-18 04:58:13,google_ads,US
CUST_009328,2024-07-07 09:22:41,creator_network,DE
CUST_009329,2024-10-09 22:23:46,creator_network,US
CUST_009330,2025-09-08 23:14:36,meta_ads,US
CUST_009331,2025-07-29 21:26:18,meta_ads,US
CUST_009332,2025-08-31 23:25:14,meta_ads,US
CUST_009333,2025-01-10 10:14:48,meta_ads,US
CUST_009334,2025-07-25 00:50:19,direct,US
CUST_009335,2024-12-22 00:49:04,creator_network,DE
CUST_009336,2024-07-24 06:58:37,direct,US
CUST_009337,2025-05-23 00:19:13,creator_network,DE
CUST_009338,2025-12-19 23:04:52,google_ads,CA
CUST_009339,2024-10-21 02:08:39,google_ads,CA
CUST_009340,2025-01-25 08:12:34,google_ads,US
CUST_009341,2025-06-07 01:17:20,google_ads,CA
CUST_009342,2025-03-17 22:10:15,organic_search,US
CUST_009343,2025-10-15 05:03:15,google_ads,US
CUST_009344,2025-08-24 01:34:47,meta_ads,US
CUST_009345,2024-02-07 14:56:36,creator_network,US
CUST_009346,2025-12-15 01:29:21,organic_search,US
CUST_009347,2025-08-05 22:07:06,google_ads,US
CUST_009348,2025-10-09 07:04:44,creator_network,DE
CUST_009349,2025-06-07 23:52:42,meta_ads,US
CUST_009350,2025-10-28 00:08:20,google_ads,US
CUST_009351,2024-04-20 12:35:06,meta_ads,US
CUST_009352,2024-11-12 00:34:15,meta_ads,CA
CUST_009353,2025-10-22 18:08:17,google_ads,US
CUST_009354,2024-07-17 14:53:53,meta_ads,US
CUST_009355,2024-03-21 19:01:45,creator_network,US
CUST_009356,2025-08-23 01:35:23,organic_search,US
CUST_009357,2025-09-04 19:37:47,meta_ads,US
CUST_009358,2024-06-25 21:06:13,creator_network,US
CUST_009359,2025-10-05 09:55:08,google_ads,US
CUST_009360,2025-06-05 17:05:59,meta_ads,US
CUST_009361,2025-03-20 17:28:13,creator_network,US
CUST_009362,2025-09-11 22:01:07,google_ads,CA
CUST_009363,2024-12-26 16:25:29,google_ads,US
CUST_009364,2024-07-07 05:32:32,direct,US
CUST_009365,2024-09-20 11:12:25,google_ads,US
CUST_009366,2025-02-19 01:34:10,direct,US
CUST_009367,2025-03-19 21:46:44,google_ads,US
CUST_009368,2025-09-19 22:29:45,meta_ads,GB
CUST_009369,2025-09-21 01:11:47,google_ads,US
CUST_009370,2025-04-16 23:29:15,meta_ads,US
CUST_009371,2025-08-06 16:12:33,google_ads,US
CUST_009372,2024-07-17 22:31:05,creator_network,US
CUST_009373,2024-02-16 12:31:50,google_ads,US
CUST_009374,2025-10-29 19:35:12,meta_ads,GB
CUST_009375,2024-03-19 05:21:08,google_ads,DE
CUST_009376,2024-08-18 23:25:31,meta_ads,US
CUST_009377,2025-07-17 22:28:14,creator_network,DE
CUST_009378,2024-12-10 08:04:30,creator_network,US
CUST_009379,2025-10-16 08:26:48,direct,US
CUST_009380,2024-09-12 20:17:49,meta_ads,US
CUST_009381,2024-01-23 01:37:47,google_ads,US
CUST_009382,2024-09-21 01:28:58,google_ads,GB
CUST_009383,2025-04-21 04:44:58,direct,US
CUST_009384,2024-11-18 04:53:06,google_ads,US
CUST_009385,2025-03-20 01:36:09,meta_ads,CA
CUST_009386,2025-10-12 19:56:20,google_ads,US
CUST_009387,2025-11-01 20:43:17,creator_network,US
CUST_009388,2024-09-30 09:22:22,creator_network,US
CUST_009389,2025-01-11 18:54:54,organic_search,CA
CUST_009390,2025-03-30 18:34:16,meta_ads,US
CUST_009391,2025-12-21 06:33:54,direct,US
CUST_009392,2025-12-01 00:20:40,meta_ads,US
CUST_009393,2024-08-26 00:55:22,direct,GB
CUST_009394,2025-07-30 15:28:26,organic_search,US
CUST_009395,2024-11-18 02:56:18,creator_network,GB
CUST_009396,2024-01-14 04:06:09,creator_network,DE
CUST_009397,2024-01-27 11:10:11,meta_ads,CA
CUST_009398,2025-01-11 05:44:26,meta_ads,DE
CUST_009399,2025-02-25 09:20:18,meta_ads,US
CUST_009400,2024-01-01 01:17:54,meta_ads,GB
CUST_009401,2025-06-08 23:40:15,google_ads,US
CUST_009402,2024-09-11 18:35:51,meta_ads,GB
CUST_009403,2025-04-30 05:19:51,organic_search,US
CUST_009404,2024-09-25 15:49:45,google_ads,US
CUST_009405,2024-06-30 02:49:54,creator_network,US
CUST_009406,2024-12-16 14:14:31,creator_network,GB
CUST_009407,2024-08-08 16:48:10,meta_ads,US
CUST_009408,2025-03-02 15:31:32,meta_ads,US
CUST_009409,2024-07-11 22:24:16,meta_ads,US
CUST_009410,2025-03-13 09:08:27,creator_network,US
CUST_009411,2024-06-03 17:32:02,google_ads,US
CUST_009412,2025-06-02 23:05:38,meta_ads,US
CUST_009413,2025-08-17 16:36:20,organic_search,GB
CUST_009414,2024-04-22 09:42:47,meta_ads,US
CUST_009415,2025-02-11 10:50:44,creator_network,US
CUST_009416,2024-03-06 00:51:46,google_ads,US
CUST_009417,2025-05-03 22:57:53,creator_network,US
CUST_009418,2024-09-05 13:45:39,direct,US
CUST_009419,2025-03-27 00:49:25,creator_network,US
CUST_009420,2025-03-05 23:55:46,google_ads,US
CUST_009421,2025-11-27 14:53:33,meta_ads,US
CUST_009422,2025-03-17 17:02:11,organic_search,US
CUST_009423,2025-04-02 07:59:26,google_ads,GB
CUST_009424,2024-12-28 20:15:32,meta_ads,US
CUST_009425,2025-12-15 13:37:39,creator_network,US
CUST_009426,2025-08-27 04:55:37,meta_ads,US
CUST_009427,2024-09-22 14:26:59,meta_ads,GB
CUST_009428,2025-10-19 09:47:38,organic_search,US
CUST_009429,2025-01-04 07:13:29,google_ads,US
CUST_009430,2025-09-25 18:11:09,meta_ads,US
CUST_009431,2025-09-12 15:29:37,creator_network,CA
CUST_009432,2024-06-26 13:48:46,organic_search,CA
CUST_009433,2025-07-05 17:44:14,meta_ads,US
CUST_009434,2024-09-04 18:38:44,creator_network,US
CUST_009435,2024-09-05 13:31:58,creator_network,US
CUST_009436,2024-09-06 00:06:49,meta_ads,US
CUST_009437,2025-07-23 04:16:24,google_ads,CA
CUST_009438,2024-08-09 10:43:41,meta_ads,US
CUST_009439,2024-01-23 11:55:46,creator_network,GB
CUST_009440,2025-07-22 05:48:38,organic_search,US
CUST_009441,2024-06-22 06:36:47,meta_ads,CA
CUST_009442,2024-04-07 22:53:39,organic_search,CA
CUST_009443,2024-08-12 15:46:41,creator_network,US
CUST_009444,2024-11-30 17:53:05,meta_ads,GB
CUST_009445,2025-02-01 21:39:53,creator_network,US
CUST_009446,2024-02-21 00:12:25,meta_ads,CA
CUST_009447,2025-12-13 16:22:47,direct,CA
CUST_009448,2025-07-28 14:34:23,google_ads,US
CUST_009449,2024-10-10 11:15:54,google_ads,US
CUST_009450,2024-10-02 13:31:00,creator_network,US
CUST_009451,2025-01-22 13:19:09,google_ads,US
CUST_009452,2025-05-12 23:17:20,organic_search,US
CUST_009453,2024-05-19 15:15:01,google_ads,US
CUST_009454,2024-06-21 19:47:31,organic_search,CA
CUST_009455,2025-10-02 10:12:32,google_ads,US
CUST_009456,2024-08-15 17:22:04,meta_ads,US
CUST_009457,2024-11-21 20:50:07,organic_search,US
CUST_009458,2025-10-09 23:32:30,creator_network,CA
CUST_009459,2025-06-22 19:59:06,creator_network,CA
CUST_009460,2024-11-07 12:38:14,direct,US
CUST_009461,2025-06-30 18:23:33,meta_ads,US
CUST_009462,2024-01-04 00:20:34,google_ads,CA
CUST_009463,2025-07-28 21:46:26,meta_ads,US
CUST_009464,2025-02-15 14:16:40,google_ads,US
CUST_009465,2025-09-20 21:39:39,organic_search,US
CUST_009466,2025-12-18 08:10:43,direct,US
CUST_009467,2025-11-01 23:33:24,google_ads,US
CUST_009468,2025-11-10 23:20:17,creator_network,GB
CUST_009469,2025-03-26 02:18:55,organic_search,CA
CUST_009470,2024-11-20 15:56:52,creator_network,US
CUST_009471,2025-02-25 05:12:21,meta_ads,CA
CUST_009472,2025-06-22 16:43:46,google_ads,US
CUST_009473,2025-10-26 16:05:34,direct,US
CUST_009474,2024-07-17 13:01:42,direct,US
CUST_009475,2025-11-05 18:49:59,google_ads,US
CUST_009476,2025-09-22 02:03:20,organic_search,CA
CUST_009477,2025-12-17 10:04:55,meta_ads,CA
CUST_009478,2025-10-19 09:56:26,meta_ads,US
CUST_009479,2024-09-18 06:11:39,direct,US
CUST_009480,2024-04-16 05:49:03,meta_ads,US
CUST_009481,2024-04-21 14:46:00,meta_ads,US
CUST_009482,2024-09-24 02:16:32,google_ads,US
CUST_009483,2025-05-28 16:39:54,google_ads,US
CUST_009484,2025-09-01 05:05:24,google_ads,GB
CUST_009485,2025-11-28 14:57:21,meta_ads,US
CUST_009486,2025-05-20 14:47:25,direct,US
CUST_009487,2024-01-21 01:01:03,organic_search,CA
CUST_009488,2024-06-07 12:47:04,google_ads,US
CUST_009489,2024-04-03 19:25:10,google_ads,US
CUST_009490,2024-11-30 03:31:58,creator_network,US
CUST_009491,2025-02-13 16:59:35,creator_network,US
CUST_009492,2024-02-19 18:50:48,google_ads,US
CUST_009493,2024-11-26 20:19:03,google_ads,US
CUST_009494,2024-06-09 07:34:34,meta_ads,CA
CUST_009495,2025-06-14 01:28:14,meta_ads,US
CUST_009496,2025-02-03 18:33:59,google_ads,GB
CUST_009497,2025-02-17 04:04:35,creator_network,DE
CUST_009498,2025-01-24 16:08:06,creator_network,US
CUST_009499,2025-12-08 00:50:58,creator_network,CA
CUST_009500,2024-07-07 06:43:20,meta_ads,US
CUST_009501,2025-03-04 06:57:36,creator_network,US
CUST_009502,2025-07-03 11:01:52,meta_ads,CA
CUST_009503,2025-04-03 02:49:26,google_ads,US
CUST_009504,2025-11-30 15:14:07,creator_network,US
CUST_009505,2024-11-18 09:10:26,google_ads,US
CUST_009506,2025-01-30 13:21:30,google_ads,US
CUST_009507,2024-03-29 17:48:00,google_ads,US
CUST_009508,2025-05-10 21:17:32,organic_search,US
CUST_009509,2024-09-14 19:12:13,google_ads,CA
CUST_009510,2024-06-28 00:25:57,creator_network,DE
CUST_009511,2025-03-21 02:13:34,direct,US
CUST_009512,2025-03-26 15:09:13,creator_network,US
CUST_009513,2024-03-30 21:21:03,google_ads,US
CUST_009514,2025-07-24 20:22:19,meta_ads,US
CUST_009515,2025-05-09 01:32:39,meta_ads,GB
CUST_009516,2024-06-21 05:29:42,google_ads,US
CUST_009517,2025-02-26 21:28:42,creator_network,GB
CUST_009518,2025-07-27 12:09:31,google_ads,US
CUST_009519,2025-03-02 08:11:53,direct,US
CUST_009520,2024-12-11 13:56:11,meta_ads,US
CUST_009521,2024-10-13 04:36:29,creator_network,US
CUST_009522,2025-05-02 04:34:07,google_ads,CA
CUST_009523,2025-11-25 05:26:00,google_ads,US
CUST_009524,2025-06-12 22:05:35,organic_search,CA
CUST_009525,2024-03-24 04:39:38,meta_ads,US
CUST_009526,2025-01-29 18:43:15,meta_ads,US
CUST_009527,2025-10-09 04:50:04,google_ads,CA
CUST_009528,2024-04-17 02:09:07,google_ads,US
CUST_009529,2025-12-04 12:08:49,creator_network,CA
CUST_009530,2025-12-14 07:11:04,direct,US
CUST_009531,2024-03-01 13:53:47,meta_ads,US
CUST_009532,2025-11-17 03:20:48,google_ads,GB
CUST_009533,2024-11-20 08:20:10,creator_network,US
CUST_009534,2025-10-13 16:52:28,direct,US
CUST_009535,2024-12-30 06:06:04,direct,US
CUST_009536,2025-01-23 15:39:30,creator_network,US
CUST_009537,2025-05-02 11:22:34,google_ads,US
CUST_009538,2025-08-17 11:32:28,meta_ads,CA
CUST_009539,2024-02-25 23:12:46,google_ads,US
CUST_009540,2025-04-26 03:20:07,google_ads,US
CUST_009541,2024-06-19 21:12:08,creator_network,US
CUST_009542,2024-11-30 12:34:04,google_ads,GB
CUST_009543,2024-11-02 20:54:02,creator_network,US
CUST_009544,2025-02-28 05:57:31,google_ads,CA
CUST_009545,2024-10-15 12:23:24,creator_network,US
CUST_009546,2024-04-22 16:25:53,meta_ads,US
CUST_009547,2024-05-10 02:39:31,meta_ads,CA
CUST_009548,2024-02-29 21:03:48,meta_ads,US
CUST_009549,2025-02-11 09:26:17,organic_search,US
CUST_009550,2025-12-07 07:07:36,meta_ads,US
CUST_009551,2024-04-14 08:53:43,organic_search,US
CUST_009552,2025-12-08 12:45:02,meta_ads,GB
CUST_009553,2025-07-20 18:37:53,google_ads,US
CUST_009554,2025-05-16 16:17:49,organic_search,US
CUST_009555,2025-06-28 12:49:34,google_ads,CA
CUST_009556,2025-09-20 10:27:32,meta_ads,US
CUST_009557,2024-04-10 10:48:44,meta_ads,US
CUST_009558,2025-02-22 08:30:10,direct,US
CUST_009559,2025-07-27 22:25:43,google_ads,US
CUST_009560,2025-04-23 16:56:51,google_ads,US
CUST_009561,2025-09-28 00:28:19,google_ads,CA
CUST_009562,2024-03-01 07:24:36,meta_ads,US
CUST_009563,2025-06-06 23:09:31,meta_ads,US
CUST_009564,2025-03-22 16:02:48,creator_network,US
CUST_009565,2024-11-22 02:11:38,creator_network,US
CUST_009566,2024-10-11 10:05:47,meta_ads,US
CUST_009567,2025-05-08 15:09:04,creator_network,DE
CUST_009568,2025-10-23 23:19:45,organic_search,US
CUST_009569,2025-02-10 00:00:40,direct,US
CUST_009570,2025-09-05 16:00:42,meta_ads,US
CUST_009571,2024-12-11 18:26:54,meta_ads,DE
CUST_009572,2024-04-21 15:42:35,organic_search,CA
CUST_009573,2024-03-24 16:02:06,meta_ads,US
CUST_009574,2024-02-24 15:08:45,meta_ads,US
CUST_009575,2024-11-06 02:58:47,organic_search,US
CUST_009576,2024-10-24 11:39:39,meta_ads,US
CUST_009577,2025-07-31 20:25:06,google_ads,CA
CUST_009578,2025-08-18 18:42:43,google_ads,US
CUST_009579,2024-02-12 00:11:28,organic_search,US
CUST_009580,2024-07-20 19:55:52,meta_ads,US
CUST_009581,2024-09-28 15:13:20,organic_search,US
CUST_009582,2025-03-06 19:46:38,google_ads,US
CUST_009583,2024-05-22 23:51:01,google_ads,US
CUST_009584,2024-05-13 20:15:48,meta_ads,US
CUST_009585,2025-11-15 12:39:54,meta_ads,US
CUST_009586,2025-09-13 15:43:47,google_ads,US
CUST_009587,2024-06-26 00:34:26,google_ads,US
CUST_009588,2024-12-03 16:47:01,organic_search,US
CUST_009589,2024-11-06 09:42:00,google_ads,US
CUST_009590,2025-09-16 13:26:46,google_ads,CA
CUST_009591,2025-03-28 21:21:16,google_ads,CA
CUST_009592,2024-05-02 00:02:53,creator_network,US
CUST_009593,2025-07-23 22:52:48,google_ads,US
CUST_009594,2024-12-14 01:37:15,meta_ads,US
CUST_009595,2024-08-17 06:52:27,organic_search,US
CUST_009596,2024-11-09 19:34:41,google_ads,US
CUST_009597,2025-02-19 09:37:07,google_ads,CA
CUST_009598,2024-11-19 09:15:16,google_ads,US
CUST_009599,2024-08-23 00:02:46,creator_network,US
CUST_009600,2024-12-01 08:43:42,meta_ads,US
CUST_009601,2024-01-22 16:58:09,meta_ads,DE
CUST_009602,2025-08-30 17:29:24,organic_search,US
CUST_009603,2024-06-03 04:14:53,meta_ads,CA
CUST_009604,2024-02-03 00:09:02,creator_network,US
CUST_009605,2025-06-15 12:22:24,meta_ads,US
CUST_009606,2025-08-05 21:14:33,meta_ads,CA
CUST_009607,2025-09-22 15:24:54,meta_ads,US
CUST_009608,2025-02-22 19:48:29,google_ads,US
CUST_009609,2024-07-14 23:02:28,creator_network,US
CUST_009610,2025-07-01 23:47:03,meta_ads,CA
CUST_009611,2025-07-06 05:10:18,meta_ads,DE
CUST_009612,2024-08-15 04:42:21,direct,US
CUST_009613,2025-11-19 11:09:58,google_ads,US
CUST_009614,2024-04-24 22:59:37,organic_search,US
CUST_009615,2025-12-19 05:12:20,direct,US
CUST_009616,2025-10-02 21:38:05,direct,US
CUST_009617,2025-06-16 14:37:38,organic_search,US
CUST_009618,2025-11-11 03:47:16,meta_ads,US
CUST_009619,2025-07-09 13:58:24,direct,GB
CUST_009620,2024-06-09 00:42:54,organic_search,US
CUST_009621,2025-01-16 11:01:55,organic_search,US
CUST_009622,2024-03-15 03:39:46,meta_ads,US
CUST_009623,2024-12-05 12:38:18,direct,US
CUST_009624,2025-08-24 23:14:04,creator_network,CA
CUST_009625,2024-12-07 08:49:11,creator_network,CA
CUST_009626,2024-10-17 20:34:23,meta_ads,US
CUST_009627,2025-04-04 21:44:02,meta_ads,US
CUST_009628,2025-10-13 13:01:48,direct,CA
CUST_009629,2024-02-26 21:53:24,google_ads,US
CUST_009630,2024-12-03 22:27:06,google_ads,US
CUST_009631,2024-06-06 16:50:00,organic_search,US
CUST_009632,2025-07-31 14:05:28,meta_ads,US
CUST_009633,2024-04-23 01:26:14,google_ads,CA
CUST_009634,2025-06-14 02:39:31,meta_ads,GB
CUST_009635,2024-09-18 09:27:55,meta_ads,US
CUST_009636,2024-07-03 16:30:04,meta_ads,US
CUST_009637,2025-11-04 04:34:23,meta_ads,US
CUST_009638,2024-01-28 07:41:34,meta_ads,US
CUST_009639,2025-01-10 15:39:15,google_ads,US
CUST_009640,2024-01-30 20:55:04,organic_search,US
CUST_009641,2025-02-04 05:10:02,google_ads,US
CUST_009642,2025-02-01 14:36:56,meta_ads,US
CUST_009643,2024-10-12 18:51:21,meta_ads,US
CUST_009644,2024-05-26 00:20:08,organic_search,US
CUST_009645,2024-11-13 08:16:34,direct,US
CUST_009646,2025-06-19 20:53:44,meta_ads,US
CUST_009647,2025-08-28 06:22:03,meta_ads,US
CUST_009648,2025-03-01 03:31:14,google_ads,US
CUST_009649,2025-04-27 21:01:08,creator_network,US
CUST_009650,2024-07-12 01:38:31,google_ads,CA
CUST_009651,2024-09-05 10:06:29,google_ads,US
CUST_009652,2024-06-27 04:19:01,creator_network,US
CUST_009653,2024-08-26 16:48:06,direct,US
CUST_009654,2024-07-07 16:24:10,meta_ads,US
CUST_009655,2025-03-16 17:16:31,direct,CA
CUST_009656,2025-04-29 09:38:52,google_ads,US
CUST_009657,2025-11-29 07:06:39,creator_network,GB
CUST_009658,2024-07-02 08:24:12,google_ads,US
CUST_009659,2025-05-26 16:27:09,google_ads,US
CUST_009660,2025-09-10 17:00:13,creator_network,GB
CUST_009661,2025-04-11 09:27:04,google_ads,CA
CUST_009662,2024-08-19 01:11:37,meta_ads,CA
CUST_009663,2024-08-02 16:59:18,google_ads,US
CUST_009664,2024-02-12 18:53:18,google_ads,US
CUST_009665,2024-10-11 13:45:15,meta_ads,US
CUST_009666,2025-08-23 13:02:31,direct,US
CUST_009667,2024-02-07 13:48:50,meta_ads,US
CUST_009668,2024-07-25 22:37:15,google_ads,US
CUST_009669,2025-07-19 00:20:57,meta_ads,US
CUST_009670,2025-08-18 14:45:37,google_ads,US
CUST_009671,2025-01-21 20:00:23,meta_ads,CA
CUST_009672,2025-07-16 08:33:21,google_ads,US
CUST_009673,2024-12-30 00:30:04,meta_ads,US
CUST_009674,2024-06-03 18:56:18,meta_ads,US
CUST_009675,2024-12-01 06:16:40,creator_network,US
CUST_009676,2025-04-03 18:25:06,google_ads,GB
CUST_009677,2025-12-02 18:03:11,meta_ads,US
CUST_009678,2024-03-02 14:08:19,meta_ads,CA
CUST_009679,2025-03-09 04:43:25,organic_search,US
CUST_009680,2024-10-26 19:07:57,meta_ads,US
CUST_009681,2025-03-28 09:37:50,direct,CA
CUST_009682,2024-01-09 05:05:24,google_ads,US
CUST_009683,2024-10-30 08:49:45,meta_ads,US
CUST_009684,2025-09-14 16:44:15,creator_network,US
CUST_009685,2025-04-28 07:14:17,organic_search,US
CUST_009686,2025-01-24 08:15:49,meta_ads,CA
CUST_009687,2024-09-16 11:14:12,google_ads,US
CUST_009688,2024-09-05 23:55:34,google_ads,US
CUST_009689,2024-12-17 03:40:45,direct,US
CUST_009690,2025-09-22 12:21:51,creator_network,US
CUST_009691,2025-12-30 16:03:11,meta_ads,US
CUST_009692,2025-01-05 00:29:51,meta_ads,US
CUST_009693,2024-12-22 15:08:58,meta_ads,US
CUST_009694,2025-10-27 02:06:22,meta_ads,US
CUST_009695,2025-01-23 22:50:20,meta_ads,GB
CUST_009696,2025-04-20 02:03:52,creator_network,US
CUST_009697,2024-08-26 07:39:50,meta_ads,US
CUST_009698,2025-08-19 16:04:18,google_ads,GB
CUST_009699,2025-03-30 02:54:04,google_ads,US
CUST_009700,2025-09-17 04:24:58,meta_ads,CA
CUST_009701,2025-08-24 21:04:40,meta_ads,DE
CUST_009702,2024-07-11 15:16:03,meta_ads,US
CUST_009703,2025-07-24 05:29:04,meta_ads,DE
CUST_009704,2025-09-17 12:32:02,organic_search,US
CUST_009705,2024-11-22 14:47:08,creator_network,DE
CUST_009706,2024-06-14 02:39:25,meta_ads,US
CUST_009707,2024-01-19 08:03:56,google_ads,US
CUST_009708,2025-01-06 19:49:07,meta_ads,US
CUST_009709,2024-11-11 18:21:30,google_ads,CA
CUST_009710,2025-04-08 20:50:04,google_ads,CA
CUST_009711,2024-06-27 23:18:45,google_ads,US
CUST_009712,2025-10-16 18:45:48,meta_ads,US
CUST_009713,2024-08-22 02:07:27,meta_ads,US
CUST_009714,2024-07-13 21:34:28,creator_network,US
CUST_009715,2025-02-28 09:33:31,organic_search,CA
CUST_009716,2025-02-12 16:49:11,direct,US
CUST_009717,2024-07-30 23:00:28,meta_ads,US
CUST_009718,2024-09-10 19:51:42,creator_network,US
CUST_009719,2024-06-14 01:15:34,creator_network,US
CUST_009720,2025-07-19 10:46:26,direct,US
CUST_009721,2025-08-30 10:34:45,meta_ads,GB
CUST_009722,2025-01-09 07:21:00,creator_network,GB
CUST_009723,2025-07-03 04:15:58,meta_ads,US
CUST_009724,2025-07-23 17:56:58,google_ads,CA
CUST_009725,2024-05-17 22:20:52,meta_ads,US
CUST_009726,2025-12-08 19:07:14,creator_network,US
CUST_009727,2025-09-10 04:01:58,organic_search,US
CUST_009728,2024-07-08 05:15:43,meta_ads,US
CUST_009729,2024-06-08 07:35:47,google_ads,US
CUST_009730,2024-05-22 11:35:32,meta_ads,US
CUST_009731,2024-05-15 07:13:46,google_ads,US
CUST_009732,2025-08-31 02:54:36,meta_ads,US
CUST_009733,2025-02-15 15:56:47,meta_ads,US
CUST_009734,2025-08-23 12:58:36,organic_search,US
CUST_009735,2025-08-22 00:26:31,meta_ads,CA
CUST_009736,2025-05-05 05:20:36,google_ads,US
CUST_009737,2025-06-30 15:45:13,organic_search,US
CUST_009738,2024-01-10 05:26:53,organic_search,GB
CUST_009739,2024-10-06 21:36:37,creator_network,US
CUST_009740,2025-05-24 03:13:53,meta_ads,US
CUST_009741,2024-01-14 20:51:43,organic_search,DE
CUST_009742,2024-02-02 20:29:50,meta_ads,US
CUST_009743,2025-10-07 17:48:14,direct,US
CUST_009744,2025-06-07 08:27:01,creator_network,US
CUST_009745,2024-09-05 11:20:06,creator_network,US
CUST_009746,2025-06-18 00:57:35,meta_ads,US
CUST_009747,2025-09-16 05:17:01,google_ads,CA
CUST_009748,2024-10-06 00:21:45,organic_search,US
CUST_009749,2024-02-09 01:56:54,organic_search,US
CUST_009750,2025-11-24 19:47:00,meta_ads,US
CUST_009751,2024-11-23 12:10:56,direct,US
CUST_009752,2024-04-12 10:30:45,meta_ads,US
CUST_009753,2025-02-18 22:23:32,google_ads,US
CUST_009754,2025-08-29 20:37:20,creator_network,GB
CUST_009755,2024-07-28 07:19:35,meta_ads,US
CUST_009756,2024-09-15 21:37:10,meta_ads,US
CUST_009757,2024-08-09 00:32:56,creator_network,US
CUST_009758,2025-12-27 06:20:54,google_ads,CA
CUST_009759,2024-07-22 01:03:13,meta_ads,DE
CUST_009760,2025-04-27 14:06:52,creator_network,US
CUST_009761,2025-11-23 20:35:39,organic_search,DE
CUST_009762,2024-05-03 10:14:08,google_ads,US
CUST_009763,2025-12-04 16:54:53,meta_ads,US
CUST_009764,2025-12-16 07:13:14,meta_ads,US
CUST_009765,2025-10-25 05:15:14,creator_network,US
CUST_009766,2024-07-16 04:09:05,google_ads,US
CUST_009767,2025-05-28 02:10:25,creator_network,DE
CUST_009768,2025-08-02 22:58:41,organic_search,US
CUST_009769,2025-12-21 04:54:53,google_ads,US
CUST_009770,2024-06-01 05:09:38,meta_ads,CA
CUST_009771,2025-08-20 06:06:53,direct,DE
CUST_009772,2024-10-29 11:30:50,google_ads,US
CUST_009773,2024-06-17 15:01:57,google_ads,GB
CUST_009774,2024-12-09 21:24:48,direct,US
CUST_009775,2025-09-30 02:58:39,direct,DE
CUST_009776,2025-02-23 08:44:06,google_ads,US
CUST_009777,2025-03-26 02:43:04,meta_ads,US
CUST_009778,2025-12-15 20:21:30,direct,US
CUST_009779,2024-12-27 01:49:25,creator_network,GB
CUST_009780,2025-05-26 18:48:56,google_ads,US
CUST_009781,2024-11-18 13:24:57,google_ads,US
CUST_009782,2024-12-29 19:18:18,google_ads,US
CUST_009783,2025-07-26 11:46:02,organic_search,GB
CUST_009784,2025-11-17 04:24:08,google_ads,US
CUST_009785,2025-03-22 03:53:12,organic_search,US
CUST_009786,2025-08-31 01:56:17,organic_search,US
CUST_009787,2024-03-08 03:35:35,organic_search,US
CUST_009788,2024-07-15 15:10:21,creator_network,US
CUST_009789,2025-02-04 17:23:36,organic_search,US
CUST_009790,2024-01-30 00:51:50,google_ads,US
CUST_009791,2024-08-18 08:21:13,meta_ads,US
CUST_009792,2025-03-07 07:57:10,organic_search,CA
CUST_009793,2024-01-19 06:19:00,google_ads,US
CUST_009794,2024-09-15 17:06:50,meta_ads,US
CUST_009795,2025-03-25 06:00:00,meta_ads,US
CUST_009796,2025-04-02 07:34:05,meta_ads,US
CUST_009797,2025-11-11 18:42:18,creator_network,US
CUST_009798,2025-06-17 05:51:40,creator_network,US
CUST_009799,2024-12-11 18:24:23,meta_ads,US
CUST_009800,2025-11-19 10:27:25,organic_search,US
CUST_009801,2025-08-08 19:21:48,meta_ads,US
CUST_009802,2024-07-15 22:39:06,creator_network,US
CUST_009803,2024-05-12 16:18:30,google_ads,US
CUST_009804,2025-06-24 07:05:33,creator_network,US
CUST_009805,2025-04-26 14:11:28,google_ads,US
CUST_009806,2025-08-25 18:41:33,meta_ads,CA
CUST_009807,2025-07-06 23:08:15,organic_search,GB
CUST_009808,2025-05-26 22:10:28,meta_ads,US
CUST_009809,2025-12-28 06:53:52,direct,US
CUST_009810,2025-03-21 05:11:28,google_ads,CA
CUST_009811,2024-04-29 22:27:34,google_ads,US
CUST_009812,2025-09-29 10:25:51,google_ads,CA
CUST_009813,2024-08-25 17:53:37,meta_ads,US
CUST_009814,2025-08-01 22:06:59,google_ads,US
CUST_009815,2025-12-21 03:25:08,direct,GB
CUST_009816,2025-07-20 03:01:17,meta_ads,GB
CUST_009817,2025-04-21 02:27:04,creator_network,US
CUST_009818,2025-01-31 12:45:23,google_ads,US
CUST_009819,2024-11-08 19:53:50,creator_network,US
CUST_009820,2024-11-15 12:00:28,meta_ads,CA
CUST_009821,2025-05-19 00:31:51,google_ads,US
CUST_009822,2025-08-14 19:27:28,direct,US
CUST_009823,2025-06-27 05:11:56,meta_ads,US
CUST_009824,2024-07-16 18:46:26,google_ads,US
CUST_009825,2025-02-08 22:27:16,google_ads,US
CUST_009826,2025-09-04 01:15:42,google_ads,US
CUST_009827,2025-02-25 17:52:34,google_ads,US
CUST_009828,2025-03-24 03:28:07,google_ads,CA
CUST_009829,2025-08-06 15:26:14,meta_ads,US
CUST_009830,2025-06-13 02:21:24,organic_search,US
CUST_009831,2024-12-27 18:20:44,organic_search,US
CUST_009832,2025-11-10 04:56:17,meta_ads,DE
CUST_009833,2024-06-03 07:22:32,google_ads,US
CUST_009834,2025-12-03 23:06:58,creator_network,US
CUST_009835,2024-04-30 19:16:34,direct,US
CUST_009836,2024-01-05 08:01:08,direct,US
CUST_009837,2025-10-23 08:10:37,organic_search,US
CUST_009838,2024-08-15 14:01:13,meta_ads,US
CUST_009839,2025-07-24 18:15:11,organic_search,US
CUST_009840,2025-09-23 13:26:47,organic_search,US
CUST_009841,2025-10-19 00:03:28,meta_ads,US
CUST_009842,2025-12-24 09:54:22,google_ads,CA
CUST_009843,2024-09-22 17:04:17,google_ads,DE
CUST_009844,2025-07-02 18:30:53,creator_network,US
CUST_009845,2024-04-07 20:46:08,meta_ads,US
CUST_009846,2024-12-27 01:45:20,meta_ads,CA
CUST_009847,2025-10-31 11:39:17,meta_ads,US
CUST_009848,2024-11-11 00:44:23,google_ads,US
CUST_009849,2025-04-20 00:59:18,meta_ads,CA
CUST_009850,2025-02-05 14:58:13,creator_network,CA
CUST_009851,2025-06-02 01:36:57,meta_ads,US
CUST_009852,2025-12-11 21:50:07,organic_search,DE
CUST_009853,2024-02-25 10:48:58,organic_search,US
CUST_009854,2025-04-17 21:28:57,organic_search,US
CUST_009855,2025-10-13 15:30:17,creator_network,US
CUST_009856,2025-02-17 18:37:18,meta_ads,GB
CUST_009857,2024-03-18 02:20:58,google_ads,CA
CUST_009858,2025-04-21 15:56:37,meta_ads,US
CUST_009859,2024-10-10 07:02:56,direct,US
CUST_009860,2024-05-11 08:03:35,meta_ads,US
CUST_009861,2025-10-11 02:04:34,google_ads,US
CUST_009862,2025-03-23 16:24:17,creator_network,US
CUST_009863,2025-11-28 01:59:07,direct,US
CUST_009864,2025-09-07 17:40:32,creator_network,US
CUST_009865,2025-07-30 13:40:56,creator_network,DE
CUST_009866,2024-01-30 14:52:16,google_ads,US
CUST_009867,2025-01-25 03:45:28,google_ads,GB
CUST_009868,2024-07-20 20:19:38,meta_ads,CA
CUST_009869,2025-11-22 14:07:42,organic_search,US
CUST_009870,2024-06-24 13:39:19,google_ads,US
CUST_009871,2024-09-22 02:44:06,meta_ads,GB
CUST_009872,2025-03-24 21:30:25,organic_search,CA
CUST_009873,2024-08-05 06:31:49,google_ads,US
CUST_009874,2024-07-21 07:13:06,organic_search,US
CUST_009875,2025-05-27 11:42:12,organic_search,US
CUST_009876,2024-03-22 07:20:57,organic_search,US
CUST_009877,2024-02-11 23:27:45,meta_ads,CA
CUST_009878,2024-11-25 07:17:11,meta_ads,DE
CUST_009879,2025-07-11 09:52:17,organic_search,US
CUST_009880,2025-04-05 13:18:51,organic_search,US
CUST_009881,2025-01-24 11:29:15,google_ads,GB
CUST_009882,2025-04-21 15:44:15,google_ads,CA
CUST_009883,2024-11-29 05:50:44,meta_ads,GB
CUST_009884,2025-11-23 08:10:52,direct,US
CUST_009885,2024-02-08 14:13:20,meta_ads,US
CUST_009886,2025-06-17 06:41:44,meta_ads,GB
CUST_009887,2025-10-22 05:33:14,creator_network,CA
CUST_009888,2025-09-08 02:36:41,meta_ads,US
CUST_009889,2024-06-20 19:06:52,direct,US
CUST_009890,2024-09-06 10:53:35,meta_ads,DE
CUST_009891,2025-07-15 14:07:34,meta_ads,US
CUST_009892,2024-03-07 20:58:45,google_ads,US
CUST_009893,2025-09-21 15:38:25,google_ads,CA
CUST_009894,2025-07-05 20:45:08,meta_ads,US
CUST_009895,2025-07-21 13:32:21,google_ads,US
CUST_009896,2024-04-24 06:20:42,google_ads,US
CUST_009897,2025-07-14 07:55:37,organic_search,US
CUST_009898,2025-06-08 00:40:14,meta_ads,US
CUST_009899,2025-09-21 01:34:57,direct,US
CUST_009900,2024-02-14 15:39:09,google_ads,US
CUST_009901,2024-01-24 07:42:22,meta_ads,US
CUST_009902,2024-11-11 07:19:21,meta_ads,US
CUST_009903,2024-05-10 05:24:59,google_ads,US
CUST_009904,2025-04-11 19:39:36,meta_ads,US
CUST_009905,2025-11-01 09:32:46,meta_ads,US
CUST_009906,2024-12-23 13:44:24,meta_ads,US
CUST_009907,2025-10-22 06:01:21,creator_network,US
CUST_009908,2024-01-29 09:35:46,google_ads,US
CUST_009909,2024-06-23 04:45:32,meta_ads,US
CUST_009910,2024-02-19 14:09:19,google_ads,US
CUST_009911,2024-10-21 06:49:22,creator_network,US
CUST_009912,2025-11-02 12:33:02,meta_ads,US
CUST_009913,2024-04-30 21:55:36,organic_search,GB
CUST_009914,2025-05-25 15:05:32,google_ads,US
CUST_009915,2025-01-24 01:38:16,direct,US
CUST_009916,2025-11-16 23:13:50,meta_ads,GB
CUST_009917,2024-04-18 15:40:36,direct,US
CUST_009918,2024-07-16 15:50:22,google_ads,US
CUST_009919,2024-02-03 11:21:03,google_ads,CA
CUST_009920,2025-01-31 09:05:52,google_ads,CA
CUST_009921,2024-09-20 08:13:43,meta_ads,US
CUST_009922,2025-10-06 19:46:01,direct,DE
CUST_009923,2025-05-20 03:53:51,google_ads,US
CUST_009924,2025-05-16 16:38:44,meta_ads,CA
CUST_009925,2025-03-05 19:02:00,meta_ads,US
CUST_009926,2024-04-25 22:01:24,meta_ads,US
CUST_009927,2025-01-07 20:45:40,google_ads,CA
CUST_009928,2025-12-06 04:20:06,google_ads,GB
CUST_009929,2025-09-08 14:46:33,google_ads,US
CUST_009930,2025-11-22 10:56:32,meta_ads,US
CUST_009931,2025-09-05 22:59:27,google_ads,US
CUST_009932,2024-04-25 22:53:37,google_ads,US
CUST_009933,2024-08-08 01:58:53,meta_ads,US
CUST_009934,2024-01-12 08:00:32,meta_ads,US
CUST_009935,2024-10-06 16:13:37,meta_ads,US
CUST_009936,2024-04-29 16:41:52,organic_search,US
CUST_009937,2025-02-07 06:13:31,creator_network,US
CUST_009938,2025-06-19 23:06:31,direct,DE
CUST_009939,2025-10-08 16:31:40,meta_ads,US
CUST_009940,2025-08-08 12:39:58,organic_search,US
CUST_009941,2025-11-26 19:05:16,google_ads,US
CUST_009942,2024-02-06 09:44:39,google_ads,GB
CUST_009943,2024-01-17 17:39:41,meta_ads,GB
CUST_009944,2025-06-07 17:02:06,creator_network,US
CUST_009945,2024-09-25 16:57:55,organic_search,US
CUST_009946,2024-08-14 19:46:34,meta_ads,US
CUST_009947,2024-10-28 14:24:05,meta_ads,US
CUST_009948,2024-09-14 03:06:55,creator_network,US
CUST_009949,2025-03-04 07:36:36,direct,US
CUST_009950,2025-01-22 06:44:58,creator_network,US
CUST_009951,2025-03-18 20:40:06,meta_ads,US
CUST_009952,2025-06-20 20:32:37,google_ads,CA
CUST_009953,2024-12-13 18:50:48,google_ads,US
CUST_009954,2024-08-03 12:47:27,organic_search,US
CUST_009955,2024-06-03 11:45:52,creator_network,CA
CUST_009956,2024-11-06 03:26:09,google_ads,DE
CUST_009957,2025-08-06 07:16:37,meta_ads,GB
CUST_009958,2025-08-14 23:48:27,direct,CA
CUST_009959,2025-06-18 13:39:01,creator_network,US
CUST_009960,2024-08-31 23:36:46,direct,GB
CUST_009961,2025-04-20 03:41:53,google_ads,US
CUST_009962,2025-04-24 15:18:05,organic_search,US
CUST_009963,2025-02-10 21:49:50,organic_search,US
CUST_009964,2025-03-26 14:16:46,meta_ads,DE
CUST_009965,2025-02-12 09:01:20,direct,CA
CUST_009966,2025-04-21 03:42:34,meta_ads,US
CUST_009967,2025-07-27 23:51:26,creator_network,US
CUST_009968,2024-04-16 04:11:14,direct,CA
CUST_009969,2025-08-16 17:11:49,meta_ads,US
CUST_009970,2024-05-27 18:59:26,google_ads,US
CUST_009971,2024-03-15 06:45:15,google_ads,US
CUST_009972,2025-12-06 23:53:34,creator_network,DE
CUST_009973,2025-12-08 04:13:03,organic_search,CA
CUST_009974,2024-03-21 03:21:16,google_ads,US
CUST_009975,2025-01-12 19:49:03,organic_search,US
CUST_009976,2024-06-10 20:12:20,meta_ads,US
CUST_009977,2025-02-03 02:12:14,meta_ads,DE
CUST_009978,2025-09-02 06:05:46,google_ads,DE
CUST_009979,2025-12-10 11:52:12,creator_network,US
CUST_009980,2025-05-03 13:28:09,meta_ads,US
CUST_009981,2024-11-28 01:57:28,creator_network,GB
CUST_009982,2025-05-10 18:27:38,google_ads,US
CUST_009983,2024-10-30 16:39:59,creator_network,US
CUST_009984,2025-11-18 10:54:13,meta_ads,US
CUST_009985,2025-10-25 20:03:55,creator_network,US
CUST_009986,2025-04-25 04:03:03,google_ads,GB
CUST_009987,2024-10-20 16:04:06,direct,CA
CUST_009988,2024-09-08 14:43:09,creator_network,US
CUST_009989,2024-02-03 09:32:47,creator_network,US
CUST_009990,2025-09-25 02:33:52,organic_search,CA
CUST_009991,2025-01-03 07:02:05,creator_network,US
CUST_009992,2024-10-21 21:08:57,meta_ads,US
CUST_009993,2025-02-07 05:18:57,organic_search,US
CUST_009994,2025-09-02 10:25:16,creator_network,US
CUST_009995,2024-05-10 03:46:21,google_ads,US
CUST_009996,2025-10-12 23:09:25,creator_network,US
CUST_009997,2025-11-29 03:56:30,organic_search,US
CUST_009998,2025-12-23 12:43:59,direct,US
CUST_009999,2024-12-07 22:47:08,direct,US
CUST_010000,2024-07-13 18:01:04,meta_ads,US
CUST_010001,2024-11-12 16:31:18,google_ads,CA
CUST_010002,2024-10-24 00:41:37,meta_ads,US
CUST_010003,2024-06-23 14:06:57,meta_ads,US
CUST_010004,2025-05-29 06:51:25,organic_search,US
CUST_010005,2025-02-23 12:51:23,meta_ads,US
CUST_010006,2025-10-24 04:21:17,google_ads,US
CUST_010007,2024-02-10 19:35:27,creator_network,CA
CUST_010008,2025-06-23 15:36:49,creator_network,US
CUST_010009,2025-08-09 05:07:31,meta_ads,US
CUST_010010,2025-08-21 11:57:54,meta_ads,US
CUST_010011,2025-10-17 23:18:32,google_ads,US
CUST_010012,2025-07-16 12:31:23,meta_ads,GB
CUST_010013,2025-11-06 07:09:57,direct,US
CUST_010014,2024-10-10 13:52:01,organic_search,US
CUST_010015,2025-02-25 12:01:04,google_ads,US
CUST_010016,2024-01-09 20:23:39,organic_search,US
CUST_010017,2024-01-07 10:31:28,meta_ads,US
CUST_010018,2024-08-03 16:16:23,creator_network,US
CUST_010019,2024-04-19 00:12:44,meta_ads,US
CUST_010020,2024-08-30 03:26:49,creator_network,US
CUST_010021,2024-06-23 07:35:38,google_ads,US
CUST_010022,2024-01-17 00:52:04,meta_ads,US
CUST_010023,2025-11-22 11:02:43,meta_ads,US
CUST_010024,2024-01-26 09:43:44,google_ads,GB
CUST_010025,2025-07-15 10:46:27,creator_network,US
CUST_010026,2024-05-09 14:23:43,meta_ads,US
CUST_010027,2025-11-27 11:21:52,creator_network,US
CUST_010028,2025-11-05 08:29:43,creator_network,US
CUST_010029,2025-06-20 09:42:09,creator_network,GB
CUST_010030,2025-06-15 12:46:55,creator_network,US
CUST_010031,2024-01-03 08:44:52,meta_ads,US
CUST_010032,2025-12-15 18:26:51,google_ads,CA
CUST_010033,2025-10-01 23:47:35,direct,US
CUST_010034,2025-11-19 18:53:32,google_ads,DE
CUST_010035,2025-06-10 04:31:40,google_ads,US
CUST_010036,2024-11-13 02:23:36,creator_network,GB
CUST_010037,2025-11-29 07:00:05,meta_ads,US
CUST_010038,2024-09-18 17:26:50,creator_network,US
CUST_010039,2025-04-08 17:02:29,organic_search,US
CUST_010040,2024-04-26 20:09:48,meta_ads,US
CUST_010041,2025-11-06 00:24:57,organic_search,US
CUST_010042,2024-05-18 22:51:38,meta_ads,CA
CUST_010043,2024-07-13 01:11:42,google_ads,CA
CUST_010044,2025-04-08 22:17:35,organic_search,US
CUST_010045,2025-08-02 13:02:28,organic_search,CA
CUST_010046,2025-05-10 17:09:49,organic_search,US
CUST_010047,2024-08-09 22:57:37,direct,CA
CUST_010048,2024-01-04 03:52:52,google_ads,DE
CUST_010049,2025-08-30 20:46:29,creator_network,US
CUST_010050,2025-12-25 08:45:41,google_ads,US
CUST_010051,2025-09-02 20:04:45,meta_ads,US
CUST_010052,2025-01-04 06:36:50,google_ads,US
CUST_010053,2025-11-28 20:04:29,creator_network,US
CUST_010054,2024-12-09 23:13:40,google_ads,US
CUST_010055,2025-03-01 16:36:06,organic_search,US
CUST_010056,2025-02-04 09:39:19,creator_network,US
CUST_010057,2025-01-16 15:16:30,meta_ads,US
CUST_010058,2025-08-07 18:39:42,google_ads,US
CUST_010059,2025-03-21 17:39:57,google_ads,US
CUST_010060,2024-10-27 00:12:30,google_ads,US
CUST_010061,2024-08-22 22:03:15,organic_search,US
CUST_010062,2024-02-23 23:43:50,google_ads,US
CUST_010063,2025-04-02 04:56:51,organic_search,US
CUST_010064,2024-08-04 12:48:28,creator_network,US
CUST_010065,2024-05-11 18:51:50,google_ads,US
CUST_010066,2025-06-10 16:36:48,creator_network,US
CUST_010067,2025-06-30 14:02:15,meta_ads,US
CUST_010068,2025-08-07 18:16:55,meta_ads,US
CUST_010069,2025-02-12 11:00:29,meta_ads,US
CUST_010070,2025-11-28 14:04:44,google_ads,GB
CUST_010071,2025-11-27 11:53:02,meta_ads,US
CUST_010072,2025-09-12 03:28:00,direct,US
CUST_010073,2025-05-24 04:28:12,google_ads,GB
CUST_010074,2024-10-13 18:24:29,creator_network,DE
CUST_010075,2025-12-10 01:17:42,meta_ads,US
CUST_010076,2024-09-18 00:04:21,meta_ads,GB
CUST_010077,2024-07-20 13:19:36,meta_ads,CA
CUST_010078,2025-01-02 04:08:31,creator_network,CA
CUST_010079,2024-02-24 09:36:14,google_ads,US
CUST_010080,2025-12-11 03:56:00,google_ads,US
CUST_010081,2025-04-01 23:46:47,google_ads,US
CUST_010082,2025-04-13 22:58:40,creator_network,US
CUST_010083,2025-06-12 21:28:42,meta_ads,US
CUST_010084,2025-02-14 17:42:45,creator_network,US
CUST_010085,2024-02-27 03:54:08,google_ads,US
CUST_010086,2025-05-31 20:33:21,creator_network,US
CUST_010087,2025-07-26 14:41:48,meta_ads,US
CUST_010088,2024-12-02 11:54:41,google_ads,US
CUST_010089,2025-08-04 19:20:27,meta_ads,US
CUST_010090,2024-08-20 08:27:52,direct,US
CUST_010091,2024-07-16 03:29:55,google_ads,CA
CUST_010092,2024-06-06 09:15:23,direct,US
CUST_010093,2024-11-06 03:57:33,google_ads,CA
CUST_010094,2025-10-18 13:27:08,meta_ads,US
CUST_010095,2025-09-26 17:19:49,google_ads,US
CUST_010096,2024-12-21 20:24:27,meta_ads,DE
CUST_010097,2025-04-21 03:35:58,organic_search,US
CUST_010098,2025-07-02 06:48:04,organic_search,US
CUST_010099,2024-08-14 09:24:34,creator_network,GB
CUST_010100,2024-06-10 15:18:39,google_ads,US
CUST_010101,2025-12-20 02:35:05,google_ads,GB
CUST_010102,2025-05-04 19:02:37,direct,US
CUST_010103,2025-12-24 03:29:30,meta_ads,GB
CUST_010104,2024-10-24 11:13:04,creator_network,US
CUST_010105,2025-07-13 20:04:35,google_ads,US
CUST_010106,2024-07-12 06:14:28,direct,US
CUST_010107,2024-08-06 18:44:25,organic_search,DE
CUST_010108,2025-03-29 02:57:17,direct,US
CUST_010109,2024-10-28 01:18:45,google_ads,US
CUST_010110,2024-06-05 19:57:33,meta_ads,US
CUST_010111,2024-08-07 17:46:48,google_ads,US
CUST_010112,2024-02-15 22:08:08,creator_network,US
CUST_010113,2025-07-28 08:29:33,creator_network,US
CUST_010114,2025-02-19 12:37:13,meta_ads,DE
CUST_010115,2024-04-08 08:48:42,google_ads,US
CUST_010116,2024-06-10 08:13:36,meta_ads,US
CUST_010117,2024-04-08 05:43:57,organic_search,US
CUST_010118,2025-05-03 01:30:21,meta_ads,US
CUST_010119,2024-04-16 04:55:31,creator_network,US
CUST_010120,2025-08-04 04:58:41,meta_ads,US
CUST_010121,2024-01-11 00:29:42,meta_ads,US
CUST_010122,2024-08-06 01:37:53,direct,US
CUST_010123,2025-10-18 06:17:36,meta_ads,US
CUST_010124,2025-07-13 12:05:08,meta_ads,US
CUST_010125,2024-03-17 06:32:15,meta_ads,US
CUST_010126,2025-09-10 02:15:27,google_ads,US
CUST_010127,2025-02-15 08:38:50,google_ads,CA
CUST_010128,2025-10-31 05:40:04,meta_ads,US
CUST_010129,2025-05-29 06:46:01,creator_network,GB
CUST_010130,2025-06-21 14:51:37,meta_ads,DE
CUST_010131,2025-12-25 01:17:22,organic_search,US
CUST_010132,2024-08-27 01:06:50,organic_search,CA
CUST_010133,2025-05-12 15:06:18,direct,US
CUST_010134,2025-01-28 19:04:11,direct,US
CUST_010135,2024-02-09 13:05:52,meta_ads,US
CUST_010136,2024-01-01 03:09:37,google_ads,US
CUST_010137,2024-04-14 23:18:04,creator_network,GB
CUST_010138,2025-06-04 01:10:33,meta_ads,GB
CUST_010139,2025-04-03 17:30:21,meta_ads,US
CUST_010140,2025-04-15 12:52:33,meta_ads,US
CUST_010141,2024-02-25 22:09:38,google_ads,US
CUST_010142,2025-02-13 03:07:34,google_ads,US
CUST_010143,2025-11-23 17:59:26,meta_ads,US
CUST_010144,2024-12-21 15:40:18,meta_ads,US
CUST_010145,2025-05-16 03:19:00,creator_network,US
CUST_010146,2025-08-19 20:44:28,meta_ads,US
CUST_010147,2025-08-18 22:45:31,direct,US
CUST_010148,2025-03-26 04:17:55,meta_ads,US
CUST_010149,2025-10-29 09:42:31,creator_network,US
CUST_010150,2024-12-16 13:31:37,google_ads,US
CUST_010151,2025-10-01 22:19:48,meta_ads,US
CUST_010152,2024-08-21 20:03:11,google_ads,US
CUST_010153,2024-09-05 00:46:33,google_ads,US
CUST_010154,2024-02-09 01:12:57,organic_search,US
CUST_010155,2025-09-29 01:12:10,creator_network,GB
CUST_010156,2024-12-25 04:24:21,meta_ads,US
CUST_010157,2024-08-02 22:40:21,meta_ads,US
CUST_010158,2024-08-07 21:43:53,meta_ads,US
CUST_010159,2025-11-14 03:32:29,meta_ads,US
CUST_010160,2025-09-03 19:18:46,google_ads,US
CUST_010161,2025-04-08 02:43:11,direct,DE
CUST_010162,2025-05-30 15:01:49,google_ads,CA
CUST_010163,2025-02-03 17:57:16,creator_network,US
CUST_010164,2024-12-19 17:15:00,creator_network,US
CUST_010165,2025-11-05 04:06:03,organic_search,US
CUST_010166,2024-05-19 13:58:48,meta_ads,GB
CUST_010167,2024-12-31 20:32:32,creator_network,CA
CUST_010168,2024-11-21 15:58:43,organic_search,CA
CUST_010169,2025-02-23 16:17:52,meta_ads,DE
CUST_010170,2025-01-26 07:54:25,meta_ads,CA
CUST_010171,2025-03-20 02:37:38,direct,DE
CUST_010172,2024-05-22 15:53:21,creator_network,US
CUST_010173,2025-03-17 08:46:59,meta_ads,US
CUST_010174,2024-08-30 05:00:27,google_ads,US
CUST_010175,2024-06-22 20:18:51,google_ads,US
CUST_010176,2024-03-30 11:56:30,google_ads,US
CUST_010177,2025-08-08 21:57:08,meta_ads,CA
CUST_010178,2025-01-31 23:42:14,meta_ads,US
CUST_010179,2025-05-10 13:31:15,creator_network,GB
CUST_010180,2025-07-19 22:27:04,creator_network,DE
CUST_010181,2025-06-10 23:07:18,organic_search,US
CUST_010182,2025-02-26 06:09:10,meta_ads,CA
CUST_010183,2024-12-25 18:39:55,organic_search,US
CUST_010184,2024-11-06 01:18:36,meta_ads,US
CUST_010185,2025-05-11 20:04:42,google_ads,US
CUST_010186,2025-02-05 19:11:51,organic_search,US
CUST_010187,2025-10-27 08:23:10,google_ads,US
CUST_010188,2025-10-06 23:02:11,meta_ads,US
CUST_010189,2024-06-05 12:42:31,meta_ads,US
CUST_010190,2024-05-29 07:13:30,google_ads,US
CUST_010191,2025-05-10 01:05:53,creator_network,US
CUST_010192,2024-09-09 12:53:53,direct,US
CUST_010193,2024-01-20 10:56:23,creator_network,US
CUST_010194,2025-10-02 04:57:17,organic_search,US
CUST_010195,2024-07-21 05:19:28,creator_network,CA
CUST_010196,2025-11-12 21:22:43,organic_search,US
CUST_010197,2025-07-07 05:08:01,meta_ads,US
CUST_010198,2025-08-10 06:38:01,direct,US
CUST_010199,2024-07-12 19:19:37,google_ads,US
CUST_010200,2024-08-26 04:28:13,direct,US
CUST_010201,2025-03-19 20:27:44,meta_ads,US
CUST_010202,2024-06-18 04:44:41,creator_network,CA
CUST_010203,2024-10-06 03:29:19,creator_network,US
CUST_010204,2024-10-09 10:55:23,direct,US
CUST_010205,2024-06-14 20:37:51,creator_network,US
CUST_010206,2024-07-16 08:24:40,google_ads,US
CUST_010207,2025-08-11 07:27:57,google_ads,GB
CUST_010208,2024-06-06 04:54:57,meta_ads,US
CUST_010209,2024-01-14 16:41:39,meta_ads,US
CUST_010210,2025-05-21 20:58:20,meta_ads,US
CUST_010211,2025-12-14 23:40:35,meta_ads,US
CUST_010212,2024-10-28 19:32:30,google_ads,US
CUST_010213,2024-04-19 01:27:23,organic_search,US
CUST_010214,2025-04-22 22:54:42,organic_search,US
CUST_010215,2025-11-23 14:48:54,meta_ads,US
CUST_010216,2025-08-01 21:16:05,meta_ads,US
CUST_010217,2025-05-09 11:28:49,meta_ads,US
CUST_010218,2024-10-04 14:14:03,meta_ads,US
CUST_010219,2025-03-18 08:53:13,meta_ads,US
CUST_010220,2024-04-25 20:50:24,google_ads,US
CUST_010221,2025-06-12 19:38:21,google_ads,US
CUST_010222,2025-07-15 05:45:12,google_ads,US
CUST_010223,2025-12-10 01:45:33,google_ads,GB
CUST_010224,2024-08-05 08:06:58,meta_ads,US
CUST_010225,2024-01-22 04:26:43,creator_network,US
CUST_010226,2025-03-01 11:23:52,organic_search,US
CUST_010227,2025-07-31 14:43:44,meta_ads,US
CUST_010228,2025-09-16 03:10:11,meta_ads,CA
CUST_010229,2024-07-18 08:19:46,meta_ads,US
CUST_010230,2024-08-13 03:10:24,meta_ads,US
CUST_010231,2025-03-08 16:03:45,google_ads,US
CUST_010232,2024-10-14 22:33:21,meta_ads,US
CUST_010233,2025-10-18 18:05:15,google_ads,CA
CUST_010234,2025-02-02 11:19:36,meta_ads,US
CUST_010235,2025-09-12 14:42:38,creator_network,US
CUST_010236,2025-04-01 01:11:40,meta_ads,US
CUST_010237,2025-08-06 11:11:58,google_ads,US
CUST_010238,2024-10-13 14:58:10,meta_ads,US
CUST_010239,2025-09-28 14:00:17,meta_ads,CA
CUST_010240,2024-09-20 13:55:28,organic_search,US
CUST_010241,2025-03-05 08:53:48,creator_network,US
CUST_010242,2024-07-14 07:32:55,meta_ads,US
CUST_010243,2025-02-06 12:19:20,creator_network,US
CUST_010244,2024-10-07 07:54:17,google_ads,US
CUST_010245,2024-09-16 22:29:17,google_ads,GB
CUST_010246,2025-12-29 01:32:51,google_ads,US
CUST_010247,2024-06-15 16:30:34,organic_search,US
CUST_010248,2025-08-29 02:06:46,meta_ads,US
CUST_010249,2025-12-13 13:57:35,google_ads,US
CUST_010250,2024-01-02 20:52:17,meta_ads,DE
CUST_010251,2025-07-05 22:16:13,creator_network,CA
CUST_010252,2024-08-16 07:08:46,organic_search,GB
CUST_010253,2024-02-27 02:17:48,organic_search,DE
CUST_010254,2024-12-04 18:29:47,creator_network,US
CUST_010255,2025-11-25 00:52:34,direct,US
CUST_010256,2024-01-22 21:44:22,creator_network,GB
CUST_010257,2025-04-10 07:25:56,creator_network,US
CUST_010258,2025-02-02 07:28:11,direct,CA
CUST_010259,2025-10-15 02:02:10,meta_ads,US
CUST_010260,2024-03-06 05:58:45,google_ads,US
CUST_010261,2025-06-13 14:43:34,creator_network,CA
CUST_010262,2025-06-14 02:59:20,organic_search,US
CUST_010263,2025-06-05 13:32:36,organic_search,US
CUST_010264,2025-11-30 05:18:40,organic_search,GB
CUST_010265,2025-09-25 22:31:49,direct,US
CUST_010266,2024-02-20 04:19:00,google_ads,US
CUST_010267,2025-02-03 04:25:13,meta_ads,DE
CUST_010268,2024-12-09 22:15:26,meta_ads,US
CUST_010269,2024-10-19 19:34:56,google_ads,CA
CUST_010270,2025-01-20 11:03:31,google_ads,US
CUST_010271,2024-12-25 13:48:59,google_ads,US
CUST_010272,2025-01-31 11:34:09,google_ads,CA
CUST_010273,2025-12-12 01:08:41,organic_search,US
CUST_010274,2024-03-05 00:26:30,meta_ads,US
CUST_010275,2025-11-24 00:34:24,organic_search,US
CUST_010276,2025-02-17 15:36:11,organic_search,US
CUST_010277,2025-05-28 05:32:51,google_ads,US
CUST_010278,2025-09-12 16:22:31,google_ads,US
CUST_010279,2024-11-04 01:46:23,creator_network,US
CUST_010280,2025-01-04 10:21:42,creator_network,US
CUST_010281,2024-12-11 11:32:10,meta_ads,US
CUST_010282,2024-11-12 19:22:24,meta_ads,US
CUST_010283,2025-11-02 17:36:21,meta_ads,US
CUST_010284,2025-09-06 15:48:40,meta_ads,CA
CUST_010285,2024-04-15 14:01:26,meta_ads,US
CUST_010286,2024-04-20 11:54:31,meta_ads,CA
CUST_010287,2025-01-30 09:07:31,google_ads,US
CUST_010288,2024-04-01 09:03:05,direct,US
CUST_010289,2025-05-19 03:41:46,creator_network,CA
CUST_010290,2024-05-27 12:58:34,direct,CA
CUST_010291,2025-03-23 19:16:46,creator_network,US
CUST_010292,2024-01-30 21:52:13,creator_network,US
CUST_010293,2024-10-27 18:50:30,google_ads,DE
CUST_010294,2025-06-09 01:26:17,meta_ads,US
CUST_010295,2025-02-04 07:36:55,organic_search,US
CUST_010296,2025-12-30 13:14:56,organic_search,US
CUST_010297,2025-10-07 18:42:00,google_ads,CA
CUST_010298,2024-11-03 15:22:26,meta_ads,US
CUST_010299,2024-02-03 03:00:31,creator_network,CA
CUST_010300,2025-10-13 17:36:05,meta_ads,US
CUST_010301,2025-11-18 14:56:29,meta_ads,US
CUST_010302,2025-09-30 03:45:46,organic_search,US
CUST_010303,2024-05-03 05:18:53,google_ads,US
CUST_010304,2025-12-17 08:43:54,creator_network,US
CUST_010305,2024-08-15 07:01:28,organic_search,US
CUST_010306,2025-07-27 06:48:22,google_ads,US
CUST_010307,2025-11-25 17:25:35,google_ads,US
CUST_010308,2024-08-30 07:57:23,meta_ads,US
CUST_010309,2025-11-28 18:17:17,meta_ads,US
CUST_010310,2024-10-23 05:07:27,creator_network,US
CUST_010311,2025-12-10 08:21:08,google_ads,GB
CUST_010312,2024-09-22 21:28:49,meta_ads,US
CUST_010313,2025-12-23 16:49:59,meta_ads,US
CUST_010314,2024-02-26 21:30:34,google_ads,US
CUST_010315,2025-07-03 06:34:16,google_ads,US
CUST_010316,2025-03-21 15:15:32,creator_network,US
CUST_010317,2025-02-15 03:57:21,google_ads,US
CUST_010318,2024-07-14 11:24:06,meta_ads,US
CUST_010319,2025-07-30 21:24:07,google_ads,US
CUST_010320,2024-06-01 13:24:31,organic_search,US
CUST_010321,2025-04-03 21:54:01,meta_ads,GB
CUST_010322,2024-08-02 10:06:09,creator_network,US
CUST_010323,2025-12-03 17:38:24,google_ads,GB
CUST_010324,2024-01-06 15:24:40,creator_network,GB
CUST_010325,2024-07-24 13:01:08,meta_ads,GB
CUST_010326,2024-08-02 15:05:38,direct,US
CUST_010327,2024-12-19 07:24:15,google_ads,US
CUST_010328,2024-08-23 13:13:55,organic_search,CA
CUST_010329,2025-02-13 13:58:48,meta_ads,GB
CUST_010330,2025-10-20 23:06:33,creator_network,US
CUST_010331,2025-07-13 03:46:37,creator_network,US
CUST_010332,2025-04-28 12:35:43,google_ads,US
CUST_010333,2024-03-03 21:12:43,google_ads,US
CUST_010334,2025-07-11 19:31:02,creator_network,US
CUST_010335,2024-06-01 22:22:44,meta_ads,GB
CUST_010336,2025-08-22 10:22:19,creator_network,GB
CUST_010337,2024-08-01 16:10:54,meta_ads,GB
CUST_010338,2024-12-17 13:03:47,meta_ads,DE
CUST_010339,2024-11-24 14:32:54,creator_network,US
CUST_010340,2025-10-31 11:39:35,meta_ads,US
CUST_010341,2024-05-07 08:14:04,direct,US
CUST_010342,2025-04-22 03:41:47,organic_search,CA
CUST_010343,2024-05-19 05:21:19,google_ads,US
CUST_010344,2025-07-25 10:11:13,organic_search,GB
CUST_010345,2025-11-22 12:00:50,organic_search,US
CUST_010346,2025-01-31 02:48:03,meta_ads,US
CUST_010347,2025-02-03 01:04:23,organic_search,US
CUST_010348,2025-11-05 05:04:44,meta_ads,US
CUST_010349,2025-03-07 19:27:19,google_ads,US
CUST_010350,2025-02-09 05:23:41,google_ads,US
CUST_010351,2025-04-06 00:31:29,creator_network,US
CUST_010352,2025-06-03 23:24:12,meta_ads,US
CUST_010353,2024-04-15 04:39:38,meta_ads,US
CUST_010354,2025-09-15 11:10:48,google_ads,DE
CUST_010355,2025-01-23 23:20:22,meta_ads,CA
CUST_010356,2024-03-04 08:12:28,creator_network,CA
CUST_010357,2025-08-06 07:04:50,creator_network,US
CUST_010358,2024-11-06 05:11:41,meta_ads,US
CUST_010359,2024-04-12 08:55:04,meta_ads,US
CUST_010360,2025-05-25 10:06:21,google_ads,US
CUST_010361,2025-10-14 23:48:35,google_ads,US
CUST_010362,2025-10-30 05:41:10,meta_ads,GB
CUST_010363,2025-12-26 14:52:50,meta_ads,US
CUST_010364,2025-10-27 07:14:25,meta_ads,US
CUST_010365,2024-01-04 01:20:39,meta_ads,US
CUST_010366,2024-11-13 16:17:01,google_ads,GB
CUST_010367,2025-09-09 04:12:51,creator_network,US
CUST_010368,2024-11-18 18:16:34,google_ads,US
CUST_010369,2025-05-17 23:37:10,organic_search,US
CUST_010370,2025-05-01 20:32:53,meta_ads,US
CUST_010371,2024-11-19 14:26:04,google_ads,CA
CUST_010372,2025-11-08 11:45:47,google_ads,US
CUST_010373,2025-02-28 05:22:07,creator_network,GB
CUST_010374,2025-02-06 23:40:33,creator_network,US
CUST_010375,2025-12-21 09:30:16,creator_network,US
CUST_010376,2025-02-12 19:52:15,creator_network,US
CUST_010377,2024-06-03 08:05:00,meta_ads,US
CUST_010378,2025-03-13 02:54:05,creator_network,US
CUST_010379,2025-09-13 10:35:57,creator_network,CA
CUST_010380,2025-08-25 16:39:52,direct,US
CUST_010381,2025-08-23 12:29:58,creator_network,US
CUST_010382,2025-07-25 18:40:34,creator_network,CA
CUST_010383,2024-08-10 15:31:31,google_ads,US
CUST_010384,2025-10-21 06:22:19,organic_search,GB
CUST_010385,2025-11-27 14:06:24,direct,US
CUST_010386,2024-07-20 11:12:05,creator_network,US
CUST_010387,2024-05-28 15:01:36,google_ads,CA
CUST_010388,2025-12-29 13:30:56,meta_ads,US
CUST_010389,2025-10-14 14:30:57,creator_network,US
CUST_010390,2025-11-04 23:55:02,creator_network,US
CUST_010391,2025-10-30 19:17:37,creator_network,US
CUST_010392,2025-03-28 08:34:51,meta_ads,US
CUST_010393,2025-06-11 18:01:10,creator_network,US
CUST_010394,2025-03-27 19:41:34,meta_ads,US
CUST_010395,2024-02-08 15:03:01,creator_network,US
CUST_010396,2025-08-14 08:44:09,meta_ads,US
CUST_010397,2025-02-20 19:11:43,creator_network,CA
CUST_010398,2025-06-26 06:08:19,meta_ads,US
CUST_010399,2025-02-07 11:20:02,meta_ads,US
CUST_010400,2025-02-25 07:56:32,google_ads,US
CUST_010401,2024-06-14 11:46:46,meta_ads,US
CUST_010402,2024-09-17 10:29:08,creator_network,US
CUST_010403,2024-06-11 05:15:47,direct,US
CUST_010404,2024-07-05 19:34:38,direct,US
CUST_010405,2025-12-26 17:29:50,meta_ads,DE
CUST_010406,2024-05-30 14:21:30,organic_search,DE
CUST_010407,2024-09-12 22:14:29,meta_ads,US
CUST_010408,2025-04-08 23:14:06,organic_search,US
CUST_010409,2025-05-16 17:37:57,creator_network,US
CUST_010410,2024-05-04 10:56:15,meta_ads,US
CUST_010411,2025-09-18 17:24:28,google_ads,US
CUST_010412,2025-08-31 19:11:48,meta_ads,US
CUST_010413,2024-08-25 21:11:13,creator_network,US
CUST_010414,2024-09-22 16:04:11,google_ads,GB
CUST_010415,2025-11-23 12:06:22,creator_network,US
CUST_010416,2025-09-24 19:58:12,google_ads,US
CUST_010417,2025-07-02 03:57:25,direct,US
CUST_010418,2024-03-28 10:06:51,direct,US
CUST_010419,2024-12-23 20:35:11,google_ads,US
CUST_010420,2025-04-06 13:31:04,creator_network,US
CUST_010421,2024-06-14 11:45:52,organic_search,US
CUST_010422,2025-01-19 11:52:55,organic_search,US
CUST_010423,2025-05-16 08:30:16,meta_ads,DE
CUST_010424,2024-10-31 10:13:39,meta_ads,US
CUST_010425,2025-08-04 00:57:47,meta_ads,DE
CUST_010426,2025-09-19 20:32:33,google_ads,US
CUST_010427,2024-10-22 12:39:30,meta_ads,US
CUST_010428,2025-09-07 10:28:56,google_ads,DE
CUST_010429,2024-04-08 11:44:38,creator_network,US
CUST_010430,2025-09-05 04:12:28,google_ads,US
CUST_010431,2024-05-13 08:56:19,creator_network,US
CUST_010432,2024-03-26 10:56:37,meta_ads,US
CUST_010433,2025-05-02 06:53:42,organic_search,US
CUST_010434,2025-02-02 22:26:00,direct,US
CUST_010435,2025-11-05 02:41:11,google_ads,US
CUST_010436,2024-11-11 16:45:32,organic_search,CA
CUST_010437,2024-09-23 22:05:59,meta_ads,US
CUST_010438,2025-02-24 12:54:57,creator_network,US
CUST_010439,2025-01-16 00:14:55,meta_ads,GB
CUST_010440,2024-11-20 08:04:02,google_ads,US
CUST_010441,2025-07-20 23:36:54,meta_ads,US
CUST_010442,2025-08-16 04:19:49,google_ads,GB
CUST_010443,2025-10-19 22:23:25,meta_ads,US
CUST_010444,2025-12-07 04:56:07,google_ads,US
CUST_010445,2024-09-17 09:46:03,meta_ads,US
CUST_010446,2025-07-20 17:49:29,organic_search,US
CUST_010447,2024-12-01 21:11:45,google_ads,US
CUST_010448,2025-06-19 06:59:56,meta_ads,US
CUST_010449,2025-02-02 01:29:42,meta_ads,US
CUST_010450,2025-12-10 05:12:48,organic_search,US
CUST_010451,2025-07-21 16:52:30,google_ads,US
CUST_010452,2025-12-18 07:00:13,google_ads,GB
CUST_010453,2025-09-22 18:27:34,google_ads,US
CUST_010454,2025-11-09 03:38:44,meta_ads,US
CUST_010455,2025-09-25 08:39:51,meta_ads,US
CUST_010456,2025-01-24 10:18:12,google_ads,US
CUST_010457,2024-08-15 15:42:02,meta_ads,US
CUST_010458,2024-11-17 19:32:38,meta_ads,US
CUST_010459,2024-01-31 11:58:45,meta_ads,US
CUST_010460,2025-03-05 03:13:13,meta_ads,US
CUST_010461,2025-02-11 03:07:10,meta_ads,US
CUST_010462,2025-03-06 16:17:56,direct,US
CUST_010463,2025-12-11 01:15:03,google_ads,US
CUST_010464,2025-11-07 06:05:47,creator_network,US
CUST_010465,2024-06-21 03:05:48,meta_ads,CA
CUST_010466,2024-11-09 03:36:48,meta_ads,US
CUST_010467,2025-01-08 17:02:18,organic_search,US
CUST_010468,2024-11-25 18:09:01,google_ads,US
CUST_010469,2025-09-07 23:37:41,meta_ads,US
CUST_010470,2025-03-16 12:22:31,google_ads,US
CUST_010471,2025-04-10 22:40:25,google_ads,CA
CUST_010472,2025-10-19 07:45:00,organic_search,US
CUST_010473,2025-09-01 14:27:21,meta_ads,US
CUST_010474,2024-05-23 02:04:16,google_ads,US
CUST_010475,2025-07-28 18:43:04,creator_network,US
CUST_010476,2025-01-20 19:50:05,direct,US
CUST_010477,2024-09-25 05:13:30,organic_search,GB
CUST_010478,2024-02-13 10:15:40,meta_ads,US
CUST_010479,2025-02-02 05:56:52,creator_network,US
CUST_010480,2024-11-23 03:25:54,creator_network,US
CUST_010481,2024-08-04 19:03:45,creator_network,US
CUST_010482,2025-07-29 12:14:26,organic_search,US
CUST_010483,2025-08-14 17:09:22,organic_search,US
CUST_010484,2024-08-29 13:13:52,meta_ads,US
CUST_010485,2024-02-01 07:12:07,meta_ads,US
CUST_010486,2025-10-03 07:56:03,creator_network,CA
CUST_010487,2024-01-13 01:52:03,meta_ads,GB
CUST_010488,2025-11-30 08:27:45,meta_ads,US
CUST_010489,2025-05-02 22:52:35,google_ads,US
CUST_010490,2024-10-16 11:15:11,organic_search,US
CUST_010491,2024-08-27 20:28:38,meta_ads,US
CUST_010492,2024-01-08 10:37:43,creator_network,US
CUST_010493,2024-08-28 14:14:05,meta_ads,US
CUST_010494,2024-05-30 09:50:37,meta_ads,CA
CUST_010495,2025-05-27 10:31:07,meta_ads,CA
CUST_010496,2024-06-01 14:01:04,meta_ads,US
CUST_010497,2025-03-18 06:21:48,organic_search,US
CUST_010498,2025-04-02 13:14:29,organic_search,CA
CUST_010499,2024-09-23 09:38:24,creator_network,US
CUST_010500,2024-02-09 17:58:33,meta_ads,US
CUST_010501,2024-02-09 14:24:47,google_ads,US
CUST_010502,2024-01-17 13:45:58,meta_ads,GB
CUST_010503,2025-07-29 19:48:39,meta_ads,US
CUST_010504,2024-10-28 05:16:03,google_ads,US
CUST_010505,2025-09-10 02:58:03,creator_network,CA
CUST_010506,2025-01-07 05:44:23,meta_ads,US
CUST_010507,2025-01-13 13:22:22,meta_ads,US
CUST_010508,2025-03-27 21:46:57,direct,DE
CUST_010509,2025-07-29 01:30:16,google_ads,US
CUST_010510,2024-09-12 18:00:00,direct,GB
CUST_010511,2024-04-14 17:02:14,direct,US
CUST_010512,2025-04-30 03:57:30,google_ads,US
CUST_010513,2024-10-08 01:12:20,meta_ads,US
CUST_010514,2025-01-29 17:19:54,creator_network,US
CUST_010515,2025-06-24 22:57:10,meta_ads,GB
CUST_010516,2025-02-23 08:52:13,meta_ads,US
CUST_010517,2025-05-29 09:33:04,creator_network,DE
CUST_010518,2025-03-17 12:32:50,google_ads,US
CUST_010519,2025-07-12 11:01:42,meta_ads,US
CUST_010520,2025-07-04 15:42:03,creator_network,US
CUST_010521,2025-03-18 23:41:46,creator_network,US
CUST_010522,2025-06-06 02:28:02,meta_ads,US
CUST_010523,2025-10-06 01:53:07,meta_ads,US
CUST_010524,2025-01-26 00:38:57,meta_ads,US
CUST_010525,2024-12-15 05:22:15,meta_ads,DE
CUST_010526,2025-08-19 07:10:32,creator_network,US
CUST_010527,2025-04-21 01:15:02,creator_network,CA
CUST_010528,2024-03-07 22:33:13,creator_network,US
CUST_010529,2025-10-28 22:40:06,meta_ads,US
CUST_010530,2024-02-12 15:38:35,meta_ads,US
CUST_010531,2025-08-22 05:07:20,meta_ads,US
CUST_010532,2025-08-22 17:49:41,meta_ads,US
CUST_010533,2025-12-27 09:33:04,meta_ads,US
CUST_010534,2024-02-03 14:19:11,google_ads,GB
CUST_010535,2025-04-17 15:11:13,meta_ads,US
CUST_010536,2025-01-24 11:47:33,creator_network,CA
CUST_010537,2024-10-27 00:34:21,creator_network,US
CUST_010538,2024-03-04 02:44:03,google_ads,US
CUST_010539,2025-04-18 00:12:15,meta_ads,US
CUST_010540,2025-02-28 04:32:40,organic_search,US
CUST_010541,2024-04-14 19:04:27,direct,US
CUST_010542,2025-05-20 15:41:09,meta_ads,US
CUST_010543,2025-07-21 04:01:47,creator_network,GB
CUST_010544,2025-08-08 09:14:16,organic_search,CA
CUST_010545,2025-11-28 12:57:08,google_ads,US
CUST_010546,2024-12-22 11:34:25,meta_ads,US
CUST_010547,2025-12-21 20:27:12,google_ads,US
CUST_010548,2025-10-04 06:00:45,google_ads,US
CUST_010549,2024-09-04 00:44:53,google_ads,US
CUST_010550,2024-06-13 03:44:37,direct,GB
CUST_010551,2025-01-29 18:40:31,creator_network,US
CUST_010552,2024-12-06 14:27:37,meta_ads,US
CUST_010553,2025-04-30 00:58:05,google_ads,CA
CUST_010554,2025-04-19 10:48:09,creator_network,US
CUST_010555,2025-08-01 13:32:34,meta_ads,US
CUST_010556,2025-03-12 13:23:30,meta_ads,US
CUST_010557,2024-04-15 04:06:20,organic_search,US
CUST_010558,2025-10-12 02:52:33,google_ads,GB
CUST_010559,2024-10-31 09:36:35,meta_ads,GB
CUST_010560,2025-12-20 01:23:56,meta_ads,US
CUST_010561,2024-04-21 18:25:21,google_ads,CA
CUST_010562,2025-12-10 05:24:02,google_ads,US
CUST_010563,2024-04-15 06:09:14,meta_ads,US
CUST_010564,2024-08-16 16:54:01,google_ads,US
CUST_010565,2024-02-11 12:37:27,meta_ads,GB
CUST_010566,2025-07-20 17:00:59,meta_ads,US
CUST_010567,2025-10-28 09:56:13,google_ads,US
CUST_010568,2025-01-10 08:30:45,meta_ads,CA
CUST_010569,2025-11-04 04:16:23,organic_search,CA
CUST_010570,2025-04-15 12:26:53,meta_ads,US
CUST_010571,2025-05-31 04:50:52,creator_network,US
CUST_010572,2025-10-26 23:53:42,google_ads,US
CUST_010573,2024-09-15 12:30:15,google_ads,US
CUST_010574,2024-11-30 04:24:36,creator_network,US
CUST_010575,2025-11-17 21:57:27,google_ads,US
CUST_010576,2025-11-02 04:42:03,creator_network,US
CUST_010577,2025-12-28 22:29:54,google_ads,US
CUST_010578,2025-11-27 04:58:01,google_ads,CA
CUST_010579,2024-05-19 05:50:55,creator_network,US
CUST_010580,2025-09-09 20:37:10,google_ads,US
CUST_010581,2024-12-10 20:32:32,google_ads,US
CUST_010582,2025-12-10 08:12:54,creator_network,US
CUST_010583,2025-02-11 04:12:37,direct,US
CUST_010584,2025-04-09 05:53:46,meta_ads,US
CUST_010585,2025-03-30 00:19:16,google_ads,US
CUST_010586,2024-10-18 03:25:41,meta_ads,US
CUST_010587,2024-03-17 22:47:37,meta_ads,US
CUST_010588,2025-11-30 19:08:29,google_ads,GB
CUST_010589,2025-09-11 00:52:25,organic_search,CA
CUST_010590,2024-05-05 08:30:49,google_ads,US
CUST_010591,2025-08-05 04:52:39,creator_network,US
CUST_010592,2025-05-23 13:20:37,meta_ads,CA
CUST_010593,2024-12-19 06:40:50,google_ads,US
CUST_010594,2024-08-06 12:33:35,organic_search,US
CUST_010595,2025-10-05 19:00:23,meta_ads,US
CUST_010596,2025-07-18 06:25:33,meta_ads,US
CUST_010597,2025-03-25 04:49:16,google_ads,US
CUST_010598,2025-05-10 03:03:32,creator_network,CA
CUST_010599,2024-04-16 03:26:50,google_ads,GB
CUST_010600,2025-02-15 19:46:28,google_ads,GB
CUST_010601,2024-07-16 17:40:10,creator_network,US
CUST_010602,2024-07-18 09:45:16,meta_ads,US
CUST_010603,2025-06-27 01:52:16,creator_network,CA
CUST_010604,2025-11-01 00:19:54,meta_ads,US
CUST_010605,2024-12-12 05:32:15,google_ads,US
CUST_010606,2024-07-11 22:18:57,creator_network,US
CUST_010607,2025-06-17 16:42:24,organic_search,GB
CUST_010608,2025-10-04 20:55:01,creator_network,US
CUST_010609,2025-08-15 23:28:44,creator_network,CA
CUST_010610,2025-10-27 00:53:25,meta_ads,CA
CUST_010611,2025-03-20 21:07:11,meta_ads,US
CUST_010612,2025-08-17 03:21:48,meta_ads,GB
CUST_010613,2024-05-09 10:33:48,organic_search,DE
CUST_010614,2024-11-01 22:26:11,organic_search,US
CUST_010615,2024-12-16 00:47:22,direct,CA
CUST_010616,2025-03-29 23:14:06,meta_ads,DE
CUST_010617,2025-11-28 19:34:55,google_ads,US
CUST_010618,2025-10-10 05:27:45,google_ads,US
CUST_010619,2024-05-29 11:28:41,creator_network,US
CUST_010620,2024-06-27 21:31:01,google_ads,US
CUST_010621,2024-11-25 11:44:21,creator_network,US
CUST_010622,2024-09-11 00:00:01,meta_ads,US
CUST_010623,2025-05-27 08:49:39,meta_ads,DE
CUST_010624,2025-11-01 20:46:01,meta_ads,US
CUST_010625,2025-12-09 16:08:53,meta_ads,US
CUST_010626,2025-06-01 08:59:48,meta_ads,US
CUST_010627,2025-09-26 19:39:35,meta_ads,US
CUST_010628,2025-03-31 10:43:50,meta_ads,US
CUST_010629,2024-07-17 08:42:57,google_ads,US
CUST_010630,2025-03-24 15:52:59,organic_search,US
CUST_010631,2025-04-10 08:13:20,organic_search,US
CUST_010632,2025-08-08 23:29:30,meta_ads,CA
CUST_010633,2024-07-03 11:19:20,meta_ads,US
CUST_010634,2024-11-05 13:41:15,meta_ads,US
CUST_010635,2024-11-17 13:28:29,direct,US
CUST_010636,2025-12-01 13:06:25,google_ads,US
CUST_010637,2025-01-29 18:30:53,meta_ads,US
CUST_010638,2025-08-13 23:01:21,organic_search,US
CUST_010639,2025-08-25 09:35:56,google_ads,US
CUST_010640,2024-09-20 07:54:45,organic_search,US
CUST_010641,2025-04-25 12:33:45,meta_ads,US
CUST_010642,2025-11-11 18:57:31,google_ads,US
CUST_010643,2025-02-09 07:11:56,google_ads,US
CUST_010644,2025-11-01 11:50:34,organic_search,US
CUST_010645,2024-07-05 12:57:05,organic_search,US
CUST_010646,2024-03-11 13:57:51,google_ads,GB
CUST_010647,2025-10-03 16:02:25,meta_ads,US
CUST_010648,2025-10-31 01:04:10,google_ads,DE
CUST_010649,2025-12-21 22:26:07,direct,US
CUST_010650,2025-06-26 08:58:20,google_ads,US
CUST_010651,2025-11-13 02:28:21,creator_network,US
CUST_010652,2025-09-28 09:38:27,google_ads,US
CUST_010653,2025-10-04 23:54:59,google_ads,US
CUST_010654,2025-04-24 13:04:43,google_ads,US
CUST_010655,2024-12-25 17:23:37,creator_network,US
CUST_010656,2025-11-09 09:21:59,organic_search,US
CUST_010657,2025-01-05 15:20:17,google_ads,US
CUST_010658,2025-03-14 00:31:22,google_ads,US
CUST_010659,2025-01-05 17:44:59,meta_ads,US
CUST_010660,2025-04-12 19:59:03,meta_ads,US
CUST_010661,2025-02-03 00:52:11,direct,CA
CUST_010662,2024-02-11 12:23:04,meta_ads,US
CUST_010663,2025-10-20 19:43:15,organic_search,US
CUST_010664,2025-01-21 11:18:19,creator_network,US
CUST_010665,2025-04-23 05:50:35,creator_network,US
CUST_010666,2024-05-24 20:25:08,direct,US
CUST_010667,2024-01-01 03:11:57,google_ads,US
CUST_010668,2024-08-06 18:15:56,organic_search,CA
CUST_010669,2025-07-11 10:39:11,meta_ads,US
CUST_010670,2024-04-28 19:39:27,google_ads,US
CUST_010671,2025-11-24 10:40:02,creator_network,US
CUST_010672,2024-07-08 01:00:49,meta_ads,US
CUST_010673,2024-07-15 11:00:37,creator_network,US
CUST_010674,2024-06-23 07:45:07,creator_network,CA
CUST_010675,2024-01-30 16:08:58,organic_search,US
CUST_010676,2025-08-05 18:08:00,meta_ads,US
CUST_010677,2025-10-19 17:02:09,creator_network,US
CUST_010678,2025-05-11 11:55:54,meta_ads,US
CUST_010679,2024-06-20 07:02:17,creator_network,CA
CUST_010680,2024-09-23 10:12:40,google_ads,US
CUST_010681,2025-02-26 17:17:13,google_ads,US
CUST_010682,2025-12-30 22:24:05,google_ads,US
CUST_010683,2024-08-11 18:45:32,meta_ads,CA
CUST_010684,2025-07-21 15:53:07,meta_ads,US
CUST_010685,2025-01-14 13:41:01,meta_ads,CA
CUST_010686,2024-09-16 00:11:57,google_ads,CA
CUST_010687,2025-01-17 21:30:02,organic_search,US
CUST_010688,2024-03-25 06:41:59,meta_ads,US
CUST_010689,2025-09-10 04:24:49,meta_ads,US
CUST_010690,2024-08-14 05:20:02,google_ads,US
CUST_010691,2025-07-14 08:51:06,creator_network,US
CUST_010692,2024-03-29 16:14:48,meta_ads,US
CUST_010693,2025-12-31 04:31:52,meta_ads,US
CUST_010694,2024-07-10 00:35:31,meta_ads,US
CUST_010695,2025-10-24 11:27:46,google_ads,US
CUST_010696,2025-09-17 19:52:07,meta_ads,US
CUST_010697,2025-12-05 04:34:44,meta_ads,US
CUST_010698,2025-02-13 12:55:11,creator_network,US
CUST_010699,2025-07-21 00:00:27,google_ads,GB
CUST_010700,2024-11-27 01:08:53,meta_ads,CA
CUST_010701,2024-06-08 00:00:47,google_ads,US
CUST_010702,2025-01-06 10:38:21,google_ads,US
CUST_010703,2024-06-19 18:34:58,direct,US
CUST_010704,2025-12-21 00:00:07,meta_ads,US
CUST_010705,2024-04-05 12:54:39,creator_network,US
CUST_010706,2025-04-25 16:27:36,creator_network,US
CUST_010707,2025-05-13 18:53:22,meta_ads,CA
CUST_010708,2025-03-30 13:59:06,organic_search,DE
CUST_010709,2025-06-28 00:05:22,google_ads,US
CUST_010710,2024-04-02 01:20:46,creator_network,US
CUST_010711,2025-04-05 19:24:31,meta_ads,US
CUST_010712,2024-09-07 14:45:17,meta_ads,US
CUST_010713,2025-11-25 16:50:24,google_ads,US
CUST_010714,2025-08-05 21:05:56,meta_ads,DE
CUST_010715,2025-12-07 14:26:02,google_ads,DE
CUST_010716,2024-02-20 02:32:36,meta_ads,US
CUST_010717,2024-09-03 23:32:08,google_ads,US
CUST_010718,2024-07-02 09:09:39,google_ads,US
CUST_010719,2024-01-02 16:50:55,meta_ads,US
CUST_010720,2024-08-27 00:54:18,google_ads,US
CUST_010721,2025-06-30 17:15:46,google_ads,US
CUST_010722,2024-08-27 09:38:43,meta_ads,US
CUST_010723,2025-03-24 00:28:59,meta_ads,DE
CUST_010724,2025-10-18 03:45:49,meta_ads,US
CUST_010725,2025-07-01 22:50:53,meta_ads,CA
CUST_010726,2024-12-01 05:40:17,direct,US
CUST_010727,2024-11-27 09:01:38,google_ads,CA
CUST_010728,2025-01-06 01:40:23,meta_ads,US
CUST_010729,2024-06-21 14:52:28,meta_ads,US
CUST_010730,2025-05-09 16:15:54,meta_ads,CA
CUST_010731,2024-11-11 10:46:33,google_ads,US
CUST_010732,2025-10-19 11:15:21,meta_ads,US
CUST_010733,2025-08-03 10:00:35,google_ads,US
CUST_010734,2025-05-20 04:02:22,meta_ads,US
CUST_010735,2024-11-03 03:27:32,organic_search,GB
CUST_010736,2024-07-27 04:50:32,meta_ads,US
CUST_010737,2025-08-19 15:13:47,google_ads,US
CUST_010738,2025-02-14 13:17:21,creator_network,CA
CUST_010739,2024-07-22 13:10:16,google_ads,GB
CUST_010740,2024-07-22 15:29:15,creator_network,US
CUST_010741,2024-06-27 04:03:11,creator_network,CA
CUST_010742,2025-08-19 02:30:11,google_ads,US
CUST_010743,2024-08-17 18:43:40,google_ads,CA
CUST_010744,2025-03-21 02:04:57,direct,GB
CUST_010745,2025-01-22 08:09:22,creator_network,US
CUST_010746,2025-04-30 22:22:43,organic_search,GB
CUST_010747,2025-10-17 04:58:00,meta_ads,US
CUST_010748,2025-10-04 16:37:30,google_ads,CA
CUST_010749,2025-01-27 03:06:04,organic_search,US
CUST_010750,2024-01-30 08:39:38,meta_ads,US
CUST_010751,2025-01-23 18:30:07,direct,US
CUST_010752,2025-05-07 05:50:05,meta_ads,US
CUST_010753,2025-04-28 17:20:05,organic_search,US
CUST_010754,2025-06-22 19:02:03,google_ads,US
CUST_010755,2024-05-09 11:16:33,meta_ads,US
CUST_010756,2025-06-15 01:27:05,organic_search,GB
CUST_010757,2024-06-14 06:07:16,meta_ads,US
CUST_010758,2025-08-02 07:29:56,meta_ads,US
CUST_010759,2024-10-15 10:23:07,meta_ads,US
CUST_010760,2025-07-05 17:22:54,creator_network,US
CUST_010761,2024-02-23 06:38:44,direct,US
CUST_010762,2024-12-25 06:03:45,meta_ads,US
CUST_010763,2025-07-02 10:22:52,google_ads,US
CUST_010764,2024-07-24 19:14:39,meta_ads,CA
CUST_010765,2025-09-29 22:17:54,creator_network,DE
CUST_010766,2025-05-25 12:11:53,meta_ads,US
CUST_010767,2025-04-09 04:16:54,meta_ads,GB
CUST_010768,2024-11-24 09:37:57,meta_ads,US
CUST_010769,2025-02-10 18:55:38,google_ads,US
CUST_010770,2025-05-19 17:32:31,organic_search,US
CUST_010771,2025-02-26 12:02:19,google_ads,DE
CUST_010772,2025-07-22 04:44:29,meta_ads,US
CUST_010773,2025-01-16 05:59:53,google_ads,US
CUST_010774,2024-07-13 22:59:49,creator_network,US
CUST_010775,2024-07-12 00:15:04,meta_ads,US
CUST_010776,2024-01-07 18:32:58,meta_ads,US
CUST_010777,2024-09-15 10:45:05,meta_ads,US
CUST_010778,2025-08-01 22:57:36,creator_network,CA
CUST_010779,2025-09-03 10:38:13,google_ads,US
CUST_010780,2024-07-06 03:26:15,google_ads,US
CUST_010781,2025-12-17 15:52:32,meta_ads,US
CUST_010782,2025-02-26 20:05:30,meta_ads,US
CUST_010783,2025-11-10 19:47:13,direct,CA
CUST_010784,2025-07-16 06:19:38,meta_ads,US
CUST_010785,2025-07-07 08:28:57,organic_search,US
CUST_010786,2024-03-04 10:58:37,google_ads,US
CUST_010787,2024-07-07 21:04:00,meta_ads,US
CUST_010788,2024-01-16 10:29:32,google_ads,US
CUST_010789,2025-07-30 22:39:35,direct,DE
CUST_010790,2024-11-05 11:22:55,google_ads,GB
CUST_010791,2025-08-21 20:54:58,organic_search,US
CUST_010792,2024-10-12 09:07:26,meta_ads,US
CUST_010793,2025-09-18 02:33:56,google_ads,US
CUST_010794,2024-05-27 20:55:39,organic_search,US
CUST_010795,2024-06-04 03:42:16,direct,US
CUST_010796,2024-11-05 17:59:50,google_ads,US
CUST_010797,2024-12-01 14:51:42,google_ads,US
CUST_010798,2024-11-18 13:05:02,meta_ads,US
CUST_010799,2025-08-16 11:35:17,meta_ads,US
CUST_010800,2024-04-18 17:50:52,meta_ads,US
CUST_010801,2024-11-25 09:38:50,meta_ads,US
CUST_010802,2025-09-13 01:58:26,meta_ads,CA
CUST_010803,2024-03-01 10:36:30,meta_ads,US
CUST_010804,2025-11-04 07:11:59,direct,US
CUST_010805,2025-12-24 11:57:31,creator_network,US
CUST_010806,2024-03-06 02:30:48,google_ads,CA
CUST_010807,2024-09-27 17:53:37,direct,US
CUST_010808,2024-11-18 17:49:59,meta_ads,US
CUST_010809,2025-08-16 00:14:05,google_ads,US
CUST_010810,2025-04-04 10:28:53,google_ads,CA
CUST_010811,2025-06-28 13:31:55,meta_ads,US
CUST_010812,2025-08-09 16:59:14,creator_network,US
CUST_010813,2024-04-08 12:30:09,meta_ads,CA
CUST_010814,2025-09-12 01:04:35,meta_ads,US
CUST_010815,2025-07-05 01:57:59,meta_ads,US
CUST_010816,2025-04-06 15:59:11,direct,CA
CUST_010817,2025-10-09 12:24:10,creator_network,US
CUST_010818,2025-07-14 12:27:48,creator_network,US
CUST_010819,2024-07-06 00:30:22,google_ads,GB
CUST_010820,2025-01-28 23:17:19,meta_ads,CA
CUST_010821,2025-02-20 02:24:22,google_ads,US
CUST_010822,2024-02-26 10:51:49,google_ads,CA
CUST_010823,2025-12-26 12:40:38,meta_ads,US
CUST_010824,2024-05-16 02:45:12,creator_network,US
CUST_010825,2025-07-13 18:55:36,meta_ads,US
CUST_010826,2025-02-23 03:21:36,meta_ads,DE
CUST_010827,2024-01-01 00:33:50,organic_search,US
CUST_010828,2025-11-14 21:52:31,creator_network,GB
CUST_010829,2025-10-01 21:42:06,google_ads,US
CUST_010830,2025-03-22 05:56:47,google_ads,CA
CUST_010831,2024-08-15 00:35:26,google_ads,US
CUST_010832,2024-04-28 04:30:48,creator_network,US
CUST_010833,2024-11-18 11:14:06,creator_network,US
CUST_010834,2024-08-19 07:33:19,google_ads,US
CUST_010835,2025-02-04 03:46:57,direct,US
CUST_010836,2025-12-16 08:04:29,direct,US
CUST_010837,2025-04-07 17:16:28,google_ads,US
CUST_010838,2025-10-10 11:58:36,organic_search,US
CUST_010839,2025-06-11 07:29:41,google_ads,US
CUST_010840,2025-02-19 14:42:56,google_ads,US
CUST_010841,2025-10-01 10:49:51,meta_ads,GB
CUST_010842,2025-02-14 14:10:03,google_ads,US
CUST_010843,2025-10-08 13:15:29,organic_search,GB
CUST_010844,2024-09-22 17:51:11,creator_network,US
CUST_010845,2024-05-31 16:52:10,creator_network,CA
CUST_010846,2025-10-24 07:54:58,meta_ads,US
CUST_010847,2025-04-22 06:53:36,meta_ads,US
CUST_010848,2025-10-23 00:40:00,meta_ads,US
CUST_010849,2025-11-07 05:39:54,meta_ads,US
CUST_010850,2024-02-01 04:17:33,google_ads,US
CUST_010851,2025-02-22 16:51:45,meta_ads,CA
CUST_010852,2024-11-29 06:40:30,google_ads,US
CUST_010853,2025-05-08 17:13:25,google_ads,US
CUST_010854,2025-09-14 08:50:36,meta_ads,US
CUST_010855,2024-09-26 07:31:42,meta_ads,US
CUST_010856,2025-04-22 15:09:44,organic_search,US
CUST_010857,2025-07-26 19:52:04,meta_ads,US
CUST_010858,2024-05-24 11:52:41,meta_ads,US
CUST_010859,2025-09-18 18:39:56,organic_search,US
CUST_010860,2025-05-17 10:47:41,direct,US
CUST_010861,2025-12-18 18:46:46,creator_network,US
CUST_010862,2024-10-16 13:15:04,meta_ads,GB
CUST_010863,2024-04-17 11:03:13,meta_ads,US
CUST_010864,2025-02-14 14:03:28,direct,US
CUST_010865,2024-03-17 02:09:14,organic_search,US
CUST_010866,2025-12-06 13:57:10,google_ads,US
CUST_010867,2024-02-12 10:23:06,meta_ads,US
CUST_010868,2025-08-24 01:21:54,meta_ads,US
CUST_010869,2025-03-25 13:40:39,meta_ads,US
CUST_010870,2024-11-01 21:58:40,google_ads,US
CUST_010871,2024-03-06 14:58:32,meta_ads,US
CUST_010872,2025-05-03 09:03:17,direct,US
CUST_010873,2025-04-15 07:43:02,meta_ads,US
CUST_010874,2024-09-14 04:47:44,creator_network,US
CUST_010875,2025-11-20 17:30:46,meta_ads,US
CUST_010876,2024-10-21 15:31:29,google_ads,US
CUST_010877,2025-01-11 10:30:04,meta_ads,US
CUST_010878,2025-03-19 16:10:29,creator_network,US
CUST_010879,2024-04-18 07:37:12,google_ads,US
CUST_010880,2025-11-20 09:08:11,meta_ads,US
CUST_010881,2024-11-24 07:14:21,organic_search,US
CUST_010882,2024-03-10 12:11:29,google_ads,US
CUST_010883,2024-12-17 15:31:05,direct,US
CUST_010884,2025-05-18 10:54:37,organic_search,US
CUST_010885,2025-03-30 23:17:18,direct,US
CUST_010886,2025-07-08 19:13:53,meta_ads,US
CUST_010887,2024-02-03 04:37:09,meta_ads,US
CUST_010888,2024-09-27 20:09:32,direct,US
CUST_010889,2025-09-20 03:16:40,google_ads,US
CUST_010890,2024-03-24 11:36:48,meta_ads,US
CUST_010891,2025-10-15 23:00:06,creator_network,US
CUST_010892,2024-04-12 04:47:38,meta_ads,GB
CUST_010893,2025-09-19 17:12:06,creator_network,CA
CUST_010894,2024-11-28 01:02:33,organic_search,US
CUST_010895,2025-05-23 01:50:30,creator_network,US
CUST_010896,2024-05-24 17:39:39,meta_ads,CA
CUST_010897,2024-03-13 09:06:53,google_ads,US
CUST_010898,2024-07-03 17:26:37,google_ads,US
CUST_010899,2024-05-25 18:23:16,google_ads,US
CUST_010900,2024-10-26 20:25:02,meta_ads,US
CUST_010901,2025-03-25 18:28:34,google_ads,US
CUST_010902,2025-04-24 03:19:48,google_ads,US
CUST_010903,2025-09-13 21:53:09,google_ads,US
CUST_010904,2025-06-13 04:06:57,organic_search,CA
CUST_010905,2025-05-14 06:47:19,google_ads,US
CUST_010906,2024-12-18 11:23:54,meta_ads,US
CUST_010907,2025-02-02 06:33:19,creator_network,US
CUST_010908,2024-12-10 19:22:45,creator_network,US
CUST_010909,2025-10-19 03:56:27,meta_ads,US
CUST_010910,2024-08-16 12:15:51,google_ads,US
CUST_010911,2024-01-23 16:04:34,meta_ads,US
CUST_010912,2025-06-18 13:28:50,meta_ads,US
CUST_010913,2024-07-03 06:17:40,organic_search,CA
CUST_010914,2025-10-28 20:39:55,organic_search,US
CUST_010915,2025-10-13 12:55:08,google_ads,US
CUST_010916,2024-03-07 05:59:44,creator_network,CA
CUST_010917,2024-04-28 08:27:37,organic_search,US
CUST_010918,2025-02-08 11:30:34,direct,US
CUST_010919,2025-05-13 03:01:44,google_ads,GB
CUST_010920,2024-09-02 21:22:46,google_ads,US
CUST_010921,2025-07-22 15:28:45,google_ads,US
CUST_010922,2025-04-13 23:43:28,meta_ads,CA
CUST_010923,2024-10-22 12:51:10,google_ads,US
CUST_010924,2024-01-21 15:15:46,creator_network,DE
CUST_010925,2025-08-18 07:47:02,organic_search,US
CUST_010926,2024-07-28 21:49:27,organic_search,US
CUST_010927,2025-09-01 14:07:56,meta_ads,CA
CUST_010928,2024-12-05 04:23:21,google_ads,US
CUST_010929,2025-04-01 06:23:09,meta_ads,CA
CUST_010930,2025-10-07 21:38:59,meta_ads,US
CUST_010931,2025-10-18 08:32:31,organic_search,US
CUST_010932,2024-11-23 11:35:41,google_ads,US
CUST_010933,2024-07-10 11:29:42,creator_network,US
CUST_010934,2025-08-24 14:45:23,meta_ads,GB
CUST_010935,2025-01-04 12:10:45,google_ads,US
CUST_010936,2024-07-02 10:06:56,creator_network,GB
CUST_010937,2025-11-04 01:49:32,meta_ads,US
CUST_010938,2024-07-27 10:50:01,meta_ads,US
CUST_010939,2024-01-20 06:02:34,meta_ads,US
CUST_010940,2024-01-13 18:55:53,creator_network,US
CUST_010941,2025-05-12 08:14:29,direct,US
CUST_010942,2025-06-12 06:53:40,organic_search,CA
CUST_010943,2024-10-02 03:10:54,direct,US
CUST_010944,2024-10-22 01:13:09,organic_search,US
CUST_010945,2024-10-24 19:10:56,organic_search,US
CUST_010946,2025-06-08 23:43:16,google_ads,GB
CUST_010947,2024-02-12 22:21:12,google_ads,DE
CUST_010948,2025-11-16 10:51:57,google_ads,US
CUST_010949,2024-07-17 06:47:51,organic_search,US
CUST_010950,2025-12-07 04:49:03,meta_ads,US
CUST_010951,2024-06-11 22:45:38,meta_ads,US
CUST_010952,2025-08-24 17:04:42,direct,US
CUST_010953,2024-07-02 08:55:09,meta_ads,US
CUST_010954,2024-03-11 04:52:16,direct,CA
CUST_010955,2025-10-24 15:05:59,creator_network,US
CUST_010956,2025-10-24 18:35:18,meta_ads,US
CUST_010957,2024-12-28 13:01:32,creator_network,GB
CUST_010958,2025-07-08 19:38:19,organic_search,US
CUST_010959,2025-04-01 15:22:53,meta_ads,US
CUST_010960,2025-10-23 14:56:03,creator_network,US
CUST_010961,2024-10-30 01:38:38,organic_search,CA
CUST_010962,2025-03-01 16:35:16,meta_ads,US
CUST_010963,2025-02-06 14:09:26,meta_ads,DE
CUST_010964,2024-11-07 21:43:13,meta_ads,US
CUST_010965,2025-10-09 18:11:50,meta_ads,US
CUST_010966,2024-06-14 12:36:49,meta_ads,US
CUST_010967,2024-05-29 23:11:40,creator_network,CA
CUST_010968,2025-04-25 02:16:18,meta_ads,US
CUST_010969,2025-06-06 08:20:12,organic_search,US
CUST_010970,2024-07-26 20:25:47,meta_ads,US
CUST_010971,2024-12-26 10:54:37,google_ads,DE
CUST_010972,2025-12-22 16:19:40,google_ads,US
CUST_010973,2024-08-31 15:59:35,organic_search,US
CUST_010974,2025-06-22 12:23:35,google_ads,US
CUST_010975,2025-08-05 09:28:19,meta_ads,US
CUST_010976,2025-01-22 03:16:55,organic_search,CA
CUST_010977,2025-11-30 15:45:55,meta_ads,US
CUST_010978,2025-07-19 02:14:44,meta_ads,US
CUST_010979,2025-01-12 01:07:54,google_ads,US
CUST_010980,2025-04-07 01:34:13,creator_network,US
CUST_010981,2025-07-04 06:52:56,meta_ads,US
CUST_010982,2025-04-03 19:26:16,google_ads,US
CUST_010983,2025-10-18 20:39:08,google_ads,CA
CUST_010984,2024-11-09 04:51:56,direct,US
CUST_010985,2024-09-27 13:06:38,meta_ads,GB
CUST_010986,2024-07-22 23:08:40,meta_ads,US
CUST_010987,2024-02-12 19:59:43,google_ads,US
CUST_010988,2024-02-12 17:41:17,meta_ads,US
CUST_010989,2025-10-19 07:24:02,creator_network,US
CUST_010990,2025-06-30 18:27:26,google_ads,US
CUST_010991,2025-06-19 05:44:14,creator_network,US
CUST_010992,2025-05-23 10:23:02,organic_search,US
CUST_010993,2025-10-09 08:44:20,direct,US
CUST_010994,2025-02-09 09:17:45,google_ads,US
CUST_010995,2025-10-24 17:03:59,direct,US
CUST_010996,2024-11-12 06:51:56,meta_ads,US
CUST_010997,2025-11-16 03:11:59,creator_network,US
CUST_010998,2025-07-10 06:32:19,google_ads,CA
CUST_010999,2024-08-15 22:08:34,organic_search,US
CUST_011000,2025-04-30 03:13:51,google_ads,US
CUST_011001,2025-03-03 20:33:52,creator_network,US
CUST_011002,2024-05-16 23:07:11,direct,GB
CUST_011003,2025-04-05 17:04:36,creator_network,US
CUST_011004,2024-10-08 01:50:31,creator_network,US
CUST_011005,2024-02-04 08:42:29,meta_ads,GB
CUST_011006,2025-12-07 17:02:01,meta_ads,US
CUST_011007,2025-05-04 17:41:30,direct,US
CUST_011008,2025-10-15 09:16:34,creator_network,US
CUST_011009,2025-06-20 18:47:19,google_ads,DE
CUST_011010,2024-11-03 22:24:41,meta_ads,US
CUST_011011,2025-03-24 03:38:16,meta_ads,US
CUST_011012,2025-06-19 17:29:36,meta_ads,US
CUST_011013,2025-12-10 11:20:00,google_ads,US
CUST_011014,2024-08-03 18:35:37,meta_ads,US
CUST_011015,2025-10-25 07:37:31,meta_ads,US
CUST_011016,2025-11-19 12:48:08,google_ads,US
CUST_011017,2025-06-26 04:49:08,google_ads,US
CUST_011018,2025-11-05 22:43:51,meta_ads,US
CUST_011019,2024-12-22 22:38:09,google_ads,US
CUST_011020,2025-12-01 10:28:54,organic_search,US
CUST_011021,2025-07-08 11:26:28,google_ads,US
CUST_011022,2024-02-05 19:00:15,organic_search,US
CUST_011023,2025-11-30 13:12:42,direct,US
CUST_011024,2025-02-07 12:14:24,meta_ads,US
CUST_011025,2025-01-28 18:39:07,meta_ads,US
CUST_011026,2025-04-22 10:23:00,google_ads,US
CUST_011027,2024-05-22 06:53:01,google_ads,US
CUST_011028,2025-02-24 04:35:01,google_ads,US
CUST_011029,2025-09-18 21:17:08,meta_ads,CA
CUST_011030,2024-01-25 07:34:37,google_ads,US
CUST_011031,2024-09-25 15:23:02,meta_ads,US
CUST_011032,2024-01-25 17:54:55,direct,DE
CUST_011033,2024-12-18 11:59:07,meta_ads,CA
CUST_011034,2025-07-16 08:03:59,organic_search,US
CUST_011035,2025-09-03 21:48:10,meta_ads,US
CUST_011036,2025-11-06 06:38:32,meta_ads,US
CUST_011037,2025-05-03 19:15:18,meta_ads,US
CUST_011038,2024-08-22 03:53:36,direct,US
CUST_011039,2025-11-19 03:38:35,meta_ads,US
CUST_011040,2025-08-24 16:53:55,google_ads,GB
CUST_011041,2025-04-14 01:28:53,organic_search,US
CUST_011042,2025-07-16 07:33:35,creator_network,US
CUST_011043,2025-11-05 01:21:44,meta_ads,US
CUST_011044,2025-07-21 23:45:21,direct,CA
CUST_011045,2024-11-10 20:59:44,organic_search,US
CUST_011046,2025-07-29 08:44:03,google_ads,US
CUST_011047,2024-02-05 08:39:02,google_ads,US
CUST_011048,2024-12-05 00:20:10,direct,US
CUST_011049,2024-12-06 23:15:18,direct,US
CUST_011050,2024-06-10 00:29:08,google_ads,US
CUST_011051,2024-01-27 15:26:29,organic_search,US
CUST_011052,2024-05-02 17:25:57,meta_ads,US
CUST_011053,2025-06-10 03:28:03,meta_ads,US
CUST_011054,2025-09-09 08:05:06,meta_ads,US
CUST_011055,2025-12-30 12:27:03,meta_ads,US
CUST_011056,2024-11-01 18:10:17,creator_network,US
CUST_011057,2025-05-27 09:02:46,google_ads,US
CUST_011058,2025-11-05 15:19:16,meta_ads,US
CUST_011059,2024-06-27 23:52:03,google_ads,GB
CUST_011060,2025-07-20 05:49:41,meta_ads,DE
CUST_011061,2025-08-14 19:04:26,direct,US
CUST_011062,2024-03-05 14:42:01,organic_search,US
CUST_011063,2025-10-20 17:40:13,google_ads,CA
CUST_011064,2025-09-17 06:44:12,organic_search,US
CUST_011065,2024-02-13 12:19:35,meta_ads,US
CUST_011066,2024-04-15 22:10:35,creator_network,US
CUST_011067,2024-02-10 16:41:18,direct,US
CUST_011068,2024-10-12 16:25:30,google_ads,US
CUST_011069,2025-03-16 21:37:43,creator_network,US
CUST_011070,2025-03-19 07:16:38,meta_ads,GB
CUST_011071,2024-09-27 18:57:55,meta_ads,US
CUST_011072,2025-11-27 22:12:06,google_ads,US
CUST_011073,2024-11-01 01:27:38,direct,US
CUST_011074,2024-02-02 19:56:33,google_ads,US
CUST_011075,2024-09-24 15:04:44,direct,US
CUST_011076,2025-03-21 16:19:50,organic_search,US
CUST_011077,2024-12-23 05:56:22,meta_ads,US
CUST_011078,2024-09-10 17:10:21,google_ads,US
CUST_011079,2024-05-22 18:20:19,google_ads,US
CUST_011080,2025-09-17 14:30:54,google_ads,US
CUST_011081,2025-12-08 11:10:18,meta_ads,US
CUST_011082,2024-10-29 00:54:51,direct,US
CUST_011083,2024-12-15 02:01:20,creator_network,GB
CUST_011084,2025-05-28 13:53:18,google_ads,US
CUST_011085,2025-07-21 00:14:47,google_ads,CA
CUST_011086,2024-12-22 09:58:14,meta_ads,US
CUST_011087,2025-11-09 00:30:17,google_ads,US
CUST_011088,2025-04-18 10:49:07,direct,US
CUST_011089,2025-01-20 04:18:10,organic_search,DE
CUST_011090,2025-06-02 07:53:41,meta_ads,CA
CUST_011091,2025-12-10 07:29:12,google_ads,US
CUST_011092,2025-09-27 11:28:23,creator_network,US
CUST_011093,2024-02-27 05:46:01,meta_ads,US
CUST_011094,2024-10-10 14:27:55,meta_ads,US
CUST_011095,2025-02-16 23:07:28,google_ads,US
CUST_011096,2024-10-29 20:49:24,google_ads,US
CUST_011097,2025-07-18 00:30:56,meta_ads,CA
CUST_011098,2025-09-14 12:43:17,meta_ads,US
CUST_011099,2025-07-04 04:57:59,meta_ads,US
CUST_011100,2025-12-09 16:13:02,meta_ads,US
CUST_011101,2024-09-11 23:16:27,google_ads,CA
CUST_011102,2025-10-28 22:22:43,meta_ads,US
CUST_011103,2025-08-03 14:44:17,meta_ads,US
CUST_011104,2024-11-25 23:48:13,organic_search,GB
CUST_011105,2025-07-28 11:29:56,meta_ads,US
CUST_011106,2024-04-30 07:05:31,google_ads,US
CUST_011107,2025-08-22 10:28:20,direct,US
CUST_011108,2025-03-11 22:22:17,google_ads,CA
CUST_011109,2024-09-30 14:46:01,creator_network,US
CUST_011110,2025-06-07 13:13:53,google_ads,US
CUST_011111,2025-05-06 09:15:24,meta_ads,US
CUST_011112,2024-07-15 23:27:04,google_ads,US
CUST_011113,2024-02-17 03:28:31,google_ads,US
CUST_011114,2025-01-05 20:52:08,meta_ads,US
CUST_011115,2025-04-20 12:55:30,google_ads,US
CUST_011116,2025-10-14 17:54:21,organic_search,US
CUST_011117,2025-11-08 02:40:48,meta_ads,US
CUST_011118,2025-03-07 23:07:52,google_ads,US
CUST_011119,2025-08-29 09:55:15,google_ads,US
CUST_011120,2025-01-02 12:34:22,organic_search,US
CUST_011121,2025-08-26 22:47:20,organic_search,GB
CUST_011122,2024-07-09 05:46:31,creator_network,US
CUST_011123,2024-11-29 22:53:39,meta_ads,US
CUST_011124,2025-05-10 10:16:48,meta_ads,US
CUST_011125,2024-01-14 06:07:44,meta_ads,DE
CUST_011126,2025-07-03 04:11:24,creator_network,US
CUST_011127,2025-09-11 12:39:21,creator_network,US
CUST_011128,2024-12-23 10:07:27,direct,US
CUST_011129,2025-01-14 23:27:43,google_ads,US
CUST_011130,2025-10-16 11:24:56,google_ads,US
CUST_011131,2025-08-02 09:20:24,google_ads,US
CUST_011132,2024-09-22 08:55:20,meta_ads,DE
CUST_011133,2024-10-21 11:02:33,google_ads,US
CUST_011134,2025-06-30 16:38:27,google_ads,GB
CUST_011135,2025-04-22 15:11:54,direct,US
CUST_011136,2024-06-17 03:02:28,meta_ads,US
CUST_011137,2024-10-08 15:10:56,direct,CA
CUST_011138,2025-11-16 02:28:23,google_ads,US
CUST_011139,2025-06-26 08:02:30,meta_ads,US
CUST_011140,2025-12-27 17:16:54,meta_ads,GB
CUST_011141,2025-08-24 11:39:11,meta_ads,US
CUST_011142,2025-11-29 12:38:06,google_ads,US
CUST_011143,2024-07-03 19:28:10,meta_ads,US
CUST_011144,2025-08-26 22:42:21,google_ads,US
CUST_011145,2024-01-17 04:18:49,direct,US
CUST_011146,2025-06-06 02:21:51,creator_network,CA
CUST_011147,2025-02-19 20:11:53,creator_network,US
CUST_011148,2024-11-29 17:22:58,meta_ads,US
CUST_011149,2025-10-14 01:22:58,google_ads,US
CUST_011150,2025-10-07 22:50:19,meta_ads,US
CUST_011151,2024-01-08 10:18:16,organic_search,US
CUST_011152,2025-05-25 14:02:01,meta_ads,US
CUST_011153,2024-11-17 21:15:44,google_ads,US
CUST_011154,2024-12-26 02:08:29,google_ads,US
CUST_011155,2025-09-01 06:54:17,google_ads,US
CUST_011156,2024-10-10 17:48:15,organic_search,US
CUST_011157,2025-11-24 18:00:14,meta_ads,US
CUST_011158,2024-06-16 02:53:39,meta_ads,US
CUST_011159,2025-06-11 10:34:04,creator_network,US
CUST_011160,2025-06-03 11:15:58,google_ads,US
CUST_011161,2024-08-10 02:58:10,google_ads,US
CUST_011162,2024-10-16 08:33:39,meta_ads,US
CUST_011163,2025-09-18 00:40:35,creator_network,US
CUST_011164,2025-08-04 00:44:34,direct,US
CUST_011165,2024-10-19 07:02:58,google_ads,CA
CUST_011166,2025-03-25 04:03:31,organic_search,US
CUST_011167,2024-03-25 20:31:19,google_ads,GB
CUST_011168,2024-07-06 23:04:05,meta_ads,US
CUST_011169,2025-02-25 11:15:28,meta_ads,US
CUST_011170,2024-03-26 02:07:04,creator_network,US
CUST_011171,2025-10-19 18:20:56,google_ads,US
CUST_011172,2025-07-08 16:14:10,creator_network,US
CUST_011173,2025-11-04 01:23:17,creator_network,US
CUST_011174,2025-07-21 14:12:14,direct,US
CUST_011175,2025-11-30 19:17:37,google_ads,GB
CUST_011176,2025-04-21 23:47:34,google_ads,DE
CUST_011177,2025-05-30 16:28:43,meta_ads,US
CUST_011178,2025-12-20 20:59:40,google_ads,US
CUST_011179,2025-05-14 00:57:21,organic_search,US
CUST_011180,2024-02-19 03:48:30,meta_ads,CA
CUST_011181,2025-07-28 11:09:47,direct,US
CUST_011182,2025-11-29 14:34:11,direct,DE
CUST_011183,2025-09-05 12:00:50,google_ads,US
CUST_011184,2025-04-18 04:57:50,meta_ads,US
CUST_011185,2025-06-13 03:27:18,meta_ads,GB
CUST_011186,2025-12-30 02:40:32,meta_ads,US
CUST_011187,2024-03-25 04:05:54,meta_ads,US
CUST_011188,2025-06-04 14:15:58,google_ads,US
CUST_011189,2024-09-02 08:32:59,meta_ads,US
CUST_011190,2025-05-12 10:08:58,creator_network,GB
CUST_011191,2025-05-19 22:23:57,meta_ads,US
CUST_011192,2024-05-06 06:18:57,meta_ads,US
CUST_011193,2024-07-14 07:56:58,google_ads,GB
CUST_011194,2025-05-17 23:45:51,direct,US
CUST_011195,2024-05-26 11:41:11,creator_network,US
CUST_011196,2024-09-24 04:36:27,google_ads,US
CUST_011197,2025-09-29 05:34:53,creator_network,US
CUST_011198,2024-10-14 18:01:06,creator_network,CA
CUST_011199,2025-02-04 13:25:31,organic_search,CA
CUST_011200,2025-11-09 22:29:09,meta_ads,US
CUST_011201,2024-08-22 12:28:28,organic_search,US
CUST_011202,2024-12-19 05:44:59,meta_ads,US
CUST_011203,2025-05-11 12:41:19,direct,US
CUST_011204,2025-08-29 02:49:04,meta_ads,CA
CUST_011205,2025-11-21 12:45:29,direct,GB
CUST_011206,2025-11-19 03:45:16,direct,DE
CUST_011207,2025-08-04 00:27:11,meta_ads,US
CUST_011208,2024-08-06 14:06:11,direct,US
CUST_011209,2024-01-07 02:40:54,meta_ads,GB
CUST_011210,2024-12-18 01:00:02,meta_ads,CA
CUST_011211,2024-05-18 07:33:04,google_ads,CA
CUST_011212,2025-07-15 04:33:26,direct,CA
CUST_011213,2025-06-27 09:23:17,google_ads,CA
CUST_011214,2024-02-09 13:36:02,google_ads,DE
CUST_011215,2025-09-13 20:36:51,creator_network,GB
CUST_011216,2024-08-19 07:26:39,direct,CA
CUST_011217,2025-01-23 20:40:46,creator_network,US
CUST_011218,2025-06-22 09:47:17,meta_ads,US
CUST_011219,2025-01-09 04:42:46,meta_ads,US
CUST_011220,2025-01-22 09:45:51,meta_ads,US
CUST_011221,2024-03-21 03:51:27,google_ads,US
CUST_011222,2024-12-18 12:17:58,meta_ads,US
CUST_011223,2025-08-08 03:58:34,meta_ads,US
CUST_011224,2025-11-06 05:59:15,organic_search,US
CUST_011225,2024-12-22 16:22:11,meta_ads,US
CUST_011226,2025-01-01 21:42:42,google_ads,US
CUST_011227,2025-07-30 01:52:49,google_ads,US
CUST_011228,2025-11-21 01:04:12,meta_ads,US
CUST_011229,2024-09-03 16:34:23,meta_ads,US
CUST_011230,2025-01-15 16:02:10,google_ads,US
CUST_011231,2025-09-09 11:42:20,organic_search,US
CUST_011232,2025-05-20 21:41:40,meta_ads,US
CUST_011233,2024-04-15 02:00:58,meta_ads,US
CUST_011234,2025-05-18 05:07:06,creator_network,CA
CUST_011235,2024-06-21 04:01:46,creator_network,US
CUST_011236,2025-03-01 05:43:46,creator_network,US
CUST_011237,2025-03-14 16:58:16,direct,DE
CUST_011238,2025-10-14 07:09:07,creator_network,US
CUST_011239,2025-01-25 08:04:15,google_ads,US
CUST_011240,2024-09-02 03:17:21,organic_search,US
CUST_011241,2024-08-23 11:29:24,google_ads,CA
CUST_011242,2025-10-25 13:53:30,meta_ads,US
CUST_011243,2024-06-14 04:36:32,meta_ads,GB
CUST_011244,2025-01-14 18:42:38,meta_ads,CA
CUST_011245,2024-06-04 18:31:03,meta_ads,US
CUST_011246,2025-08-13 14:47:24,meta_ads,GB
CUST_011247,2025-02-17 10:53:32,meta_ads,DE
CUST_011248,2024-11-28 07:29:51,organic_search,US
CUST_011249,2024-11-11 14:35:03,direct,US
CUST_011250,2025-10-21 02:45:50,google_ads,US
CUST_011251,2025-04-18 22:54:30,organic_search,GB
CUST_011252,2025-07-31 08:03:30,meta_ads,US
CUST_011253,2025-11-21 22:07:18,organic_search,US
CUST_011254,2025-11-15 03:48:17,google_ads,CA
CUST_011255,2024-10-06 20:49:41,meta_ads,CA
CUST_011256,2025-12-21 10:35:27,meta_ads,DE
CUST_011257,2024-01-01 04:51:04,meta_ads,US
CUST_011258,2024-11-18 05:50:25,meta_ads,CA
CUST_011259,2025-11-18 20:20:47,meta_ads,CA
CUST_011260,2024-09-30 07:12:30,meta_ads,US
CUST_011261,2024-09-29 01:31:55,meta_ads,US
CUST_011262,2024-10-03 08:37:08,meta_ads,CA
CUST_011263,2025-05-20 05:48:36,direct,CA
CUST_011264,2025-01-18 05:09:57,meta_ads,US
CUST_011265,2025-07-23 22:37:40,meta_ads,US
CUST_011266,2025-11-25 14:58:21,creator_network,US
CUST_011267,2025-06-25 17:53:58,organic_search,CA
CUST_011268,2024-07-12 00:21:26,google_ads,CA
CUST_011269,2025-11-29 09:21:50,organic_search,CA
CUST_011270,2024-09-19 05:11:14,meta_ads,GB
CUST_011271,2024-05-08 23:29:39,meta_ads,US
CUST_011272,2024-03-05 08:05:45,meta_ads,DE
CUST_011273,2025-04-25 20:36:34,google_ads,CA
CUST_011274,2024-04-19 04:02:39,meta_ads,US
CUST_011275,2024-05-07 01:32:52,creator_network,DE
CUST_011276,2024-09-20 00:03:05,meta_ads,US
CUST_011277,2024-09-01 22:57:46,creator_network,CA
CUST_011278,2025-05-25 19:16:10,meta_ads,US
CUST_011279,2025-09-28 23:34:55,google_ads,US
CUST_011280,2025-08-02 15:42:54,google_ads,US
CUST_011281,2024-08-25 15:59:14,creator_network,US
CUST_011282,2024-08-08 23:25:53,meta_ads,US
CUST_011283,2025-12-04 03:08:36,organic_search,US
CUST_011284,2024-01-15 18:37:00,creator_network,US
CUST_011285,2025-10-06 11:53:59,meta_ads,US
CUST_011286,2024-07-13 16:33:24,direct,US
CUST_011287,2025-12-22 17:07:03,creator_network,CA
CUST_011288,2024-11-24 00:27:23,google_ads,US
CUST_011289,2025-01-10 08:15:29,meta_ads,US
CUST_011290,2025-07-31 07:27:48,google_ads,US
CUST_011291,2025-04-21 07:17:33,meta_ads,US
CUST_011292,2024-10-28 01:43:13,google_ads,US
CUST_011293,2025-04-18 16:42:31,google_ads,US
CUST_011294,2025-07-14 23:42:13,creator_network,US
CUST_011295,2024-02-28 12:29:58,meta_ads,US
CUST_011296,2024-01-04 11:04:17,organic_search,US
CUST_011297,2025-01-05 17:58:58,meta_ads,US
CUST_011298,2024-05-19 17:17:09,google_ads,US
CUST_011299,2025-06-21 23:27:36,creator_network,CA
CUST_011300,2024-07-20 15:16:53,google_ads,US
CUST_011301,2025-01-27 00:50:13,meta_ads,US
CUST_011302,2024-07-11 12:00:23,google_ads,US
CUST_011303,2025-03-18 14:12:06,meta_ads,US
CUST_011304,2024-04-28 20:08:18,google_ads,US
CUST_011305,2024-01-29 18:39:02,meta_ads,US
CUST_011306,2024-02-12 01:56:13,creator_network,US
CUST_011307,2025-12-10 07:50:19,google_ads,US
CUST_011308,2024-05-31 11:57:59,meta_ads,GB
CUST_011309,2025-07-26 17:28:07,meta_ads,US
CUST_011310,2024-03-16 06:52:14,meta_ads,US
CUST_011311,2024-04-27 04:26:52,google_ads,DE
CUST_011312,2025-03-19 16:23:18,google_ads,US
CUST_011313,2025-02-20 06:10:59,google_ads,US
CUST_011314,2025-12-04 18:18:24,creator_network,CA
CUST_011315,2025-11-20 04:57:35,meta_ads,US
CUST_011316,2025-08-05 07:46:39,direct,CA
CUST_011317,2025-05-07 21:42:27,meta_ads,US
CUST_011318,2025-01-27 06:57:05,meta_ads,US
CUST_011319,2024-11-05 21:59:19,creator_network,US
CUST_011320,2025-12-01 10:24:47,organic_search,CA
CUST_011321,2025-05-04 18:29:03,meta_ads,US
CUST_011322,2025-04-26 21:15:01,creator_network,US
CUST_011323,2024-08-17 22:04:04,organic_search,CA
CUST_011324,2024-02-09 01:24:17,creator_network,US
CUST_011325,2025-11-13 09:58:18,meta_ads,US
CUST_011326,2024-10-18 14:55:19,organic_search,DE
CUST_011327,2025-01-22 18:39:26,creator_network,DE
CUST_011328,2024-04-25 13:51:16,creator_network,CA
CUST_011329,2025-09-02 09:20:58,creator_network,GB
CUST_011330,2024-01-29 03:44:59,direct,US
CUST_011331,2025-09-06 20:18:27,google_ads,US
CUST_011332,2024-05-21 03:06:37,meta_ads,US
CUST_011333,2025-10-06 16:06:59,google_ads,CA
CUST_011334,2025-07-07 11:04:33,meta_ads,US
CUST_011335,2024-06-27 08:23:04,meta_ads,US
CUST_011336,2025-04-24 00:10:00,google_ads,DE
CUST_011337,2024-10-25 13:19:07,meta_ads,US
CUST_011338,2024-06-06 06:15:57,creator_network,US
CUST_011339,2025-10-15 14:51:08,organic_search,GB
CUST_011340,2024-12-14 08:28:08,google_ads,CA
CUST_011341,2024-12-29 14:02:22,organic_search,US
CUST_011342,2024-06-28 16:24:21,meta_ads,CA
CUST_011343,2024-12-17 16:44:48,organic_search,US
CUST_011344,2025-10-06 18:42:43,organic_search,US
CUST_011345,2024-11-09 18:45:41,meta_ads,US
CUST_011346,2025-12-31 22:24:01,meta_ads,US
CUST_011347,2025-12-01 23:02:37,meta_ads,US
CUST_011348,2024-05-23 21:24:52,organic_search,CA
CUST_011349,2024-06-20 01:06:13,organic_search,US
CUST_011350,2025-10-18 08:22:51,meta_ads,US
CUST_011351,2024-12-20 12:42:45,google_ads,US
CUST_011352,2024-01-15 05:29:57,meta_ads,US
CUST_011353,2024-09-29 05:53:39,google_ads,US
CUST_011354,2025-05-18 03:45:22,direct,US
CUST_011355,2025-09-25 21:10:51,meta_ads,US
CUST_011356,2024-05-07 17:14:09,direct,DE
CUST_011357,2024-04-21 19:11:26,organic_search,US
CUST_011358,2025-11-27 16:31:42,direct,US
CUST_011359,2025-08-23 15:42:05,meta_ads,US
CUST_011360,2025-04-19 12:30:33,meta_ads,US
CUST_011361,2025-08-25 05:58:34,meta_ads,US
CUST_011362,2025-01-29 11:32:03,creator_network,US
CUST_011363,2025-08-23 14:23:00,google_ads,CA
CUST_011364,2024-11-02 17:18:30,meta_ads,US
CUST_011365,2024-08-05 14:19:06,creator_network,US
CUST_011366,2025-07-12 20:39:20,meta_ads,US
CUST_011367,2024-12-21 12:35:09,meta_ads,CA
CUST_011368,2025-12-03 07:46:37,google_ads,US
CUST_011369,2024-11-02 02:31:15,meta_ads,GB
CUST_011370,2025-11-08 03:46:57,meta_ads,CA
CUST_011371,2025-11-22 17:35:54,meta_ads,US
CUST_011372,2024-08-30 17:16:30,organic_search,GB
CUST_011373,2025-09-17 04:24:38,creator_network,US
CUST_011374,2025-01-31 13:37:07,google_ads,US
CUST_011375,2025-11-11 18:11:41,creator_network,US
CUST_011376,2025-01-02 07:02:56,google_ads,US
CUST_011377,2025-08-30 19:04:05,meta_ads,US
CUST_011378,2025-02-04 01:07:21,creator_network,US
CUST_011379,2024-08-29 22:14:24,creator_network,GB
CUST_011380,2024-07-07 08:20:29,google_ads,US
CUST_011381,2025-01-06 07:57:26,google_ads,US
CUST_011382,2025-08-21 04:19:14,creator_network,US
CUST_011383,2025-05-02 19:35:54,google_ads,GB
CUST_011384,2025-06-12 17:17:52,organic_search,CA
CUST_011385,2024-09-08 06:00:40,meta_ads,US
CUST_011386,2025-02-13 17:10:39,organic_search,US
CUST_011387,2024-02-04 09:21:43,meta_ads,US
CUST_011388,2025-09-19 10:04:53,meta_ads,US
CUST_011389,2025-12-03 16:47:48,google_ads,US
CUST_011390,2024-12-04 22:57:05,meta_ads,US
CUST_011391,2024-01-05 12:34:22,organic_search,US
CUST_011392,2024-06-12 02:43:11,google_ads,US
CUST_011393,2025-06-28 03:33:25,creator_network,US
CUST_011394,2025-05-21 23:20:24,meta_ads,US
CUST_011395,2025-08-24 23:21:22,meta_ads,US
CUST_011396,2024-08-31 23:34:13,google_ads,GB
CUST_011397,2025-08-17 02:50:26,google_ads,US
CUST_011398,2025-06-02 09:54:48,creator_network,US
CUST_011399,2024-10-27 01:50:29,google_ads,US
CUST_011400,2025-03-20 20:18:54,direct,US
CUST_011401,2024-05-16 06:05:22,creator_network,US
CUST_011402,2025-01-09 14:07:05,direct,GB
CUST_011403,2025-10-12 05:42:17,meta_ads,GB
CUST_011404,2024-12-18 18:02:40,meta_ads,GB
CUST_011405,2025-09-23 07:14:46,meta_ads,US
CUST_011406,2025-04-13 15:24:45,meta_ads,US
CUST_011407,2024-07-01 18:25:07,google_ads,US
CUST_011408,2025-04-21 17:40:36,google_ads,US
CUST_011409,2025-02-22 23:18:37,google_ads,US
CUST_011410,2024-12-04 10:52:11,creator_network,CA
CUST_011411,2024-04-30 19:33:38,direct,US
CUST_011412,2024-12-01 01:01:33,organic_search,US
CUST_011413,2024-03-12 18:25:08,meta_ads,GB
CUST_011414,2024-04-23 03:42:34,meta_ads,US
CUST_011415,2024-12-16 12:52:55,meta_ads,US
CUST_011416,2024-10-27 02:45:23,meta_ads,US
CUST_011417,2025-11-04 20:25:11,google_ads,US
CUST_011418,2024-11-15 21:22:04,google_ads,US
CUST_011419,2025-08-01 15:58:34,meta_ads,US
CUST_011420,2025-03-19 00:39:59,creator_network,CA
CUST_011421,2025-07-28 04:55:58,creator_network,US
CUST_011422,2024-08-13 08:51:53,meta_ads,DE
CUST_011423,2025-11-18 23:44:00,google_ads,CA
CUST_011424,2025-03-20 14:24:35,organic_search,US
CUST_011425,2025-09-13 19:52:41,google_ads,US
CUST_011426,2024-11-17 04:08:00,meta_ads,US
CUST_011427,2024-04-02 15:23:41,meta_ads,US
CUST_011428,2025-06-14 18:57:38,meta_ads,CA
CUST_011429,2024-01-11 07:54:44,meta_ads,US
CUST_011430,2025-02-24 11:00:54,organic_search,GB
CUST_011431,2024-07-23 05:22:23,meta_ads,US
CUST_011432,2025-05-26 14:37:50,meta_ads,CA
CUST_011433,2025-12-22 02:32:23,meta_ads,GB
CUST_011434,2025-02-17 20:31:22,creator_network,US
CUST_011435,2025-09-03 13:25:54,meta_ads,GB
CUST_011436,2025-03-30 03:38:53,meta_ads,US
CUST_011437,2025-02-12 01:58:07,google_ads,US
CUST_011438,2025-11-16 23:08:15,google_ads,US
CUST_011439,2025-10-06 19:28:50,meta_ads,US
CUST_011440,2025-08-08 01:45:38,meta_ads,GB
CUST_011441,2024-09-14 01:21:33,creator_network,US
CUST_011442,2025-03-02 14:52:31,direct,GB
CUST_011443,2024-07-25 19:01:03,meta_ads,US
CUST_011444,2025-01-16 04:08:41,meta_ads,DE
CUST_011445,2025-02-05 20:15:20,meta_ads,US
CUST_011446,2025-09-19 01:12:59,creator_network,US
CUST_011447,2025-11-16 16:03:04,google_ads,US
CUST_011448,2024-12-11 23:42:48,creator_network,US
CUST_011449,2024-01-10 23:33:34,creator_network,GB
CUST_011450,2025-10-24 04:27:53,organic_search,US
CUST_011451,2024-06-30 13:51:36,organic_search,US
CUST_011452,2025-05-13 23:48:40,creator_network,US
CUST_011453,2024-01-28 02:56:51,google_ads,US
CUST_011454,2024-12-25 04:23:39,meta_ads,CA
CUST_011455,2025-12-20 02:04:14,google_ads,US
CUST_011456,2024-04-04 19:59:33,google_ads,US
CUST_011457,2025-01-08 13:50:23,google_ads,US
CUST_011458,2024-10-19 15:59:11,meta_ads,US
CUST_011459,2025-11-19 19:25:50,creator_network,GB
CUST_011460,2025-10-02 23:34:36,google_ads,US
CUST_011461,2024-08-20 12:07:05,google_ads,US
CUST_011462,2024-03-17 04:28:13,meta_ads,US
CUST_011463,2025-05-27 21:30:38,google_ads,US
CUST_011464,2024-10-30 00:42:39,meta_ads,US
CUST_011465,2025-06-12 05:03:33,organic_search,GB
CUST_011466,2024-02-27 06:25:30,google_ads,US
CUST_011467,2024-05-07 18:46:20,meta_ads,US
CUST_011468,2025-06-26 18:38:53,meta_ads,CA
CUST_011469,2024-07-27 08:30:48,creator_network,US
CUST_011470,2025-10-06 08:44:37,meta_ads,US
CUST_011471,2024-02-10 23:11:17,direct,US
CUST_011472,2024-07-14 17:28:21,google_ads,US
CUST_011473,2025-12-19 05:40:19,meta_ads,US
CUST_011474,2025-01-13 16:22:01,creator_network,GB
CUST_011475,2025-07-12 13:55:35,meta_ads,US
CUST_011476,2024-06-09 16:30:04,organic_search,US
CUST_011477,2025-05-04 20:17:56,meta_ads,US
CUST_011478,2025-07-09 13:17:58,direct,US
CUST_011479,2024-10-21 17:17:42,google_ads,US
CUST_011480,2025-09-30 23:12:14,organic_search,CA
CUST_011481,2025-05-03 10:04:03,meta_ads,US
CUST_011482,2024-12-23 03:55:16,meta_ads,US
CUST_011483,2025-04-19 09:10:03,creator_network,CA
CUST_011484,2025-04-29 20:10:47,creator_network,US
CUST_011485,2024-06-16 11:14:27,meta_ads,US
CUST_011486,2024-12-09 21:01:21,meta_ads,US
CUST_011487,2024-11-18 01:29:46,meta_ads,US
CUST_011488,2024-12-31 02:45:10,google_ads,DE
CUST_011489,2025-08-17 10:34:01,meta_ads,US
CUST_011490,2025-02-26 21:07:33,meta_ads,CA
CUST_011491,2025-11-14 02:29:16,meta_ads,DE
CUST_011492,2024-09-02 14:19:19,google_ads,CA
CUST_011493,2024-12-09 04:34:19,meta_ads,US
CUST_011494,2025-08-21 18:36:36,direct,US
CUST_011495,2025-03-02 21:22:56,meta_ads,US
CUST_011496,2025-03-31 13:21:11,organic_search,US
CUST_011497,2024-02-10 18:47:57,google_ads,CA
CUST_011498,2024-12-09 07:28:04,meta_ads,US
CUST_011499,2024-09-30 13:43:43,meta_ads,US
CUST_011500,2025-12-14 12:03:30,google_ads,US
CUST_011501,2024-10-27 06:56:58,creator_network,US
CUST_011502,2025-10-09 15:29:24,google_ads,US
CUST_011503,2025-06-25 09:53:59,meta_ads,CA
CUST_011504,2024-11-12 01:50:04,organic_search,US
CUST_011505,2025-03-10 11:13:27,direct,US
CUST_011506,2025-09-26 19:54:11,google_ads,US
CUST_011507,2025-10-13 02:08:01,google_ads,US
CUST_011508,2024-06-02 14:23:02,google_ads,US
CUST_011509,2024-10-18 06:44:58,meta_ads,DE
CUST_011510,2024-10-03 18:37:37,meta_ads,US
CUST_011511,2024-02-13 10:31:52,google_ads,US
CUST_011512,2025-05-03 21:33:06,organic_search,US
CUST_011513,2025-10-19 00:12:16,meta_ads,US
CUST_011514,2024-12-30 17:17:18,google_ads,US
CUST_011515,2025-07-22 04:30:44,organic_search,US
CUST_011516,2025-05-10 02:02:28,meta_ads,US
CUST_011517,2024-11-14 13:02:23,meta_ads,US
CUST_011518,2024-05-20 15:01:31,creator_network,US
CUST_011519,2025-07-02 15:56:10,meta_ads,GB
CUST_011520,2025-10-12 12:29:04,meta_ads,DE
CUST_011521,2025-06-08 14:04:52,meta_ads,US
CUST_011522,2024-01-25 11:05:25,google_ads,US
CUST_011523,2024-07-06 12:09:53,organic_search,GB
CUST_011524,2024-03-15 00:05:54,google_ads,CA
CUST_011525,2025-04-17 18:14:05,google_ads,US
CUST_011526,2025-08-10 16:05:06,google_ads,US
CUST_011527,2024-04-20 15:34:04,direct,CA
CUST_011528,2025-09-01 12:54:19,meta_ads,US
CUST_011529,2025-04-06 07:42:54,meta_ads,US
CUST_011530,2025-06-26 01:24:16,direct,US
CUST_011531,2025-12-11 19:59:05,direct,US
CUST_011532,2024-03-25 04:40:10,meta_ads,US
CUST_011533,2025-11-23 19:51:28,meta_ads,US
CUST_011534,2024-05-17 07:21:22,google_ads,US
CUST_011535,2024-12-23 14:38:39,meta_ads,CA
CUST_011536,2025-10-09 02:29:07,creator_network,US
CUST_011537,2025-11-04 17:07:37,meta_ads,US
CUST_011538,2025-02-02 01:36:20,meta_ads,US
CUST_011539,2025-04-08 20:24:29,google_ads,US
CUST_011540,2025-07-22 14:37:00,direct,GB
CUST_011541,2025-09-19 21:38:34,google_ads,US
CUST_011542,2024-04-13 08:35:44,meta_ads,GB
CUST_011543,2025-09-08 21:22:54,direct,GB
CUST_011544,2025-02-14 21:14:47,google_ads,US
CUST_011545,2025-01-12 23:05:18,meta_ads,GB
CUST_011546,2025-01-07 06:28:33,google_ads,US
CUST_011547,2025-03-23 07:32:41,meta_ads,US
CUST_011548,2025-11-02 07:34:10,google_ads,US
CUST_011549,2025-03-10 09:34:19,google_ads,US
CUST_011550,2025-12-19 18:52:31,meta_ads,GB
CUST_011551,2024-06-19 00:38:25,meta_ads,US
CUST_011552,2025-07-15 14:45:07,meta_ads,CA
CUST_011553,2025-09-23 22:32:01,google_ads,US
CUST_011554,2025-06-18 18:47:01,meta_ads,CA
CUST_011555,2025-05-20 01:10:16,meta_ads,US
CUST_011556,2025-04-18 03:02:03,direct,US
CUST_011557,2025-10-03 15:38:51,google_ads,US
CUST_011558,2025-09-17 06:11:55,meta_ads,GB
CUST_011559,2024-04-01 01:12:56,creator_network,US
CUST_011560,2025-10-29 17:52:57,meta_ads,US
CUST_011561,2024-12-05 18:20:22,creator_network,US
CUST_011562,2024-08-24 03:42:36,creator_network,GB
CUST_011563,2025-10-07 05:50:11,creator_network,US
CUST_011564,2025-01-15 08:50:59,creator_network,US
CUST_011565,2025-09-29 07:19:47,meta_ads,US
CUST_011566,2024-08-12 05:20:55,creator_network,US
CUST_011567,2024-01-25 01:00:36,meta_ads,US
CUST_011568,2025-02-08 10:28:09,meta_ads,CA
CUST_011569,2024-04-29 10:33:36,direct,US
CUST_011570,2025-08-14 05:36:35,google_ads,US
CUST_011571,2024-09-09 12:07:11,direct,CA
CUST_011572,2025-01-24 07:16:11,meta_ads,US
CUST_011573,2024-03-30 14:54:39,google_ads,US
CUST_011574,2024-09-09 17:26:11,meta_ads,CA
CUST_011575,2025-08-09 18:32:03,google_ads,US
CUST_011576,2024-05-24 19:33:54,meta_ads,US
CUST_011577,2025-06-30 14:06:42,meta_ads,CA
CUST_011578,2025-11-10 16:26:55,meta_ads,US
CUST_011579,2025-06-30 09:17:39,creator_network,US
CUST_011580,2025-09-29 09:40:50,meta_ads,CA
CUST_011581,2024-04-08 01:27:07,organic_search,US
CUST_011582,2024-08-09 18:23:14,meta_ads,CA
CUST_011583,2025-11-22 08:23:42,meta_ads,US
CUST_011584,2025-07-05 14:25:00,google_ads,GB
CUST_011585,2025-05-12 20:17:30,direct,US
CUST_011586,2025-06-20 01:04:28,meta_ads,US
CUST_011587,2024-12-22 20:34:30,meta_ads,CA
CUST_011588,2024-02-24 21:46:39,creator_network,US
CUST_011589,2025-08-23 10:34:34,meta_ads,GB
CUST_011590,2025-06-11 22:56:51,creator_network,GB
CUST_011591,2025-02-19 15:58:47,meta_ads,CA
CUST_011592,2025-11-20 06:03:23,google_ads,US
CUST_011593,2024-10-08 14:53:03,meta_ads,US
CUST_011594,2024-09-19 15:55:16,google_ads,US
CUST_011595,2025-10-12 09:16:13,creator_network,US
CUST_011596,2025-09-12 14:46:02,creator_network,US
CUST_011597,2025-03-10 16:16:36,google_ads,US
CUST_011598,2024-05-22 01:35:08,direct,CA
CUST_011599,2024-07-06 14:19:44,meta_ads,US
CUST_011600,2025-06-13 21:46:35,meta_ads,US
CUST_011601,2024-12-04 17:56:06,google_ads,US
CUST_011602,2025-09-23 23:42:24,google_ads,GB
CUST_011603,2025-12-22 17:53:08,meta_ads,US
CUST_011604,2025-09-21 07:09:24,google_ads,CA
CUST_011605,2024-11-03 07:30:18,meta_ads,US
CUST_011606,2025-08-23 09:25:57,creator_network,US
CUST_011607,2024-11-13 08:27:53,organic_search,US
CUST_011608,2024-06-20 12:18:54,google_ads,US
CUST_011609,2024-02-19 02:44:04,meta_ads,GB
CUST_011610,2024-12-25 05:32:35,google_ads,US
CUST_011611,2025-11-23 13:20:10,creator_network,US
CUST_011612,2024-08-04 08:01:39,meta_ads,US
CUST_011613,2024-07-22 03:45:26,google_ads,US
CUST_011614,2025-12-16 10:20:43,direct,GB
CUST_011615,2024-01-30 07:30:40,meta_ads,US
CUST_011616,2025-08-04 10:47:54,meta_ads,US
CUST_011617,2024-10-26 05:08:21,meta_ads,US
CUST_011618,2024-02-14 19:35:42,google_ads,US
CUST_011619,2025-11-22 21:25:14,direct,CA
CUST_011620,2024-05-25 23:40:53,google_ads,US
CUST_011621,2025-04-25 22:47:31,meta_ads,DE
CUST_011622,2024-09-25 21:15:21,google_ads,GB
CUST_011623,2024-03-24 10:45:56,google_ads,US
CUST_011624,2024-02-15 17:29:42,google_ads,US
CUST_011625,2024-04-26 03:17:16,meta_ads,US
CUST_011626,2024-03-28 07:44:20,google_ads,GB
CUST_011627,2025-08-15 20:10:49,google_ads,US
CUST_011628,2025-02-19 06:09:47,meta_ads,US
CUST_011629,2024-11-14 03:10:40,google_ads,US
CUST_011630,2024-12-07 20:56:58,direct,US
CUST_011631,2025-11-15 07:10:43,meta_ads,US
CUST_011632,2025-11-22 20:47:15,direct,US
CUST_011633,2025-07-22 07:37:18,meta_ads,GB
CUST_011634,2025-10-02 03:51:13,creator_network,US
CUST_011635,2024-10-24 04:49:10,meta_ads,GB
CUST_011636,2024-12-27 16:15:19,meta_ads,US
CUST_011637,2025-05-20 17:20:54,google_ads,US
CUST_011638,2025-05-09 17:35:34,google_ads,US
CUST_011639,2025-02-10 06:31:30,creator_network,GB
CUST_011640,2024-12-03 23:16:15,google_ads,US
CUST_011641,2025-12-13 23:15:49,google_ads,US
CUST_011642,2025-09-05 11:59:22,organic_search,US
CUST_011643,2025-01-09 10:01:38,google_ads,US
CUST_011644,2025-07-04 21:54:37,meta_ads,US
CUST_011645,2024-09-16 14:43:40,meta_ads,US
CUST_011646,2024-04-10 18:22:27,google_ads,US
CUST_011647,2024-11-17 10:57:49,creator_network,US
CUST_011648,2024-12-16 16:06:48,meta_ads,US
CUST_011649,2024-01-02 05:12:32,meta_ads,US
CUST_011650,2025-09-29 16:11:11,meta_ads,US
CUST_011651,2024-11-27 01:54:53,google_ads,CA
CUST_011652,2025-04-26 13:51:08,meta_ads,US
CUST_011653,2024-03-09 23:58:47,meta_ads,US
CUST_011654,2024-06-30 08:05:29,google_ads,US
CUST_011655,2025-10-27 00:59:11,creator_network,US
CUST_011656,2025-05-24 13:53:46,meta_ads,US
CUST_011657,2025-12-26 16:51:00,google_ads,CA
CUST_011658,2025-12-09 02:45:30,meta_ads,US
CUST_011659,2024-11-06 00:44:35,direct,US
CUST_011660,2024-09-06 17:27:03,meta_ads,US
CUST_011661,2025-10-24 13:03:51,direct,GB
CUST_011662,2025-12-01 18:13:24,direct,GB
CUST_011663,2025-05-19 02:26:09,creator_network,US
CUST_011664,2025-09-02 21:06:16,meta_ads,US
CUST_011665,2025-08-07 11:00:24,google_ads,US
CUST_011666,2024-11-23 08:35:07,meta_ads,US
CUST_011667,2025-04-02 11:55:05,organic_search,US
CUST_011668,2025-09-14 01:03:08,creator_network,US
CUST_011669,2025-06-16 02:40:19,direct,US
CUST_011670,2024-01-01 00:44:00,google_ads,US
CUST_011671,2024-10-02 01:13:47,google_ads,US
CUST_011672,2024-05-21 07:23:48,google_ads,US
CUST_011673,2024-08-16 05:27:32,google_ads,US
CUST_011674,2025-11-26 07:37:41,google_ads,US
CUST_011675,2024-02-08 08:00:13,google_ads,US
CUST_011676,2024-07-03 15:28:10,direct,GB
CUST_011677,2024-10-24 07:18:02,google_ads,CA
CUST_011678,2025-05-31 07:10:01,organic_search,US
CUST_011679,2025-03-02 20:59:09,organic_search,US
CUST_011680,2024-07-15 20:21:29,google_ads,CA
CUST_011681,2024-06-25 22:38:45,meta_ads,US
CUST_011682,2024-08-19 19:02:29,google_ads,US
CUST_011683,2025-02-19 13:42:38,google_ads,US
CUST_011684,2024-09-18 01:09:20,meta_ads,CA
CUST_011685,2025-12-04 15:48:37,meta_ads,US
CUST_011686,2025-01-04 13:04:58,direct,US
CUST_011687,2024-02-01 13:17:26,meta_ads,US
CUST_011688,2025-07-15 10:19:16,creator_network,US
CUST_011689,2024-10-18 10:43:33,organic_search,US
CUST_011690,2025-06-06 10:21:33,google_ads,US
CUST_011691,2024-09-16 10:19:16,google_ads,DE
CUST_011692,2025-04-01 10:38:20,creator_network,US
CUST_011693,2025-08-01 07:04:38,google_ads,US
CUST_011694,2025-11-06 13:13:43,meta_ads,US
CUST_011695,2024-08-27 06:56:57,direct,US
CUST_011696,2024-10-16 04:17:52,google_ads,US
CUST_011697,2025-02-02 13:13:31,creator_network,US
CUST_011698,2025-11-04 07:05:00,google_ads,US
CUST_011699,2025-11-15 08:12:26,meta_ads,US
CUST_011700,2024-03-19 05:09:26,direct,US
CUST_011701,2024-05-14 16:08:53,creator_network,US
CUST_011702,2025-02-22 11:50:43,meta_ads,CA
CUST_011703,2024-04-14 23:34:26,direct,US
CUST_011704,2024-11-26 11:23:06,creator_network,US
CUST_011705,2024-05-03 19:59:59,google_ads,US
CUST_011706,2025-05-22 13:59:05,google_ads,US
CUST_011707,2025-12-03 00:53:07,meta_ads,US
CUST_011708,2025-12-05 22:22:34,google_ads,CA
CUST_011709,2024-11-13 00:02:28,meta_ads,GB
CUST_011710,2025-05-01 12:17:44,google_ads,US
CUST_011711,2025-10-29 17:30:11,google_ads,US
CUST_011712,2024-04-06 03:34:00,organic_search,US
CUST_011713,2025-06-25 20:35:07,creator_network,US
CUST_011714,2024-12-28 20:19:01,meta_ads,US
CUST_011715,2024-07-29 11:41:49,organic_search,US
CUST_011716,2024-12-13 10:34:47,google_ads,US
CUST_011717,2024-03-10 03:23:46,google_ads,US
CUST_011718,2025-07-30 11:52:36,meta_ads,CA
CUST_011719,2024-08-13 11:07:05,organic_search,CA
CUST_011720,2024-10-14 16:17:39,direct,US
CUST_011721,2024-04-08 17:39:16,creator_network,US
CUST_011722,2025-10-09 21:45:43,direct,CA
CUST_011723,2025-02-24 16:42:48,meta_ads,GB
CUST_011724,2025-04-07 10:44:45,organic_search,US
CUST_011725,2025-04-12 18:51:44,google_ads,US
CUST_011726,2024-12-15 09:20:23,meta_ads,US
CUST_011727,2024-07-21 04:39:05,creator_network,US
CUST_011728,2025-08-30 22:18:29,creator_network,US
CUST_011729,2024-05-16 14:34:45,meta_ads,US
CUST_011730,2024-04-13 05:16:20,meta_ads,US
CUST_011731,2025-07-26 11:09:29,meta_ads,US
CUST_011732,2024-07-06 17:22:53,google_ads,US
CUST_011733,2024-10-18 02:31:22,meta_ads,US
CUST_011734,2025-02-15 00:28:15,meta_ads,US
CUST_011735,2025-01-19 12:17:00,google_ads,US
CUST_011736,2025-07-06 17:20:24,direct,DE
CUST_011737,2025-05-19 04:11:58,creator_network,US
CUST_011738,2025-06-06 23:13:39,meta_ads,US
CUST_011739,2025-07-08 22:46:13,direct,US
CUST_011740,2024-09-28 05:29:15,google_ads,US
CUST_011741,2024-10-23 13:05:54,google_ads,CA
CUST_011742,2025-01-22 21:46:26,google_ads,US
CUST_011743,2024-10-21 22:39:08,google_ads,DE
CUST_011744,2025-12-31 02:44:01,meta_ads,US
CUST_011745,2025-09-15 04:59:26,google_ads,US
CUST_011746,2024-06-18 21:52:46,google_ads,US
CUST_011747,2024-01-13 23:04:48,google_ads,US
CUST_011748,2024-02-11 02:42:48,creator_network,US
CUST_011749,2024-08-26 12:31:49,meta_ads,US
CUST_011750,2024-04-05 03:17:17,creator_network,US
CUST_011751,2025-03-18 20:01:02,google_ads,CA
CUST_011752,2025-10-20 20:42:21,direct,US
CUST_011753,2025-07-28 10:03:37,google_ads,US
CUST_011754,2024-07-16 14:07:27,organic_search,US
CUST_011755,2024-12-07 22:31:21,organic_search,US
CUST_011756,2025-03-16 09:26:36,google_ads,US
CUST_011757,2025-09-20 01:13:14,creator_network,US
CUST_011758,2025-09-30 05:37:47,meta_ads,US
CUST_011759,2025-11-01 11:26:11,direct,US
CUST_011760,2025-03-16 01:07:50,meta_ads,US
CUST_011761,2025-07-18 20:49:51,google_ads,US
CUST_011762,2024-04-21 08:28:11,meta_ads,US
CUST_011763,2025-04-16 05:56:48,google_ads,US
CUST_011764,2024-08-15 09:13:08,google_ads,US
CUST_011765,2025-01-30 14:47:32,organic_search,US
CUST_011766,2025-05-11 07:01:46,google_ads,US
CUST_011767,2024-08-10 17:34:51,direct,US
CUST_011768,2024-02-17 00:23:30,google_ads,US
CUST_011769,2024-01-16 16:39:39,meta_ads,CA
CUST_011770,2024-01-19 13:26:27,meta_ads,US
CUST_011771,2024-01-04 14:03:26,creator_network,US
CUST_011772,2024-04-17 18:19:36,meta_ads,US
CUST_011773,2024-08-07 16:03:15,google_ads,CA
CUST_011774,2024-07-23 20:00:40,meta_ads,US
CUST_011775,2025-12-06 13:10:51,google_ads,US
CUST_011776,2024-10-25 01:00:22,creator_network,US
CUST_011777,2024-05-15 06:47:15,google_ads,CA
CUST_011778,2025-03-19 02:06:09,meta_ads,US
CUST_011779,2025-10-23 19:56:52,meta_ads,GB
CUST_011780,2025-06-07 21:41:31,meta_ads,US
CUST_011781,2024-09-19 07:57:53,meta_ads,CA
CUST_011782,2025-04-17 17:36:02,google_ads,US
CUST_011783,2025-07-21 17:43:18,google_ads,US
CUST_011784,2025-07-21 10:18:00,meta_ads,GB
CUST_011785,2025-06-25 11:58:05,google_ads,US
CUST_011786,2025-10-04 02:44:14,google_ads,US
CUST_011787,2025-10-02 06:11:34,meta_ads,US
CUST_011788,2025-04-28 11:55:00,google_ads,US
CUST_011789,2025-01-20 18:03:14,meta_ads,GB
CUST_011790,2025-05-16 21:49:13,google_ads,US
CUST_011791,2025-09-16 20:26:56,creator_network,US
CUST_011792,2024-01-26 06:46:39,meta_ads,US
CUST_011793,2025-12-08 20:36:07,google_ads,US
CUST_011794,2024-06-08 23:55:36,google_ads,US
CUST_011795,2025-02-12 05:16:26,meta_ads,US
CUST_011796,2025-10-22 00:22:38,creator_network,US
CUST_011797,2024-07-28 12:06:19,google_ads,US
CUST_011798,2025-02-18 08:28:07,google_ads,US
CUST_011799,2024-05-01 07:55:39,creator_network,CA
CUST_011800,2024-12-21 19:14:35,organic_search,US
CUST_011801,2024-06-01 06:16:19,direct,DE
CUST_011802,2024-11-19 02:37:21,google_ads,US
CUST_011803,2024-11-19 03:54:41,organic_search,US
CUST_011804,2025-12-15 06:24:10,meta_ads,US
CUST_011805,2025-12-20 18:13:40,google_ads,US
CUST_011806,2024-04-22 01:21:06,meta_ads,GB
CUST_011807,2025-07-11 15:50:29,meta_ads,GB
CUST_011808,2024-02-28 01:38:44,google_ads,US
CUST_011809,2024-02-07 19:35:47,creator_network,US
CUST_011810,2024-04-11 03:25:08,google_ads,US
CUST_011811,2025-12-29 17:55:14,creator_network,US
CUST_011812,2025-11-09 00:18:50,google_ads,CA
CUST_011813,2024-07-09 03:35:23,google_ads,US
CUST_011814,2024-06-15 22:39:23,meta_ads,US
CUST_011815,2024-08-12 02:30:53,google_ads,CA
CUST_011816,2025-03-18 17:49:59,meta_ads,US
CUST_011817,2025-04-10 06:17:26,google_ads,GB
CUST_011818,2024-07-20 11:18:59,meta_ads,GB
CUST_011819,2025-08-20 11:34:50,meta_ads,US
CUST_011820,2024-10-28 19:45:24,creator_network,US
CUST_011821,2025-11-20 15:18:19,google_ads,US
CUST_011822,2025-06-04 02:39:35,google_ads,US
CUST_011823,2025-01-10 22:42:59,meta_ads,GB
CUST_011824,2025-09-05 04:11:05,google_ads,US
CUST_011825,2025-09-16 00:26:27,creator_network,US
CUST_011826,2024-09-03 00:18:32,organic_search,US
CUST_011827,2024-10-05 05:52:31,creator_network,US
CUST_011828,2025-11-05 19:01:09,meta_ads,US
CUST_011829,2024-06-12 23:56:14,creator_network,US
CUST_011830,2024-02-27 13:27:15,meta_ads,US
CUST_011831,2025-01-09 06:31:49,meta_ads,GB
CUST_011832,2025-09-24 22:10:33,meta_ads,GB
CUST_011833,2025-08-27 02:03:22,creator_network,US
CUST_011834,2025-11-11 09:31:06,google_ads,US
CUST_011835,2025-03-13 16:12:52,google_ads,US
CUST_011836,2024-04-15 16:10:41,creator_network,US
CUST_011837,2025-04-24 18:40:07,meta_ads,US
CUST_011838,2025-08-31 05:19:15,google_ads,US
CUST_011839,2024-04-03 04:21:10,google_ads,US
CUST_011840,2024-06-05 13:04:13,google_ads,CA
CUST_011841,2024-01-11 06:46:19,creator_network,US
CUST_011842,2025-04-13 06:32:31,meta_ads,US
CUST_011843,2025-10-20 10:43:23,creator_network,US
CUST_011844,2025-06-01 20:14:07,google_ads,US
CUST_011845,2025-12-06 02:21:22,creator_network,CA
CUST_011846,2024-03-03 23:08:54,google_ads,US
CUST_011847,2025-11-22 07:26:05,direct,US
CUST_011848,2025-09-03 22:25:54,meta_ads,DE
CUST_011849,2024-10-09 17:41:03,creator_network,US
CUST_011850,2025-12-05 04:21:23,google_ads,US
CUST_011851,2024-09-18 02:58:55,meta_ads,US
CUST_011852,2025-10-07 12:13:33,meta_ads,US
CUST_011853,2025-10-17 17:08:15,creator_network,US
CUST_011854,2025-08-17 12:07:09,meta_ads,US
CUST_011855,2025-04-08 18:26:24,meta_ads,US
CUST_011856,2024-04-13 06:26:24,direct,CA
CUST_011857,2025-03-30 22:26:39,creator_network,GB
CUST_011858,2024-11-07 02:12:11,meta_ads,US
CUST_011859,2025-09-15 05:31:34,google_ads,US
CUST_011860,2025-08-13 17:01:21,google_ads,US
CUST_011861,2025-11-21 09:54:31,organic_search,US
CUST_011862,2024-01-28 18:30:07,creator_network,US
CUST_011863,2025-09-10 14:32:49,organic_search,CA
CUST_011864,2025-11-21 16:37:20,meta_ads,US
CUST_011865,2025-08-27 22:36:28,google_ads,US
CUST_011866,2024-05-19 18:03:52,meta_ads,CA
CUST_011867,2024-03-06 07:05:07,meta_ads,US
CUST_011868,2024-01-09 02:54:18,creator_network,DE
CUST_011869,2025-05-18 19:49:45,meta_ads,US
CUST_011870,2025-05-04 22:07:46,google_ads,CA
CUST_011871,2025-12-06 12:19:06,organic_search,CA
CUST_011872,2024-12-15 06:08:46,meta_ads,US
CUST_011873,2024-10-14 16:20:43,meta_ads,US
CUST_011874,2025-05-02 04:27:40,creator_network,US
CUST_011875,2025-09-16 13:16:55,direct,DE
CUST_011876,2025-11-25 04:24:31,creator_network,GB
CUST_011877,2025-09-10 20:17:07,google_ads,US
CUST_011878,2025-01-29 03:09:15,meta_ads,US
CUST_011879,2025-05-19 18:05:30,meta_ads,US
CUST_011880,2025-10-13 18:03:32,creator_network,US
CUST_011881,2025-02-14 08:15:15,meta_ads,CA
CUST_011882,2024-07-16 22:51:35,organic_search,US
CUST_011883,2024-06-26 06:56:02,google_ads,CA
CUST_011884,2024-01-28 17:27:30,google_ads,US
CUST_011885,2025-07-18 21:31:10,creator_network,US
CUST_011886,2024-04-29 11:06:24,creator_network,US
CUST_011887,2024-08-31 13:19:20,google_ads,US
CUST_011888,2024-09-22 03:36:51,direct,US
CUST_011889,2025-04-01 09:31:00,direct,US
CUST_011890,2024-12-28 19:45:32,direct,US
CUST_011891,2025-06-02 18:36:03,organic_search,US
CUST_011892,2024-02-01 05:55:07,creator_network,US
CUST_011893,2024-05-08 04:48:17,creator_network,CA
CUST_011894,2025-02-22 22:42:24,meta_ads,US
CUST_011895,2024-10-22 02:31:37,meta_ads,US
CUST_011896,2024-09-16 12:02:10,meta_ads,US
CUST_011897,2024-03-15 13:01:27,meta_ads,US
CUST_011898,2025-11-02 08:14:57,google_ads,US
CUST_011899,2025-07-19 23:15:10,meta_ads,US
CUST_011900,2024-04-15 06:13:47,organic_search,US
CUST_011901,2024-03-28 01:26:37,organic_search,US
CUST_011902,2025-12-14 10:46:59,meta_ads,US
CUST_011903,2025-06-27 10:21:59,meta_ads,US
CUST_011904,2024-12-26 19:54:11,organic_search,US
CUST_011905,2025-07-04 17:58:07,organic_search,CA
CUST_011906,2025-08-24 12:20:45,direct,US
CUST_011907,2025-08-10 06:23:22,direct,US
CUST_011908,2025-02-18 19:01:17,direct,US
CUST_011909,2025-01-23 08:10:44,google_ads,US
CUST_011910,2024-01-03 09:52:42,meta_ads,US
CUST_011911,2025-11-07 07:35:51,creator_network,US
CUST_011912,2025-05-15 10:53:05,meta_ads,CA
CUST_011913,2024-07-04 01:24:13,organic_search,CA
CUST_011914,2025-11-22 10:18:13,google_ads,US
CUST_011915,2025-11-02 16:03:52,creator_network,US
CUST_011916,2025-12-20 05:41:16,meta_ads,CA
CUST_011917,2025-10-12 04:02:17,google_ads,US
CUST_011918,2025-12-30 05:26:28,google_ads,US
CUST_011919,2024-08-29 01:30:08,direct,US
CUST_011920,2025-10-13 13:02:57,meta_ads,US
CUST_011921,2025-09-25 22:32:49,direct,US
CUST_011922,2024-08-02 09:08:32,organic_search,CA
CUST_011923,2024-04-01 19:43:27,creator_network,US
CUST_011924,2025-12-22 01:44:28,creator_network,US
CUST_011925,2024-09-13 21:43:13,google_ads,CA
CUST_011926,2025-10-03 11:01:28,meta_ads,US
CUST_011927,2024-01-29 09:53:28,meta_ads,US
CUST_011928,2024-01-15 06:07:02,organic_search,US
CUST_011929,2025-02-08 13:09:52,creator_network,US
CUST_011930,2024-08-01 19:09:23,meta_ads,US
CUST_011931,2025-06-17 20:13:45,google_ads,US
CUST_011932,2025-04-25 09:23:59,google_ads,US
CUST_011933,2024-03-25 02:30:16,meta_ads,GB
CUST_011934,2024-06-12 05:45:06,google_ads,CA
CUST_011935,2024-12-31 06:49:27,meta_ads,CA
CUST_011936,2024-06-20 00:17:03,meta_ads,US
CUST_011937,2025-09-23 10:01:02,google_ads,US
CUST_011938,2024-12-11 23:37:13,google_ads,CA
CUST_011939,2024-04-06 18:00:48,meta_ads,US
CUST_011940,2025-02-12 13:58:28,google_ads,GB
CUST_011941,2024-04-30 02:19:14,meta_ads,US
CUST_011942,2024-05-14 15:56:37,meta_ads,GB
CUST_011943,2024-08-13 11:01:01,meta_ads,US
CUST_011944,2025-10-31 11:15:50,meta_ads,US
CUST_011945,2025-11-29 14:24:20,meta_ads,US
CUST_011946,2025-09-08 18:39:50,organic_search,US
CUST_011947,2024-10-06 08:08:20,google_ads,CA
CUST_011948,2024-09-05 15:43:24,meta_ads,US
CUST_011949,2025-03-25 07:28:46,meta_ads,US
CUST_011950,2025-07-24 11:46:56,meta_ads,US
CUST_011951,2025-12-20 01:14:44,creator_network,US
CUST_011952,2024-05-07 03:40:51,meta_ads,US
CUST_011953,2024-02-08 01:15:38,meta_ads,US
CUST_011954,2025-07-31 17:30:55,google_ads,US
CUST_011955,2025-09-01 17:10:31,google_ads,US
CUST_011956,2025-10-17 10:16:26,meta_ads,CA
CUST_011957,2025-06-16 10:10:02,google_ads,US
CUST_011958,2025-12-10 11:11:54,google_ads,GB
CUST_011959,2025-03-15 03:19:34,meta_ads,US
CUST_011960,2025-11-20 12:14:00,creator_network,US
CUST_011961,2025-12-31 19:38:08,creator_network,US
CUST_011962,2025-10-04 04:27:41,google_ads,GB
CUST_011963,2024-10-28 23:25:42,meta_ads,US
CUST_011964,2024-07-23 10:19:05,google_ads,US
CUST_011965,2025-03-15 08:59:23,google_ads,US
CUST_011966,2025-01-20 05:39:28,creator_network,GB
CUST_011967,2025-10-13 11:16:45,google_ads,US
CUST_011968,2024-04-08 11:46:53,meta_ads,US
CUST_011969,2024-08-23 21:13:15,google_ads,US
CUST_011970,2025-08-23 05:11:46,creator_network,US
CUST_011971,2024-04-08 13:45:13,meta_ads,US
CUST_011972,2024-10-27 22:54:42,organic_search,US
CUST_011973,2024-12-27 09:40:32,organic_search,US
CUST_011974,2025-05-04 18:45:52,meta_ads,CA
CUST_011975,2024-06-01 04:34:07,organic_search,US
CUST_011976,2025-10-22 13:24:39,google_ads,US
CUST_011977,2025-01-03 13:30:16,creator_network,GB
CUST_011978,2025-11-01 10:26:09,organic_search,DE
CUST_011979,2025-02-15 22:40:41,google_ads,CA
CUST_011980,2024-09-10 08:00:23,google_ads,US
CUST_011981,2024-05-19 11:02:40,organic_search,GB
CUST_011982,2024-01-05 03:27:57,meta_ads,US
CUST_011983,2025-03-04 17:58:18,meta_ads,US
CUST_011984,2024-04-04 13:15:51,meta_ads,US
CUST_011985,2024-12-17 18:06:50,organic_search,US
CUST_011986,2025-04-08 23:16:29,direct,US
CUST_011987,2024-09-25 03:45:17,meta_ads,US
CUST_011988,2024-06-09 09:19:07,organic_search,US
CUST_011989,2025-08-24 22:37:36,meta_ads,DE
CUST_011990,2025-12-27 16:24:59,direct,CA
CUST_011991,2024-04-10 21:56:44,google_ads,US
CUST_011992,2024-05-09 17:59:07,meta_ads,US
CUST_011993,2025-12-08 03:17:56,meta_ads,US
CUST_011994,2024-02-15 08:06:40,meta_ads,US
CUST_011995,2025-12-25 02:23:14,meta_ads,US
CUST_011996,2024-01-15 09:49:12,creator_network,US
CUST_011997,2025-10-23 11:57:50,meta_ads,US
CUST_011998,2024-10-03 02:35:31,direct,US
CUST_011999,2025-11-22 22:01:51,google_ads,CA
CUST_012000,2024-10-10 18:56:41,creator_network,US
CUST_012001,2025-06-28 03:38:49,meta_ads,US
CUST_012002,2024-03-02 19:39:41,organic_search,US
CUST_012003,2024-08-19 11:36:28,creator_network,GB
CUST_012004,2025-08-17 21:44:33,organic_search,US
CUST_012005,2025-03-24 07:20:05,direct,US
CUST_012006,2025-11-18 04:07:41,meta_ads,CA
CUST_012007,2025-01-06 08:20:43,meta_ads,CA
CUST_012008,2025-10-27 23:59:47,organic_search,US
CUST_012009,2025-01-26 18:56:37,organic_search,CA
CUST_012010,2025-12-30 04:15:44,google_ads,US
CUST_012011,2025-12-11 17:07:57,meta_ads,US
CUST_012012,2024-10-29 07:36:35,creator_network,US
CUST_012013,2025-10-17 19:36:52,meta_ads,CA
CUST_012014,2025-10-12 03:21:42,meta_ads,US
CUST_012015,2024-07-31 15:13:59,google_ads,DE
CUST_012016,2025-05-06 09:27:42,meta_ads,US
CUST_012017,2024-03-24 22:53:56,google_ads,GB
CUST_012018,2025-09-21 17:42:04,direct,US
CUST_012019,2024-06-02 20:28:19,organic_search,CA
CUST_012020,2024-03-01 09:43:38,direct,US
CUST_012021,2024-12-06 18:06:24,organic_search,GB
CUST_012022,2025-04-04 11:40:12,meta_ads,US
CUST_012023,2025-10-30 07:12:07,organic_search,CA
CUST_012024,2025-12-23 14:02:25,direct,US
CUST_012025,2025-01-19 05:00:43,direct,US
CUST_012026,2024-03-10 14:00:28,creator_network,US
CUST_012027,2025-08-02 02:50:57,meta_ads,US
CUST_012028,2025-04-18 13:42:40,meta_ads,DE
CUST_012029,2025-01-11 09:59:34,meta_ads,CA
CUST_012030,2024-10-27 22:49:52,direct,US
CUST_012031,2025-02-28 02:05:01,google_ads,GB
CUST_012032,2024-10-18 21:00:01,organic_search,US
CUST_012033,2025-08-25 00:52:31,google_ads,CA
CUST_012034,2025-03-16 03:44:25,creator_network,US
CUST_012035,2025-10-06 02:16:40,meta_ads,US
CUST_012036,2025-03-26 08:49:05,meta_ads,US
CUST_012037,2024-08-22 16:53:40,google_ads,US
CUST_012038,2025-10-09 06:28:27,google_ads,US
CUST_012039,2025-04-26 22:56:36,meta_ads,US
CUST_012040,2024-07-08 18:20:34,creator_network,US
CUST_012041,2025-05-21 17:06:33,meta_ads,US
CUST_012042,2024-11-21 11:49:15,organic_search,US
CUST_012043,2025-10-27 21:05:50,meta_ads,US
CUST_012044,2025-01-04 16:49:05,creator_network,US
CUST_012045,2025-07-09 00:44:58,meta_ads,GB
CUST_012046,2024-04-15 13:49:35,creator_network,US
CUST_012047,2024-12-30 12:30:14,google_ads,US
CUST_012048,2025-12-01 21:37:12,creator_network,US
CUST_012049,2025-09-13 12:10:20,direct,US
CUST_012050,2024-06-21 06:07:18,meta_ads,DE
CUST_012051,2024-09-25 10:16:20,meta_ads,CA
CUST_012052,2024-10-30 23:24:52,creator_network,US
CUST_012053,2025-06-19 14:44:15,google_ads,US
CUST_012054,2025-08-07 21:33:42,meta_ads,US
CUST_012055,2025-08-30 09:15:18,google_ads,US
CUST_012056,2025-03-24 02:53:02,meta_ads,CA
CUST_012057,2025-09-15 21:12:01,meta_ads,US
CUST_012058,2025-01-05 18:30:42,google_ads,US
CUST_012059,2024-05-14 05:10:03,organic_search,US
CUST_012060,2025-04-10 11:52:03,google_ads,US
CUST_012061,2025-12-20 03:26:59,google_ads,US
CUST_012062,2025-09-09 22:21:20,organic_search,CA
CUST_012063,2025-04-13 08:14:38,meta_ads,US
CUST_012064,2025-06-13 11:11:15,creator_network,US
CUST_012065,2025-11-14 21:09:22,organic_search,US
CUST_012066,2025-01-09 03:54:59,meta_ads,US
CUST_012067,2024-10-15 03:21:28,meta_ads,GB
CUST_012068,2025-12-28 12:17:27,direct,US
CUST_012069,2025-10-15 12:03:17,direct,GB
CUST_012070,2024-10-17 04:53:36,meta_ads,GB
CUST_012071,2025-01-03 00:08:59,meta_ads,DE
CUST_012072,2024-12-13 11:50:56,meta_ads,US
CUST_012073,2024-05-20 00:19:48,google_ads,US
CUST_012074,2025-12-16 11:12:42,google_ads,GB
CUST_012075,2024-12-15 12:22:36,google_ads,US
CUST_012076,2025-10-12 13:47:05,organic_search,US
CUST_012077,2024-06-03 03:25:11,meta_ads,US
CUST_012078,2025-03-21 23:57:09,organic_search,US
CUST_012079,2024-01-12 20:01:01,meta_ads,CA
CUST_012080,2025-08-05 16:09:47,meta_ads,US
CUST_012081,2025-04-18 05:58:30,google_ads,US
CUST_012082,2025-05-10 14:35:52,meta_ads,GB
CUST_012083,2024-02-27 11:51:37,google_ads,GB
CUST_012084,2024-07-01 01:51:30,organic_search,US
CUST_012085,2024-03-07 15:43:18,meta_ads,CA
CUST_012086,2024-09-20 06:40:30,creator_network,US
CUST_012087,2025-05-18 05:15:16,meta_ads,US
CUST_012088,2025-04-05 14:31:45,meta_ads,US
CUST_012089,2025-05-31 03:14:06,google_ads,US
CUST_012090,2025-03-04 05:31:25,organic_search,CA
CUST_012091,2024-09-24 17:17:59,google_ads,US
CUST_012092,2024-08-23 06:43:26,google_ads,US
CUST_012093,2024-05-18 17:35:14,organic_search,US
CUST_012094,2025-10-04 21:09:10,creator_network,US
CUST_012095,2025-05-06 17:13:07,meta_ads,US
CUST_012096,2024-06-24 02:52:28,creator_network,CA
CUST_012097,2024-06-28 08:15:14,google_ads,GB
CUST_012098,2025-10-05 19:54:16,creator_network,US
CUST_012099,2025-08-30 04:13:28,google_ads,US
CUST_012100,2025-06-29 23:06:08,meta_ads,DE
CUST_012101,2024-12-28 19:05:49,google_ads,US
CUST_012102,2024-08-30 16:23:56,google_ads,US
CUST_012103,2025-12-26 23:46:53,google_ads,CA
CUST_012104,2025-09-20 11:06:15,organic_search,CA
CUST_012105,2024-10-14 22:14:36,organic_search,US
CUST_012106,2025-10-14 05:30:54,google_ads,CA
CUST_012107,2025-08-30 21:48:20,google_ads,GB
CUST_012108,2024-09-13 17:40:59,google_ads,US
CUST_012109,2025-01-17 23:35:34,google_ads,US
CUST_012110,2024-06-05 10:33:18,direct,US
CUST_012111,2024-04-16 16:03:21,google_ads,US
CUST_012112,2025-07-17 22:58:45,meta_ads,CA
CUST_012113,2024-09-01 11:37:02,google_ads,US
CUST_012114,2025-09-20 02:40:46,google_ads,US
CUST_012115,2025-12-26 02:52:25,google_ads,US
CUST_012116,2024-03-18 14:10:45,google_ads,US
CUST_012117,2025-02-02 05:12:27,meta_ads,US
CUST_012118,2025-09-15 05:16:12,meta_ads,US
CUST_012119,2025-08-15 18:16:13,meta_ads,US
CUST_012120,2025-08-02 07:23:44,google_ads,US
CUST_012121,2024-11-25 22:48:23,meta_ads,GB
CUST_012122,2025-01-25 23:15:13,organic_search,CA
CUST_012123,2025-04-10 01:21:57,meta_ads,US
CUST_012124,2025-12-24 20:15:17,organic_search,US
CUST_012125,2024-10-11 20:51:20,meta_ads,GB
CUST_012126,2025-11-16 04:33:09,meta_ads,CA
CUST_012127,2024-09-15 08:54:13,google_ads,GB
CUST_012128,2025-12-01 00:27:43,meta_ads,US
CUST_012129,2025-06-02 09:12:33,direct,US
CUST_012130,2025-01-10 20:16:15,meta_ads,GB
CUST_012131,2025-05-30 01:50:14,google_ads,US
CUST_012132,2024-09-19 13:42:46,direct,US
CUST_012133,2024-09-13 17:40:08,google_ads,US
CUST_012134,2024-04-29 22:09:26,meta_ads,US
CUST_012135,2024-04-25 00:13:56,meta_ads,US
CUST_012136,2024-11-02 03:23:02,google_ads,US
CUST_012137,2025-08-23 21:22:14,meta_ads,US
CUST_012138,2025-05-02 00:06:08,google_ads,US
CUST_012139,2024-04-06 11:34:39,organic_search,US
CUST_012140,2025-10-26 21:48:26,organic_search,GB
CUST_012141,2025-05-06 11:25:15,meta_ads,US
CUST_012142,2025-12-09 04:15:20,meta_ads,US
CUST_012143,2025-06-13 00:25:26,meta_ads,CA
CUST_012144,2024-06-25 11:02:40,google_ads,US
CUST_012145,2025-02-26 15:55:32,meta_ads,US
CUST_012146,2025-06-23 19:32:03,organic_search,GB
CUST_012147,2024-01-09 16:22:32,creator_network,DE
CUST_012148,2024-01-06 13:02:59,meta_ads,US
CUST_012149,2024-05-24 08:57:09,google_ads,US
CUST_012150,2024-08-03 13:19:59,meta_ads,US
CUST_012151,2025-01-10 12:16:08,meta_ads,US
CUST_012152,2025-02-27 08:02:45,meta_ads,US
CUST_012153,2024-05-18 01:39:47,meta_ads,US
CUST_012154,2025-06-20 12:50:41,google_ads,US
CUST_012155,2025-04-03 07:29:09,google_ads,US
CUST_012156,2024-09-11 21:39:50,meta_ads,GB
CUST_012157,2024-01-19 22:09:04,direct,US
CUST_012158,2024-03-10 18:09:01,google_ads,GB
CUST_012159,2024-12-14 11:16:23,meta_ads,CA
CUST_012160,2024-05-09 18:10:43,meta_ads,US
CUST_012161,2024-11-01 12:28:09,google_ads,US
CUST_012162,2025-05-11 00:42:11,direct,CA
CUST_012163,2025-03-21 05:52:58,google_ads,US
CUST_012164,2024-08-29 03:41:33,direct,US
CUST_012165,2024-11-01 15:36:51,google_ads,DE
CUST_012166,2025-05-27 17:15:02,google_ads,US
CUST_012167,2025-10-15 20:45:34,google_ads,US
CUST_012168,2025-08-05 04:36:51,creator_network,GB
CUST_012169,2025-04-05 23:25:05,meta_ads,US
CUST_012170,2024-11-18 23:17:17,organic_search,GB
CUST_012171,2024-11-12 19:28:54,meta_ads,US
CUST_012172,2025-10-01 17:41:41,google_ads,US
CUST_012173,2024-02-17 16:05:52,google_ads,US
CUST_012174,2025-12-17 03:53:28,google_ads,US
CUST_012175,2025-06-27 16:38:02,meta_ads,US
CUST_012176,2025-06-12 07:22:09,google_ads,US
CUST_012177,2024-02-07 17:49:03,google_ads,GB
CUST_012178,2025-05-14 13:39:58,creator_network,US
CUST_012179,2025-02-13 08:10:56,creator_network,US
CUST_012180,2024-04-28 06:44:07,creator_network,US
CUST_012181,2024-09-10 22:55:13,meta_ads,US
CUST_012182,2025-10-23 00:08:31,direct,US
CUST_012183,2025-03-11 16:14:47,organic_search,US
CUST_012184,2024-12-02 01:02:25,meta_ads,US
CUST_012185,2024-03-02 13:37:30,meta_ads,US
CUST_012186,2025-07-25 20:02:42,meta_ads,CA
CUST_012187,2025-07-26 18:35:40,google_ads,US
CUST_012188,2025-05-09 03:44:19,organic_search,US
CUST_012189,2025-03-17 09:16:58,creator_network,US
CUST_012190,2025-01-22 15:41:11,organic_search,US
CUST_012191,2025-04-04 03:52:51,meta_ads,US
CUST_012192,2024-08-13 23:53:07,google_ads,US
CUST_012193,2025-11-15 11:56:30,meta_ads,US
CUST_012194,2025-04-05 10:10:54,meta_ads,US
CUST_012195,2024-10-03 01:33:07,creator_network,US
CUST_012196,2025-01-05 22:56:36,meta_ads,US
CUST_012197,2025-09-01 14:00:15,creator_network,US
CUST_012198,2024-06-17 12:13:40,google_ads,CA
CUST_012199,2024-09-03 13:32:59,organic_search,DE
CUST_012200,2025-06-28 22:32:01,meta_ads,GB
CUST_012201,2024-10-12 23:10:00,creator_network,US
CUST_012202,2025-09-26 04:40:05,direct,DE
CUST_012203,2024-05-27 08:18:26,organic_search,US
CUST_012204,2025-08-03 22:17:38,creator_network,US
CUST_012205,2024-03-21 14:21:18,creator_network,CA
CUST_012206,2024-01-04 02:18:10,google_ads,US
CUST_012207,2025-11-02 12:53:24,creator_network,US
CUST_012208,2025-04-18 10:26:22,creator_network,US
CUST_012209,2024-11-12 17:43:23,google_ads,US
CUST_012210,2024-08-28 15:32:58,creator_network,US
CUST_012211,2025-05-04 10:22:03,google_ads,US
CUST_012212,2025-03-23 20:38:55,meta_ads,US
CUST_012213,2025-12-17 10:51:33,google_ads,US
CUST_012214,2025-12-07 18:44:05,meta_ads,US
CUST_012215,2025-05-30 18:56:53,google_ads,US
CUST_012216,2025-01-25 09:07:46,meta_ads,US
CUST_012217,2025-02-27 06:07:21,google_ads,US
CUST_012218,2025-06-27 19:38:24,organic_search,US
CUST_012219,2024-04-06 23:55:02,google_ads,US
CUST_012220,2024-10-05 15:21:44,meta_ads,US
CUST_012221,2024-03-13 02:07:35,google_ads,GB
CUST_012222,2024-03-13 20:35:35,meta_ads,US
CUST_012223,2024-07-07 09:10:43,google_ads,US
CUST_012224,2025-02-26 06:22:10,google_ads,US
CUST_012225,2025-08-14 12:46:23,direct,US
CUST_012226,2025-02-17 01:18:17,meta_ads,GB
CUST_012227,2024-10-16 18:24:30,creator_network,CA
CUST_012228,2024-03-08 23:14:33,organic_search,US
CUST_012229,2025-03-18 13:07:21,direct,US
CUST_012230,2024-09-24 00:21:04,meta_ads,US
CUST_012231,2025-05-22 15:17:08,google_ads,US
CUST_012232,2025-12-23 03:47:49,meta_ads,US
CUST_012233,2024-04-01 10:40:30,google_ads,US
CUST_012234,2024-07-30 03:16:50,meta_ads,US
CUST_012235,2025-02-22 16:45:28,organic_search,US
CUST_012236,2025-12-09 02:15:03,meta_ads,US
CUST_012237,2025-08-03 00:01:39,google_ads,US
CUST_012238,2025-11-08 20:56:44,google_ads,US
CUST_012239,2024-10-19 14:52:06,direct,US
CUST_012240,2025-12-03 00:03:44,creator_network,CA
CUST_012241,2024-04-19 09:30:08,meta_ads,US
CUST_012242,2024-02-12 07:07:25,meta_ads,US
CUST_012243,2025-10-04 02:21:33,meta_ads,US
CUST_012244,2025-11-26 17:40:29,creator_network,US
CUST_012245,2024-03-27 01:51:20,creator_network,US
CUST_012246,2024-04-10 04:57:01,google_ads,US
CUST_012247,2024-02-28 17:42:08,meta_ads,US
CUST_012248,2024-04-06 13:30:26,creator_network,US
CUST_012249,2024-07-23 22:42:52,google_ads,US
CUST_012250,2025-12-31 20:03:52,direct,US
CUST_012251,2025-06-16 03:56:02,google_ads,US
CUST_012252,2025-08-27 12:53:49,meta_ads,CA
CUST_012253,2025-08-28 13:28:56,google_ads,US
CUST_012254,2025-03-24 11:12:06,meta_ads,US
CUST_012255,2025-09-25 09:32:04,creator_network,US
CUST_012256,2025-04-16 01:40:32,creator_network,GB
CUST_012257,2024-10-09 05:54:24,meta_ads,US
CUST_012258,2025-04-25 17:38:13,meta_ads,US
CUST_012259,2025-03-14 03:01:22,meta_ads,US
CUST_012260,2025-09-16 05:07:59,organic_search,US
CUST_012261,2025-12-05 06:44:52,meta_ads,CA
CUST_012262,2024-12-12 06:53:58,meta_ads,US
CUST_012263,2025-08-09 10:31:04,meta_ads,US
CUST_012264,2024-04-25 16:15:41,google_ads,DE
CUST_012265,2025-08-17 05:21:58,creator_network,CA
CUST_012266,2024-11-19 04:21:12,organic_search,US
CUST_012267,2024-02-09 10:03:24,meta_ads,GB
CUST_012268,2024-11-14 03:30:34,creator_network,US
CUST_012269,2025-05-22 19:36:33,meta_ads,US
CUST_012270,2024-04-07 08:40:33,direct,US
CUST_012271,2025-11-06 23:03:43,meta_ads,US
CUST_012272,2024-03-10 22:28:10,meta_ads,US
CUST_012273,2025-11-02 05:03:16,google_ads,CA
CUST_012274,2025-07-22 20:07:05,meta_ads,GB
CUST_012275,2024-10-23 01:03:03,meta_ads,US
CUST_012276,2024-12-14 02:58:30,creator_network,US
CUST_012277,2025-08-21 01:01:43,creator_network,US
CUST_012278,2025-05-04 17:34:06,google_ads,US
CUST_012279,2025-06-09 03:58:09,creator_network,US
CUST_012280,2024-12-31 16:58:16,google_ads,US
CUST_012281,2025-02-13 19:51:37,google_ads,CA
CUST_012282,2025-12-16 20:29:13,google_ads,US
CUST_012283,2024-07-30 07:47:05,creator_network,US
CUST_012284,2024-12-31 03:22:22,meta_ads,US
CUST_012285,2024-09-02 20:53:13,meta_ads,US
CUST_012286,2025-08-02 09:19:29,google_ads,DE
CUST_012287,2025-08-03 15:57:50,google_ads,US
CUST_012288,2024-09-20 10:23:39,creator_network,US
CUST_012289,2024-03-06 12:40:59,meta_ads,US
CUST_012290,2024-01-06 15:21:48,meta_ads,US
CUST_012291,2025-01-10 05:46:23,meta_ads,US
CUST_012292,2024-12-18 11:27:17,meta_ads,US
CUST_012293,2025-12-17 23:38:13,creator_network,US
CUST_012294,2025-02-07 23:18:22,google_ads,DE
CUST_012295,2024-08-19 23:05:01,creator_network,US
CUST_012296,2025-10-18 01:57:58,google_ads,US
CUST_012297,2025-02-10 14:25:55,organic_search,US
CUST_012298,2025-05-11 14:23:45,direct,US
CUST_012299,2024-04-13 02:23:27,creator_network,US
CUST_012300,2024-12-15 16:38:10,organic_search,GB
CUST_012301,2025-11-17 09:49:41,google_ads,US
CUST_012302,2025-04-07 01:47:29,direct,US
CUST_012303,2024-11-06 03:32:17,organic_search,US
CUST_012304,2025-05-21 14:48:36,direct,US
CUST_012305,2025-11-11 20:36:38,google_ads,US
CUST_012306,2024-09-04 19:39:20,creator_network,US
CUST_012307,2025-02-14 09:37:38,google_ads,US
CUST_012308,2025-12-14 19:32:00,meta_ads,US
CUST_012309,2024-06-21 13:47:36,meta_ads,US
CUST_012310,2025-07-22 07:31:58,organic_search,US
CUST_012311,2025-05-12 02:26:23,meta_ads,US
CUST_012312,2025-06-05 14:37:11,google_ads,US
CUST_012313,2024-11-18 05:13:56,meta_ads,US
CUST_012314,2024-10-19 15:34:53,google_ads,GB
CUST_012315,2025-06-04 20:00:51,organic_search,CA
CUST_012316,2024-07-14 19:15:20,organic_search,US
CUST_012317,2024-12-30 21:40:01,google_ads,CA
CUST_012318,2024-06-28 13:56:46,meta_ads,CA
CUST_012319,2024-01-27 10:54:38,google_ads,US
CUST_012320,2025-12-11 19:42:36,google_ads,US
CUST_012321,2025-01-04 19:44:31,meta_ads,CA
CUST_012322,2025-12-23 10:11:16,meta_ads,US
CUST_012323,2024-05-31 12:52:19,google_ads,CA
CUST_012324,2025-04-12 15:54:12,meta_ads,CA
CUST_012325,2024-07-13 18:57:31,creator_network,GB
CUST_012326,2025-09-28 19:40:36,meta_ads,CA
CUST_012327,2025-08-29 00:56:19,google_ads,US
CUST_012328,2024-04-18 12:38:54,meta_ads,DE
CUST_012329,2025-11-20 01:45:25,direct,US
CUST_012330,2024-07-17 18:50:39,google_ads,CA
CUST_012331,2025-05-21 19:35:30,meta_ads,US
CUST_012332,2025-12-28 06:47:59,google_ads,CA
CUST_012333,2025-10-22 04:02:14,organic_search,CA
CUST_012334,2025-12-01 20:46:24,creator_network,US
CUST_012335,2024-11-28 06:40:44,creator_network,US
CUST_012336,2024-04-30 14:09:50,meta_ads,US
CUST_012337,2024-06-08 08:36:04,creator_network,DE
CUST_012338,2025-02-18 04:11:51,creator_network,US
CUST_012339,2025-09-14 11:36:12,google_ads,US
CUST_012340,2024-05-12 20:19:10,organic_search,US
CUST_012341,2025-06-08 06:30:52,meta_ads,US
CUST_012342,2024-10-06 09:07:46,meta_ads,GB
CUST_012343,2024-11-17 02:30:03,organic_search,US
CUST_012344,2025-06-01 13:31:23,google_ads,US
CUST_012345,2025-02-20 15:42:39,meta_ads,US
CUST_012346,2025-09-08 13:08:04,meta_ads,US
CUST_012347,2024-05-13 22:12:45,organic_search,US
CUST_012348,2025-09-12 10:59:42,meta_ads,CA
CUST_012349,2024-03-17 18:53:37,meta_ads,US
CUST_012350,2024-07-23 15:56:04,meta_ads,US
CUST_012351,2025-06-29 09:16:25,organic_search,GB
CUST_012352,2025-10-21 19:40:38,organic_search,US
CUST_012353,2024-08-14 14:52:09,google_ads,US
CUST_012354,2024-10-17 01:28:52,google_ads,US
CUST_012355,2025-03-06 05:10:13,meta_ads,GB
CUST_012356,2024-07-21 05:12:21,meta_ads,CA
CUST_012357,2025-09-12 14:53:10,organic_search,US
CUST_012358,2025-08-24 17:38:41,meta_ads,US
CUST_012359,2024-05-06 06:46:45,google_ads,DE
CUST_012360,2025-01-23 19:18:20,google_ads,US
CUST_012361,2025-08-12 00:18:43,meta_ads,US
CUST_012362,2024-10-16 04:04:10,google_ads,US
CUST_012363,2025-05-11 13:50:34,google_ads,US
CUST_012364,2024-02-08 07:32:58,creator_network,GB
CUST_012365,2025-05-24 09:30:10,meta_ads,US
CUST_012366,2024-05-21 23:31:19,meta_ads,US
CUST_012367,2025-09-30 12:00:21,google_ads,US
CUST_012368,2024-11-07 23:52:41,direct,US
CUST_012369,2024-09-27 00:47:08,meta_ads,CA
CUST_012370,2025-10-07 06:30:35,direct,CA
CUST_012371,2024-02-12 14:50:47,creator_network,US
CUST_012372,2024-12-31 07:42:19,organic_search,US
CUST_012373,2024-11-16 03:03:45,meta_ads,US
CUST_012374,2024-09-08 04:55:21,meta_ads,US
CUST_012375,2025-11-13 01:43:16,meta_ads,US
CUST_012376,2025-08-04 09:56:19,meta_ads,DE
CUST_012377,2024-03-19 14:57:45,direct,CA
CUST_012378,2025-07-06 00:02:58,meta_ads,US
CUST_012379,2025-03-11 06:09:28,google_ads,US
CUST_012380,2025-11-24 15:42:31,meta_ads,CA
CUST_012381,2024-10-28 16:26:23,creator_network,DE
CUST_012382,2025-04-17 10:12:34,meta_ads,GB
CUST_012383,2025-02-18 01:44:00,meta_ads,US
CUST_012384,2025-02-12 07:59:46,meta_ads,CA
CUST_012385,2025-01-14 08:18:07,creator_network,US
CUST_012386,2024-07-09 11:44:46,meta_ads,US
CUST_012387,2025-08-04 22:03:34,meta_ads,GB
CUST_012388,2025-01-10 05:05:57,meta_ads,US
CUST_012389,2025-12-09 10:12:26,direct,DE
CUST_012390,2024-08-10 07:46:45,google_ads,US
CUST_012391,2025-06-13 21:53:22,creator_network,GB
CUST_012392,2025-11-30 07:14:25,creator_network,CA
CUST_012393,2025-06-21 04:18:19,meta_ads,US
CUST_012394,2025-10-28 23:08:12,google_ads,US
CUST_012395,2025-09-12 12:46:15,meta_ads,CA
CUST_012396,2024-11-19 03:41:05,google_ads,US
CUST_012397,2025-05-24 05:19:50,google_ads,US
CUST_012398,2024-05-19 13:12:35,google_ads,US
CUST_012399,2025-03-04 09:06:55,meta_ads,US
CUST_012400,2024-08-09 06:45:02,meta_ads,US
CUST_012401,2025-08-28 03:46:31,creator_network,US
CUST_012402,2025-03-07 03:22:17,creator_network,US
CUST_012403,2024-12-13 09:48:06,meta_ads,DE
CUST_012404,2024-09-05 00:30:05,meta_ads,US
CUST_012405,2025-12-22 03:00:21,organic_search,US
CUST_012406,2024-03-30 22:22:07,creator_network,US
CUST_012407,2024-02-22 18:59:23,direct,US
CUST_012408,2024-07-03 21:17:09,meta_ads,US
CUST_012409,2025-12-12 19:27:11,google_ads,US
CUST_012410,2025-12-20 04:50:52,meta_ads,US
CUST_012411,2025-06-02 04:30:21,google_ads,US
CUST_012412,2025-10-09 19:59:54,meta_ads,DE
CUST_012413,2024-07-17 18:16:04,meta_ads,US
CUST_012414,2025-12-19 11:18:40,meta_ads,US
CUST_012415,2024-05-04 05:01:49,creator_network,US
CUST_012416,2024-04-08 08:03:37,google_ads,US
CUST_012417,2024-04-10 23:26:42,google_ads,GB
CUST_012418,2025-04-16 15:05:13,organic_search,US
CUST_012419,2025-08-01 04:53:59,creator_network,US
CUST_012420,2024-11-09 10:40:07,google_ads,US
CUST_012421,2025-12-16 13:32:29,direct,US
CUST_012422,2025-01-09 05:57:30,google_ads,US
CUST_012423,2024-05-15 18:04:55,meta_ads,US
CUST_012424,2025-02-03 12:05:07,direct,GB
CUST_012425,2025-06-04 02:39:44,meta_ads,GB
CUST_012426,2025-09-24 17:01:42,google_ads,US
CUST_012427,2025-01-18 12:37:03,meta_ads,US
CUST_012428,2025-04-17 00:50:12,google_ads,US
CUST_012429,2024-09-18 22:34:45,google_ads,US
CUST_012430,2025-06-13 06:03:51,meta_ads,CA
CUST_012431,2025-12-19 13:49:47,google_ads,US
CUST_012432,2024-02-07 03:47:03,creator_network,US
CUST_012433,2025-10-28 21:23:09,meta_ads,US
CUST_012434,2025-04-01 00:31:36,google_ads,US
CUST_012435,2024-08-21 18:14:21,meta_ads,GB
CUST_012436,2025-12-18 21:23:33,organic_search,US
CUST_012437,2025-02-14 20:01:02,creator_network,US
CUST_012438,2024-10-26 16:40:00,organic_search,CA
CUST_012439,2024-06-01 17:33:11,meta_ads,US
CUST_012440,2024-08-28 14:04:17,meta_ads,GB
CUST_012441,2025-09-09 05:25:19,meta_ads,US
CUST_012442,2025-05-11 21:45:17,meta_ads,US
CUST_012443,2025-11-04 11:18:30,google_ads,US
CUST_012444,2024-08-17 13:48:58,direct,US
CUST_012445,2024-04-27 09:04:11,meta_ads,GB
CUST_012446,2024-01-08 01:25:42,direct,US
CUST_012447,2025-03-24 23:22:07,meta_ads,US
CUST_012448,2025-12-25 08:03:06,direct,US
CUST_012449,2025-07-25 04:59:19,meta_ads,US
CUST_012450,2024-10-14 16:15:28,organic_search,US
CUST_012451,2025-10-03 19:55:58,meta_ads,US
CUST_012452,2025-08-01 00:09:28,direct,US
CUST_012453,2024-01-01 18:28:02,meta_ads,DE
CUST_012454,2025-09-20 03:40:31,meta_ads,US
CUST_012455,2024-09-07 06:32:57,google_ads,DE
CUST_012456,2024-05-24 21:39:22,google_ads,US
CUST_012457,2024-07-10 05:48:31,creator_network,US
CUST_012458,2025-02-10 14:57:35,direct,US
CUST_012459,2025-01-08 18:44:20,google_ads,DE
CUST_012460,2024-09-25 23:24:25,creator_network,US
CUST_012461,2024-06-26 18:58:28,meta_ads,US
CUST_012462,2025-08-12 07:43:38,google_ads,US
CUST_012463,2025-12-27 03:38:33,google_ads,US
CUST_012464,2025-08-04 13:43:45,organic_search,CA
CUST_012465,2024-09-02 16:11:39,google_ads,CA
CUST_012466,2024-08-17 01:34:50,creator_network,US
CUST_012467,2024-07-25 22:14:22,meta_ads,CA
CUST_012468,2024-05-07 11:32:36,meta_ads,US
CUST_012469,2025-03-03 14:52:16,meta_ads,DE
CUST_012470,2025-05-05 11:36:35,meta_ads,US
CUST_012471,2025-07-06 22:38:00,meta_ads,GB
CUST_012472,2025-06-20 13:05:11,meta_ads,US
CUST_012473,2024-09-30 19:30:17,organic_search,US
CUST_012474,2024-10-24 18:58:02,meta_ads,US
CUST_012475,2025-06-13 19:06:26,organic_search,US
CUST_012476,2024-11-30 00:44:12,meta_ads,CA
CUST_012477,2024-07-12 04:18:13,meta_ads,US
CUST_012478,2024-11-05 05:59:31,google_ads,US
CUST_012479,2024-09-06 19:23:03,google_ads,US
CUST_012480,2024-03-12 04:29:44,google_ads,US
CUST_012481,2025-09-30 07:59:29,google_ads,US
CUST_012482,2025-10-05 18:02:22,meta_ads,US
CUST_012483,2024-07-13 01:15:33,creator_network,US
CUST_012484,2024-03-25 04:05:35,google_ads,US
CUST_012485,2025-07-22 21:53:47,meta_ads,US
CUST_012486,2024-07-05 14:58:33,organic_search,US
CUST_012487,2024-12-07 10:47:08,creator_network,US
CUST_012488,2024-03-17 20:57:14,google_ads,US
CUST_012489,2024-07-15 02:30:03,organic_search,US
CUST_012490,2025-09-12 13:13:33,direct,US
CUST_012491,2025-09-15 20:02:25,google_ads,US
CUST_012492,2024-07-24 16:03:12,meta_ads,US
CUST_012493,2024-10-17 05:03:22,organic_search,US
CUST_012494,2024-05-29 20:50:16,meta_ads,US
CUST_012495,2024-03-27 12:02:56,meta_ads,US
CUST_012496,2025-12-04 08:37:34,meta_ads,US
CUST_012497,2025-06-24 03:13:04,creator_network,CA
CUST_012498,2025-03-26 17:43:53,direct,US
CUST_012499,2025-08-31 18:54:05,google_ads,GB
CUST_012500,2025-09-30 00:17:52,direct,US
